App Name,Package Name,Country/Classification,Permissions,android.permission.READ_CONTACTS,android.permission.READ_CALL_LOG,android.permission.READ_EXTERNAL_STORAGE,android.permission.WRITE_EXTERNAL_STORAGE,android.permission.READ_MEDIA_AUDIO,android.permission.READ_MEDIA_IMAGES,android.permission.READ_MEDIA_VIDEO,android.permission.READ_SMS,android.permission.QUERY_ALL_PACKAGES,android.permission.ACCESS_FINE_LOCATION,ViolateGoogle,ViolateLoanWatch,ViolateCountryPolicy
M-Pawa,com.stima_mpawa,Kenya/Approved,"android.permission.CALL_PHONE, android.permission.INTERNET, android.permission.ACCESS_NETWORK_STATE",No,No,No,No,No,No,No,No,No,No,False,False,False
Ngao Credit,com.extrainch.ngaocredit,Kenya/Approved,"android.permission.WRITE_EXTERNAL_STORAGE, android.permission.RECORD_AUDIO, android.permission.WAKE_LOCK, android.permission.ACCESS_FINE_LOCATION, android.permission.POST_NOTIFICATIONS, android.permission.INTERNET, android.permission.CAMERA, android.permission.BLUETOOTH, android.permission.READ_EXTERNAL_STORAGE, com.google.android.c2dm.permission.RECEIVE, android.permission.ACCESS_NETWORK_STATE, android.permission.ACCESS_COARSE_LOCATION, android.permission.RECEIVE_BOOT_COMPLETED, android.permission.FOREGROUND_SERVICE, android.permission.READ_PHONE_STATE",No,No,Yes,Yes,No,No,No,No,No,Yes,True,True,False
L-Pesa,com.app.l_pesa,Kenya/Approved,"android.permission.CAMERA, android.permission.INTERNET, android.permission.ACCESS_NETWORK_STATE, android.permission.ACCESS_WIFI_STATE, android.permission.ACCESS_COARSE_LOCATION, android.permission.ACCESS_FINE_LOCATION, android.permission.READ_EXTERNAL_STORAGE, android.permission.READ_PHONE_STATE, android.permission.WAKE_LOCK, android.permission.WRITE_EXTERNAL_STORAGE, android.permission.CALL_PHONE",No,No,Yes,Yes,No,No,No,No,No,Yes,True,True,False
FlashCredit,com.flash.flashcredit,Kenya/Approved,"android.permission.ACCESS_WIFI_STATE, android.permission.WAKE_LOCK, android.permission.ACCESS_FINE_LOCATION, android.permission.CHANGE_WIFI_STATE, android.permission.READ_CONTACTS, android.permission.BROADCAST_PACKAGE_REPLACED, android.permission.SYSTEM_ALERT_WINDOW, android.permission.BROADCAST_PACKAGE_INSTALL, android.permission.RECEIVE_BOOT_COMPLETED, android.permission.SET_DEBUG_APP, android.permission.SEND_SMS, android.permission.CHANGE_NETWORK_STATE, android.permission.READ_LOGS, android.permission.VIBRATE, android.permission.RESTART_PACKAGES, android.permission.WRITE_EXTERNAL_STORAGE, android.permission.BROADCAST_PACKAGE_ADDED, android.permission.MANAGE_ACCOUNTS, android.permission.WRITE_SETTINGS, android.permission.BROADCAST_PACKAGE_CHANGED, android.permission.CALL_PHONE, android.permission.GET_ACCOUNTS, android.permission.RECEIVE_SMS, android.permission.READ_PHONE_STATE, android.permission.GET_TASKS, android.permission.INTERNET, android.permission.READ_SMS, android.permission.ACCESS_NETWORK_STATE, android.permission.ACCESS_COARSE_LOCATION, android.permission.USE_CREDENTIALS",Yes,No,No,Yes,No,No,No,Yes,No,Yes,True,True,True
M-Kopa,com.mkopa.app,Kenya/Approved,"com.mkopa.app.DYNAMIC_RECEIVER_NOT_EXPORTED_PERMISSION, android.permission.WAKE_LOCK, android.permission.ACCESS_ADSERVICES_ATTRIBUTION, android.permission.POST_NOTIFICATIONS, android.permission.INTERNET, android.permission.ACCESS_ADSERVICES_AD_ID, com.google.android.finsky.permission.BIND_GET_INSTALL_REFERRER_SERVICE, android.permission.VIBRATE, android.permission.ACCESS_NETWORK_STATE, com.google.android.c2dm.permission.RECEIVE, android.permission.RECEIVE_BOOT_COMPLETED, android.permission.FOREGROUND_SERVICE",No,No,No,No,No,No,No,No,No,No,False,False,False
Lipa Later,com.lipalater.androidapp,Kenya/Approved,"android.permission.WRITE_EXTERNAL_STORAGE, android.permission.WAKE_LOCK, android.permission.ACCESS_FINE_LOCATION, android.permission.INTERNET, android.permission.CAMERA, com.google.android.finsky.permission.BIND_GET_INSTALL_REFERRER_SERVICE, android.permission.READ_EXTERNAL_STORAGE, android.permission.READ_PHONE_NUMBERS, android.permission.ACCESS_NETWORK_STATE, com.google.android.c2dm.permission.RECEIVE, android.permission.CALL_PHONE, android.permission.RECEIVE_BOOT_COMPLETED, android.permission.READ_PHONE_STATE",No,No,Yes,Yes,No,No,No,No,No,Yes,True,True,False
HelaCash,ke.helacash.cash,Kenya/Approved,"android.permission.PACKAGE_USAGE_STATS, android.permission.ACCESS_WIFI_STATE, android.permission.WAKE_LOCK, android.permission.CHANGE_WIFI_STATE, android.permission.CAMERA, android.permission.SYSTEM_ALERT_WINDOW, android.permission.RECEIVE_BOOT_COMPLETED, com.google.android.gms.permission.AD_ID, android.permission.VIBRATE, android.permission.HIGH_SAMPLING_RATE_SENSORS, android.permission.USE_FINGERPRINT, com.google.android.c2dm.permission.RECEIVE, android.permission.WRITE_CALENDAR, ke.helacash.cash.DYNAMIC_RECEIVER_NOT_EXPORTED_PERMISSION, android.permission.ACCESS_LOCATION_EXTRA_COMMANDS, android.permission.USE_BIOMETRIC, com.google.android.providers.gsf.permission.READ_GSERVICES, android.permission.REORDER_TASKS, android.permission.FOREGROUND_SERVICE, android.permission.READ_PHONE_STATE, android.permission.GET_TASKS, android.permission.READ_CALENDAR, android.permission.POST_NOTIFICATIONS, android.permission.INTERNET, com.google.android.finsky.permission.BIND_GET_INSTALL_REFERRER_SERVICE, android.permission.READ_SMS, android.permission.ACCESS_NETWORK_STATE, android.permission.ACCESS_COARSE_LOCATION, com.android.vending.setup.PLAY_SETUP_SERVICE",No,No,No,No,No,No,No,Yes,No,No,False,True,False
LittlePesa,com.electra.littlepesa,Kenya/Approved,"android.permission.ACCESS_WIFI_STATE, android.permission.WAKE_LOCK, android.permission.POST_NOTIFICATIONS, android.permission.INTERNET, android.permission.CAMERA, com.google.android.finsky.permission.BIND_GET_INSTALL_REFERRER_SERVICE, android.permission.ACCESS_NETWORK_STATE, com.google.android.c2dm.permission.RECEIVE, android.permission.RECEIVE_BOOT_COMPLETED, android.permission.FOREGROUND_SERVICE, android.permission.READ_PHONE_STATE",No,No,No,No,No,No,No,No,No,No,False,False,False
MetaLoan,com.metaloan,Kenya/Approved,"android.permission.INTERNET, android.permission.ACCESS_NETWORK_STATE, android.permission.ACCESS_WIFI_STATE, android.permission.ACCESS_COARSE_LOCATION, android.permission.CAMERA, android.permission.READ_CALENDAR, android.permission.WRITE_CALENDAR, android.permission.READ_SMS, android.permission.RECEIVE_SMS, android.permission.READ_CALL_LOG, android.permission.POST_NOTIFICATIONS, com.google.android.gms.permission.AD_ID, android.permission.READ_PHONE_STATE, android.permission.GET_ACCOUNTS (maxSdkVersion=""22""), android.permission.GET_PACKAGE_SIZE, android.permission.PACKAGE_USAGE_STATS, com.android.browser.permission.READ_HISTORY_BOOKMARKS, android.permission.WAKE_LOCK, com.google.android.c2dm.permission.RECEIVE, android.permission.RECEIVE_BOOT_COMPLETED, android.permission.FOREGROUND_SERVICE",No,Yes,No,No,No,No,No,Yes,No,No,False,True,True
Rapidloans,ke.co.rapidloans,Kenya/Approved,"android.permission.ACCESS_NETWORK_STATE, android.permission.INTERNET, com.google.android.c2dm.permission.RECEIVE, android.permission.WAKE_LOCK",No,No,No,No,No,No,No,No,No,No,False,False,False
MaxLend,com.max.lend.kencash,Kenya/Approved,"android.permission.WRITE_CALENDAR, com.huawei.appmarket.service.commondata.permission.GET_COMMON_DATA, android.permission.ACCESS_ADSERVICES_ATTRIBUTION, android.permission.ACCESS_WIFI_STATE, android.permission.READ_CALENDAR, android.permission.CHANGE_WIFI_STATE, android.permission.INTERNET, android.permission.CAMERA, android.permission.FLASHLIGHT, com.google.android.gms.permission.AD_ID, com.samsung.android.mapsagent.permission.READ_APP_INFO, com.google.android.finsky.permission.BIND_GET_INSTALL_REFERRER_SERVICE, android.permission.READ_SMS, android.permission.ACCESS_NETWORK_STATE, com.max.lend.kencash.DYNAMIC_RECEIVER_NOT_EXPORTED_PERMISSION, android.permission.ACCESS_COARSE_LOCATION",No,No,No,No,No,No,No,Yes,No,No,False,True,False
TruePesa,com.credit.truepesa.loan.kenya,Kenya/Approved,"android.permission.BLUETOOTH_CONNECT, android.permission.ACCESS_WIFI_STATE, android.permission.WAKE_LOCK, android.permission.CHANGE_WIFI_STATE, android.permission.INTERNET, com.google.android.gms.permission.AD_ID, android.permission.BLUETOOTH, com.google.android.finsky.permission.BIND_GET_INSTALL_REFERRER_SERVICE, android.permission.CHANGE_NETWORK_STATE, android.permission.READ_SMS, android.permission.ACCESS_NETWORK_STATE, android.permission.ACCESS_COARSE_LOCATION, android.permission.READ_PHONE_STATE",No,No,No,No,No,No,No,Yes,No,No,False,True,False
KopaKash,com.kopakash,Kenya/Approved,"android.permission.INTERNET, android.permission.ACCESS_NETWORK_STATE, android.permission.ACCESS_WIFI_STATE, android.permission.ACCESS_COARSE_LOCATION, android.permission.CAMERA, android.permission.READ_CALL_LOG, android.permission.READ_CALENDAR, android.permission.WRITE_CALENDAR, android.permission.READ_SMS, android.permission.RECEIVE_SMS, android.permission.READ_PHONE_STATE, android.permission.POST_NOTIFICATIONS, com.google.android.gms.permission.AD_ID, android.permission.USE_FINGERPRINT, android.permission.USE_BIOMETRIC, android.permission.GET_ACCOUNTS, android.permission.GET_PACKAGE_SIZE, android.permission.PACKAGE_USAGE_STATS, android.permission.WAKE_LOCK, android.permission.RECEIVE_BOOT_COMPLETED, android.permission.FOREGROUND_SERVICE, com.google.android.c2dm.permission.RECEIVE, com.google.android.finsky.permission.BIND_GET_INSTALL_REFERRER_SERVICE",No,Yes,No,No,No,No,No,Yes,No,No,False,True,True
Senti,com.roamtech.dm.azima,Kenya/Approved,"android.permission.PACKAGE_USAGE_STATS, android.permission.ACCESS_WIFI_STATE, android.permission.WAKE_LOCK, com.sec.android.provider.badge.permission.WRITE, android.permission.ACCESS_FINE_LOCATION, android.permission.CHANGE_WIFI_STATE, com.sonyericsson.home.permission.BROADCAST_BADGE, com.anddoes.launcher.permission.UPDATE_COUNT, com.majeur.launcher.permission.UPDATE_BADGE, android.permission.READ_CONTACTS, me.everything.badger.permission.BADGE_COUNT_READ, android.permission.SYSTEM_ALERT_WINDOW, android.permission.RECEIVE_BOOT_COMPLETED, com.oppo.launcher.permission.READ_SETTINGS, com.huawei.android.launcher.permission.CHANGE_BADGE, me.everything.badger.permission.BADGE_COUNT_WRITE, com.google.android.gms.permission.AD_ID, com.sonymobile.home.permission.PROVIDER_INSERT_BADGE, android.permission.READ_APP_BADGE, android.permission.VIBRATE, android.permission.READ_EXTERNAL_STORAGE, android.permission.CHANGE_NETWORK_STATE, com.htc.launcher.permission.UPDATE_SHORTCUT, com.google.android.c2dm.permission.RECEIVE, android.permission.WRITE_EXTERNAL_STORAGE, android.permission.CALL_PHONE, android.permission.GET_ACCOUNTS, com.sec.android.provider.badge.permission.READ, com.huawei.android.launcher.permission.READ_SETTINGS, android.permission.FOREGROUND_SERVICE, android.permission.RECEIVE_SMS, android.permission.READ_PHONE_STATE, android.permission.INTERNET, com.google.android.finsky.permission.BIND_GET_INSTALL_REFERRER_SERVICE, com.oppo.launcher.permission.WRITE_SETTINGS, android.permission.READ_SMS, android.permission.ACCESS_NETWORK_STATE, android.permission.ACCESS_COARSE_LOCATION, com.huawei.android.launcher.permission.WRITE_SETTINGS, com.htc.launcher.permission.READ_SETTINGS",Yes,No,Yes,Yes,No,No,No,Yes,No,Yes,True,True,True
Leja,com.okoleainternational.okoleamobile,Kenya/Approved,"android.permission.ACCESS_WIFI_STATE, android.permission.WAKE_LOCK, android.permission.ACCESS_FINE_LOCATION, android.permission.CAMERA, android.permission.READ_CONTACTS, android.permission.RECEIVE_BOOT_COMPLETED, com.google.android.gms.permission.AD_ID, android.permission.USE_FULL_SCREEN_INTENT, android.permission.VIBRATE, com.google.android.c2dm.permission.RECEIVE, android.permission.SCHEDULE_EXACT_ALARM, android.permission.CALL_PHONE, android.permission.FOREGROUND_SERVICE, android.permission.RECEIVE_SMS, android.permission.READ_PHONE_STATE, android.permission.POST_NOTIFICATIONS, android.permission.INTERNET, com.google.android.finsky.permission.BIND_GET_INSTALL_REFERRER_SERVICE, android.permission.READ_SMS, android.permission.ACCESS_NETWORK_STATE, android.permission.ACCESS_COARSE_LOCATION",Yes,No,No,No,No,No,No,Yes,No,Yes,True,True,True
LetsGo,com.letshego.dasdigital,Kenya/Approved,"com.letshego.dasdigital.DYNAMIC_RECEIVER_NOT_EXPORTED_PERMISSION, android.permission.RECORD_AUDIO, android.permission.WAKE_LOCK, android.permission.POST_NOTIFICATIONS, android.permission.INTERNET, android.permission.CAMERA, com.google.android.finsky.permission.BIND_GET_INSTALL_REFERRER_SERVICE, android.permission.ACCESS_NETWORK_STATE, com.google.android.c2dm.permission.RECEIVE, android.permission.RECEIVE_BOOT_COMPLETED, android.permission.FOREGROUND_SERVICE",No,No,No,No,No,No,No,No,No,No,False,False,False
FairKash,com.fair.kash.money.finance.loan,Kenya/Approved,"android.permission.ACCESS_WIFI_STATE, android.permission.WAKE_LOCK, android.permission.CHANGE_WIFI_STATE, android.permission.INTERNET, android.permission.ACCESS_LOCATION_EXTRA_COMMANDS, com.google.android.gms.permission.AD_ID, android.permission.BLUETOOTH, com.google.android.finsky.permission.BIND_GET_INSTALL_REFERRER_SERVICE, android.permission.CHANGE_NETWORK_STATE, android.permission.BLUETOOTH_ADMIN, android.permission.READ_SMS, android.permission.ACCESS_NETWORK_STATE, android.permission.ACCESS_COARSE_LOCATION, android.permission.READ_PHONE_STATE",No,No,No,No,No,No,No,Yes,No,No,False,True,False
Bayes,bank.com.bank,Kenya/Approved,"android.permission.WRITE_EXTERNAL_STORAGE, android.permission.WAKE_LOCK, android.permission.INTERNET, android.permission.CAMERA, android.permission.RECEIVE_BOOT_COMPLETED, com.google.android.finsky.permission.BIND_GET_INSTALL_REFERRER_SERVICE, android.permission.READ_EXTERNAL_STORAGE, android.permission.ACCESS_NETWORK_STATE, com.google.android.c2dm.permission.RECEIVE, bank.com.bank.permission.C2D_MESSAGE, bank.com.bank.BroadCastReceiverPermission, android.permission.READ_PHONE_STATE",No,No,Yes,Yes,No,No,No,No,No,No,True,True,False
DirectLoan,direct.loans.dirloan.kecredit,Kenya/Approved,"android.permission.PACKAGE_USAGE_STATS, android.permission.ACCESS_WIFI_STATE, android.permission.WAKE_LOCK, direct.loans.dirloan.kecredit.DYNAMIC_RECEIVER_NOT_EXPORTED_PERMISSION, android.permission.CHANGE_WIFI_STATE, android.permission.CAMERA, android.permission.SYSTEM_ALERT_WINDOW, android.permission.RECEIVE_BOOT_COMPLETED, com.google.android.gms.permission.AD_ID, android.permission.VIBRATE, android.permission.HIGH_SAMPLING_RATE_SENSORS, android.permission.USE_FINGERPRINT, com.google.android.c2dm.permission.RECEIVE, android.permission.WRITE_CALENDAR, android.permission.ACCESS_LOCATION_EXTRA_COMMANDS, android.permission.USE_BIOMETRIC, com.google.android.providers.gsf.permission.READ_GSERVICES, android.permission.REORDER_TASKS, android.permission.FOREGROUND_SERVICE, android.permission.READ_PHONE_STATE, android.permission.GET_TASKS, android.permission.READ_CALENDAR, android.permission.POST_NOTIFICATIONS, android.permission.INTERNET, com.google.android.finsky.permission.BIND_GET_INSTALL_REFERRER_SERVICE, android.permission.READ_SMS, android.permission.ACCESS_NETWORK_STATE, android.permission.ACCESS_COARSE_LOCATION, com.android.vending.setup.PLAY_SETUP_SERVICE",No,No,No,No,No,No,No,Yes,No,No,False,True,False
Okolea,com.astronpank.TENK_LOAN,Kenya/Approved,"android.permission.ACCESS_NETWORK_STATE, android.permission.READ_EXTERNAL_STORAGE, android.permission.INTERNET, android.permission.ACCESS_WIFI_STATE",No,No,Yes,No,No,No,No,No,No,No,True,True,False
Pezesha,com.pezesha.lenders,Kenya/Approved,,No,No,No,No,No,No,No,No,No,No,False,False,False
Mojacredit,ke.mojacredit,Kenya/Approved,"android.permission.PACKAGE_USAGE_STATS, android.permission.ACCESS_WIFI_STATE, android.permission.WAKE_LOCK, android.permission.CHANGE_WIFI_STATE, android.permission.CAMERA, android.permission.SYSTEM_ALERT_WINDOW, android.permission.RECEIVE_BOOT_COMPLETED, com.google.android.gms.permission.AD_ID, android.permission.VIBRATE, android.permission.HIGH_SAMPLING_RATE_SENSORS, android.permission.USE_FINGERPRINT, com.google.android.c2dm.permission.RECEIVE, android.permission.WRITE_CALENDAR, android.permission.ACCESS_LOCATION_EXTRA_COMMANDS, ke.mojacredit.DYNAMIC_RECEIVER_NOT_EXPORTED_PERMISSION, android.permission.READ_CALL_LOG, android.permission.USE_BIOMETRIC, com.google.android.providers.gsf.permission.READ_GSERVICES, android.permission.REORDER_TASKS, android.permission.FOREGROUND_SERVICE, android.permission.READ_PHONE_STATE, android.permission.GET_TASKS, android.permission.READ_CALENDAR, android.permission.POST_NOTIFICATIONS, android.permission.INTERNET, com.google.android.finsky.permission.BIND_GET_INSTALL_REFERRER_SERVICE, android.permission.READ_SMS, android.permission.ACCESS_NETWORK_STATE, android.permission.ACCESS_COARSE_LOCATION, com.android.vending.setup.PLAY_SETUP_SERVICE",No,Yes,No,No,No,No,No,Yes,No,No,False,True,True
Kashbean,com.kashbean,Kenya/Approved,"android.permission.INTERNET, android.permission.ACCESS_NETWORK_STATE, android.permission.ACCESS_WIFI_STATE, android.permission.ACCESS_COARSE_LOCATION, android.permission.CAMERA, android.permission.POST_NOTIFICATIONS, com.google.android.gms.permission.AD_ID, android.permission.READ_PHONE_STATE, android.permission.READ_CALENDAR, android.permission.WRITE_CALENDAR, android.permission.READ_SMS, android.permission.RECEIVE_SMS, android.permission.READ_CALL_LOG, android.permission.USE_BIOMETRIC, android.permission.USE_FINGERPRINT, android.permission.GET_PACKAGE_SIZE, android.permission.PACKAGE_USAGE_STATS, com.android.browser.permission.READ_HISTORY_BOOKMARKS, android.permission.WAKE_LOCK, com.google.android.c2dm.permission.RECEIVE, com.google.android.finsky.permission.BIND_GET_INSTALL_REFERRER_SERVICE, android.permission.RECEIVE_BOOT_COMPLETED, android.permission.FOREGROUND_SERVICE",No,Yes,No,No,No,No,No,Yes,No,No,False,True,True
Creditmoja,com.kenya.credit.app.loan.cash.money.pesa,Kenya/Approved,"com.kenya.credit.app.loan.cash.money.pesa.DYNAMIC_RECEIVER_NOT_EXPORTED_PERMISSION, android.permission.ACCESS_WIFI_STATE, android.permission.WAKE_LOCK, android.permission.READ_CALENDAR, android.permission.CHANGE_WIFI_STATE, android.permission.INTERNET, android.permission.POST_NOTIFICATIONS, com.google.android.gms.permission.AD_ID, com.google.android.finsky.permission.BIND_GET_INSTALL_REFERRER_SERVICE, android.permission.READ_CALL_LOG, android.permission.READ_SMS, android.permission.ACCESS_NETWORK_STATE, android.permission.ACCESS_COARSE_LOCATION, com.google.android.c2dm.permission.RECEIVE, android.permission.RECEIVE_BOOT_COMPLETED, android.permission.FOREGROUND_SERVICE, android.permission.READ_PHONE_STATE",No,Yes,No,No,No,No,No,Yes,No,No,False,True,True
Mwanzo loan,com.astronpank.mwanzo,Kenya/Approved,"android.permission.ACCESS_NETWORK_STATE, android.permission.INTERNET, android.permission.ACCESS_WIFI_STATE",No,No,No,No,No,No,No,No,No,No,False,False,False
UbaPesa,com.ubapesa.app,Kenya/Approved,"android.permission.ACCESS_WIFI_STATE, android.permission.WAKE_LOCK, android.permission.POST_NOTIFICATIONS, android.permission.INTERNET, com.google.android.gms.permission.AD_ID, com.ubapesa.app.DYNAMIC_RECEIVER_NOT_EXPORTED_PERMISSION, com.google.android.finsky.permission.BIND_GET_INSTALL_REFERRER_SERVICE, android.permission.VIBRATE, android.permission.READ_SMS, android.permission.ACCESS_NETWORK_STATE, com.google.android.c2dm.permission.RECEIVE, android.permission.RECEIVE_SMS, android.permission.GET_ACCOUNTS, android.permission.RECEIVE_BOOT_COMPLETED, android.permission.FOREGROUND_SERVICE, android.permission.READ_PHONE_STATE",No,No,No,No,No,No,No,Yes,No,No,False,True,False
Jijenge Credit Limited,com.mobincube.jijenge_credit_limited.sc_5S1N1N,Kenya/Approved,"android.permission.WRITE_EXTERNAL_STORAGE, com.mobincube.jijenge_credit_limited.sc_5S1N1N.permission.C2D_MESSAGE, android.permission.ACCESS_WIFI_STATE, android.permission.WAKE_LOCK, android.permission.ACCESS_FINE_LOCATION, android.permission.INTERNET, android.permission.CAMERA, android.permission.BLUETOOTH, android.permission.BLUETOOTH_ADMIN, android.permission.ACCESS_NETWORK_STATE, android.permission.ACCESS_COARSE_LOCATION, android.permission.CALL_PHONE, android.permission.GET_ACCOUNTS, com.google.android.c2dm.permission.RECEIVE, android.permission.RECEIVE_BOOT_COMPLETED, android.permission.READ_PHONE_STATE",No,No,No,Yes,No,No,No,No,No,Yes,True,True,False
Rewot Ciro Credit,com.rewot.app,Kenya/Approved,"android.permission.WRITE_EXTERNAL_STORAGE, com.rewot.app.DYNAMIC_RECEIVER_NOT_EXPORTED_PERMISSION, android.permission.ACCESS_WIFI_STATE, android.permission.WAKE_LOCK, android.permission.ACCESS_FINE_LOCATION, android.permission.POST_NOTIFICATIONS, android.permission.INTERNET, android.permission.CAMERA, com.google.android.gms.permission.AD_ID, com.google.android.finsky.permission.BIND_GET_INSTALL_REFERRER_SERVICE, android.permission.READ_EXTERNAL_STORAGE, android.permission.VIBRATE, android.permission.ACCESS_COARSE_LOCATION, android.permission.ACCESS_NETWORK_STATE, com.google.android.c2dm.permission.RECEIVE, android.permission.RECEIVE_BOOT_COMPLETED, android.permission.FOREGROUND_SERVICE",No,No,Yes,Yes,No,No,No,No,No,Yes,True,True,False
MyCredit,com.mycredit.mycredit,Kenya/Approved,"android.permission.WRITE_EXTERNAL_STORAGE, android.permission.ACCESS_WIFI_STATE, android.permission.INTERNET, android.permission.READ_CONTACTS, android.permission.ACCESS_NETWORK_STATE, android.permission.RECEIVE_BOOT_COMPLETED, android.permission.RECEIVE_SMS, android.permission.READ_PHONE_STATE",Yes,No,No,Yes,No,No,No,No,No,No,True,True,True
Soko Hela,com.sokohela.lending,Kenya/Approved,"android.permission.WRITE_EXTERNAL_STORAGE, android.permission.ACCESS_WIFI_STATE, android.permission.WAKE_LOCK, android.permission.ACCESS_FINE_LOCATION, android.permission.INTERNET, android.permission.CAMERA, android.permission.BLUETOOTH, com.google.android.finsky.permission.BIND_GET_INSTALL_REFERRER_SERVICE, android.permission.READ_EXTERNAL_STORAGE, android.permission.BLUETOOTH_ADMIN, android.permission.READ_PROFILE, android.permission.ACCESS_NETWORK_STATE, android.permission.ACCESS_COARSE_LOCATION, com.google.android.c2dm.permission.RECEIVE, android.permission.GET_ACCOUNTS, android.permission.RECEIVE_BOOT_COMPLETED",No,No,Yes,Yes,No,No,No,No,No,Yes,True,True,False
Zenka Loan App Kenya,com.zenkafinance.microloans,Kenya/Approved,"com.zenkafinance.microloans.DYNAMIC_RECEIVER_NOT_EXPORTED_PERMISSION, android.permission.ACCESS_WIFI_STATE, android.permission.WAKE_LOCK, android.permission.CHANGE_WIFI_STATE, android.permission.INTERNET, android.permission.CAMERA, android.permission.POST_NOTIFICATIONS, android.permission.BLUETOOTH, com.google.android.gms.permission.AD_ID, com.google.android.finsky.permission.BIND_GET_INSTALL_REFERRER_SERVICE, android.permission.READ_SMS, android.permission.ACCESS_COARSE_LOCATION, android.permission.ACCESS_NETWORK_STATE, android.permission.CALL_PHONE, android.permission.GET_ACCOUNTS, com.google.android.c2dm.permission.RECEIVE, android.permission.READ_PHONE_STATE",No,No,No,No,No,No,No,Yes,No,No,False,True,False
Autochek,com.autochek.buysalefixcars,Kenya/Approved,"android.permission.READ_MEDIA_AUDIO, android.permission.ACCESS_ADSERVICES_ATTRIBUTION, android.permission.WAKE_LOCK, com.autochek.buysalefixcars.DYNAMIC_RECEIVER_NOT_EXPORTED_PERMISSION, android.permission.POST_NOTIFICATIONS, android.permission.INTERNET, android.permission.ACCESS_ADSERVICES_AD_ID, com.google.android.finsky.permission.BIND_GET_INSTALL_REFERRER_SERVICE, android.permission.VIBRATE, android.permission.READ_EXTERNAL_STORAGE, com.google.android.providers.gsf.permission.READ_GSERVICES, android.permission.ACCESS_NETWORK_STATE, com.google.android.c2dm.permission.RECEIVE, android.permission.SCHEDULE_EXACT_ALARM, android.permission.RECEIVE_BOOT_COMPLETED",No,No,Yes,No,Yes,No,No,No,No,No,True,True,False
YoYi,com.sxsydai.yoyi,Nigeria/Delisted,"android.permission.ACCESS_WIFI_STATE, android.permission.READ_PRIVILEGED_PHONE_STATE, android.permission.CHANGE_WIFI_STATE, android.permission.INTERNET, com.google.android.gms.permission.AD_ID, com.google.android.finsky.permission.BIND_GET_INSTALL_REFERRER_SERVICE, android.permission.CHANGE_NETWORK_STATE, android.permission.SYSTEM_ALERT_WINDOW, android.permission.READ_SMS, android.permission.ACCESS_NETWORK_STATE, android.permission.ACCESS_COARSE_LOCATION, android.permission.RECEIVE_SMS, android.permission.READ_PHONE_STATE",No,No,No,No,No,No,No,Yes,No,No,False,True,False
MoneyEstate,com.loancloud.nigeria.moneyestate,Nigeria/Delisted,"android.permission.ACCESS_WIFI_STATE, android.permission.WAKE_LOCK, android.permission.ACCESS_FINE_LOCATION, android.permission.CHANGE_WIFI_STATE, android.permission.CAMERA, android.permission.READ_CONTACTS, android.permission.READ_EXTERNAL_STORAGE, com.google.android.c2dm.permission.RECEIVE, android.permission.QUERY_ALL_PACKAGES, android.permission.WRITE_EXTERNAL_STORAGE, android.permission.READ_PRIVILEGED_PHONE_STAT, android.permission.MOUNT_UNMOUNT_FILESYSTEMS, android.permission.READ_PHONE_STATE, android.permission.INTERNET, android.permission.READ_SYNC_SETTINGS, com.google.android.finsky.permission.BIND_GET_INSTALL_REFERRER_SERVICE, android.permission.READ_SMS, android.permission.ACCESS_NETWORK_STATE, android.permission.ACCESS_COARSE_LOCATION",Yes,No,Yes,Yes,No,No,No,Yes,Yes,Yes,True,True,True
LCredit,ni.lcredit.money.cash,Nigeria/Delisted,"android.permission.RECEIVE_USER_PRESENT, android.permission.ACCESS_WIFI_STATE, android.permission.WAKE_LOCK, android.permission.ACCESS_FINE_LOCATION, android.permission.CHANGE_WIFI_STATE, android.permission.CHANGE_CONFIGURATION, com.sec.android.provider.badge.permission.WRITE, com.sonyericsson.home.permission.BROADCAST_BADGE, com.anddoes.launcher.permission.UPDATE_COUNT, android.permission.CAMERA, com.majeur.launcher.permission.UPDATE_BADGE, android.permission.READ_CONTACTS, me.everything.badger.permission.BADGE_COUNT_READ, android.permission.INTERACT_ACROSS_USERS, com.oppo.launcher.permission.READ_SETTINGS, com.huawei.android.launcher.permission.CHANGE_BADGE, me.everything.badger.permission.BADGE_COUNT_WRITE, com.sonymobile.home.permission.PROVIDER_INSERT_BADGE, android.permission.READ_APP_BADGE, android.permission.VIBRATE, android.permission.CHANGE_NETWORK_STATE, com.htc.launcher.permission.UPDATE_SHORTCUT, com.google.android.c2dm.permission.RECEIVE, android.permission.WRITE_CALENDAR, android.permission.WRITE_EXTERNAL_STORAGE, android.permission.MANAGE_ACCOUNTS, android.permission.ACCESS_LOCATION_EXTRA_COMMANDS, android.permission.WRITE_SETTINGS, com.sec.android.provider.badge.permission.READ, com.huawei.android.launcher.permission.READ_SETTINGS, android.permission.FOREGROUND_SERVICE, android.permission.READ_PHONE_STATE, android.permission.GET_TASKS, android.permission.READ_CALENDAR, android.permission.INTERNET, com.google.android.finsky.permission.BIND_GET_INSTALL_REFERRER_SERVICE, com.oppo.launcher.permission.WRITE_SETTINGS, android.permission.READ_SMS, android.permission.ACCESS_NETWORK_STATE, android.permission.ACCESS_COARSE_LOCATION, com.huawei.android.launcher.permission.WRITE_SETTINGS, com.htc.launcher.permission.READ_SETTINGS",Yes,No,No,Yes,No,No,No,Yes,No,Yes,True,True,True
Flexi Cash,com.legend.cash,Nigeria/Delisted,"android.permission.ACCESS_WIFI_STATE, android.permission.WAKE_LOCK, android.permission.CAMERA, com.legend.cash.DYNAMIC_RECEIVER_NOT_EXPORTED_PERMISSION, android.permission.SYSTEM_ALERT_WINDOW, android.permission.RECEIVE_BOOT_COMPLETED, com.legend.cash.manual.dump, com.legend.cash.matrix.permission.PROCESS_SUPERVISOR, com.google.android.gms.permission.AD_ID, android.permission.BLUETOOTH, android.permission.VIBRATE, android.permission.USE_FINGERPRINT, com.google.android.c2dm.permission.RECEIVE, android.permission.FLASHLIGHT, android.permission.FOREGROUND_SERVICE, android.permission.READ_PHONE_STATE, android.permission.INTERNET, com.google.android.finsky.permission.BIND_GET_INSTALL_REFERRER_SERVICE, android.permission.ACCESS_NETWORK_STATE, android.permission.ACCESS_COARSE_LOCATION",No,No,No,No,No,No,No,No,No,No,False,False,False
ThankUCash,com.hm.thankucard,Nigeria/Delisted,"android.permission.WRITE_EXTERNAL_STORAGE, android.permission.ACCESS_WIFI_STATE, android.permission.ACCESS_FINE_LOCATION, android.permission.INTERNET, android.permission.CAMERA, android.permission.USE_FINGERPRINT, android.permission.ACCESS_COARSE_LOCATION, android.permission.ACCESS_NETWORK_STATE, android.permission.CALL_PHONE, android.permission.READ_PHONE_STATE",No,No,No,Yes,No,No,No,No,No,Yes,True,True,False
NairaLand,com.cash.loan.credit9.kash.plamcredit.naira.payday.money.xcredit,Nigeria/Delisted,"android.permission.ACCESS_WIFI_STATE, android.permission.WAKE_LOCK, android.permission.ACCESS_FINE_LOCATION, android.permission.CHANGE_WIFI_STATE, android.permission.CAMERA, android.permission.READ_CONTACTS, android.permission.RECEIVE_BOOT_COMPLETED, android.permission.READ_EXTERNAL_STORAGE, android.permission.READ_PROFILE, com.google.android.c2dm.permission.RECEIVE, android.permission.WRITE_EXTERNAL_STORAGE, android.permission.GET_ACCOUNTS, android.permission.RECEIVE_SMS, android.permission.READ_PHONE_STATE, android.permission.READ_CALENDAR, android.permission.INTERNET, com.google.android.finsky.permission.BIND_GET_INSTALL_REFERRER_SERVICE, android.permission.READ_SMS, android.permission.ACCESS_NETWORK_STATE, android.permission.ACCESS_COARSE_LOCATION",Yes,No,Yes,Yes,No,No,No,Yes,No,Yes,True,True,True
Quick Loan,com.indiaquickloan.quickloan,Nigeria/Delisted,"android.permission.WRITE_EXTERNAL_STORAGE, android.permission.ACCESS_WIFI_STATE, android.permission.WAKE_LOCK, android.permission.ACCESS_FINE_LOCATION, android.permission.CHANGE_WIFI_STATE, android.permission.INTERNET, android.permission.CAMERA, android.permission.READ_CONTACTS, android.permission.READ_EXTERNAL_STORAGE, android.permission.READ_CALL_LOG, android.permission.READ_SMS, android.permission.ACCESS_COARSE_LOCATION, android.permission.ACCESS_NETWORK_STATE, android.permission.QUERY_ALL_PACKAGES, com.google.android.finsky.permission.BIND_GET_INSTALL_REFERRER_SERVICE, android.permission.ACCESS_BACKGROUND_LOCATION, android.permission.READ_PHONE_STATE",Yes,Yes,Yes,Yes,No,No,No,Yes,Yes,Yes,True,True,True
MOCredit,com.loancloud.nigeria.mocredit,Nigeria/Delisted,"android.permission.ACCESS_WIFI_STATE, android.permission.WAKE_LOCK, android.permission.ACCESS_FINE_LOCATION, android.permission.CHANGE_WIFI_STATE, android.permission.CAMERA, android.permission.READ_CONTACTS, android.permission.READ_EXTERNAL_STORAGE, com.google.android.c2dm.permission.RECEIVE, android.permission.QUERY_ALL_PACKAGES, android.permission.WRITE_EXTERNAL_STORAGE, android.permission.READ_PRIVILEGED_PHONE_STAT, android.permission.MOUNT_UNMOUNT_FILESYSTEMS, android.permission.READ_PHONE_STATE, android.permission.INTERNET, android.permission.READ_SYNC_SETTINGS, com.google.android.finsky.permission.BIND_GET_INSTALL_REFERRER_SERVICE, android.permission.READ_SMS, android.permission.ACCESS_NETWORK_STATE, android.permission.ACCESS_COARSE_LOCATION",Yes,No,Yes,Yes,No,No,No,Yes,Yes,Yes,True,True,True
CashDoor,com.cd.cashdoor,Nigeria/Delisted,"android.permission.WRITE_EXTERNAL_STORAGE, android.permission.READ_MEDIA_IMAGES, android.permission.ACCESS_WIFI_STATE, android.permission.READ_PRIVILEGED_PHONE_STATE, android.permission.ACCESS_FINE_LOCATION, android.permission.INTERNET, android.permission.CAMERA, com.google.android.gms.permission.AD_ID, android.permission.LOCAL_MAC_ADDRESS, android.permission.READ_CONTACTS, android.permission.READ_EXTERNAL_STORAGE, com.google.android.finsky.permission.BIND_GET_INSTALL_REFERRER_SERVICE, android.permission.READ_SMS, android.permission.ACCESS_COARSE_LOCATION, android.permission.ACCESS_NETWORK_STATE, android.permission.RECEIVE_SMS, android.permission.READ_PHONE_STATE",Yes,No,Yes,Yes,No,Yes,No,Yes,No,Yes,True,True,True
CashCredit,com.instant.cash.loan.payday.money.nigeria.new.credit,Nigeria/Delisted,"android.permission.WRITE_EXTERNAL_STORAGE, android.permission.ACCESS_WIFI_STATE, android.permission.WAKE_LOCK, android.permission.READ_CALENDAR, android.permission.CHANGE_WIFI_STATE, android.permission.INTERNET, android.permission.CAMERA, android.permission.READ_CONTACTS, android.permission.READ_EXTERNAL_STORAGE, com.google.android.finsky.permission.BIND_GET_INSTALL_REFERRER_SERVICE, android.permission.READ_SMS, android.permission.ACCESS_NETWORK_STATE, android.permission.READ_PROFILE, com.google.android.c2dm.permission.RECEIVE, android.permission.GET_ACCOUNTS, android.permission.RECEIVE_BOOT_COMPLETED, android.permission.RECEIVE_SMS, android.permission.READ_PHONE_STATE",Yes,No,Yes,Yes,No,No,No,Yes,No,No,True,True,True
JoyCash,joycash.mobile.online.quick.loan.money.cash.app,Nigeria/Delisted,"android.permission.ACCESS_WIFI_STATE, android.permission.WAKE_LOCK, android.permission.CHANGE_WIFI_STATE, android.permission.CAMERA, android.permission.SYSTEM_ALERT_WINDOW, android.permission.RECEIVE_BOOT_COMPLETED, com.google.android.gms.permission.AD_ID, android.permission.VIBRATE, com.google.android.c2dm.permission.RECEIVE, android.permission.READ_CALL_LOG, android.permission.FOREGROUND_SERVICE, android.permission.READ_PHONE_STATE, android.permission.POST_NOTIFICATIONS, android.permission.INTERNET, joycash.mobile.online.quick.loan.money.cash.app.DYNAMIC_RECEIVER_NOT_EXPORTED_PERMISSION, com.google.android.finsky.permission.BIND_GET_INSTALL_REFERRER_SERVICE, android.permission.READ_SMS, android.permission.ACCESS_NETWORK_STATE, android.permission.ACCESS_COARSE_LOCATION",No,Yes,No,No,No,No,No,Yes,No,No,False,True,True
Easynaira,com.positiveslice.easynaira,Nigeria/Delisted,"com.sec.android.provider.badge.permission.WRITE, android.permission.WAKE_LOCK, com.sonyericsson.home.permission.BROADCAST_BADGE, com.anddoes.launcher.permission.UPDATE_COUNT, com.majeur.launcher.permission.UPDATE_BADGE, me.everything.badger.permission.BADGE_COUNT_READ, com.oppo.launcher.permission.READ_SETTINGS, com.huawei.android.launcher.permission.CHANGE_BADGE, com.positiveslice.easynaira.permission.C2D_MESSAGE, me.everything.badger.permission.BADGE_COUNT_WRITE, com.sonymobile.home.permission.PROVIDER_INSERT_BADGE, android.permission.READ_APP_BADGE, android.permission.VIBRATE, com.htc.launcher.permission.UPDATE_SHORTCUT, com.google.android.c2dm.permission.RECEIVE, com.sec.android.provider.badge.permission.READ, com.huawei.android.launcher.permission.READ_SETTINGS, android.permission.INTERNET, com.oppo.launcher.permission.WRITE_SETTINGS, com.huawei.android.launcher.permission.WRITE_SETTINGS, android.permission.ACCESS_NETWORK_STATE, com.htc.launcher.permission.READ_SETTINGS",No,No,No,No,No,No,No,No,No,No,False,False,False
Eagle Cash,com.eagle.cash,Nigeria/Delisted,"android.permission.ACCESS_WIFI_STATE, android.permission.READ_EXTERNAL_STORAGE, android.permission.INTERNET, android.permission.ACCESS_NETWORK_STATE",No,No,Yes,No,No,No,No,No,No,No,True,True,True
CashMe,com.cash.me.online.loan.app,Nigeria/Delisted,"android.permission.WRITE_EXTERNAL_STORAGE, android.permission.ACCESS_WIFI_STATE, android.permission.WAKE_LOCK, android.permission.READ_CALENDAR, android.permission.CHANGE_WIFI_STATE, android.permission.INTERNET, android.permission.CAMERA, android.permission.READ_CONTACTS, android.permission.READ_EXTERNAL_STORAGE, com.google.android.finsky.permission.BIND_GET_INSTALL_REFERRER_SERVICE, android.permission.READ_SMS, android.permission.ACCESS_NETWORK_STATE, android.permission.READ_PROFILE, com.google.android.c2dm.permission.RECEIVE, android.permission.GET_ACCOUNTS, android.permission.RECEIVE_BOOT_COMPLETED, android.permission.RECEIVE_SMS, android.permission.READ_PHONE_STATE",Yes,No,Yes,Yes,No,No,No,Yes,No,No,True,True,True
Cash Mall,com.cashmallet.app,Nigeria/Delisted,"android.permission.ACCESS_WIFI_STATE, android.permission.WAKE_LOCK, android.permission.ACCESS_FINE_LOCATION, android.permission.CHANGE_WIFI_STATE, android.permission.CAMERA, android.permission.READ_CONTACTS, android.permission.RECEIVE_BOOT_COMPLETED, android.permission.READ_EXTERNAL_STORAGE, android.permission.READ_PROFILE, com.google.android.c2dm.permission.RECEIVE, android.permission.WRITE_EXTERNAL_STORAGE, android.permission.GET_ACCOUNTS, android.permission.RECEIVE_SMS, android.permission.READ_PHONE_STATE, android.permission.READ_CALENDAR, android.permission.INTERNET, com.google.android.finsky.permission.BIND_GET_INSTALL_REFERRER_SERVICE, android.permission.READ_SMS, android.permission.ACCESS_NETWORK_STATE, android.permission.ACCESS_COARSE_LOCATION",Yes,No,Yes,Yes,No,No,No,Yes,No,Yes,True,True,True
SmartCash,com.loancloud.nigeria.smartcash,Nigeria/Delisted,"android.permission.ACCESS_WIFI_STATE, android.permission.WAKE_LOCK, android.permission.ACCESS_FINE_LOCATION, android.permission.CHANGE_WIFI_STATE, android.permission.CAMERA, android.permission.READ_CONTACTS, android.permission.READ_EXTERNAL_STORAGE, com.google.android.c2dm.permission.RECEIVE, android.permission.QUERY_ALL_PACKAGES, android.permission.WRITE_EXTERNAL_STORAGE, android.permission.READ_PRIVILEGED_PHONE_STAT, android.permission.MOUNT_UNMOUNT_FILESYSTEMS, android.permission.READ_PHONE_STATE, android.permission.INTERNET, android.permission.READ_SYNC_SETTINGS, com.google.android.finsky.permission.BIND_GET_INSTALL_REFERRER_SERVICE, android.permission.READ_SMS, android.permission.ACCESS_NETWORK_STATE, android.permission.ACCESS_COARSE_LOCATION",Yes,No,Yes,Yes,No,No,No,Yes,Yes,Yes,True,True,True
XCredit,com.xcredit.loan.nigeria,Nigeria/Delisted,"android.permission.ACCESS_WIFI_STATE, android.permission.WAKE_LOCK, android.permission.ACCESS_FINE_LOCATION, android.permission.CHANGE_WIFI_STATE, android.permission.CAMERA, android.permission.READ_CONTACTS, android.permission.SYSTEM_ALERT_WINDOW, android.permission.RECEIVE_BOOT_COMPLETED, android.permission.READ_EXTERNAL_STORAGE, android.permission.VIBRATE, com.google.android.c2dm.permission.RECEIVE, android.permission.QUERY_ALL_PACKAGES, android.permission.WRITE_EXTERNAL_STORAGE, android.permission.WRITE_CONTACTS, android.permission.READ_CALL_LOG, android.permission.REQUEST_INSTALL_PACKAGES, android.permission.READ_PHONE_STATE, android.permission.INTERNET, com.google.android.finsky.permission.BIND_GET_INSTALL_REFERRER_SERVICE, android.permission.READ_SMS, android.permission.ACCESS_NETWORK_STATE, android.permission.ACCESS_COARSE_LOCATION",Yes,Yes,Yes,Yes,No,No,No,Yes,Yes,Yes,True,True,True
Gomoni,ng.moni.gomoni,Nigeria/Delisted,"android.permission.ACCESS_WIFI_STATE, android.permission.WAKE_LOCK, android.permission.CHANGE_WIFI_STATE, android.permission.CAMERA, android.permission.SYSTEM_ALERT_WINDOW, android.permission.RECEIVE_BOOT_COMPLETED, com.google.android.gms.permission.AD_ID, android.permission.BLUETOOTH, android.permission.VIBRATE, android.permission.BLUETOOTH_ADMIN, android.permission.HIGH_SAMPLING_RATE_SENSORS, com.android.browser.permission.READ_HISTORY_BOOKMARKS, android.permission.CHANGE_NETWORK_STATE, com.google.android.c2dm.permission.RECEIVE, android.permission.WRITE_CALENDAR, android.permission.ACCESS_LOCATION_EXTRA_COMMANDS, android.permission.REORDER_TASKS, android.permission.RECEIVE_SMS, android.permission.FOREGROUND_SERVICE, android.permission.READ_PHONE_STATE, android.permission.GET_TASKS, android.permission.READ_CALENDAR, android.permission.INTERNET, com.google.android.finsky.permission.BIND_GET_INSTALL_REFERRER_SERVICE, android.permission.READ_SMS, android.permission.ACCESS_NETWORK_STATE, android.permission.ACCESS_COARSE_LOCATION, com.android.vending.setup.PLAY_SETUP_SERVICE",No,No,No,No,No,No,No,Yes,No,No,False,True,False
UCredit,com.ucreditapp.app.cash.loan.carbon.jumia.pay,Nigeria/Delisted,"android.permission.ACCESS_WIFI_STATE, android.permission.WAKE_LOCK, android.permission.ACCESS_FINE_LOCATION, android.permission.CHANGE_WIFI_STATE, android.permission.CAMERA, android.permission.READ_CONTACTS, android.permission.RECEIVE_BOOT_COMPLETED, android.permission.READ_EXTERNAL_STORAGE, android.permission.READ_PROFILE, com.google.android.c2dm.permission.RECEIVE, android.permission.WRITE_EXTERNAL_STORAGE, android.permission.GET_ACCOUNTS, android.permission.RECEIVE_SMS, android.permission.READ_PHONE_STATE, android.permission.READ_CALENDAR, android.permission.INTERNET, com.google.android.finsky.permission.BIND_GET_INSTALL_REFERRER_SERVICE, android.permission.READ_SMS, android.permission.ACCESS_NETWORK_STATE, android.permission.ACCESS_COARSE_LOCATION",Yes,No,Yes,Yes,No,No,No,Yes,No,Yes,True,True,True
Hcash,com.nigeria.cashkj.hcash,Nigeria/Delisted,"android.permission.RECORD_AUDIO, android.permission.ACCESS_WIFI_STATE, android.permission.WAKE_LOCK, android.permission.READ_PRIVILEGED_PHONE_STATE, android.permission.CHANGE_WIFI_STATE, android.permission.INTERNET, android.permission.CAMERA, com.google.android.gms.permission.AD_ID, android.permission.LOCAL_MAC_ADDRESS, android.permission.READ_SYNC_SETTINGS, com.google.android.finsky.permission.BIND_GET_INSTALL_REFERRER_SERVICE, android.permission.READ_SMS, android.permission.ACCESS_NETWORK_STATE, android.permission.ACCESS_COARSE_LOCATION, android.permission.READ_PHONE_STATE",No,No,No,No,No,No,No,Yes,No,No,False,True,False
CashDey,ng.dey.cashdey,Nigeria/Delisted,"android.permission.ACCESS_WIFI_STATE, android.permission.WAKE_LOCK, android.permission.CHANGE_WIFI_STATE, android.permission.CAMERA, android.permission.SYSTEM_ALERT_WINDOW, android.permission.RECEIVE_BOOT_COMPLETED, com.google.android.gms.permission.AD_ID, android.permission.BLUETOOTH, android.permission.VIBRATE, android.permission.BLUETOOTH_ADMIN, android.permission.HIGH_SAMPLING_RATE_SENSORS, com.android.browser.permission.READ_HISTORY_BOOKMARKS, android.permission.CHANGE_NETWORK_STATE, com.google.android.c2dm.permission.RECEIVE, android.permission.WRITE_CALENDAR, android.permission.ACCESS_LOCATION_EXTRA_COMMANDS, android.permission.REORDER_TASKS, android.permission.RECEIVE_SMS, android.permission.FOREGROUND_SERVICE, android.permission.READ_PHONE_STATE, android.permission.GET_TASKS, android.permission.READ_CALENDAR, android.permission.INTERNET, com.google.android.finsky.permission.BIND_GET_INSTALL_REFERRER_SERVICE, android.permission.READ_SMS, android.permission.ACCESS_NETWORK_STATE, android.permission.ACCESS_COARSE_LOCATION, com.android.vending.setup.PLAY_SETUP_SERVICE",No,No,No,No,No,No,No,Yes,No,No,False,True,False
Swiftkash,swiftkash.safe.go,Nigeria/Delisted,"android.permission.ACCESS_WIFI_STATE, android.permission.ACCESS_FINE_LOCATION, android.permission.CHANGE_WIFI_STATE, android.permission.READ_CONTACTS, android.permission.BLUETOOTH_CONNECT, com.google.android.gms.permission.AD_ID, android.permission.BLUETOOTH, android.permission.READ_EXTERNAL_STORAGE, android.permission.CHANGE_NETWORK_STATE, android.permission.WRITE_EXTERNAL_STORAGE, android.permission.ACCESS_LOCATION_EXTRA_COMMANDS, android.permission.FOREGROUND_SERVICE, android.permission.READ_PHONE_STATE, android.permission.READ_CALENDAR, android.permission.INTERNET, com.google.android.finsky.permission.BIND_GET_INSTALL_REFERRER_SERVICE, android.permission.READ_SMS, android.permission.ACCESS_COARSE_LOCATION, android.permission.ACCESS_NETWORK_STATE",Yes,No,Yes,Yes,No,No,No,Yes,No,Yes,True,True,True
Cashlawn,com.grew.sw.cashlawn,Nigeria/Delisted,"android.permission.ACCESS_WIFI_STATE, android.permission.ACCESS_FINE_LOCATION, android.permission.CHANGE_WIFI_STATE, android.permission.CAMERA, android.permission.READ_CONTACTS, android.permission.READ_EXTERNAL_STORAGE, android.permission.CHANGE_NETWORK_STATE, com.google.android.providers.gsf.permission.WRITE_GSERVICES, android.permission.WRITE_EXTERNAL_STORAGE, android.permission.WRITE_CONTACTS, android.permission.LOCAL_MAC_ADDRESS, com.google.android.providers.gsf.permission.READ_GSERVICES, android.permission.CALL_PHONE, android.permission.GET_ACCOUNTS, android.permission.READ_PHONE_STATE, android.permission.INTERNET, com.google.android.finsky.permission.BIND_GET_INSTALL_REFERRER_SERVICE, android.permission.READ_SMS, android.permission.ACCESS_COARSE_LOCATION, android.permission.GET_PACKAGE_SIZE, android.permission.ACCESS_NETWORK_STATE",Yes,No,Yes,Yes,No,No,No,Yes,No,Yes,True,True,True
EasyCash,com.loancloud.nigeria.easycash,Nigeria/Delisted,"android.permission.ACCESS_WIFI_STATE, android.permission.WAKE_LOCK, android.permission.ACCESS_FINE_LOCATION, android.permission.CHANGE_WIFI_STATE, android.permission.CAMERA, android.permission.READ_CONTACTS, android.permission.SYSTEM_ALERT_WINDOW, android.permission.READ_EXTERNAL_STORAGE, com.google.android.c2dm.permission.RECEIVE, android.permission.QUERY_ALL_PACKAGES, android.permission.WRITE_EXTERNAL_STORAGE, android.permission.READ_PRIVILEGED_PHONE_STAT, android.permission.MOUNT_UNMOUNT_FILESYSTEMS, android.permission.FOREGROUND_SERVICE, android.permission.READ_PHONE_STATE, android.permission.INTERNET, android.permission.READ_SYNC_SETTINGS, com.google.android.finsky.permission.BIND_GET_INSTALL_REFERRER_SERVICE, android.permission.READ_SMS, android.permission.ACCESS_NETWORK_STATE, android.permission.ACCESS_COARSE_LOCATION",Yes,No,Yes,Yes,No,No,No,Yes,Yes,Yes,True,True,True
Cash Loan,com.cash.loan.lending.cash.credit,Nigeria/Delisted,"android.permission.ACCESS_WIFI_STATE, android.permission.WAKE_LOCK, android.permission.ACCESS_FINE_LOCATION, android.permission.CHANGE_WIFI_STATE, android.permission.READ_CONTACTS, com.cash.loan.lending.cash.credit.DYNAMIC_RECEIVER_NOT_EXPORTED_PERMISSION, com.google.android.gms.permission.AD_ID, android.permission.READ_EXTERNAL_STORAGE, com.google.android.c2dm.permission.RECEIVE, android.permission.QUERY_ALL_PACKAGES, android.permission.WRITE_CALENDAR, android.permission.WRITE_EXTERNAL_STORAGE, android.permission.LOCAL_MAC_ADDRESS, android.permission.READ_PHONE_STATE, android.permission.READ_PRIVILEGED_PHONE_STATE, android.permission.READ_CALENDAR, android.permission.INTERNET, com.google.android.finsky.permission.BIND_GET_INSTALL_REFERRER_SERVICE, android.permission.READ_SMS, android.permission.ACCESS_NETWORK_STATE, android.permission.ACCESS_COARSE_LOCATION",Yes,No,Yes,Yes,No,No,No,Yes,Yes,Yes,True,True,True
Cash9ja,com.cash9ja.credit.cash.loan.naira,Nigeria/Delisted,"android.permission.PACKAGE_USAGE_STATS, android.permission.ACCESS_WIFI_STATE, android.permission.WAKE_LOCK, android.permission.ACCESS_FINE_LOCATION, android.permission.CHANGE_WIFI_STATE, android.permission.CAMERA, android.permission.READ_CONTACTS, android.permission.REPLACE_EXISTING_PACKAGE, android.permission.RECEIVE_BOOT_COMPLETED, com.google.android.gms.permission.AD_ID, android.permission.BLUETOOTH, android.permission.READ_EXTERNAL_STORAGE, android.permission.VIBRATE, android.permission.BATTERY_STATS, android.permission.WRITE_CALENDAR, android.permission.WRITE_EXTERNAL_STORAGE, android.permission.BROADCAST_STICKY, android.permission.ACCESS_LOCATION_EXTRA_COMMANDS, android.permission.WRITE_SETTINGS, android.permission.GET_ACCOUNTS, android.permission.FOREGROUND_SERVICE, android.permission.READ_PHONE_STATE, android.permission.RECORD_AUDIO, android.permission.READ_CALENDAR, android.permission.READ_PRIVILEGED_PHONE_STATE, android.permission.INTERNET, com.google.android.finsky.permission.BIND_GET_INSTALL_REFERRER_SERVICE, android.permission.READ_SMS, android.permission.ACCESS_NETWORK_STATE, android.permission.ACCESS_COARSE_LOCATION, android.permission.ACCESS_COARSE_UPDATES",Yes,No,Yes,Yes,No,No,No,Yes,No,Yes,True,True,True
SharpCredit,com.sharp.credit.app,Nigeria/Delisted,"android.permission.WRITE_EXTERNAL_STORAGE, android.permission.ACCESS_WIFI_STATE, android.permission.WAKE_LOCK, android.permission.READ_CALENDAR, android.permission.CHANGE_WIFI_STATE, android.permission.INTERNET, android.permission.CAMERA, android.permission.READ_CONTACTS, android.permission.READ_EXTERNAL_STORAGE, com.google.android.finsky.permission.BIND_GET_INSTALL_REFERRER_SERVICE, android.permission.READ_SMS, android.permission.ACCESS_NETWORK_STATE, android.permission.READ_PROFILE, com.google.android.c2dm.permission.RECEIVE, android.permission.GET_ACCOUNTS, android.permission.RECEIVE_BOOT_COMPLETED, android.permission.RECEIVE_SMS, android.permission.READ_PHONE_STATE",Yes,No,Yes,Yes,No,No,No,Yes,No,No,True,True,True
QuickCredit,com.cash.loan.credit.quick.kash.cash9ja.mobile9.mkopo.instant.online.gocash,Nigeria/Delisted,"android.permission.ACCESS_WIFI_STATE, android.permission.WAKE_LOCK, android.permission.ACCESS_FINE_LOCATION, android.permission.CHANGE_WIFI_STATE, android.permission.CAMERA, android.permission.READ_CONTACTS, android.permission.RECEIVE_BOOT_COMPLETED, android.permission.READ_EXTERNAL_STORAGE, android.permission.READ_PROFILE, com.google.android.c2dm.permission.RECEIVE, android.permission.WRITE_EXTERNAL_STORAGE, android.permission.GET_ACCOUNTS, android.permission.RECEIVE_SMS, android.permission.READ_PHONE_STATE, android.permission.READ_CALENDAR, android.permission.INTERNET, com.google.android.finsky.permission.BIND_GET_INSTALL_REFERRER_SERVICE, android.permission.READ_SMS, android.permission.ACCESS_NETWORK_STATE, android.permission.ACCESS_COARSE_LOCATION",Yes,No,Yes,Yes,No,No,No,Yes,No,Yes,True,True,True
Lucky Loan,com.sx.luckyloan,Nigeria/Delisted,"android.permission.ACCESS_WIFI_STATE, android.permission.WAKE_LOCK, android.permission.READ_PRIVILEGED_PHONE_STATE, android.permission.READ_CALENDAR, android.permission.ACCESS_NOTIFICATION_POLICY, android.permission.INTERNET, android.permission.CAMERA, android.permission.MOUNT_UNMOUNT_FILESYSTEMS, android.permission.POST_NOTIFICATIONS, com.google.android.gms.permission.AD_ID, com.google.android.finsky.permission.BIND_GET_INSTALL_REFERRER_SERVICE, android.permission.READ_SMS, android.permission.ACCESS_NETWORK_STATE, android.permission.ACCESS_COARSE_LOCATION, com.google.android.c2dm.permission.RECEIVE, android.permission.ACCESS_MEDIA_LOCATION, android.permission.FOREGROUND_SERVICE, android.permission.READ_PHONE_STATE",No,No,No,No,No,No,No,Yes,No,No,False,True,False
Xcash,com.loanx.cashloan,Nigeria/Delisted,"android.permission.ACCESS_WIFI_STATE, android.permission.WAKE_LOCK, android.permission.CHANGE_WIFI_STATE, android.permission.CAMERA, android.permission.SYSTEM_ALERT_WINDOW, android.permission.RECEIVE_BOOT_COMPLETED, com.google.android.gms.permission.AD_ID, android.permission.BLUETOOTH, android.permission.VIBRATE, android.permission.BLUETOOTH_ADMIN, android.permission.HIGH_SAMPLING_RATE_SENSORS, com.android.browser.permission.READ_HISTORY_BOOKMARKS, android.permission.CHANGE_NETWORK_STATE, com.google.android.c2dm.permission.RECEIVE, android.permission.WRITE_CALENDAR, android.permission.ACCESS_LOCATION_EXTRA_COMMANDS, android.permission.REORDER_TASKS, android.permission.RECEIVE_SMS, android.permission.FOREGROUND_SERVICE, android.permission.READ_PHONE_STATE, android.permission.GET_TASKS, android.permission.READ_CALENDAR, android.permission.POST_NOTIFICATIONS, android.permission.INTERNET, com.google.android.finsky.permission.BIND_GET_INSTALL_REFERRER_SERVICE, android.permission.READ_SMS, android.permission.ACCESS_NETWORK_STATE, android.permission.ACCESS_COARSE_LOCATION, com.android.vending.setup.PLAY_SETUP_SERVICE",No,No,No,No,No,No,No,Yes,No,No,False,True,False
Kashpal,com.kashpal.credit.money.cash.moni,Nigeria/Delisted,"android.permission.ACCESS_WIFI_STATE, com.vivo.notification.permission.BADGE_ICON, android.permission.WAKE_LOCK, android.permission.ACCESS_FINE_LOCATION, android.permission.CHANGE_WIFI_STATE, android.permission.CAMERA, android.permission.READ_CONTACTS, com.huawei.android.launcher.permission.CHANGE_BADGE, android.permission.CHANGE_NETWORK_STATE, android.permission.READ_LOGS, android.permission.VIBRATE, android.permission.READ_EXTERNAL_STORAGE, android.permission.WRITE_EXTERNAL_STORAGE, android.permission.WRITE_CONTACTS, android.permission.MOUNT_UNMOUNT_FILESYSTEMS, android.permission.FLASHLIGHT, android.permission.ACCESS_LOCATION_EXTRA_COMMANDS, android.permission.WRITE_SETTINGS, android.permission.CALL_PHONE, android.permission.GET_ACCOUNTS, android.permission.READ_PHONE_STATE, android.permission.RECORD_AUDIO, android.permission.READ_CALENDAR, android.permission.MODIFY_AUDIO_SETTINGS, android.permission.INTERNET, android.permission.READ_SMS, android.permission.ACCESS_COARSE_LOCATION, android.permission.ACCESS_NETWORK_STATE",Yes,No,Yes,Yes,No,No,No,Yes,No,Yes,True,True,True
Naira9ja,com.naira9ja.loan.credit.cash.borrow,Nigeria/Delisted,"android.permission.ACCESS_WIFI_STATE, android.permission.WAKE_LOCK, android.permission.CHANGE_WIFI_STATE, android.permission.CAMERA, android.permission.SYSTEM_ALERT_WINDOW, android.permission.RECEIVE_BOOT_COMPLETED, com.google.android.gms.permission.AD_ID, com.naira9ja.loan.credit.cash.borrow.DYNAMIC_RECEIVER_NOT_EXPORTED_PERMISSION, android.permission.VIBRATE, com.google.android.c2dm.permission.RECEIVE, android.permission.READ_CALL_LOG, android.permission.FOREGROUND_SERVICE, android.permission.READ_PHONE_STATE, android.permission.POST_NOTIFICATIONS, android.permission.INTERNET, com.google.android.finsky.permission.BIND_GET_INSTALL_REFERRER_SERVICE, android.permission.READ_SMS, android.permission.ACCESS_NETWORK_STATE, android.permission.ACCESS_COARSE_LOCATION",No,Yes,No,No,No,No,No,Yes,No,No,False,True,True
Moneytree,jp.moneytree.moneytree,Nigeria/Delisted,"android.permission.READ_MEDIA_AUDIO, android.permission.ACCESS_WIFI_STATE, android.permission.WAKE_LOCK, android.permission.CAMERA, jp.moneytree.moneytree.DYNAMIC_RECEIVER_NOT_EXPORTED_PERMISSION, android.permission.RECEIVE_BOOT_COMPLETED, com.android.vending.BILLING, android.permission.READ_MEDIA_IMAGES, com.google.android.gms.permission.AD_ID, android.permission.VIBRATE, android.permission.USE_FINGERPRINT, com.google.android.c2dm.permission.RECEIVE, android.permission.USE_BIOMETRIC, android.permission.FOREGROUND_SERVICE, android.permission.READ_CALENDAR, android.permission.POST_NOTIFICATIONS, android.permission.INTERNET, com.google.android.finsky.permission.BIND_GET_INSTALL_REFERRER_SERVICE, android.permission.ACCESS_NETWORK_STATE",No,No,No,No,Yes,Yes,No,No,No,No,True,True,True
SoftNaira,com.sotifai.nai,Nigeria/Delisted,"android.permission.ACCESS_WIFI_STATE, android.permission.WAKE_LOCK, android.permission.ACCESS_FINE_LOCATION, android.permission.CHANGE_WIFI_STATE, android.permission.CAMERA, android.permission.READ_CONTACTS, android.permission.RECEIVE_BOOT_COMPLETED, android.hardwre.location.gps, com.google.android.gms.permission.AD_ID, android.permission.READ_EXTERNAL_STORAGE, android.permission.VIBRATE, android.permission.READ_PROFILE, com.google.android.c2dm.permission.RECEIVE, android.permission.WRITE_CALENDAR, android.permission.WRITE_EXTERNAL_STORAGE, android.permission.WRITE_SETTINGS, android.permission.GET_ACCOUNTS, android.permission.REQUEST_INSTALL_PACKAGES, android.permission.FOREGROUND_SERVICE, android.permission.READ_PHONE_STATE, android.permission.READ_PRIVILEGED_PHONE_STATE, android.permission.READ_CALENDAR, android.permission.INTERNET, com.google.android.finsky.permission.BIND_GET_INSTALL_REFERRER_SERVICE, android.permission.READ_SMS, android.permission.ACCESS_NETWORK_STATE, android.permission.ACCESS_COARSE_LOCATION, android.permission.ACCESS_MEDIA_LOCATION",Yes,No,Yes,Yes,No,No,No,Yes,No,Yes,True,True,True
MoneyMart,com.lcloan.moneymart,Nigeria/Delisted,"android.permission.WRITE_EXTERNAL_STORAGE, android.permission.ACCESS_WIFI_STATE, android.permission.WAKE_LOCK, android.permission.ACCESS_FINE_LOCATION, android.permission.CHANGE_WIFI_STATE, android.permission.INTERNET, android.permission.CAMERA, android.permission.READ_CONTACTS, android.permission.READ_EXTERNAL_STORAGE, com.google.android.finsky.permission.BIND_GET_INSTALL_REFERRER_SERVICE, android.permission.READ_SMS, android.permission.ACCESS_COARSE_LOCATION, android.permission.ACCESS_NETWORK_STATE, com.google.android.c2dm.permission.RECEIVE, android.permission.ACCESS_MEDIA_LOCATION, android.permission.READ_PHONE_STATE",Yes,No,Yes,Yes,No,No,No,Yes,No,Yes,True,True,True
Crancash,com.loan.crancash.cash,Nigeria/Delisted,"com.huawei.appmarket.service.commondata.permission.GET_COMMON_DATA, android.permission.ACCESS_WIFI_STATE, android.permission.WAKE_LOCK, android.permission.ACCESS_ADSERVICES_ATTRIBUTION, android.permission.CHANGE_WIFI_STATE, android.permission.INTERNET, android.permission.CAMERA, com.google.android.gms.permission.AD_ID, android.permission.BLUETOOTH, com.android.vending.CHECK_LICENSE, com.samsung.android.mapsagent.permission.READ_APP_INFO, com.google.android.finsky.permission.BIND_GET_INSTALL_REFERRER_SERVICE, android.permission.CHANGE_NETWORK_STATE, android.permission.BLUETOOTH_ADMIN, android.permission.READ_SMS, android.permission.ACCESS_NETWORK_STATE, com.google.android.c2dm.permission.RECEIVE, android.permission.ACCESS_COARSE_LOCATION",No,No,No,No,No,No,No,Yes,No,No,False,True,False
nutLoan,xyz.niki.loan.nut,Nigeria/Delisted,"android.permission.ACCESS_WIFI_STATE, android.permission.WAKE_LOCK, android.permission.READ_PRIVILEGED_PHONE_STATE, android.permission.CHANGE_WIFI_STATE, android.permission.INTERNET, android.permission.CAMERA, android.permission.READ_SMS, android.permission.ACCESS_NETWORK_STATE, android.permission.ACCESS_COARSE_LOCATION, android.permission.CALL_PHONE, android.permission.FOREGROUND_SERVICE, android.permission.READ_PHONE_STATE",No,No,No,No,No,No,No,Yes,No,No,False,True,False
Camelloan,com.cashniriql.camelloan,Nigeria/Delisted,"android.permission.BLUETOOTH_CONNECT, android.permission.ACCESS_WIFI_STATE, android.permission.READ_CALENDAR, android.permission.READ_PRIVILEGED_PHONE_STATE, android.permission.CHANGE_WIFI_STATE, android.permission.INTERNET, android.permission.CAMERA, android.permission.LOCAL_MAC_ADDRESS, android.permission.READ_CALL_LOG, android.permission.READ_SMS, android.permission.ACCESS_NETWORK_STATE, android.permission.READ_PROFILE, android.permission.ACCESS_COARSE_LOCATION, android.permission.READ_PHONE_STATE",No,Yes,No,No,No,No,No,Yes,No,No,False,True,True
SureCredit,ng.sure.surecredit,Nigeria/Delisted,"com.android.systemui.phonelock.permission.WRITE_CONTENT, android.permission.ACCESS_WIFI_STATE, android.permission.WAKE_LOCK, android.permission.ACCESS_FINE_LOCATION, android.permission.CHANGE_WIFI_STATE, android.permission.CAMERA, android.permission.READ_CONTACTS, android.permission.SYSTEM_ALERT_WINDOW, android.permission.RECEIVE_BOOT_COMPLETED, android.permission.BLUETOOTH, android.permission.VIBRATE, android.permission.BLUETOOTH_ADMIN, android.permission.READ_EXTERNAL_STORAGE, com.android.browser.permission.READ_HISTORY_BOOKMARKS, android.permission.CHANGE_NETWORK_STATE, com.google.android.c2dm.permission.RECEIVE, android.permission.WRITE_CALENDAR, android.permission.WRITE_EXTERNAL_STORAGE, android.permission.ACCESS_LOCATION_EXTRA_COMMANDS, com.android.systemui.phonelock.permission.READ_CONTENT, android.permission.READ_PHONE_NUMBERS, android.permission.REORDER_TASKS, android.permission.FOREGROUND_SERVICE, android.permission.RECEIVE_SMS, android.permission.READ_PHONE_STATE, android.permission.GET_TASKS, android.permission.READ_CALENDAR, android.permission.INTERNET, com.google.android.finsky.permission.BIND_GET_INSTALL_REFERRER_SERVICE, android.permission.READ_SMS, android.permission.ACCESS_COARSE_LOCATION, android.permission.ACCESS_NETWORK_STATE, com.android.vending.setup.PLAY_SETUP_SERVICE",Yes,No,Yes,Yes,No,No,No,Yes,No,Yes,True,True,True
GGmoney,com.ggmoney.money.online.loan.instant.credit.bank.app,Nigeria/Delisted,"android.permission.ACCESS_WIFI_STATE, android.permission.WAKE_LOCK, android.permission.ACCESS_FINE_LOCATION, android.permission.CHANGE_WIFI_STATE, android.permission.CAMERA, android.permission.READ_CONTACTS, android.permission.RECEIVE_BOOT_COMPLETED, android.permission.READ_EXTERNAL_STORAGE, android.permission.READ_PROFILE, com.google.android.c2dm.permission.RECEIVE, android.permission.WRITE_EXTERNAL_STORAGE, android.permission.GET_ACCOUNTS, android.permission.RECEIVE_SMS, android.permission.READ_PHONE_STATE, android.permission.READ_CALENDAR, android.permission.INTERNET, com.google.android.finsky.permission.BIND_GET_INSTALL_REFERRER_SERVICE, android.permission.READ_SMS, android.permission.ACCESS_NETWORK_STATE, android.permission.ACCESS_COARSE_LOCATION",Yes,No,Yes,Yes,No,No,No,Yes,No,Yes,True,True,True
C Money,com.creditville,Nigeria/Delisted,"android.permission.ACCESS_WIFI_STATE, android.permission.WAKE_LOCK, android.permission.ACCESS_FINE_LOCATION, android.permission.CAMERA, android.permission.READ_CONTACTS, android.permission.SYSTEM_ALERT_WINDOW, android.permission.RECEIVE_BOOT_COMPLETED, com.google.android.gms.permission.AD_ID, android.permission.VIBRATE, android.permission.READ_EXTERNAL_STORAGE, android.permission.USE_FINGERPRINT, android.permission.READ_PROFILE, com.google.android.c2dm.permission.RECEIVE, android.permission.WRITE_EXTERNAL_STORAGE, com.google.android.gms.permission.ACTIVITY_RECOGNITION, android.permission.USE_BIOMETRIC, com.google.android.providers.gsf.permission.READ_GSERVICES, android.permission.FOREGROUND_SERVICE, android.permission.READ_PHONE_STATE, android.permission.READ_INTERNAL_STORAGE, android.permission.INTERNET, com.google.android.finsky.permission.BIND_GET_INSTALL_REFERRER_SERVICE, android.permission.ACCESS_COARSE_LOCATION, android.permission.ACCESS_NETWORK_STATE",Yes,No,Yes,Yes,No,No,No,No,No,Yes,True,True,True
Ease Cash,com.ng.easecash,Nigeria/Delisted,"android.permission.ACCESS_WIFI_STATE, android.permission.CHANGE_WIFI_STATE, android.permission.INTERNET, android.permission.CAMERA, android.permission.POST_NOTIFICATIONS, com.google.android.gms.permission.AD_ID, com.google.android.finsky.permission.BIND_GET_INSTALL_REFERRER_SERVICE, android.permission.VIBRATE, android.permission.READ_SMS, android.permission.ACCESS_NETWORK_STATE, com.google.android.c2dm.permission.RECEIVE, android.permission.RESTART_PACKAGES, android.permission.READ_PHONE_STATE",No,No,No,No,No,No,No,Yes,No,No,False,True,False
Henloan,com.nairacash.henloan,Nigeria/Delisted,"android.permission.ACCESS_WIFI_STATE, android.permission.ACCESS_FINE_LOCATION, android.permission.CHANGE_WIFI_STATE, android.permission.CAMERA, android.permission.READ_CONTACTS, android.permission.BLUETOOTH_CONNECT, android.permission.CHANGE_NETWORK_STATE, android.permission.READ_EXTERNAL_STORAGE, android.permission.READ_PROFILE, android.permission.WRITE_EXTERNAL_STORAGE, android.permission.LOCAL_MAC_ADDRESS, android.permission.GET_ACCOUNTS, android.permission.READ_PHONE_STATE, android.permission.READ_PRIVILEGED_PHONE_STATE, android.permission.READ_CALENDAR, android.permission.INTERNET, android.permission.READ_SMS, android.permission.ACCESS_COARSE_LOCATION, android.permission.ACCESS_NETWORK_STATE",Yes,No,Yes,Yes,No,No,No,Yes,No,Yes,True,True,True
iMoney,com.elsner.imoney,Nigeria/Delisted,"android.permission.WAKE_LOCK, android.permission.INTERNET, com.google.android.gms.permission.AD_ID, android.permission.ACCESS_NETWORK_STATE, android.permission.RECEIVE_BOOT_COMPLETED, android.permission.FOREGROUND_SERVICE, com.android.vending.BILLING",No,No,No,No,No,No,No,No,No,No,False,False,False
Flypay Pro,loan.flypaypro.ydysx,Nigeria/Delisted,"android.permission.ACCESS_WIFI_STATE, android.permission.CHANGE_WIFI_STATE, freemme.permission.msa, android.permission.BLUETOOTH_CONNECT, com.google.android.gms.permission.AD_ID, android.permission.BLUETOOTH, android.permission.CHANGE_NETWORK_STATE, com.asus.msa.SupplementaryDID.ACCESS, android.permission.WRITE_CALENDAR, android.permission.ACCESS_LOCATION_EXTRA_COMMANDS, android.permission.WRITE_SETTINGS, android.permission.FOREGROUND_SERVICE, android.permission.READ_PHONE_STATE, android.permission.READ_CALENDAR, android.permission.INTERNET, com.google.android.finsky.permission.BIND_GET_INSTALL_REFERRER_SERVICE, android.permission.READ_SMS, android.permission.ACCESS_COARSE_LOCATION, android.permission.ACCESS_NETWORK_STATE",No,No,No,No,No,No,No,Yes,No,No,False,True,False
CreditBox,com.box.creditt,Nigeria/Delisted,"android.permission.ACCESS_WIFI_STATE, android.permission.WAKE_LOCK, android.permission.CHANGE_WIFI_STATE, android.permission.INTERNET, android.permission.CAMERA, android.permission.ACCESS_NETWORK_STATE, android.permission.ACCESS_COARSE_LOCATION, android.permission.READ_PHONE_STATE",No,No,No,No,No,No,No,No,No,No,False,False,False
Nigeria Loan,com.nigeria.loan.credit.nigerialoan,Nigeria/Delisted,"android.permission.ACCESS_WIFI_STATE, android.permission.WAKE_LOCK, android.permission.READ_PRIVILEGED_PHONE_STATE, android.permission.READ_CALENDAR, android.permission.POST_NOTIFICATIONS, android.permission.INTERNET, android.permission.CAMERA, com.google.android.gms.permission.AD_ID, android.permission.READ_PHONE_STATE, com.google.android.finsky.permission.BIND_GET_INSTALL_REFERRER_SERVICE, android.permission.READ_SMS, android.permission.ACCESS_NETWORK_STATE, android.permission.ACCESS_COARSE_LOCATION, com.google.android.c2dm.permission.RECEIVE, com.nigeria.loan.credit.nigerialoan.DYNAMIC_RECEIVER_NOT_EXPORTED_PERMISSION",No,No,No,No,No,No,No,Yes,No,No,False,True,False
Get Loan,com.qc.getloan,Nigeria/Delisted,"android.permission.ACCESS_WIFI_STATE, android.permission.READ_PRIVILEGED_PHONE_STATE, android.permission.INTERNET, android.permission.CAMERA, com.google.android.finsky.permission.BIND_GET_INSTALL_REFERRER_SERVICE, android.permission.READ_SMS, android.permission.ACCESS_COARSE_LOCATION, android.permission.ACCESS_NETWORK_STATE, android.permission.READ_PHONE_STATE",No,No,No,No,No,No,No,Yes,No,No,False,True,False
Apex Lending,al.cash.easy.creditapp,Nigeria/Delisted,"al.cash.easy.creditapp.DYNAMIC_RECEIVER_NOT_EXPORTED_PERMISSION, android.permission.RECORD_AUDIO, android.permission.ACCESS_WIFI_STATE, android.permission.CHANGE_WIFI_STATE, android.permission.INTERNET, android.permission.CAMERA, android.permission.LOCAL_MAC_ADDRESS, com.google.android.finsky.permission.BIND_GET_INSTALL_REFERRER_SERVICE, android.permission.CHANGE_NETWORK_STATE, android.permission.READ_CALL_LOG, android.permission.READ_SMS, android.permission.ACCESS_NETWORK_STATE, android.permission.ACCESS_COARSE_LOCATION, android.permission.FOREGROUND_SERVICE, android.permission.READ_PHONE_STATE",No,Yes,No,No,No,No,No,Yes,No,No,False,True,True
Secucash,com.ng.secucash,Nigeria/Delisted,"android.permission.PACKAGE_USAGE_STATS, android.permission.ACCESS_WIFI_STATE, android.permission.WAKE_LOCK, android.permission.CHANGE_WIFI_STATE, android.permission.CAMERA, com.google.android.gms.permission.AD_ID, android.permission.VIBRATE, android.permission.BATTERY_STATS, com.google.android.c2dm.permission.RECEIVE, android.permission.RESTART_PACKAGES, android.permission.LOCAL_MAC_ADDRESS, android.permission.WRITE_SETTINGS, android.permission.READ_CALL_LOG, android.permission.READ_PHONE_STATE, android.permission.READ_CALENDAR, android.permission.POST_NOTIFICATIONS, android.permission.INTERNET, com.google.android.finsky.permission.BIND_GET_INSTALL_REFERRER_SERVICE, android.permission.READ_SMS, android.permission.ACCESS_COARSE_LOCATION, android.permission.GET_PACKAGE_SIZE, android.permission.ACCESS_NETWORK_STATE",No,Yes,No,No,No,No,No,Yes,No,No,False,True,True
Galaxy Credit,com.GalaxyCredit,Nigeria/Delisted,"android.permission.ACCESS_WIFI_STATE, com.vivo.notification.permission.BADGE_ICON, android.permission.WAKE_LOCK, android.permission.CHANGE_WIFI_STATE, android.permission.ACCESS_CHECKIN_PROPERTIES, android.permission.ACCESS_SURFACE_FLINGER, com.huawei.android.launcher.permission.CHANGE_BADGE, android.permission.CHANGE_NETWORK_STATE, android.permission.VIBRATE, android.permission.BATTERY_STATS, android.permission.MOUNT_UNMOUNT_FILESYSTEMS, android.permission.FLASHLIGHT, android.permission.WRITE_SETTINGS, android.permission.ADD_VOICEMAIL, android.permission.READ_PHONE_STATE, android.permission.READ_SYNC_STATS, android.permission.MODIFY_PHONE_STATE, android.permission.INTERNET, android.permission.ACCOUNT_MANAGER, android.permission.ACCESS_NETWORK_STATE, android.permission.AUTHENTICATE_ACCOUNTS",No,No,No,No,No,No,No,No,No,No,False,False,False
WeCredit,com.we.ng.credit,Nigeria/Delisted,"android.permission.ACCESS_WIFI_STATE, android.permission.WAKE_LOCK, android.permission.CHANGE_WIFI_STATE, android.permission.CAMERA, android.permission.SYSTEM_ALERT_WINDOW, android.permission.RECEIVE_BOOT_COMPLETED, com.coloros.mcs.permission.RECIEVE_MCS_MESSAGE, com.google.android.gms.permission.AD_ID, android.permission.CHANGE_NETWORK_STATE, android.permission.VIBRATE, android.permission.READ_LOGS, com.google.android.c2dm.permission.RECEIVE, android.permission.ACCESS_LOCATION_EXTRA_COMMANDS, com.google.android.providers.gsf.permission.READ_GSERVICES, android.permission.CALL_PHONE, android.permission.FOREGROUND_SERVICE, android.permission.READ_PHONE_STATE, android.permission.GET_TASKS, android.permission.POST_NOTIFICATIONS, android.permission.INTERNET, com.google.android.finsky.permission.BIND_GET_INSTALL_REFERRER_SERVICE, android.permission.READ_SMS, android.permission.ACCESS_NETWORK_STATE, android.permission.ACCESS_COARSE_LOCATION, com.we.ng.credit.permission.MIPUSH_RECEIVE, com.heytap.mcs.permission.RECIEVE_MCS_MESSAGE",No,No,No,No,No,No,No,Yes,No,No,False,True,False
CashMama,com.loancloud.nigeria.cashmama,Nigeria/Delisted,"android.permission.ACCESS_WIFI_STATE, android.permission.WAKE_LOCK, android.permission.ACCESS_FINE_LOCATION, android.permission.CHANGE_WIFI_STATE, android.permission.CAMERA, android.permission.READ_CONTACTS, android.permission.SYSTEM_ALERT_WINDOW, android.permission.READ_EXTERNAL_STORAGE, com.google.android.c2dm.permission.RECEIVE, android.permission.QUERY_ALL_PACKAGES, android.permission.WRITE_EXTERNAL_STORAGE, android.permission.READ_PRIVILEGED_PHONE_STAT, android.permission.MOUNT_UNMOUNT_FILESYSTEMS, android.permission.FOREGROUND_SERVICE, android.permission.READ_PHONE_STATE, android.permission.INTERNET, android.permission.READ_SYNC_SETTINGS, com.google.android.finsky.permission.BIND_GET_INSTALL_REFERRER_SERVICE, android.permission.READ_SMS, android.permission.ACCESS_NETWORK_STATE, android.permission.ACCESS_COARSE_LOCATION",Yes,No,Yes,Yes,No,No,No,Yes,Yes,Yes,True,True,True
FINE KUDI,cn.fk.fine.kudi,Nigeria/Delisted,"android.permission.ACCESS_WIFI_STATE, android.permission.WAKE_LOCK, android.permission.CHANGE_WIFI_STATE, android.permission.CAMERA, android.permission.RECEIVE_BOOT_COMPLETED, com.google.android.gms.permission.AD_ID, android.permission.CHANGE_NETWORK_STATE, com.google.android.c2dm.permission.RECEIVE, android.permission.ACCESS_LOCATION_EXTRA_COMMANDS, com.google.android.providers.gsf.permission.READ_GSERVICES, android.permission.CALL_PHONE, android.permission.FOREGROUND_SERVICE, android.permission.READ_PHONE_STATE, android.permission.POST_NOTIFICATIONS, android.permission.INTERNET, com.google.android.finsky.permission.BIND_GET_INSTALL_REFERRER_SERVICE, android.permission.READ_SMS, android.permission.ACCESS_NETWORK_STATE, android.permission.ACCESS_COARSE_LOCATION",No,No,No,No,No,No,No,Yes,No,No,False,True,False
Personal loans onlne,com.darm.personaloans,Pakistan/Delisted,"android.permission.WAKE_LOCK, com.darm.personaloans.permission.C2D_MESSAGE, android.permission.POST_NOTIFICATIONS, android.permission.INTERNET, com.google.android.gms.permission.AD_ID, com.google.android.finsky.permission.BIND_GET_INSTALL_REFERRER_SERVICE, com.google.android.c2dm.permission.RECEIVE, android.permission.ACCESS_NETWORK_STATE, android.permission.RECEIVE_BOOT_COMPLETED, android.permission.FOREGROUND_SERVICE",No,No,No,No,No,No,No,No,No,No,False,False,False
Easy Mobile Loans,com.rapidpayapps.finepayloans,Pakistan/Delisted,"android.permission.INTERNET, android.permission.ACCESS_NETWORK_STATE",No,No,No,No,No,No,No,No,No,No,False,False,False
Fair Loans,com.fairlend.fairloans,Pakistan/Delisted,"android.permission.ACCESS_WIFI_STATE, android.permission.INTERNET, com.applovin.array.apphub.permission.BIND_APPHUB_SERVICE, com.google.android.gms.permission.AD_ID, com.fairlend.fairloans.DYNAMIC_RECEIVER_NOT_EXPORTED_PERMISSION, android.permission.ACCESS_NETWORK_STATE",No,No,No,No,No,No,No,No,No,No,False,False,False
Soulfa Loans,com.soulfaquick.soulfa,Pakistan/Delisted,"com.sec.android.provider.badge.permission.WRITE, android.permission.ACCESS_WIFI_STATE, android.permission.WAKE_LOCK, com.sonyericsson.home.permission.BROADCAST_BADGE, com.anddoes.launcher.permission.UPDATE_COUNT, com.majeur.launcher.permission.UPDATE_BADGE, me.everything.badger.permission.BADGE_COUNT_READ, android.permission.RECEIVE_BOOT_COMPLETED, com.oppo.launcher.permission.READ_SETTINGS, com.huawei.android.launcher.permission.CHANGE_BADGE, me.everything.badger.permission.BADGE_COUNT_WRITE, com.google.android.gms.permission.AD_ID, com.sonymobile.home.permission.PROVIDER_INSERT_BADGE, android.permission.READ_APP_BADGE, android.permission.VIBRATE, com.google.android.c2dm.permission.RECEIVE, com.htc.launcher.permission.UPDATE_SHORTCUT, com.sec.android.provider.badge.permission.READ, com.huawei.android.launcher.permission.READ_SETTINGS, android.permission.FOREGROUND_SERVICE, android.permission.POST_NOTIFICATIONS, android.permission.INTERNET, com.google.android.finsky.permission.BIND_GET_INSTALL_REFERRER_SERVICE, com.oppo.launcher.permission.WRITE_SETTINGS, com.soulfaquick.soulfa.permission.C2D_MESSAGE, com.huawei.android.launcher.permission.WRITE_SETTINGS, android.permission.ACCESS_NETWORK_STATE, com.htc.launcher.permission.READ_SETTINGS, android.permission.ACCESS_WIFI",No,No,No,No,No,No,No,No,No,No,False,False,False
Fibo,com.ftfarm.fibo,Pakistan/Delisted,"com.ftfarm.fibo.DYNAMIC_RECEIVER_NOT_EXPORTED_PERMISSION, android.permission.ACCESS_WIFI_STATE, android.permission.WAKE_LOCK, android.permission.ACCESS_FINE_LOCATION, android.permission.CAMERA, android.permission.READ_CONTACTS, android.permission.NFC, com.google.android.gms.permission.AD_ID, android.permission.CHANGE_NETWORK_STATE, android.permission.READ_EXTERNAL_STORAGE, android.permission.VIBRATE, android.permission.USE_FINGERPRINT, com.google.android.c2dm.permission.RECEIVE, android.permission.WRITE_EXTERNAL_STORAGE, android.permission.FLASHLIGHT, android.permission.USE_BIOMETRIC, android.permission.READ_PHONE_STATE, android.permission.RECORD_AUDIO, android.permission.POST_NOTIFICATIONS, android.permission.INTERNET, com.google.android.finsky.permission.BIND_GET_INSTALL_REFERRER_SERVICE, android.permission.ACCESS_NETWORK_STATE, android.permission.ACCESS_COARSE_LOCATION",Yes,No,Yes,Yes,No,No,No,No,No,Yes,True,True,True
Mini Cash Loan Coach App,com.fast.easy.instant.rapid.quickloan.miniloan.cash.loan.coach,Pakistan/Delisted,"com.sec.android.provider.badge.permission.WRITE, android.permission.ACCESS_WIFI_STATE, android.permission.WAKE_LOCK, com.sonyericsson.home.permission.BROADCAST_BADGE, com.anddoes.launcher.permission.UPDATE_COUNT, com.majeur.launcher.permission.UPDATE_BADGE, me.everything.badger.permission.BADGE_COUNT_READ, android.permission.RECEIVE_BOOT_COMPLETED, com.oppo.launcher.permission.READ_SETTINGS, com.huawei.android.launcher.permission.CHANGE_BADGE, me.everything.badger.permission.BADGE_COUNT_WRITE, com.google.android.gms.permission.AD_ID, com.sonymobile.home.permission.PROVIDER_INSERT_BADGE, android.permission.READ_APP_BADGE, android.permission.VIBRATE, com.google.android.c2dm.permission.RECEIVE, com.htc.launcher.permission.UPDATE_SHORTCUT, com.fast.easy.instant.rapid.quickloan.miniloan.cash.loan.coach.DYNAMIC_RECEIVER_NOT_EXPORTED_PERMISSION, com.sec.android.provider.badge.permission.READ, com.huawei.android.launcher.permission.READ_SETTINGS, android.permission.FOREGROUND_SERVICE, com.fast.easy.instant.rapid.quickloan.miniloan.cash.loan.coach.permission.C2D_MESSAGE, android.permission.POST_NOTIFICATIONS, android.permission.INTERNET, com.oppo.launcher.permission.WRITE_SETTINGS, com.huawei.android.launcher.permission.WRITE_SETTINGS, android.permission.ACCESS_NETWORK_STATE, com.htc.launcher.permission.READ_SETTINGS",No,No,No,No,No,No,No,No,No,No,False,False,False
Easy Cash,com.capitalpoint.easycashloans,Pakistan/Delisted,"android.permission.ACCESS_WIFI_STATE, android.permission.WAKE_LOCK, com.capitalpoint.easycashloans.DYNAMIC_RECEIVER_NOT_EXPORTED_PERMISSION, android.permission.INTERNET, com.applovin.array.apphub.permission.BIND_APPHUB_SERVICE, com.google.android.gms.permission.AD_ID, android.permission.ACCESS_NETWORK_STATE, android.permission.FOREGROUND_SERVICE",No,No,No,No,No,No,No,No,No,No,False,False,False
Liberty Loans,com.libertyloans.loans,Pakistan/Delisted,"android.permission.INTERNET, android.permission.ACCESS_NETWORK_STATE",No,No,No,No,No,No,No,No,No,No,False,False,False
Get Loan On PanCard,com.loan.aadhar.pan.insurance.calculator.getloanonpancard,Pakistan/Delisted,"com.sec.android.provider.badge.permission.WRITE, android.permission.ACCESS_WIFI_STATE, android.permission.WAKE_LOCK, android.permission.ACCESS_FINE_LOCATION, com.sonyericsson.home.permission.BROADCAST_BADGE, com.anddoes.launcher.permission.UPDATE_COUNT, com.majeur.launcher.permission.UPDATE_BADGE, me.everything.badger.permission.BADGE_COUNT_READ, android.permission.RECEIVE_BOOT_COMPLETED, com.oppo.launcher.permission.READ_SETTINGS, com.huawei.android.launcher.permission.CHANGE_BADGE, me.everything.badger.permission.BADGE_COUNT_WRITE, com.google.android.gms.permission.AD_ID, com.sonymobile.home.permission.PROVIDER_INSERT_BADGE, android.permission.READ_APP_BADGE, android.permission.READ_EXTERNAL_STORAGE, android.permission.VIBRATE, com.google.android.c2dm.permission.RECEIVE, com.htc.launcher.permission.UPDATE_SHORTCUT, android.permission.WRITE_EXTERNAL_STORAGE, com.loan.aadhar.pan.insurance.calculator.getloanonpancard.permission.C2D_MESSAGE, com.sec.android.provider.badge.permission.READ, com.huawei.android.launcher.permission.READ_SETTINGS, android.permission.FOREGROUND_SERVICE, android.permission.POST_NOTIFICATIONS, android.permission.INTERNET, com.google.android.finsky.permission.BIND_GET_INSTALL_REFERRER_SERVICE, com.oppo.launcher.permission.WRITE_SETTINGS, com.huawei.android.launcher.permission.WRITE_SETTINGS, android.permission.ACCESS_COARSE_LOCATION, android.permission.ACCESS_NETWORK_STATE, com.htc.launcher.permission.READ_SETTINGS",No,No,Yes,Yes,No,No,No,No,No,Yes,True,True,True
Salah Loans,com.easyloans.solutions,Pakistan/Delisted,"com.sec.android.provider.badge.permission.WRITE, android.permission.ACCESS_WIFI_STATE, android.permission.WAKE_LOCK, com.sonyericsson.home.permission.BROADCAST_BADGE, com.anddoes.launcher.permission.UPDATE_COUNT, com.easyloans.solutions.permission.C2D_MESSAGE, com.majeur.launcher.permission.UPDATE_BADGE, me.everything.badger.permission.BADGE_COUNT_READ, android.permission.RECEIVE_BOOT_COMPLETED, com.oppo.launcher.permission.READ_SETTINGS, com.huawei.android.launcher.permission.CHANGE_BADGE, me.everything.badger.permission.BADGE_COUNT_WRITE, com.google.android.gms.permission.AD_ID, com.sonymobile.home.permission.PROVIDER_INSERT_BADGE, android.permission.READ_APP_BADGE, android.permission.VIBRATE, com.google.android.c2dm.permission.RECEIVE, com.htc.launcher.permission.UPDATE_SHORTCUT, com.sec.android.provider.badge.permission.READ, com.huawei.android.launcher.permission.READ_SETTINGS, android.permission.FOREGROUND_SERVICE, android.permission.INTERNET, com.google.android.finsky.permission.BIND_GET_INSTALL_REFERRER_SERVICE, com.oppo.launcher.permission.WRITE_SETTINGS, com.huawei.android.launcher.permission.WRITE_SETTINGS, android.permission.ACCESS_NETWORK_STATE, com.htc.launcher.permission.READ_SETTINGS, android.permission.ACCESS_WIFI",No,No,No,No,No,No,No,No,No,No,False,False,False
Fori Instant Loans,com.easyloans.instantloans.foriloan,Pakistan/Delisted,"com.sec.android.provider.badge.permission.WRITE, android.permission.ACCESS_WIFI_STATE, android.permission.WAKE_LOCK, com.sonyericsson.home.permission.BROADCAST_BADGE, com.anddoes.launcher.permission.UPDATE_COUNT, com.applovin.array.apphub.permission.BIND_APPHUB_SERVICE, com.majeur.launcher.permission.UPDATE_BADGE, me.everything.badger.permission.BADGE_COUNT_READ, android.permission.RECEIVE_BOOT_COMPLETED, com.oppo.launcher.permission.READ_SETTINGS, com.huawei.android.launcher.permission.CHANGE_BADGE, me.everything.badger.permission.BADGE_COUNT_WRITE, com.google.android.gms.permission.AD_ID, com.sonymobile.home.permission.PROVIDER_INSERT_BADGE, android.permission.READ_APP_BADGE, android.permission.VIBRATE, com.google.android.c2dm.permission.RECEIVE, com.easyloans.instantloans.foriloan.permission.C2D_MESSAGE, com.htc.launcher.permission.UPDATE_SHORTCUT, com.sec.android.provider.badge.permission.READ, com.huawei.android.launcher.permission.READ_SETTINGS, android.permission.FOREGROUND_SERVICE, android.permission.POST_NOTIFICATIONS, android.permission.INTERNET, com.google.android.finsky.permission.BIND_GET_INSTALL_REFERRER_SERVICE, com.oppo.launcher.permission.WRITE_SETTINGS, com.huawei.android.launcher.permission.WRITE_SETTINGS, android.permission.ACCESS_NETWORK_STATE, com.htc.launcher.permission.READ_SETTINGS, android.permission.ACCESS_WIFI",No,No,No,No,No,No,No,No,No,No,False,False,False
LoanMarket,com.loanmarket,Pakistan/Delisted,"android.permission.WRITE_EXTERNAL_STORAGE, android.permission.ACCESS_WIFI_STATE, android.permission.ACCESS_FINE_LOCATION, android.permission.CHANGE_WIFI_STATE, android.permission.INTERNET, android.permission.CAMERA, android.permission.READ_EXTERNAL_STORAGE, android.permission.SYSTEM_ALERT_WINDOW, android.permission.READ_LOGS, android.permission.ACCESS_NETWORK_STATE, android.permission.ACCESS_COARSE_LOCATION, android.permission.READ_PHONE_STATE",No,No,Yes,Yes,No,No,No,No,No,Yes,True,True,True
5 Minute Loan Apply Online,com.loanapp.onlineloan.applyonline.calc.Bankbalancecheck,Pakistan/Delisted,"com.loanapp.onlineloan.applyonline.calc.Bankbalancecheck.DYNAMIC_RECEIVER_NOT_EXPORTED_PERMISSION, com.sec.android.provider.badge.permission.WRITE, android.permission.ACCESS_WIFI_STATE, com.sonyericsson.home.permission.BROADCAST_BADGE, android.permission.WAKE_LOCK, com.anddoes.launcher.permission.UPDATE_COUNT, android.permission.CAMERA, com.majeur.launcher.permission.UPDATE_BADGE, me.everything.badger.permission.BADGE_COUNT_READ, android.permission.RECEIVE_BOOT_COMPLETED, com.oppo.launcher.permission.READ_SETTINGS, com.huawei.android.launcher.permission.CHANGE_BADGE, me.everything.badger.permission.BADGE_COUNT_WRITE, com.google.android.gms.permission.AD_ID, com.sonymobile.home.permission.PROVIDER_INSERT_BADGE, android.permission.READ_APP_BADGE, android.permission.READ_EXTERNAL_STORAGE, android.permission.VIBRATE, com.google.android.c2dm.permission.RECEIVE, com.htc.launcher.permission.UPDATE_SHORTCUT, android.permission.Ad_ID, android.permission.WRITE_EXTERNAL_STORAGE, com.sec.android.provider.badge.permission.READ, com.huawei.android.launcher.permission.READ_SETTINGS, android.permission.FOREGROUND_SERVICE, android.permission.READ_PHONE_STATE, android.permission.POST_NOTIFICATIONS, android.permission.INTERNET, com.loanapp.onlineloan.applyonline.calc.Bankbalancecheck.permission.C2D_MESSAGE, com.oppo.launcher.permission.WRITE_SETTINGS, com.huawei.android.launcher.permission.WRITE_SETTINGS, android.permission.ACCESS_NETWORK_STATE, com.htc.launcher.permission.READ_SETTINGS",No,No,Yes,Yes,No,No,No,No,No,No,True,True,True
Mini Credit,com.ptechmini.instantcredit,Pakistan/Delisted,"android.permission.WAKE_LOCK, com.sec.android.provider.badge.permission.WRITE, android.permission.ACCESS_WIFI_STATE, com.sonyericsson.home.permission.BROADCAST_BADGE, com.ptechmini.instantcredit.permission.C2D_MESSAGE, com.anddoes.launcher.permission.UPDATE_COUNT, com.majeur.launcher.permission.UPDATE_BADGE, me.everything.badger.permission.BADGE_COUNT_READ, android.permission.RECEIVE_BOOT_COMPLETED, com.oppo.launcher.permission.READ_SETTINGS, com.huawei.android.launcher.permission.CHANGE_BADGE, me.everything.badger.permission.BADGE_COUNT_WRITE, com.google.android.gms.permission.AD_ID, com.sonymobile.home.permission.PROVIDER_INSERT_BADGE, android.permission.READ_APP_BADGE, android.permission.VIBRATE, com.google.android.c2dm.permission.RECEIVE, com.htc.launcher.permission.UPDATE_SHORTCUT, com.sec.android.provider.badge.permission.READ, com.huawei.android.launcher.permission.READ_SETTINGS, android.permission.FOREGROUND_SERVICE, android.permission.POST_NOTIFICATIONS, android.permission.INTERNET, com.google.android.finsky.permission.BIND_GET_INSTALL_REFERRER_SERVICE, com.oppo.launcher.permission.WRITE_SETTINGS, com.huawei.android.launcher.permission.WRITE_SETTINGS, android.permission.ACCESS_NETWORK_STATE, com.htc.launcher.permission.READ_SETTINGS, android.permission.ACCESS_WIFI",No,No,No,No,No,No,No,No,No,No,False,False,False
W Cash Loan,com.geeklabdevelopers.wcashloan,Pakistan/Delisted,"android.permission.ACCESS_WIFI_STATE, android.permission.WAKE_LOCK, android.permission.INTERNET, android.permission.ACCESS_NETWORK_STATE, com.google.android.c2dm.permission.RECEIVE, android.permission.ACCESS_COARSE_LOCATION, android.permission.RECEIVE_BOOT_COMPLETED",No,No,No,No,No,No,No,No,No,No,False,False,False
2023 Loans,com.twentythreeloans,Pakistan/Delisted,"android.permission.ACCESS_WIFI_STATE, android.permission.WAKE_LOCK, com.sec.android.provider.badge.permission.WRITE, com.sonyericsson.home.permission.BROADCAST_BADGE, com.anddoes.launcher.permission.UPDATE_COUNT, com.applovin.array.apphub.permission.BIND_APPHUB_SERVICE, android.permission.BROADCAST_CLOSE_SYSTEM_DIALOGS, com.majeur.launcher.permission.UPDATE_BADGE, me.everything.badger.permission.BADGE_COUNT_READ, android.permission.RECEIVE_BOOT_COMPLETED, com.oppo.launcher.permission.READ_SETTINGS, com.huawei.android.launcher.permission.CHANGE_BADGE, me.everything.badger.permission.BADGE_COUNT_WRITE, com.google.android.gms.permission.AD_ID, android.permission.USE_FULL_SCREEN_INTENT, com.sonymobile.home.permission.PROVIDER_INSERT_BADGE, android.permission.READ_APP_BADGE, android.permission.VIBRATE, com.htc.launcher.permission.UPDATE_SHORTCUT, android.permission.SCHEDULE_EXACT_ALARM, com.sec.android.provider.badge.permission.READ, com.huawei.android.launcher.permission.READ_SETTINGS, android.permission.FOREGROUND_SERVICE, android.permission.POST_NOTIFICATIONS, android.permission.INTERNET, com.google.android.finsky.permission.BIND_GET_INSTALL_REFERRER_SERVICE, com.oppo.launcher.permission.WRITE_SETTINGS, com.huawei.android.launcher.permission.WRITE_SETTINGS, android.permission.ACCESS_NETWORK_STATE, com.htc.launcher.permission.READ_SETTINGS",No,No,No,No,No,No,No,No,No,No,False,False,False
Hela Credit Loans,com.helacreditloans,Pakistan/Delisted,"android.permission.ACCESS_WIFI_STATE, android.permission.WAKE_LOCK, com.sec.android.provider.badge.permission.WRITE, com.sonyericsson.home.permission.BROADCAST_BADGE, com.anddoes.launcher.permission.UPDATE_COUNT, com.applovin.array.apphub.permission.BIND_APPHUB_SERVICE, android.permission.BROADCAST_CLOSE_SYSTEM_DIALOGS, com.majeur.launcher.permission.UPDATE_BADGE, me.everything.badger.permission.BADGE_COUNT_READ, android.permission.RECEIVE_BOOT_COMPLETED, com.oppo.launcher.permission.READ_SETTINGS, com.huawei.android.launcher.permission.CHANGE_BADGE, me.everything.badger.permission.BADGE_COUNT_WRITE, com.google.android.gms.permission.AD_ID, android.permission.USE_FULL_SCREEN_INTENT, com.sonymobile.home.permission.PROVIDER_INSERT_BADGE, android.permission.READ_APP_BADGE, android.permission.VIBRATE, com.htc.launcher.permission.UPDATE_SHORTCUT, android.permission.SCHEDULE_EXACT_ALARM, com.sec.android.provider.badge.permission.READ, com.huawei.android.launcher.permission.READ_SETTINGS, android.permission.FOREGROUND_SERVICE, android.permission.POST_NOTIFICATIONS, android.permission.INTERNET, com.google.android.finsky.permission.BIND_GET_INSTALL_REFERRER_SERVICE, com.oppo.launcher.permission.WRITE_SETTINGS, com.huawei.android.launcher.permission.WRITE_SETTINGS, android.permission.ACCESS_NETWORK_STATE, com.htc.launcher.permission.READ_SETTINGS",No,No,No,No,No,No,No,No,No,No,False,False,False
Little Cash,com.optipay.littlecash,Pakistan/Delisted,"android.permission.ACCESS_WIFI_STATE, android.permission.INTERNET, com.google.android.gms.permission.AD_ID, android.permission.VIBRATE, android.permission.ACCESS_NETWORK_STATE, com.optipay.littlecash.DYNAMIC_RECEIVER_NOT_EXPORTED_PERMISSION",No,No,No,No,No,No,No,No,No,No,False,False,False
Get Easy Paisa Loan App,com.paisaloanguide.loanguidepaisatips,Pakistan/Delisted,"com.sec.android.provider.badge.permission.WRITE, android.permission.ACCESS_WIFI_STATE, android.permission.WAKE_LOCK, com.sonyericsson.home.permission.BROADCAST_BADGE, com.anddoes.launcher.permission.UPDATE_COUNT, com.majeur.launcher.permission.UPDATE_BADGE, me.everything.badger.permission.BADGE_COUNT_READ, android.permission.RECEIVE_BOOT_COMPLETED, com.oppo.launcher.permission.READ_SETTINGS, com.huawei.android.launcher.permission.CHANGE_BADGE, me.everything.badger.permission.BADGE_COUNT_WRITE, com.google.android.gms.permission.AD_ID, com.sonymobile.home.permission.PROVIDER_INSERT_BADGE, android.permission.READ_APP_BADGE, android.permission.READ_EXTERNAL_STORAGE, android.permission.VIBRATE, com.google.android.c2dm.permission.RECEIVE, com.htc.launcher.permission.UPDATE_SHORTCUT, android.permission.WRITE_EXTERNAL_STORAGE, com.sec.android.provider.badge.permission.READ, com.huawei.android.launcher.permission.READ_SETTINGS, android.permission.FOREGROUND_SERVICE, com.paisaloanguide.loanguidepaisatips.permission.C2D_MESSAGE, android.permission.POST_NOTIFICATIONS, android.permission.INTERNET, com.google.android.finsky.permission.BIND_GET_INSTALL_REFERRER_SERVICE, com.oppo.launcher.permission.WRITE_SETTINGS, com.huawei.android.launcher.permission.WRITE_SETTINGS, android.permission.ACCESS_NETWORK_STATE, com.htc.launcher.permission.READ_SETTINGS",No,No,Yes,Yes,No,No,No,No,No,No,True,True,True
Fast Manee Loan Guide,com.simpleloan.instant.suparkash,Pakistan/Delisted,"android.permission.WRITE_EXTERNAL_STORAGE, android.permission.WAKE_LOCK, android.permission.INTERNET, android.permission.CAMERA, com.google.android.gms.permission.AD_ID, com.google.android.finsky.permission.BIND_GET_INSTALL_REFERRER_SERVICE, android.permission.READ_EXTERNAL_STORAGE, android.permission.ACCESS_NETWORK_STATE, android.permission.RECEIVE_BOOT_COMPLETED, android.permission.FOREGROUND_SERVICE, android.permission.READ_PHONE_STATE",No,No,Yes,Yes,No,No,No,No,No,No,True,True,True
SingleClick Pe Loan,com.singleclick.loanpe.trading.colourloan.b2l,Pakistan/Delisted,"android.permission.WRITE_EXTERNAL_STORAGE, android.permission.ACCESS_WIFI_STATE, android.permission.WAKE_LOCK, android.permission.ACCESS_FINE_LOCATION, android.permission.CHANGE_WIFI_STATE, android.permission.INTERNET, android.permission.CAMERA, com.google.android.gms.permission.AD_ID, android.permission.READ_CONTACTS, android.permission.VIBRATE, android.permission.READ_EXTERNAL_STORAGE, com.google.android.finsky.permission.BIND_GET_INSTALL_REFERRER_SERVICE, android.permission.ACCESS_NETWORK_STATE, android.permission.ACCESS_COARSE_LOCATION, com.google.android.c2dm.permission.RECEIVE, android.permission.RECEIVE_BOOT_COMPLETED, android.permission.FOREGROUND_SERVICE",Yes,No,Yes,Yes,No,No,No,No,No,Yes,True,True,True
Instant Cash Loan,com.getinstantloan.creditloan.cashloan,Pakistan/Delisted,"android.permission.WRITE_EXTERNAL_STORAGE, android.permission.ACCESS_WIFI_STATE, android.permission.WAKE_LOCK, com.getinstantloan.creditloan.cashloan.DYNAMIC_RECEIVER_NOT_EXPORTED_PERMISSION, android.permission.CHANGE_WIFI_STATE, android.permission.INTERNET, android.permission.CAMERA, com.google.android.gms.permission.AD_ID, com.google.android.finsky.permission.BIND_GET_INSTALL_REFERRER_SERVICE, android.permission.READ_EXTERNAL_STORAGE, com.google.android.providers.gsf.permission.READ_GSERVICES, android.permission.ACCESS_NETWORK_STATE, com.google.android.c2dm.permission.RECEIVE, android.permission.FOREGROUND_SERVICE",No,No,Yes,Yes,No,No,No,No,No,No,True,True,True
ReadyLoans,com.fairercredit.readyloans,Pakistan/Delisted,"android.permission.ACCESS_NETWORK_STATE, android.permission.INTERNET, com.google.android.gms.permission.AD_ID, android.permission.ACCESS_WIFI_STATE",No,No,No,No,No,No,No,No,No,No,False,False,False
Cash Dana,com.jalurlaba.app,Pakistan/Delisted,"android.permission.WRITE_EXTERNAL_STORAGE, android.permission.ACCESS_WIFI_STATE, android.permission.WAKE_LOCK, android.permission.INTERNET, com.google.android.finsky.permission.BIND_GET_INSTALL_REFERRER_SERVICE, android.permission.USE_FINGERPRINT, android.permission.ACCESS_NETWORK_STATE, com.google.android.c2dm.permission.RECEIVE, android.permission.REQUEST_INSTALL_PACKAGES, android.permission.READ_PHONE_STATE",No,No,No,Yes,No,No,No,No,No,No,True,True,False
Swift Loans,com.swifts.mobile.loans,Pakistan/Delisted,"com.sec.android.provider.badge.permission.WRITE, android.permission.ACCESS_WIFI_STATE, android.permission.WAKE_LOCK, com.sonyericsson.home.permission.BROADCAST_BADGE, com.swifts.mobile.loans.permission.C2D_MESSAGE, com.anddoes.launcher.permission.UPDATE_COUNT, com.majeur.launcher.permission.UPDATE_BADGE, me.everything.badger.permission.BADGE_COUNT_READ, android.permission.RECEIVE_BOOT_COMPLETED, com.oppo.launcher.permission.READ_SETTINGS, com.huawei.android.launcher.permission.CHANGE_BADGE, me.everything.badger.permission.BADGE_COUNT_WRITE, android.permission.BLUETOOTH, com.sonymobile.home.permission.PROVIDER_INSERT_BADGE, android.permission.READ_APP_BADGE, android.permission.VIBRATE, com.google.android.c2dm.permission.RECEIVE, com.htc.launcher.permission.UPDATE_SHORTCUT, com.sec.android.provider.badge.permission.READ, com.huawei.android.launcher.permission.READ_SETTINGS, android.permission.INTERNET, com.google.android.finsky.permission.BIND_GET_INSTALL_REFERRER_SERVICE, com.oppo.launcher.permission.WRITE_SETTINGS, com.huawei.android.launcher.permission.WRITE_SETTINGS, android.permission.ACCESS_NETWORK_STATE, com.htc.launcher.permission.READ_SETTINGS",No,No,No,No,No,No,No,No,No,No,False,False,False
Credit Cash - Mobile Cash Loan,com.financeapp.credicash.easycashloan,Pakistan/Delisted,"android.permission.ACCESS_WIFI_STATE, android.permission.WAKE_LOCK, android.permission.INTERNET, com.google.android.gms.permission.AD_ID, com.google.android.finsky.permission.BIND_GET_INSTALL_REFERRER_SERVICE, android.permission.ACCESS_NETWORK_STATE, android.permission.FOREGROUND_SERVICE",No,No,No,No,No,No,No,No,No,No,False,False,False
Superb Loans,com.superb.loans.borrownow,Pakistan/Delisted,"com.sec.android.provider.badge.permission.WRITE, android.permission.ACCESS_WIFI_STATE, android.permission.WAKE_LOCK, com.sonyericsson.home.permission.BROADCAST_BADGE, com.anddoes.launcher.permission.UPDATE_COUNT, com.applovin.array.apphub.permission.BIND_APPHUB_SERVICE, com.majeur.launcher.permission.UPDATE_BADGE, me.everything.badger.permission.BADGE_COUNT_READ, android.permission.RECEIVE_BOOT_COMPLETED, com.oppo.launcher.permission.READ_SETTINGS, com.huawei.android.launcher.permission.CHANGE_BADGE, me.everything.badger.permission.BADGE_COUNT_WRITE, com.google.android.gms.permission.AD_ID, com.sonymobile.home.permission.PROVIDER_INSERT_BADGE, android.permission.READ_APP_BADGE, android.permission.VIBRATE, com.google.android.c2dm.permission.RECEIVE, com.htc.launcher.permission.UPDATE_SHORTCUT, com.superb.loans.borrownow.permission.C2D_MESSAGE, com.sec.android.provider.badge.permission.READ, com.huawei.android.launcher.permission.READ_SETTINGS, android.permission.FOREGROUND_SERVICE, android.permission.POST_NOTIFICATIONS, android.permission.INTERNET, com.google.android.finsky.permission.BIND_GET_INSTALL_REFERRER_SERVICE, com.oppo.launcher.permission.WRITE_SETTINGS, com.huawei.android.launcher.permission.WRITE_SETTINGS, android.permission.ACCESS_NETWORK_STATE, com.htc.launcher.permission.READ_SETTINGS, android.permission.ACCESS_WIFI",No,No,No,No,No,No,No,No,No,No,False,False,False
Plati Loans,com.plati.feb.loans,Pakistan/Delisted,"com.sec.android.provider.badge.permission.WRITE, android.permission.WAKE_LOCK, com.sonyericsson.home.permission.BROADCAST_BADGE, com.anddoes.launcher.permission.UPDATE_COUNT, com.majeur.launcher.permission.UPDATE_BADGE, me.everything.badger.permission.BADGE_COUNT_READ, android.permission.RECEIVE_BOOT_COMPLETED, com.oppo.launcher.permission.READ_SETTINGS, com.huawei.android.launcher.permission.CHANGE_BADGE, com.plati.feb.loans.permission.C2D_MESSAGE, me.everything.badger.permission.BADGE_COUNT_WRITE, com.sonymobile.home.permission.PROVIDER_INSERT_BADGE, android.permission.READ_APP_BADGE, android.permission.VIBRATE, com.google.android.c2dm.permission.RECEIVE, com.htc.launcher.permission.UPDATE_SHORTCUT, com.sec.android.provider.badge.permission.READ, com.huawei.android.launcher.permission.READ_SETTINGS, android.permission.INTERNET, com.google.android.finsky.permission.BIND_GET_INSTALL_REFERRER_SERVICE, com.oppo.launcher.permission.WRITE_SETTINGS, com.huawei.android.launcher.permission.WRITE_SETTINGS, android.permission.ACCESS_NETWORK_STATE, com.htc.launcher.permission.READ_SETTINGS",No,No,No,No,No,No,No,No,No,No,False,False,False
CreditBook,com.creditbookpk.creditbook,Pakistan/Approved,"android.permission.WRITE_EXTERNAL_STORAGE, android.permission.ACCESS_WIFI_STATE, android.permission.WAKE_LOCK, android.permission.INTERNET, android.permission.CAMERA, android.permission.READ_CONTACTS, com.google.android.finsky.permission.BIND_GET_INSTALL_REFERRER_SERVICE, android.permission.READ_EXTERNAL_STORAGE, android.permission.READ_PROFILE, android.permission.ACCESS_NETWORK_STATE, com.google.android.c2dm.permission.RECEIVE",Yes,No,Yes,Yes,No,No,No,No,No,No,True,True,True
Qist Bazaar,com.app.qistbazaar4,Pakistan/Approved,"com.sec.android.provider.badge.permission.WRITE, android.permission.WAKE_LOCK, android.permission.ACCESS_FINE_LOCATION, com.sonyericsson.home.permission.BROADCAST_BADGE, android.permission.VIDEO_CAPTURE, android.permission.CAMERA, com.anddoes.launcher.permission.UPDATE_COUNT, com.majeur.launcher.permission.UPDATE_BADGE, me.everything.badger.permission.BADGE_COUNT_READ, android.permission.RECEIVE_BOOT_COMPLETED, com.oppo.launcher.permission.READ_SETTINGS, com.huawei.android.launcher.permission.CHANGE_BADGE, com.android.vending.BILLING, me.everything.badger.permission.BADGE_COUNT_WRITE, com.sonymobile.home.permission.PROVIDER_INSERT_BADGE, android.permission.READ_APP_BADGE, android.permission.READ_EXTERNAL_STORAGE, android.permission.VIBRATE, com.google.android.c2dm.permission.RECEIVE, com.htc.launcher.permission.UPDATE_SHORTCUT, android.permission.AUDIO_CAPTURE, android.permission.WRITE_EXTERNAL_STORAGE, com.sec.android.provider.badge.permission.READ, com.huawei.android.launcher.permission.READ_SETTINGS, android.permission.RECORD_AUDIO, android.permission.MODIFY_AUDIO_SETTINGS, android.permission.INTERNET, com.google.android.finsky.permission.BIND_GET_INSTALL_REFERRER_SERVICE, com.oppo.launcher.permission.WRITE_SETTINGS, com.huawei.android.launcher.permission.WRITE_SETTINGS, android.permission.ACCESS_NETWORK_STATE, com.htc.launcher.permission.READ_SETTINGS, com.app.qistbazaar4.permission.C2D_MESSAGE",No,No,Yes,Yes,No,No,No,No,No,Yes,True,True,True
Taleem,com.m7.taleem,Pakistan/Approved,"android.permission.WRITE_EXTERNAL_STORAGE, android.permission.ACCESS_ASSISTED_GPS, android.permission.ACCESS_WIFI_STATE, android.permission.WAKE_LOCK, android.permission.ACCESS_FINE_LOCATION, android.permission.INTERNET, android.permission.CAMERA, com.google.android.gms.permission.AD_ID, com.google.android.finsky.permission.BIND_GET_INSTALL_REFERRER_SERVICE, android.permission.READ_EXTERNAL_STORAGE, android.permission.ACCESS_NETWORK_STATE, com.google.android.c2dm.permission.RECEIVE, android.permission.CALL_PHONE, android.permission.ACCESS_LOCATION, android.permission.FOREGROUND_SERVICE, android.permission.ACCESS_GPS",No,No,Yes,Yes,No,No,No,No,No,Yes,True,True,True
MoneyTap,com.mycash.moneytap.app,Pakistan/Approved,"android.permission.ACCESS_WIFI_STATE, android.permission.WAKE_LOCK, android.permission.CHANGE_WIFI_STATE, android.permission.CAMERA, android.permission.RECEIVE_BOOT_COMPLETED, android.permission.SEND_SMS, com.google.android.gms.permission.AD_ID, android.permission.VIBRATE, android.permission.USE_FINGERPRINT, com.google.android.c2dm.permission.RECEIVE, com.mycash.moneytap.app.DYNAMIC_RECEIVER_NOT_EXPORTED_PERMISSION, android.permission.WRITE_EXTERNAL_STORAGE, android.permission.USE_BIOMETRIC, android.permission.FOREGROUND_SERVICE, android.permission.RECEIVE_SMS, android.permission.READ_PHONE_STATE, android.permission.RECORD_AUDIO, android.permission.GET_TASKS, android.permission.READ_PRIVILEGED_PHONE_STATE, android.permission.POST_NOTIFICATIONS, android.permission.INTERNET, com.mycash.moneytap.app.permission.MIPUSH_RECEIVE, com.google.android.finsky.permission.BIND_GET_INSTALL_REFERRER_SERVICE, android.permission.READ_SMS, android.permission.ACCESS_COARSE_LOCATION, android.permission.ACCESS_NETWORK_STATE",No,No,No,Yes,No,No,No,Yes,No,No,True,True,True
Edufi,com.edufi.parent,Pakistan/Approved,"android.permission.WRITE_EXTERNAL_STORAGE, android.permission.WAKE_LOCK, android.permission.ACCESS_WIFI_STATE, android.permission.ACCESS_FINE_LOCATION, android.permission.POST_NOTIFICATIONS, android.permission.INTERNET, android.permission.CHANGE_WIFI_STATE, android.permission.VIBRATE, android.permission.CHANGE_NETWORK_STATE, android.permission.ACCESS_NETWORK_STATE, com.google.android.c2dm.permission.RECEIVE, android.permission.RECEIVE_BOOT_COMPLETED",No,No,No,Yes,No,No,No,No,No,Yes,True,True,False
Zood,com.zoodel.kz,Pakistan/Approved,"android.permission.READ_MEDIA_VIDEO, android.permission.ACCESS_WIFI_STATE, android.permission.WAKE_LOCK, android.permission.ACCESS_FINE_LOCATION, android.permission.CHANGE_WIFI_STATE, android.permission.CAMERA, android.permission.SYSTEM_ALERT_WINDOW, android.permission.RECEIVE_BOOT_COMPLETED, android.permission.READ_MEDIA_IMAGES, com.google.android.gms.permission.AD_ID, android.permission.READ_EXTERNAL_STORAGE, android.permission.VIBRATE, android.permission.CHANGE_NETWORK_STATE, android.permission.USE_FINGERPRINT, com.google.android.c2dm.permission.RECEIVE, com.zoodel.kz.DYNAMIC_RECEIVER_NOT_EXPORTED_PERMISSION, android.permission.WRITE_EXTERNAL_STORAGE, android.permission.USE_BIOMETRIC, android.permission.CALL_PHONE, android.permission.FOREGROUND_SERVICE, android.permission.POST_NOTIFICATIONS, android.permission.INTERNET, com.google.android.finsky.permission.BIND_GET_INSTALL_REFERRER_SERVICE, android.permission.ACCESS_NETWORK_STATE, android.permission.ACCESS_COARSE_LOCATION",No,No,Yes,Yes,No,Yes,Yes,No,No,Yes,True,True,True
JazzCash,com.techlogix.mobilinkcustomer,Pakistan/Approved,"android.permission.WAKE_LOCK, android.permission.ACCESS_WIFI_STATE, android.permission.ACCESS_FINE_LOCATION, android.permission.CHANGE_WIFI_STATE, android.permission.CAMERA, android.permission.READ_CONTACTS, android.permission.NFC, android.permission.RECEIVE_BOOT_COMPLETED, android.permission.READ_MEDIA_IMAGES, com.google.android.gms.permission.AD_ID, android.permission.BLUETOOTH, android.permission.READ_EXTERNAL_STORAGE, android.permission.VIBRATE, android.permission.USE_FINGERPRINT, com.google.android.c2dm.permission.RECEIVE, android.permission.QUERY_ALL_PACKAGES, android.permission.WRITE_EXTERNAL_STORAGE, android.permission.USE_BIOMETRIC, com.samsung.android.providers.context.permission.WRITE_USE_APP_FEATURE_SURVEY, com.techlogix.mobilinkcustomer.DYNAMIC_RECEIVER_NOT_EXPORTED_PERMISSION, android.permission.FOREGROUND_SERVICE, com.techlogix.mobilinkcustomer.permission.PUSH_PROVIDER, com.techlogix.mobilinkcustomer.permission.PROCESS_PUSH_MSG, android.permission.POST_NOTIFICATIONS, android.permission.INTERNET, com.google.android.finsky.permission.BIND_GET_INSTALL_REFERRER_SERVICE, com.example.manyexampleapp.c2dm.permission.RECEIVE, android.permission.ACCESS_NETWORK_STATE, android.permission.ACCESS_COARSE_LOCATION",Yes,No,Yes,Yes,No,Yes,No,No,Yes,Yes,True,True,True
Paisayaar,com.personale.credit.carry.cash.loan.paisaya,Pakistan/Approved,"android.permission.WRITE_CALENDAR, android.permission.PACKAGE_USAGE_STATS, android.permission.ACCESS_WIFI_STATE, android.permission.WAKE_LOCK, android.permission.READ_PRIVILEGED_PHONE_STATE, android.permission.READ_CALENDAR, android.permission.POST_NOTIFICATIONS, android.permission.INTERNET, android.permission.CAMERA, com.google.android.gms.permission.AD_ID, com.google.android.finsky.permission.BIND_GET_INSTALL_REFERRER_SERVICE, android.permission.ACCESS_NETWORK_STATE, android.permission.ACCESS_COARSE_LOCATION, com.google.android.c2dm.permission.RECEIVE, android.permission.FOREGROUND_SERVICE",No,No,No,No,No,No,No,No,No,No,False,False,False
Abhi finance,com.abhifinance,Pakistan/Approved,"android.permission.ACCESS_WIFI_STATE, android.permission.WAKE_LOCK, android.permission.ACCESS_ADSERVICES_ATTRIBUTION, android.permission.RECEIVE_BOOT_COMPLETED, android.permission.ACCESS_ADSERVICES_AD_ID, com.google.android.gms.permission.AD_ID, com.abhifinance.DYNAMIC_RECEIVER_NOT_EXPORTED_PERMISSION, android.permission.READ_EXTERNAL_STORAGE, android.permission.USE_FINGERPRINT, com.google.android.c2dm.permission.RECEIVE, android.permission.WRITE_EXTERNAL_STORAGE, com.android.vending.CHECK_LICENSE, android.permission.USE_BIOMETRIC, android.permission.FOREGROUND_SERVICE, android.permission.RECORD_AUDIO, android.permission.POST_NOTIFICATIONS, android.permission.INTERNET, com.google.android.finsky.permission.BIND_GET_INSTALL_REFERRER_SERVICE, android.permission.ACCESS_NETWORK_STATE",No,No,Yes,Yes,No,No,No,No,No,No,True,True,True
Muawin,com.raqqam.monamitech,Pakistan/Approved,"android.permission.ACCESS_WIFI_STATE, android.permission.WAKE_LOCK, android.permission.ACCESS_FINE_LOCATION, android.permission.CAMERA, android.permission.READ_CONTACTS, android.permission.SYSTEM_ALERT_WINDOW, android.permission.RECEIVE_BOOT_COMPLETED, android.permission.BLUETOOTH, android.permission.READ_EXTERNAL_STORAGE, android.permission.VIBRATE, com.google.android.c2dm.permission.RECEIVE, android.permission.REQUEST_WRITE_PERMISSION, android.permission.WRITE_EXTERNAL_STORAGE, com.google.android.providers.gsf.permission.READ_GSERVICES, android.permission.CALL_PHONE, android.permission.GET_ACCOUNTS, android.permission.FOREGROUND_SERVICE, android.permission.READ_PHONE_STATE, android.permission.READ_CALENDAR, android.permission.INTERNET, com.google.android.finsky.permission.BIND_GET_INSTALL_REFERRER_SERVICE, android.permission.READ_SMS, android.permission.ACCESS_NETWORK_STATE, android.permission.ACCESS_COARSE_LOCATION",Yes,No,Yes,Yes,No,No,No,Yes,No,Yes,True,True,True
SmartQarza App APK For Android Latest Version,com.admin.smartqarzaappapkforandroidlatestversion,Pakistan/Approved,"android.permission.POST_NOTIFICATIONS, android.permission.INTERNET, android.permission.ACCESS_NETWORK_STATE, com.admin.smartqarzaappapkforandroidlatestversion.DYNAMIC_RECEIVER_NOT_EXPORTED_PERMISSION",No,No,No,No,No,No,No,No,No,No,False,False,False
Rupiah Cepat,com.loan.cash.credit.easy.kilat.cepat.pinjam.uang.dana.rupiah,Indonesia/Approved,"com.huawei.appmarket.service.commondata.permission.GET_COMMON_DATA, android.permission.ACCESS_ADSERVICES_ATTRIBUTION, android.permission.ACCESS_WIFI_STATE, android.permission.WAKE_LOCK, android.permission.CHANGE_WIFI_STATE, android.permission.INTERNET, android.permission.POST_NOTIFICATIONS, com.google.android.gms.permission.AD_ID, android.permission.FLASHLIGHT, android.permission.CAMERA, com.google.android.finsky.permission.BIND_GET_INSTALL_REFERRER_SERVICE, android.permission.ACCESS_NETWORK_STATE, android.permission.ACCESS_COARSE_LOCATION, com.google.android.c2dm.permission.RECEIVE, android.permission.RECEIVE_BOOT_COMPLETED, android.permission.FOREGROUND_SERVICE",No,No,No,No,No,No,No,No,No,No,False,False,False
Danamerdeka,com.danamerdeka.android,Indonesia/Approved,"android.permission.INTERNET, android.permission.SYSTEM_ALERT_WINDOW, android.permission.CAMERA",No,No,No,No,No,No,No,No,No,No,False,False,False
Pinja Modal,com.pinjammodal,Indonesia/Approved,"android.permission.ACCESS_WIFI_STATE, android.permission.WAKE_LOCK, com.sec.android.provider.badge.permission.WRITE, android.permission.ACCESS_FINE_LOCATION, com.sonyericsson.home.permission.BROADCAST_BADGE, com.anddoes.launcher.permission.UPDATE_COUNT, android.permission.CAMERA, com.majeur.launcher.permission.UPDATE_BADGE, me.everything.badger.permission.BADGE_COUNT_READ, android.permission.RECEIVE_BOOT_COMPLETED, com.oppo.launcher.permission.READ_SETTINGS, com.huawei.android.launcher.permission.CHANGE_BADGE, me.everything.badger.permission.BADGE_COUNT_WRITE, com.google.android.gms.permission.AD_ID, com.sonymobile.home.permission.PROVIDER_INSERT_BADGE, android.permission.READ_APP_BADGE, android.permission.VIBRATE, com.google.android.c2dm.permission.RECEIVE, com.htc.launcher.permission.UPDATE_SHORTCUT, com.sec.android.provider.badge.permission.READ, com.huawei.android.launcher.permission.READ_SETTINGS, android.permission.POST_NOTIFICATIONS, android.permission.INTERNET, com.google.android.finsky.permission.BIND_GET_INSTALL_REFERRER_SERVICE, com.oppo.launcher.permission.WRITE_SETTINGS, com.huawei.android.launcher.permission.WRITE_SETTINGS, android.permission.ACCESS_COARSE_LOCATION, android.permission.ACCESS_NETWORK_STATE, com.htc.launcher.permission.READ_SETTINGS",No,No,No,No,No,No,No,No,No,Yes,True,True,False
DanaBagus,mobile.danabagus.android,Indonesia/Approved,"android.permission.ACCESS_WIFI_STATE, android.permission.WAKE_LOCK, android.permission.ACCESS_FINE_LOCATION, android.permission.POST_NOTIFICATIONS, android.permission.INTERNET, android.permission.CAMERA, com.google.android.gms.permission.AD_ID, com.google.android.finsky.permission.BIND_GET_INSTALL_REFERRER_SERVICE, android.permission.ACCESS_NETWORK_STATE, android.permission.ACCESS_COARSE_LOCATION, com.google.android.c2dm.permission.RECEIVE, android.permission.FOREGROUND_SERVICE",No,No,No,No,No,No,No,No,No,Yes,True,True,False
@7F11002C,com.silvrr.finance,Indonesia/Approved,"android.permission.RECORD_AUDIO, android.permission.ACCESS_WIFI_STATE, android.permission.REORDER_TASKS, android.permission.CHANGE_WIFI_STATE, android.permission.INTERNET, android.permission.CAMERA, com.google.android.gms.permission.AD_ID, android.permission.BLUETOOTH, android.permission.POST_NOTIFICATIONS, com.google.android.finsky.permission.BIND_GET_INSTALL_REFERRER_SERVICE, android.permission.USE_BIOMETRIC, android.permission.USE_FINGERPRINT, android.permission.ACCESS_NETWORK_STATE, android.permission.ACCESS_COARSE_LOCATION, com.google.android.c2dm.permission.RECEIVE, android.permission.BLUETOOTH_ADMIN, android.permission.FOREGROUND_SERVICE",No,No,No,No,No,No,No,No,No,No,False,False,False
Cashcepat,com.ecreditpal.cashloan.indo,Indonesia/Approved,"com.sec.android.provider.badge.permission.WRITE, android.permission.ACCESS_WIFI_STATE, android.permission.WAKE_LOCK, com.sonyericsson.home.permission.BROADCAST_BADGE, android.permission.CHANGE_WIFI_STATE, com.anddoes.launcher.permission.UPDATE_COUNT, android.permission.CAMERA, com.majeur.launcher.permission.UPDATE_BADGE, me.everything.badger.permission.BADGE_COUNT_READ, android.permission.RECEIVE_BOOT_COMPLETED, com.oppo.launcher.permission.READ_SETTINGS, com.huawei.android.launcher.permission.CHANGE_BADGE, me.everything.badger.permission.BADGE_COUNT_WRITE, com.google.android.gms.permission.AD_ID, com.sonymobile.home.permission.PROVIDER_INSERT_BADGE, android.permission.READ_APP_BADGE, android.permission.VIBRATE, android.permission.CHANGE_NETWORK_STATE, com.google.android.c2dm.permission.RECEIVE, com.htc.launcher.permission.UPDATE_SHORTCUT, android.permission.ACCESS_LOCATION_EXTRA_COMMANDS, com.sec.android.provider.badge.permission.READ, com.huawei.android.launcher.permission.READ_SETTINGS, android.permission.FOREGROUND_SERVICE, android.permission.POST_NOTIFICATIONS, android.permission.INTERNET, com.google.android.finsky.permission.BIND_GET_INSTALL_REFERRER_SERVICE, com.oppo.launcher.permission.WRITE_SETTINGS, com.huawei.android.launcher.permission.WRITE_SETTINGS, android.permission.ACCESS_NETWORK_STATE, android.permission.ACCESS_COARSE_LOCATION, com.ecreditpal.cashloan.indo.permission.C2D_MESSAGE, com.htc.launcher.permission.READ_SETTINGS",No,No,No,No,No,No,No,No,No,No,False,False,False
AdaKami,com.adakami.dana.kredit.pinjaman,Indonesia/Approved,"android.permission.RECORD_AUDIO, android.permission.ACCESS_WIFI_STATE, android.permission.WAKE_LOCK, android.permission.POST_NOTIFICATIONS, android.permission.INTERNET, android.permission.CAMERA, com.google.android.gms.permission.AD_ID, android.permission.FLASHLIGHT, android.permission.DETECT_SCREEN_CAPTURE, com.google.android.finsky.permission.BIND_GET_INSTALL_REFERRER_SERVICE, android.permission.CHANGE_NETWORK_STATE, android.permission.VIBRATE, android.permission.ACCESS_COARSE_LOCATION, android.permission.ACCESS_NETWORK_STATE, com.google.android.c2dm.permission.RECEIVE, android.permission.PREVENT_POWER_KEY, android.permission.FOREGROUND_SERVICE",No,No,No,No,No,No,No,No,No,No,False,False,False
360Kredi,com.id.kredi360,Indonesia/Approved,"android.permission.ACCESS_WIFI_STATE, android.permission.WAKE_LOCK, android.permission.CHANGE_WIFI_STATE, android.permission.CAMERA, android.permission.RECEIVE_BOOT_COMPLETED, com.id.kredi360.DYNAMIC_RECEIVER_NOT_EXPORTED_PERMISSION, com.adjust.preinstall.READ_PERMISSION, com.google.android.gms.permission.AD_ID, android.permission.BLUETOOTH, com.google.android.c2dm.permission.RECEIVE, android.permission.PERMISSION_GRANTED, android.permission.WRITE_SETTINGS, android.permission.FOREGROUND_SERVICE, android.permission.INTERNET, android.permission.READ_SYNC_SETTINGS, com.google.android.finsky.permission.BIND_GET_INSTALL_REFERRER_SERVICE, android.permission.ACCESS_COARSE_LOCATION, android.permission.ACCESS_NETWORK_STATE, android.permission.DOWNLOAD_WITHOUT_NOTIFICATION",No,No,No,No,No,No,No,No,No,No,False,False,False
Danakini,com.pyeuiioa.zaxfrccf,Indonesia/Approved,"android.permission.WRITE_EXTERNAL_STORAGE, android.permission.RECORD_AUDIO, android.permission.WAKE_LOCK, android.permission.ACCESS_FINE_LOCATION, android.permission.INTERNET, android.permission.CAMERA, android.permission.READ_CONTACTS, android.permission.READ_EXTERNAL_STORAGE, android.permission.VIBRATE, com.google.android.finsky.permission.BIND_GET_INSTALL_REFERRER_SERVICE, android.permission.ACCESS_COARSE_LOCATION, android.permission.ACCESS_NETWORK_STATE, com.google.android.c2dm.permission.RECEIVE, android.permission.READ_PHONE_STATE",Yes,No,Yes,Yes,No,No,No,No,No,Yes,True,True,False
KTA Kilat,com.pinjam.ktakilat,Indonesia/Approved,"com.sec.android.provider.badge.permission.WRITE, android.permission.WAKE_LOCK, com.sonyericsson.home.permission.BROADCAST_BADGE, com.anddoes.launcher.permission.UPDATE_COUNT, com.majeur.launcher.permission.UPDATE_BADGE, me.everything.badger.permission.BADGE_COUNT_READ, android.permission.RECEIVE_BOOT_COMPLETED, com.oppo.launcher.permission.READ_SETTINGS, com.huawei.android.launcher.permission.CHANGE_BADGE, me.everything.badger.permission.BADGE_COUNT_WRITE, com.sonymobile.home.permission.PROVIDER_INSERT_BADGE, android.permission.READ_APP_BADGE, android.permission.READ_EXTERNAL_STORAGE, android.permission.VIBRATE, com.google.android.c2dm.permission.RECEIVE, com.htc.launcher.permission.UPDATE_SHORTCUT, android.permission.WRITE_EXTERNAL_STORAGE, com.pinjam.ktakilat.permission.C2D_MESSAGE, com.sec.android.provider.badge.permission.READ, com.huawei.android.launcher.permission.READ_SETTINGS, android.permission.GET_TASKS, android.permission.INTERNET, com.google.android.finsky.permission.BIND_GET_INSTALL_REFERRER_SERVICE, com.oppo.launcher.permission.WRITE_SETTINGS, com.huawei.android.launcher.permission.WRITE_SETTINGS, android.permission.ACCESS_NETWORK_STATE, com.htc.launcher.permission.READ_SETTINGS",No,No,Yes,Yes,No,No,No,No,No,No,True,True,False
Pinjam Gampang,com.kpt.android,Indonesia/Approved,"android.permission.ACCESS_WIFI_STATE, android.permission.WAKE_LOCK, android.permission.POST_NOTIFICATIONS, android.permission.INTERNET, android.permission.CAMERA, com.google.android.gms.permission.AD_ID, com.google.android.finsky.permission.BIND_GET_INSTALL_REFERRER_SERVICE, android.permission.ACCESS_NETWORK_STATE, android.permission.ACCESS_COARSE_LOCATION, com.google.android.c2dm.permission.RECEIVE, android.hardware.camera, android.hardware.camera.autofocus",No,No,No,No,No,No,No,No,No,No,False,False,False
Akseleran,com.akseleran.crowdfund,Indonesia/Approved,"android.permission.WAKE_LOCK, android.permission.ACCESS_ADSERVICES_ATTRIBUTION, android.permission.POST_NOTIFICATIONS, android.permission.INTERNET, android.permission.ACCESS_ADSERVICES_AD_ID, com.google.android.gms.permission.AD_ID, com.google.android.finsky.permission.BIND_GET_INSTALL_REFERRER_SERVICE, com.google.android.c2dm.permission.RECEIVE, android.permission.ACCESS_NETWORK_STATE, com.akseleran.crowdfund.DYNAMIC_RECEIVER_NOT_EXPORTED_PERMISSION, android.permission.RECEIVE_BOOT_COMPLETED, android.permission.FOREGROUND_SERVICE",No,No,No,No,No,No,No,No,No,No,False,False,False
IVOJI,id.ivoji,Indonesia/Approved,"com.huawei.appmarket.service.commondata.permission.GET_COMMON_DATA, android.permission.ACCESS_ADSERVICES_ATTRIBUTION, android.permission.WAKE_LOCK, id.ivoji.DYNAMIC_RECEIVER_NOT_EXPORTED_PERMISSION, android.permission.POST_NOTIFICATIONS, android.permission.INTERNET, android.permission.CAMERA, com.google.android.gms.permission.AD_ID, com.google.android.finsky.permission.BIND_GET_INSTALL_REFERRER_SERVICE, android.permission.HIGH_SAMPLING_RATE_SENSORS, android.permission.ACCESS_NETWORK_STATE, android.permission.ACCESS_COARSE_LOCATION, com.google.android.c2dm.permission.RECEIVE",No,No,No,No,No,No,No,No,No,No,False,False,False
Duha Syariah,com.duhasyariah.app,Indonesia/Approved,"android.permission.WRITE_EXTERNAL_STORAGE, android.permission.ACCESS_FINE_LOCATION, android.permission.INTERNET, android.permission.CAMERA, android.permission.ACCESS_COARSE_LOCATION, android.permission.ACCESS_NETWORK_STATE",No,No,No,Yes,No,No,No,No,No,Yes,True,True,False
Indosaku,com.indosk.sensid,Indonesia/Approved,"android.permission.ACCESS_ADSERVICES_ATTRIBUTION, android.permission.ACCESS_WIFI_STATE, com.indosk.sensid.DYNAMIC_RECEIVER_NOT_EXPORTED_PERMISSION, android.permission.WAKE_LOCK, android.permission.POST_NOTIFICATIONS, android.permission.INTERNET, android.permission.CAMERA, com.google.android.gms.permission.AD_ID, android.permission.CHANGE_WIFI_STATE, android.permission.ACCESS_ADSERVICES_AD_ID, com.google.android.finsky.permission.BIND_GET_INSTALL_REFERRER_SERVICE, android.permission.ACCESS_COARSE_LOCATION, android.permission.ACCESS_NETWORK_STATE, com.google.android.c2dm.permission.RECEIVE",No,No,No,No,No,No,No,No,No,No,False,False,False
Avantee,com.id.avantee,Indonesia/Approved,"android.permission.WRITE_EXTERNAL_STORAGE, android.permission.ACCESS_WIFI_STATE, android.permission.MOUNT_UNMOUNT_FILESYSTEMS, android.permission.INTERNET, android.permission.READ_EXTERNAL_STORAGE, android.permission.ACCESS_NETWORK_STATE, android.permission.READ_PHONE_STATE",No,No,Yes,Yes,No,No,No,No,No,No,True,True,False
Ammana Lender,id.ammana.app,Indonesia/Approved,"com.sec.android.provider.badge.permission.WRITE, android.permission.WAKE_LOCK, com.sonyericsson.home.permission.BROADCAST_BADGE, com.anddoes.launcher.permission.UPDATE_COUNT, android.permission.CAMERA, com.majeur.launcher.permission.UPDATE_BADGE, me.everything.badger.permission.BADGE_COUNT_READ, id.ammana.app.permission.RECEIVE_ADM_MESSAGE, android.permission.RECEIVE_BOOT_COMPLETED, com.oppo.launcher.permission.READ_SETTINGS, com.huawei.android.launcher.permission.CHANGE_BADGE, id.ammana.app.permission.C2D_MESSAGE, me.everything.badger.permission.BADGE_COUNT_WRITE, com.sonymobile.home.permission.PROVIDER_INSERT_BADGE, android.permission.READ_APP_BADGE, android.permission.VIBRATE, com.google.android.c2dm.permission.RECEIVE, com.htc.launcher.permission.UPDATE_SHORTCUT, android.permission.FLASHLIGHT, com.sec.android.provider.badge.permission.READ, android.permission.GET_ACCOUNTS, com.huawei.android.launcher.permission.READ_SETTINGS, com.amazon.device.messaging.permission.RECEIVE, android.permission.INTERNET, com.oppo.launcher.permission.WRITE_SETTINGS, com.huawei.android.launcher.permission.WRITE_SETTINGS, android.permission.ACCESS_NETWORK_STATE, com.htc.launcher.permission.READ_SETTINGS, android.permission.USE_CREDENTIALS",No,No,No,No,No,No,No,No,No,No,False,False,False
@7F0F0032,com.ammana.app,Indonesia/Approved,"android.permission.ACCESS_WIFI_STATE, android.permission.BLUETOOTH_SCAN, android.permission.WAKE_LOCK, android.permission.CHANGE_WIFI_STATE, android.permission.CAMERA, android.permission.RECEIVE_BOOT_COMPLETED, android.permission.NEARBY_WIFI_DEVICES, com.ammana.app.DYNAMIC_RECEIVER_NOT_EXPORTED_PERMISSION, com.google.android.gms.permission.AD_ID, android.permission.BLUETOOTH, android.permission.USE_FINGERPRINT, com.google.android.c2dm.permission.RECEIVE, android.permission.WRITE_CALENDAR, com.android.vending.CHECK_LICENSE, android.permission.USE_BIOMETRIC, android.permission.FOREGROUND_SERVICE, android.permission.READ_CALENDAR, android.permission.POST_NOTIFICATIONS, android.permission.INTERNET, com.google.android.finsky.permission.BIND_GET_INSTALL_REFERRER_SERVICE, android.permission.ACCESS_COARSE_LOCATION, android.permission.ACCESS_NETWORK_STATE, android.permission.DOWNLOAD_WITHOUT_NOTIFICATION",No,No,No,No,No,No,No,No,No,No,False,False,False
Kredito,com.kredito.fintek,Indonesia/Approved,"android.permission.ACCESS_WIFI_STATE, android.permission.WAKE_LOCK, android.permission.ACCESS_FINE_LOCATION, android.permission.POST_NOTIFICATIONS, android.permission.INTERNET, android.permission.CAMERA, com.google.android.gms.permission.AD_ID, android.permission.FLASHLIGHT, com.kredito.fintek.DYNAMIC_RECEIVER_NOT_EXPORTED_PERMISSION, android.permission.CHANGE_WIFI_STATE, com.google.android.finsky.permission.BIND_GET_INSTALL_REFERRER_SERVICE, android.permission.VIBRATE, android.permission.SYSTEM_ALERT_WINDOW, android.permission.ACCESS_COARSE_LOCATION, android.permission.ACCESS_NETWORK_STATE, com.google.android.c2dm.permission.RECEIVE",No,No,No,No,No,No,No,No,No,Yes,True,True,False
iGrow Lender,id.igrow.sponsor,Indonesia/Approved,"android.permission.WAKE_LOCK, android.permission.INTERNET, android.permission.CAMERA, android.permission.USE_FULL_SCREEN_INTENT, com.google.android.finsky.permission.BIND_GET_INSTALL_REFERRER_SERVICE, android.permission.VIBRATE, android.permission.USE_BIOMETRIC, android.permission.USE_FINGERPRINT, android.permission.ACCESS_NETWORK_STATE, com.google.android.c2dm.permission.RECEIVE, android.permission.REQUEST_INSTALL_PACKAGES, android.permission.RECEIVE_BOOT_COMPLETED",No,No,No,No,No,No,No,No,No,No,False,False,False
DanaRupiah,id.danarupiah.weshare.jiekuan,Indonesia/Approved,"android.permission.RECEIVE_USER_PRESENT, android.permission.ACCESS_WIFI_STATE, android.permission.WAKE_LOCK, android.permission.ACCESS_FINE_LOCATION, android.permission.CHANGE_WIFI_STATE, android.permission.CHANGE_CONFIGURATION, com.sec.android.provider.badge.permission.WRITE, com.sonyericsson.home.permission.BROADCAST_BADGE, com.anddoes.launcher.permission.UPDATE_COUNT, android.permission.CAMERA, com.majeur.launcher.permission.UPDATE_BADGE, me.everything.badger.permission.BADGE_COUNT_READ, com.oppo.launcher.permission.READ_SETTINGS, com.huawei.android.launcher.permission.CHANGE_BADGE, me.everything.badger.permission.BADGE_COUNT_WRITE, android.permission.BLUETOOTH, com.sonymobile.home.permission.PROVIDER_INSERT_BADGE, android.permission.READ_APP_BADGE, android.permission.VIBRATE, android.permission.CHANGE_NETWORK_STATE, com.htc.launcher.permission.UPDATE_SHORTCUT, com.google.android.c2dm.permission.RECEIVE, android.permission.QUERY_ALL_PACKAGES, android.permission.ACCESS_LOCATION_EXTRA_COMMANDS, android.permission.WRITE_SETTINGS, com.sec.android.provider.badge.permission.READ, com.huawei.android.launcher.permission.READ_SETTINGS, android.permission.FOREGROUND_SERVICE, android.permission.GET_TASKS, android.permission.INTERNET, com.google.android.finsky.permission.BIND_GET_INSTALL_REFERRER_SERVICE, com.oppo.launcher.permission.WRITE_SETTINGS, com.huawei.android.launcher.permission.WRITE_SETTINGS, android.permission.ACCESS_COARSE_LOCATION, android.permission.ACCESS_NETWORK_STATE, com.htc.launcher.permission.READ_SETTINGS",No,No,No,No,No,No,No,No,Yes,Yes,True,True,False
@7F130993,com.cmcm.uangme,Indonesia/Approved,"android.permission.ACCESS_WIFI_STATE, android.permission.WAKE_LOCK, android.permission.CHANGE_WIFI_STATE, android.permission.INTERNET, android.permission.CAMERA, android.permission.ACCESS_LOCATION_EXTRA_COMMANDS, android.permission.POST_NOTIFICATIONS, android.permission.BLUETOOTH, com.google.android.gms.permission.AD_ID, com.google.android.finsky.permission.BIND_GET_INSTALL_REFERRER_SERVICE, android.permission.ACCESS_COARSE_LOCATION, android.permission.ACCESS_NETWORK_STATE, com.google.android.c2dm.permission.RECEIVE",No,No,No,No,No,No,No,No,No,No,False,False,False
@7F110021,com.pinjamwinwin,Indonesia/Approved,"android.permission.PACKAGE_USAGE_STATS, com.pinjamwinwin.DYNAMIC_RECEIVER_NOT_EXPORTED_PERMISSION, android.permission.RECORD_AUDIO, android.permission.ACCESS_WIFI_STATE, android.permission.ACCESS_ADSERVICES_ATTRIBUTION, android.permission.WAKE_LOCK, android.permission.CHANGE_WIFI_STATE, android.permission.INTERNET, android.permission.CAMERA, com.google.android.gms.permission.AD_ID, android.permission.POST_NOTIFICATIONS, android.permission.ACCESS_ADSERVICES_AD_ID, com.google.android.finsky.permission.BIND_GET_INSTALL_REFERRER_SERVICE, android.permission.USE_BIOMETRIC, android.permission.ACCESS_NETWORK_STATE, android.permission.ACCESS_COARSE_LOCATION, com.google.android.c2dm.permission.RECEIVE",No,No,No,No,No,No,No,No,No,No,False,False,False
@7F0F001E,com.klikcairapp,Indonesia/Approved,"android.permission.ACCESS_WIFI_STATE, android.permission.WAKE_LOCK, android.permission.ACCESS_FINE_LOCATION, android.permission.INTERNET, android.permission.CAMERA, com.android.vending.CHECK_LICENSE, com.google.android.finsky.permission.BIND_GET_INSTALL_REFERRER_SERVICE, com.klikcairapp.DYNAMIC_RECEIVER_NOT_EXPORTED_PERMISSION, android.permission.SYSTEM_ALERT_WINDOW, android.permission.ACCESS_NETWORK_STATE, com.google.android.c2dm.permission.RECEIVE, android.permission.DOWNLOAD_WITHOUT_NOTIFICATION",No,No,No,No,No,No,No,No,No,Yes,True,True,False
Danamas Lender (Pendana),id.co.danamas.v5,Indonesia/Approved,"com.sec.android.provider.badge.permission.WRITE, android.permission.ACCESS_WIFI_STATE, android.permission.WAKE_LOCK, com.sonyericsson.home.permission.BROADCAST_BADGE, com.anddoes.launcher.permission.UPDATE_COUNT, android.permission.CAMERA, com.majeur.launcher.permission.UPDATE_BADGE, android.permission.RECEIVE_BOOT_COMPLETED, com.oppo.launcher.permission.READ_SETTINGS, com.huawei.android.launcher.permission.CHANGE_BADGE, android.permission.BLUETOOTH, com.sonymobile.home.permission.PROVIDER_INSERT_BADGE, android.permission.READ_APP_BADGE, android.permission.VIBRATE, android.permission.USE_FINGERPRINT, com.google.android.c2dm.permission.RECEIVE, com.htc.launcher.permission.UPDATE_SHORTCUT, com.android.vending.CHECK_LICENSE, android.permission.USE_BIOMETRIC, com.google.android.providers.gsf.permission.READ_GSERVICES, com.sec.android.provider.badge.permission.READ, com.huawei.android.launcher.permission.READ_SETTINGS, android.permission.FOREGROUND_SERVICE, android.permission.INTERNET, com.google.android.finsky.permission.BIND_GET_INSTALL_REFERRER_SERVICE, com.oppo.launcher.permission.WRITE_SETTINGS, com.huawei.android.launcher.permission.WRITE_SETTINGS, android.permission.ACCESS_NETWORK_STATE, com.htc.launcher.permission.READ_SETTINGS",No,No,No,No,No,No,No,No,No,No,False,False,False
Modal Nasional,com.modalnasional.fintech,Indonesia/Approved,"android.permission.WAKE_LOCK, android.permission.POST_NOTIFICATIONS, android.permission.INTERNET, android.permission.CAMERA, com.google.android.gms.permission.AD_ID, com.google.android.finsky.permission.BIND_GET_INSTALL_REFERRER_SERVICE, android.permission.HIGH_SAMPLING_RATE_SENSORS, android.permission.ACCESS_COARSE_LOCATION, android.permission.ACCESS_NETWORK_STATE, com.google.android.c2dm.permission.RECEIVE",No,No,No,No,No,No,No,No,No,No,False,False,False
Pinjam Dana Mudah,com.pinjam.dana.tunai.indo,Indonesia/Approved,"android.permission.WAKE_LOCK, android.permission.INTERNET, android.permission.ACCESS_NETWORK_STATE, com.google.android.c2dm.permission.RECEIVE, com.done.pinjamtunai.permission.C2D_MESSAGEvj",No,No,No,No,No,No,No,No,No,No,False,False,False
Danabijak,com.danabijak.mobile,Indonesia/Approved,"android.permission.WRITE_EXTERNAL_STORAGE, android.permission.ACCESS_FINE_LOCATION, android.permission.INTERNET, android.permission.CAMERA, android.permission.READ_EXTERNAL_STORAGE, android.permission.ACCESS_NETWORK_STATE",No,No,Yes,Yes,No,No,No,No,No,Yes,True,True,False
Easycash,com.fintopia.idnEasycash.google,Indonesia/Approved,"android.permission.ACCESS_ADSERVICES_ATTRIBUTION, android.permission.ACCESS_WIFI_STATE, android.permission.WAKE_LOCK, android.permission.CAMERA, android.permission.SYSTEM_ALERT_WINDOW, com.fintopia.idnEasycash.google.DYNAMIC_RECEIVER_NOT_EXPORTED_PERMISSION, android.permission.ACCESS_ADSERVICES_AD_ID, com.google.android.gms.permission.AD_ID, android.permission.BLUETOOTH, android.permission.CHANGE_NETWORK_STATE, android.permission.USE_FINGERPRINT, com.google.android.c2dm.permission.RECEIVE, android.permission.USE_BIOMETRIC, android.permission.FOREGROUND_SERVICE, android.permission.GET_TASKS, android.permission.POST_NOTIFICATIONS, android.permission.INTERNET, com.google.android.finsky.permission.BIND_GET_INSTALL_REFERRER_SERVICE, android.permission.ACCESS_NETWORK_STATE, android.permission.ACCESS_COARSE_LOCATION",No,No,No,No,No,No,No,No,No,No,False,False,False
Kredinesia,com.onecard.kredinesia,Indonesia/Approved,"android.permission.ACCESS_WIFI_STATE, android.permission.WAKE_LOCK, android.permission.CHANGE_WIFI_STATE, android.permission.INTERNET, android.permission.CAMERA, com.google.android.gms.permission.AD_ID, android.permission.POST_NOTIFICATIONS, com.google.android.finsky.permission.BIND_GET_INSTALL_REFERRER_SERVICE, android.permission.VIBRATE, android.permission.USE_BIOMETRIC, android.permission.USE_FINGERPRINT, android.permission.ACCESS_NETWORK_STATE, android.permission.CHANGE_NETWORK_STATE, android.permission.ACCESS_COARSE_LOCATION, com.google.android.c2dm.permission.RECEIVE",No,No,No,No,No,No,No,No,No,No,False,False,False
Solusiku,com.mysolusiku.solusiku,Indonesia/Approved,"android.permission.WRITE_EXTERNAL_STORAGE, android.permission.ACCESS_WIFI_STATE, android.permission.WAKE_LOCK, android.permission.GET_TASKS, android.permission.ACCESS_FINE_LOCATION, android.permission.INTERNET, com.google.android.finsky.permission.BIND_GET_INSTALL_REFERRER_SERVICE, android.permission.READ_EXTERNAL_STORAGE, android.permission.ACCESS_COARSE_LOCATION, android.permission.ACCESS_NETWORK_STATE, com.google.android.c2dm.permission.RECEIVE, android.permission.READ_PHONE_STATE",No,No,Yes,Yes,No,No,No,No,No,Yes,True,True,False
Invoila,com.solmitrafintec.solmitramobile,Indonesia/Approved,"android.permission.PACKAGE_USAGE_STATS, android.permission.ACCESS_WIFI_STATE, android.permission.WAKE_LOCK, android.permission.ACCESS_FINE_LOCATION, com.energeek.sengketadev.permission.MAPS_RECEIVE, android.permission.INTERNET, android.permission.CAMERA, com.google.android.finsky.permission.BIND_GET_INSTALL_REFERRER_SERVICE, android.permission.VIBRATE, com.energeek.sengketadev.permission.C2D_MESSAGE, android.permission.USE_FINGERPRINT, android.permission.ACCESS_NETWORK_STATE, android.permission.ACCESS_COARSE_LOCATION, com.google.android.c2dm.permission.RECEIVE, android.permission.GET_ACCOUNTS, com.google.android.providers.gsf.permission.READ_GSERVICES, com.android.browser.permission.READ_HISTORY_BOOKMARKS, android.hardware.camera.autofocus",No,No,No,No,No,No,No,No,No,Yes,True,True,False
KTA KILAT,com.ktakilat.loan,Indonesia/Approved,"android.permission.ACCESS_WIFI_STATE, android.permission.WAKE_LOCK, android.permission.ACCESS_FINE_LOCATION, android.permission.CHANGE_WIFI_STATE, android.permission.CAMERA, android.permission.SYSTEM_ALERT_WINDOW, android.permission.RECEIVE_BOOT_COMPLETED, android.permission.CHANGE_NETWORK_STATE, android.permission.READ_EXTERNAL_STORAGE, android.permission.VIBRATE, com.google.android.c2dm.permission.RECEIVE, android.permission.WRITE_EXTERNAL_STORAGE, android.permission.READ_CALL_LOG, android.permission.CALL_PHONE, android.permission.INTERNET, com.ktakilat.loan.permission.C2D_MESSAGE, com.google.android.finsky.permission.BIND_GET_INSTALL_REFERRER_SERVICE, android.permission.READ_SMS, android.permission.ACCESS_NETWORK_STATE, android.permission.ACCESS_COARSE_LOCATION",No,Yes,Yes,Yes,No,No,No,Yes,No,Yes,True,True,False
UKU,com.mintq.gocash,Indonesia/Approved,"android.permission.RECORD_AUDIO, android.permission.WAKE_LOCK, android.permission.ACCESS_WIFI_STATE, android.permission.POST_NOTIFICATIONS, android.permission.INTERNET, android.permission.CAMERA, com.google.android.gms.permission.AD_ID, android.permission.BLUETOOTH, com.google.android.finsky.permission.BIND_GET_INSTALL_REFERRER_SERVICE, android.permission.VIBRATE, android.permission.USE_FINGERPRINT, android.permission.ACCESS_COARSE_LOCATION, android.permission.TRANSMIT_IR, android.permission.ACCESS_NETWORK_STATE, com.google.android.c2dm.permission.RECEIVE",No,No,No,No,No,No,No,No,No,No,False,False,False
@7F0F001E,com.danasyariah.mobiledanasyariah,Indonesia/Approved,"android.permission.RECORD_AUDIO, android.permission.ACCESS_WIFI_STATE, android.permission.WAKE_LOCK, android.permission.ACCESS_FINE_LOCATION, android.permission.MODIFY_AUDIO_SETTINGS, android.permission.INTERNET, android.permission.CAMERA, android.permission.BLUETOOTH, android.permission.MICROPHONE, com.google.android.finsky.permission.BIND_GET_INSTALL_REFERRER_SERVICE, android.permission.USE_BIOMETRIC, android.permission.ACCESS_NETWORK_STATE, android.permission.ACCESS_COARSE_LOCATION, com.google.android.c2dm.permission.RECEIVE, android.permission.RECEIVE_BOOT_COMPLETED, android.permission.FOREGROUND_SERVICE",No,No,No,No,No,No,No,No,No,Yes,True,True,False
@7F0E001B,com.paem.intl,Indonesia/Approved,"android.permission.NEARBY_WIFI_DEVICES, android.permission.RECORD_AUDIO, android.permission.CHANGE_CONFIGURATION, android.permission.POST_NOTIFICATIONS, android.permission.INTERNET, android.permission.CAMERA, android.permission.FLASHLIGHT, com.google.android.gms.permission.AD_ID, com.google.android.finsky.permission.BIND_GET_INSTALL_REFERRER_SERVICE, android.permission.VIBRATE, android.permission.USE_BIOMETRIC, android.permission.USE_FINGERPRINT, android.permission.ACCESS_COARSE_LOCATION, android.permission.ACCESS_NETWORK_STATE, com.google.android.c2dm.permission.RECEIVE, android.permission.FOREGROUND_SERVICE",No,No,No,No,No,No,No,No,No,No,False,False,False
Danamas Borrower (Peminjam),id.co.danamasbor,Indonesia/Approved,"com.sec.android.provider.badge.permission.WRITE, android.permission.ACCESS_WIFI_STATE, android.permission.WAKE_LOCK, android.permission.ACCESS_FINE_LOCATION, com.sonyericsson.home.permission.BROADCAST_BADGE, com.anddoes.launcher.permission.UPDATE_COUNT, android.permission.CAMERA, com.majeur.launcher.permission.UPDATE_BADGE, android.permission.RECEIVE_BOOT_COMPLETED, com.oppo.launcher.permission.READ_SETTINGS, com.huawei.android.launcher.permission.CHANGE_BADGE, com.sonymobile.home.permission.PROVIDER_INSERT_BADGE, android.permission.READ_APP_BADGE, com.google.android.c2dm.permission.RECEIVE, com.htc.launcher.permission.UPDATE_SHORTCUT, com.android.vending.CHECK_LICENSE, com.google.android.providers.gsf.permission.READ_GSERVICES, com.sec.android.provider.badge.permission.READ, com.huawei.android.launcher.permission.READ_SETTINGS, android.permission.FOREGROUND_SERVICE, android.permission.INTERNET, com.google.android.finsky.permission.BIND_GET_INSTALL_REFERRER_SERVICE, com.oppo.launcher.permission.WRITE_SETTINGS, com.huawei.android.launcher.permission.WRITE_SETTINGS, android.permission.ACCESS_COARSE_LOCATION, android.permission.ACCESS_NETWORK_STATE, com.htc.launcher.permission.READ_SETTINGS",No,No,No,No,No,No,No,No,No,Yes,True,True,False
@7F0E001D,id.co.tokomodal.mobile,Indonesia/Approved,"android.permission.WRITE_EXTERNAL_STORAGE, android.permission.RECORD_AUDIO, android.permission.WAKE_LOCK, android.permission.POST_NOTIFICATIONS, android.permission.INTERNET, android.permission.CAMERA, com.google.android.gms.permission.AD_ID, android.permission.BLUETOOTH, id.co.tokomodal.mobile.DYNAMIC_RECEIVER_NOT_EXPORTED_PERMISSION, com.google.android.finsky.permission.BIND_GET_INSTALL_REFERRER_SERVICE, android.permission.ACCESS_NETWORK_STATE, com.google.android.c2dm.permission.RECEIVE",No,No,No,Yes,No,No,No,No,No,No,True,True,False
Fintek Syariah,id.co.finteksyariah.app.pembiayaan,Indonesia/Approved,"android.permission.RECORD_AUDIO, android.permission.ACCESS_WIFI_STATE, android.permission.WAKE_LOCK, android.permission.ACCESS_FINE_LOCATION, android.permission.CHANGE_WIFI_STATE, android.permission.INTERNET, android.permission.CAMERA, org.apache.http.legacy, com.google.android.finsky.permission.BIND_GET_INSTALL_REFERRER_SERVICE, android.permission.VIBRATE, android.permission.ACCESS_NETWORK_STATE, android.permission.ACCESS_COARSE_LOCATION",No,No,No,No,No,No,No,No,No,Yes,True,True,False
PinjamanGo,com.pinjamango,Indonesia/Approved,"android.permission.PACKAGE_USAGE_STATS, android.permission.ACCESS_WIFI_STATE, android.permission.WAKE_LOCK, android.permission.ACCESS_FINE_LOCATION, android.permission.CHANGE_WIFI_STATE, android.permission.CAMERA, android.permission.READ_CONTACTS, android.permission.SEND_SMS, android.permission.BLUETOOTH, android.permission.READ_EXTERNAL_STORAGE, android.permission.READ_LOGS, com.google.android.c2dm.permission.RECEIVE, android.permission.WRITE_EXTERNAL_STORAGE, android.permission.MOUNT_UNMOUNT_FILESYSTEMS, android.permission.FLASHLIGHT, android.permission.INSTALL_SHORTCUT, android.permission.GET_ACCOUNTS_PRIVILEGED, android.permission.READ_CALL_LOG, android.permission.READ_PHONE_NUMBERS, android.permission.CALL_PHONE, android.permission.GET_ACCOUNTS, android.permission.REQUEST_INSTALL_PACKAGES, android.permission.RECEIVE_SMS, android.permission.READ_PHONE_STATE, android.permission.RECORD_AUDIO, android.permission.GET_TASKS, android.permission.INTERNET, com.google.android.finsky.permission.BIND_GET_INSTALL_REFERRER_SERVICE, android.permission.READ_SMS, android.permission.ACCESS_NETWORK_STATE, android.permission.ACCESS_COARSE_LOCATION, com.pinjamango.permission.C2D_MESSAGE, android.permission.USE_CREDENTIALS",Yes,Yes,Yes,Yes,No,No,No,Yes,No,Yes,True,True,False
Crowde,com.crowde.investor,Indonesia/Approved,"android.permission.WRITE_EXTERNAL_STORAGE, android.permission.INTERNET, android.permission.READ_EXTERNAL_STORAGE, android.permission.SYSTEM_ALERT_WINDOW, android.permission.ACCESS_NETWORK_STATE, android.permission.FOREGROUND_SERVICE",No,No,Yes,Yes,No,No,No,No,No,No,True,True,False
Finmas,com.oriente.finmas,Indonesia/Approved,"android.permission.ACCESS_WIFI_STATE, android.permission.WAKE_LOCK, android.permission.ACCESS_FINE_LOCATION, android.permission.INTERNET, android.permission.CAMERA, android.permission.FLASHLIGHT, android.permission.BLUETOOTH, com.google.android.finsky.permission.BIND_GET_INSTALL_REFERRER_SERVICE, android.permission.VIBRATE, android.permission.USE_FINGERPRINT, android.permission.ACCESS_COARSE_LOCATION, android.permission.ACCESS_NETWORK_STATE, android.permission.REORDER_TASKS, com.google.android.providers.gsf.permission.READ_GSERVICES, com.google.android.c2dm.permission.RECEIVE, android.permission.RECEIVE_BOOT_COMPLETED",No,No,No,No,No,No,No,No,No,Yes,True,True,False
MEKAR PINJAM,id.mekartigasampurna.mekarpinjam.app,Indonesia/Approved,"android.permission.ACCESS_WIFI_STATE, android.permission.WAKE_LOCK, android.permission.ACCESS_FINE_LOCATION, android.permission.CAMERA, android.permission.READ_CONTACTS, android.permission.SYSTEM_ALERT_WINDOW, android.permission.READ_EXTERNAL_STORAGE, android.permission.VIBRATE, com.google.android.c2dm.permission.RECEIVE, android.permission.WRITE_EXTERNAL_STORAGE, android.permission.MOUNT_UNMOUNT_FILESYSTEMS, android.permission.ACCESS_LOCATION_EXTRA_COMMANDS, id.mekartigasampurna.mekarpinjam.app.permission.C2D_MESSAGE, android.permission.CALL_PHONE, android.permission.REORDER_TASKS, android.permission.READ_PHONE_STATE, android.permission.RECORD_AUDIO, android.permission.INTERNET, android.permission.ACCESS_NETWORK_STATE, android.permission.ACCESS_COARSE_LOCATION",Yes,No,Yes,Yes,No,No,No,No,No,Yes,True,True,False
Klik Kami,com.ayo.klikkami,Indonesia/Approved,"android.permission.ACCESS_WIFI_STATE, android.permission.ACCESS_FINE_LOCATION, android.permission.INTERNET, android.permission.CAMERA, com.google.android.finsky.permission.BIND_GET_INSTALL_REFERRER_SERVICE, android.permission.ACCESS_COARSE_LOCATION, android.permission.ACCESS_NETWORK_STATE, android.permission.FOREGROUND_SERVICE",No,No,No,No,No,No,No,No,No,Yes,True,True,False
Dana Cepat,biro.pinjamuang.ngreditmurahki,Indonesia/Approved,"android.permission.WRITE_EXTERNAL_STORAGE, android.permission.ACCESS_WIFI_STATE, android.permission.WAKE_LOCK, android.permission.INTERNET, android.permission.READ_EXTERNAL_STORAGE, android.permission.ACCESS_NETWORK_STATE",No,No,Yes,Yes,No,No,No,No,No,No,True,True,False
DompetKilat,com.dompetkilat.pinjaman,Indonesia/Approved,"com.sec.android.provider.badge.permission.WRITE, android.permission.ACCESS_WIFI_STATE, android.permission.WAKE_LOCK, android.permission.ACCESS_FINE_LOCATION, android.permission.CHANGE_WIFI_STATE, com.sonyericsson.home.permission.BROADCAST_BADGE, android.permission.CAMERA, com.anddoes.launcher.permission.UPDATE_COUNT, com.majeur.launcher.permission.UPDATE_BADGE, me.everything.badger.permission.BADGE_COUNT_READ, com.oppo.launcher.permission.READ_SETTINGS, com.huawei.android.launcher.permission.CHANGE_BADGE, me.everything.badger.permission.BADGE_COUNT_WRITE, com.sonymobile.home.permission.PROVIDER_INSERT_BADGE, android.permission.BLUETOOTH, android.permission.READ_APP_BADGE, com.google.android.c2dm.permission.RECEIVE, com.htc.launcher.permission.UPDATE_SHORTCUT, com.dompetkilat.pinjaman.permission.C2D_MESSAGE, com.sec.android.provider.badge.permission.READ, com.huawei.android.launcher.permission.READ_SETTINGS, android.permission.INTERNET, com.oppo.launcher.permission.WRITE_SETTINGS, com.huawei.android.launcher.permission.WRITE_SETTINGS, android.permission.ACCESS_COARSE_LOCATION, android.permission.ACCESS_NETWORK_STATE, com.htc.launcher.permission.READ_SETTINGS",No,No,No,No,No,No,No,No,No,Yes,True,True,False
DanaKita,com.wDanaKita_KBL,Indonesia/Approved,"com.android.alarm.permission.SET_ALARM, android.permission.ACCESS_WIFI_STATE, android.permission.WAKE_LOCK, com.sec.android.provider.badge.permission.WRITE, android.permission.ACCESS_FINE_LOCATION, com.android.launcher.permission.INSTALL_SHORTCUT, android.permission.CHANGE_WIFI_STATE, com.sonyericsson.home.permission.BROADCAST_BADGE, com.anddoes.launcher.permission.UPDATE_COUNT, com.majeur.launcher.permission.UPDATE_BADGE, android.permission.SYSTEM_ALERT_WINDOW, android.permission.RECEIVE_BOOT_COMPLETED, com.huawei.android.launcher.permission.CHANGE_BADGE, android.permission.BLUETOOTH, com.sonymobile.home.permission.PROVIDER_INSERT_BADGE, android.permission.READ_EXTERNAL_STORAGE, android.permission.BLUETOOTH_ADMIN, com.google.android.c2dm.permission.RECEIVE, com.android.browser.permission.READ_HISTORY_BOOKMARKS, android.webkit.permission.PLUGIN, com.htc.launcher.permission.UPDATE_SHORTCUT, android.permission.WRITE_EXTERNAL_STORAGE, com.google.android.gms.permission.ACTIVITY_RECOGNITION, android.permission.GET_ACCOUNTS, com.sec.android.provider.badge.permission.READ, com.huawei.android.launcher.permission.READ_SETTINGS, android.permission.READ_PHONE_STATE, android.permission.INTERNET, com.huawei.android.launcher.permission.WRITE_SETTINGS, android.permission.ACCESS_NETWORK_STATE, android.permission.ACCESS_COARSE_LOCATION, com.htc.launcher.permission.READ_SETTINGS",No,No,Yes,Yes,No,No,No,No,No,Yes,True,True,False
Akseleran,com.akseleran.crowdfund,Indonesia/Approved,"android.permission.ACCESS_WIFI_STATE, android.permission.WAKE_LOCK, android.permission.INTERNET, android.permission.CAMERA, com.google.android.finsky.permission.BIND_GET_INSTALL_REFERRER_SERVICE, com.google.android.providers.gsf.permission.READ_GSERVICES, android.permission.ACCESS_NETWORK_STATE, com.google.android.c2dm.permission.RECEIVE",No,No,No,No,No,No,No,No,No,No,False,False,False
Singa,com.asf.singa,Indonesia/Approved,"android.permission.ACCESS_ADSERVICES_TOPICS, android.permission.ACCESS_ADSERVICES_ATTRIBUTION, android.permission.ACCESS_WIFI_STATE, android.permission.WAKE_LOCK, android.permission.CHANGE_WIFI_STATE, android.permission.CAMERA, com.asf.singa.DYNAMIC_RECEIVER_NOT_EXPORTED_PERMISSION, android.permission.ACCESS_ADSERVICES_AD_ID, com.google.android.gms.permission.AD_ID, android.permission.CHANGE_NETWORK_STATE, com.google.android.c2dm.permission.RECEIVE, android.permission.WRITE_CALENDAR, android.permission.FOREGROUND_SERVICE, android.permission.READ_CALENDAR, android.permission.POST_NOTIFICATIONS, android.permission.INTERNET, com.google.android.finsky.permission.BIND_GET_INSTALL_REFERRER_SERVICE, android.permission.ACCESS_NETWORK_STATE, android.permission.ACCESS_COARSE_LOCATION",No,No,No,No,No,No,No,No,No,No,False,False,False
Danakini,com.pbejydgb.ygzxmzcg,Indonesia/Approved,"android.permission.WRITE_EXTERNAL_STORAGE, android.permission.RECORD_AUDIO, android.permission.WAKE_LOCK, android.permission.ACCESS_FINE_LOCATION, android.permission.INTERNET, android.permission.CAMERA, android.permission.READ_CONTACTS, android.permission.READ_EXTERNAL_STORAGE, android.permission.VIBRATE, com.google.android.finsky.permission.BIND_GET_INSTALL_REFERRER_SERVICE, android.permission.ACCESS_COARSE_LOCATION, android.permission.ACCESS_NETWORK_STATE, com.google.android.c2dm.permission.RECEIVE, android.permission.READ_PHONE_STATE",Yes,No,Yes,Yes,No,No,No,No,No,Yes,True,True,False
@7F10004A,com.iss.client.cairin,Indonesia/Approved,"com.huawei.appmarket.service.commondata.permission.GET_COMMON_DATA, android.permission.ACCESS_WIFI_STATE, android.permission.WAKE_LOCK, android.permission.ACCESS_ADSERVICES_ATTRIBUTION, android.permission.POST_NOTIFICATIONS, android.permission.INTERNET, android.permission.CAMERA, com.google.android.gms.permission.AD_ID, android.permission.BLUETOOTH, android.permission.CHANGE_WIFI_STATE, com.google.android.finsky.permission.BIND_GET_INSTALL_REFERRER_SERVICE, android.permission.SYSTEM_ALERT_WINDOW, android.permission.READ_LOGS, android.permission.ACCESS_NETWORK_STATE, android.permission.ACCESS_COARSE_LOCATION, android.permission.REORDER_TASKS, com.google.android.c2dm.permission.RECEIVE, com.iss.client.cairin.DYNAMIC_RECEIVER_NOT_EXPORTED_PERMISSION",No,No,No,No,No,No,No,No,No,No,False,False,False
,com.oriente.finmas,Indonesia/Approved,"android.permission.ACCESS_FINE_LOCATION, android.permission.ACCESS_COARSE_LOCATION,android.permission.CAMERA, android.permission.ACCESS_WIFI_STATE,
android.permission.ACCESS_NETWORK_STATE,
android.permission.INTERNET,
 android.permission.VIBRATE,
android.permission.RECEIVE_BOOT_COMPLETED,
 android.permission.USE_FINGERPRINT,
android.permission.BLUETOOTH",No,No,No,No,No,No,No,No,No,Yes,True,True,False
PinjamDuit,com.stanfordtek.pinjamduit,Indonesia/Approved,"android.permission.ACCESS_WIFI_STATE, android.permission.WAKE_LOCK, android.permission.POST_NOTIFICATIONS, android.permission.INTERNET, android.permission.CAMERA, com.google.android.gms.permission.AD_ID, com.google.android.finsky.permission.BIND_GET_INSTALL_REFERRER_SERVICE, android.permission.ACCESS_NETWORK_STATE, android.permission.ACCESS_COARSE_LOCATION, com.google.android.c2dm.permission.RECEIVE, com.stanfordtek.pinjamduit.DYNAMIC_RECEIVER_NOT_EXPORTED_PERMISSION, android.permission.RECEIVE_BOOT_COMPLETED, android.permission.FOREGROUND_SERVICE",No,No,No,No,No,No,No,No,No,No,False,False,False
True Loan,team.trueloan.loan,Nigeria/Approved,"android.permission.PACKAGE_USAGE_STATS, android.permission.ACCESS_ADSERVICES_ATTRIBUTION, android.permission.ACCESS_WIFI_STATE, android.permission.WAKE_LOCK, android.permission.ACCESS_ADSERVICES_CUSTOM_AUDIENCE, team.trueloan.loan.DYNAMIC_RECEIVER_NOT_EXPORTED_PERMISSION, android.permission.ACCESS_ADSERVICES_AD_ID, com.google.android.gms.permission.AD_ID, android.permission.BLUETOOTH, android.permission.WRITE_CALENDAR, com.android.vending.CHECK_LICENSE, com.google.android.providers.gsf.permission.READ_GSERVICES, android.permission.READ_PHONE_STATE, android.permission.READ_CALENDAR, android.permission.INTERNET, com.google.android.finsky.permission.BIND_GET_INSTALL_REFERRER_SERVICE, android.permission.READ_SMS, android.permission.ACCESS_COARSE_LOCATION, android.permission.ACCESS_NETWORK_STATE",No,No,No,No,No,No,No,Yes,No,No,False,True,False
RexAfrica,com.rexmfb.mobile,Nigeria/Approved,"android.permission.WAKE_LOCK, android.permission.ACCESS_WIFI_STATE, android.permission.ACCESS_ADSERVICES_ATTRIBUTION, android.permission.ACCESS_FINE_LOCATION, android.permission.CAMERA, com.rexmfb.mobile.DYNAMIC_RECEIVER_NOT_EXPORTED_PERMISSION, android.permission.ACCESS_ADSERVICES_AD_ID, com.google.android.gms.permission.AD_ID, android.permission.READ_EXTERNAL_STORAGE, android.permission.VIBRATE, android.permission.USE_FINGERPRINT, com.google.android.c2dm.permission.RECEIVE, android.permission.WRITE_EXTERNAL_STORAGE, android.permission.USE_BIOMETRIC, android.permission.RECORD_AUDIO, com.rexmfb.mobile.permission.WRITE_SCHEDULE, android.permission.POST_NOTIFICATIONS, android.permission.INTERNET, com.google.android.finsky.permission.BIND_GET_INSTALL_REFERRER_SERVICE, android.permission.ACCESS_NETWORK_STATE",No,No,Yes,Yes,No,No,No,No,No,Yes,True,True,True
Future Cash,com.futurecash.nl.re,Nigeria/Approved,"android.permission.WRITE_CALENDAR, android.permission.PACKAGE_USAGE_STATS, android.permission.ACCESS_WIFI_STATE, android.permission.WAKE_LOCK, android.permission.READ_CALENDAR, android.permission.INTERNET, com.google.android.gms.permission.AD_ID, com.futurecash.nl.re.DYNAMIC_RECEIVER_NOT_EXPORTED_PERMISSION, com.google.android.finsky.permission.BIND_GET_INSTALL_REFERRER_SERVICE, android.permission.READ_SMS, android.permission.ACCESS_COARSE_LOCATION, android.permission.ACCESS_NETWORK_STATE, android.permission.READ_PHONE_STATE",No,No,No,No,No,No,No,Yes,No,No,False,True,False
Umba,com.beatha.mkopokaka,Nigeria/Approved,"android.permission.READ_MEDIA_VIDEO, android.permission.READ_MEDIA_AUDIO, android.permission.ACCESS_WIFI_STATE, android.permission.WAKE_LOCK, android.permission.ACCESS_FINE_LOCATION, android.permission.CAMERA, android.permission.READ_CONTACTS, com.beatha.mkopokaka.DYNAMIC_RECEIVER_NOT_EXPORTED_PERMISSION, android.permission.RECEIVE_BOOT_COMPLETED, android.permission.READ_MEDIA_IMAGES, com.google.android.gms.permission.AD_ID, android.permission.VIBRATE, android.permission.READ_EXTERNAL_STORAGE, android.permission.USE_FINGERPRINT, com.google.android.c2dm.permission.RECEIVE, android.permission.WRITE_EXTERNAL_STORAGE, android.permission.USE_BIOMETRIC, android.permission.READ_PHONE_NUMBERS, android.permission.GET_ACCOUNTS, android.permission.FOREGROUND_SERVICE, android.permission.READ_PHONE_STATE, android.permission.POST_NOTIFICATIONS, android.permission.INTERNET, com.google.android.finsky.permission.BIND_GET_INSTALL_REFERRER_SERVICE, android.permission.READ_SMS, android.permission.ACCESS_COARSE_LOCATION, android.permission.ACCESS_NETWORK_STATE, android.permission.ACCESS_MEDIA_LOCATION",Yes,No,Yes,Yes,Yes,Yes,Yes,Yes,No,Yes,True,True,True
9money,com.credit.ninemoney,Nigeria/Approved,"android.permission.WRITE_CALENDAR, android.permission.ACCESS_WIFI_STATE, android.permission.WAKE_LOCK, android.permission.READ_CALENDAR, android.permission.POST_NOTIFICATIONS, android.permission.INTERNET, android.permission.CAMERA, com.google.android.gms.permission.AD_ID, com.google.android.finsky.permission.BIND_GET_INSTALL_REFERRER_SERVICE, android.permission.READ_SMS, android.permission.ACCESS_COARSE_LOCATION, android.permission.ACCESS_NETWORK_STATE, com.google.android.c2dm.permission.RECEIVE, android.permission.DOWNLOAD_WITHOUT_NOTIFICATION, android.permission.READ_PHONE_STATE",No,No,No,No,No,No,No,Yes,No,No,False,True,False
Flex Finance,business.finance.flex,Nigeria/Approved,"android.permission.ACCESS_WIFI_STATE, android.permission.WAKE_LOCK, com.sec.android.provider.badge.permission.WRITE, com.sonyericsson.home.permission.BROADCAST_BADGE, com.anddoes.launcher.permission.UPDATE_COUNT, android.permission.CAMERA, com.fingerprints.service.ACCESS_FINGERPRINT_MANAGER, com.majeur.launcher.permission.UPDATE_BADGE, me.everything.badger.permission.BADGE_COUNT_READ, business.finance.flex.permission.C2D_MESSAGE, android.permission.RECEIVE_BOOT_COMPLETED, com.oppo.launcher.permission.READ_SETTINGS, com.huawei.android.launcher.permission.CHANGE_BADGE, business.finance.flex.DYNAMIC_RECEIVER_NOT_EXPORTED_PERMISSION, me.everything.badger.permission.BADGE_COUNT_WRITE, com.google.android.gms.permission.AD_ID, com.sonymobile.home.permission.PROVIDER_INSERT_BADGE, android.permission.READ_APP_BADGE, android.permission.READ_EXTERNAL_STORAGE, android.permission.VIBRATE, android.permission.USE_FINGERPRINT, com.google.android.c2dm.permission.RECEIVE, com.htc.launcher.permission.UPDATE_SHORTCUT, android.permission.WRITE_EXTERNAL_STORAGE, com.android.vending.CHECK_LICENSE, android.permission.WRITE_SETTINGS, android.permission.USE_BIOMETRIC, com.samsung.android.providers.context.permission.WRITE_USE_APP_FEATURE_SURVEY, com.sec.android.provider.badge.permission.READ, com.huawei.android.launcher.permission.READ_SETTINGS, android.permission.FOREGROUND_SERVICE, android.permission.READ_INTERNAL_STORAGE, android.permission.POST_NOTIFICATIONS, android.permission.INTERNET, com.google.android.finsky.permission.BIND_GET_INSTALL_REFERRER_SERVICE, com.oppo.launcher.permission.WRITE_SETTINGS, com.huawei.android.launcher.permission.WRITE_SETTINGS, android.permission.ACCESS_NETWORK_STATE, com.htc.launcher.permission.READ_SETTINGS",No,No,Yes,Yes,No,No,No,No,No,No,True,True,True
EasyKash,easykash.creditapp.loan,Nigeria/Approved,"easykash.creditapp.loan.DYNAMIC_RECEIVER_NOT_EXPORTED_PERMISSION, android.permission.ACCESS_WIFI_STATE, android.permission.CHANGE_WIFI_STATE, android.permission.INTERNET, android.permission.CAMERA, com.google.android.gms.permission.AD_ID, com.google.android.finsky.permission.BIND_GET_INSTALL_REFERRER_SERVICE, android.permission.READ_CALL_LOG, com.google.android.providers.gsf.permission.READ_GSERVICES, android.permission.READ_SMS, android.permission.ACCESS_COARSE_LOCATION, android.permission.ACCESS_NETWORK_STATE, android.permission.FOREGROUND_SERVICE, android.permission.READ_PHONE_STATE",No,Yes,No,No,No,No,No,Yes,No,No,False,True,True
Menofund,com.menofund.ng,Nigeria/Approved,"android.permission.INTERNET, android.permission.ACCESS_NETWORK_STATE",No,No,No,No,No,No,No,No,No,No,False,False,False
OPP cash,com.application.lend,Nigeria/Approved,"android.permission.INTERNET, com.application.lend.DYNAMIC_RECEIVER_NOT_EXPORTED_PERMISSION",No,No,No,No,No,No,No,No,No,No,False,False,False
Kobogo,ng.kobogo.mobile,Nigeria/Approved,"android.permission.WRITE_CALENDAR, com.huawei.appmarket.service.commondata.permission.GET_COMMON_DATA, android.permission.ACCESS_WIFI_STATE, android.permission.WAKE_LOCK, android.permission.READ_CALENDAR, android.permission.ACCESS_ADSERVICES_ATTRIBUTION, android.permission.POST_NOTIFICATIONS, android.permission.INTERNET, android.permission.ACCESS_ADSERVICES_AD_ID, com.google.android.gms.permission.AD_ID, ng.kobogo.mobile.DYNAMIC_RECEIVER_NOT_EXPORTED_PERMISSION, com.samsung.android.mapsagent.permission.READ_APP_INFO, com.google.android.finsky.permission.BIND_GET_INSTALL_REFERRER_SERVICE, android.permission.ACCESS_NETWORK_STATE, com.google.android.c2dm.permission.RECEIVE",No,No,No,No,No,No,No,No,No,No,False,False,False
Veend,com.veendhq.mobileApp,Nigeria/Approved,"android.permission.WRITE_EXTERNAL_STORAGE, android.permission.ACCESS_WIFI_STATE, android.permission.WAKE_LOCK, android.permission.MODIFY_AUDIO_SETTINGS, android.permission.INTERNET, android.permission.CAMERA, com.android.vending.CHECK_LICENSE, android.permission.READ_CONTACTS, android.permission.READ_EXTERNAL_STORAGE, com.google.android.finsky.permission.BIND_GET_INSTALL_REFERRER_SERVICE, android.permission.ACCESS_NETWORK_STATE, com.google.android.c2dm.permission.RECEIVE",Yes,No,Yes,Yes,No,No,No,No,No,No,True,True,True
Aella,com.aella.comportal,Nigeria/Approved,"android.permission.WAKE_LOCK, android.permission.ACCESS_ADSERVICES_ATTRIBUTION, android.permission.ACCESS_WIFI_STATE, android.permission.ACCESS_FINE_LOCATION, com.aella.comportal.DYNAMIC_RECEIVER_NOT_EXPORTED_PERMISSION, android.permission.CAMERA, android.permission.RECEIVE_BOOT_COMPLETED, android.permission.ACCESS_ADSERVICES_AD_ID, com.google.android.gms.permission.AD_ID, android.permission.VIBRATE, android.permission.USE_FINGERPRINT, com.google.android.c2dm.permission.RECEIVE, android.permission.USE_BIOMETRIC, android.permission.FOREGROUND_SERVICE, android.permission.READ_PHONE_STATE, android.permission.RECORD_AUDIO, android.permission.POST_NOTIFICATIONS, android.permission.INTERNET, com.google.android.finsky.permission.BIND_GET_INSTALL_REFERRER_SERVICE, android.permission.FOREGROUND_SERVICE_LOCATION, android.permission.ACCESS_NETWORK_STATE, android.permission.ACCESS_COARSE_LOCATION, android.permission.ACCESS_BACKGROUND_LOCATION",No,No,No,No,No,No,No,No,No,Yes,True,True,False
IntsWallet,com.ng.flexfund,Nigeria/Approved,"android.permission.WRITE_CALENDAR, android.permission.ACCESS_WIFI_STATE, android.permission.WAKE_LOCK, android.permission.READ_CALENDAR, android.permission.CHANGE_WIFI_STATE, android.permission.INTERNET, android.permission.CAMERA, com.google.android.gms.permission.AD_ID, android.permission.CHANGE_NETWORK_STATE, android.permission.READ_CALL_LOG, android.permission.ACCESS_NETWORK_STATE, android.permission.ACCESS_COARSE_LOCATION, android.permission.READ_PHONE_STATE",No,Yes,No,No,No,No,No,No,No,No,False,True,True
HIZO,com.hizo.hizo,Nigeria/Approved,"android.permission.RECORD_AUDIO, com.hizo.hizo.DYNAMIC_RECEIVER_NOT_EXPORTED_PERMISSION, android.permission.WAKE_LOCK, android.permission.POST_NOTIFICATIONS, android.permission.INTERNET, android.permission.CAMERA, com.google.android.gms.permission.AD_ID, com.google.android.finsky.permission.BIND_GET_INSTALL_REFERRER_SERVICE, android.permission.VIBRATE, android.permission.ACCESS_NETWORK_STATE, com.google.android.c2dm.permission.RECEIVE, com.hizo.hizo.permission.WRITE_SCHEDULE",No,No,No,No,No,No,No,No,No,No,False,False,False
Tcredit,com.nigeria.tcredit,Nigeria/Approved,"android.permission.ACCESS_WIFI_STATE, android.permission.WAKE_LOCK, android.permission.READ_CALENDAR, android.permission.POST_NOTIFICATIONS, android.permission.INTERNET, android.permission.CAMERA, com.google.android.gms.permission.AD_ID, com.google.android.finsky.permission.BIND_GET_INSTALL_REFERRER_SERVICE, android.permission.READ_SMS, android.permission.ACCESS_NETWORK_STATE, android.permission.ACCESS_COARSE_LOCATION, com.google.android.c2dm.permission.RECEIVE, android.permission.DOWNLOAD_WITHOUT_NOTIFICATION, android.permission.READ_PHONE_STATE",No,No,No,No,No,No,No,Yes,No,No,False,True,False
SavingsBox,com.reliance.savingsbox,Nigeria/Approved,"android.permission.READ_MEDIA_VIDEO, android.permission.ACCESS_ADSERVICES_ATTRIBUTION, android.permission.READ_MEDIA_AUDIO, android.permission.WAKE_LOCK, android.permission.CAMERA, android.permission.READ_MEDIA_IMAGES, android.permission.ACCESS_ADSERVICES_AD_ID, com.google.android.gms.permission.AD_ID, android.permission.READ_EXTERNAL_STORAGE, android.permission.VIBRATE, android.permission.USE_FINGERPRINT, com.google.android.c2dm.permission.RECEIVE, android.permission.READ_MEDIA_VIDEOS, android.permission.WRITE_EXTERNAL_STORAGE, android.permission.USE_BIOMETRIC, android.permission.RECORD_AUDIO, android.permission.POST_NOTIFICATIONS, android.permission.INTERNET, android.permission.MICROPHONE, com.google.android.finsky.permission.BIND_GET_INSTALL_REFERRER_SERVICE, com.reliance.savingsbox.DYNAMIC_RECEIVER_NOT_EXPORTED_PERMISSION, android.permission.ACCESS_NETWORK_STATE, com.reliance.savingsbox.permission.WRITE_SCHEDULE",No,No,Yes,Yes,Yes,Yes,Yes,No,No,No,True,True,True
Traction,co.tractionapp.traction,Nigeria/Approved,"android.permission.READ_MEDIA_VIDEO, android.permission.CLOUDPOS_PIN_GET_PIN_BLOCK, android.permission.READ_MEDIA_AUDIO, android.permission.BLUETOOTH_SCAN, android.permission.ACTION_OPEN_DOCUMENT, android.permission.ACCESS_FINE_LOCATION, android.permission.WAKE_LOCK, android.permission.ACCESS_WIFI_STATE, android.permission.CAMERA, android.permission.READ_CONTACTS, android.permission.RECEIVE_BOOT_COMPLETED, android.permission.CLOUDPOS_PINPAD, android.permission.BLUETOOTH_CONNECT, android.permission.READ_MEDIA_IMAGES, android.permission.CLOUDPOS_SAFE_MODULE_READONLY, com.google.android.gms.permission.AD_ID, android.permission.BLUETOOTH, android.permission.READ_EXTERNAL_STORAGE, android.permission.BLUETOOTH_ADMIN, com.google.android.c2dm.permission.RECEIVE, android.permission.CLOUDPOS_EMV, android.permission.CLOUDPOS_PIN_UPDATE_MASTER_KEY, android.permission.CLOUDPOS_PIN_UPDATE_USER_KEY, android.permission.CLOUDPOS_SAFE_MODULE, android.permission.WRITE_EXTERNAL_STORAGE, android.permission.CLOUDPOS_LED, android.permission.BROADCAST_STICKY, android.permission.CLOUDPOS_SMARTCARD, android.permission.CLOUDPOS_PRINTER, android.permission.REORDER_TASKS, android.permission.CLOUDPOS_CONTACTLESS_CARD, android.permission.CLOUDPOS_MSR, android.permission.CLOUDPOS_PIN_MAC, android.permission.FOREGROUND_SERVICE, android.permission.INTERNET, com.google.android.finsky.permission.BIND_GET_INSTALL_REFERRER_SERVICE, android.permission.ACCESS_NETWORK_STATE, android.permission.ACCESS_COARSE_LOCATION, android.permission.ACCESS_MEDIA_LOCATION, android.permission.CLOUDPOS_PIN_ENCRYPT_DATA, android.permission.REQUEST_IGNORE_BATTERY_OPTIMIZATIONS",Yes,No,Yes,Yes,Yes,Yes,Yes,No,No,Yes,True,True,True
Pivo,africa.pivo,Nigeria/Approved,"android.permission.READ_MEDIA_IMAGES, android.permission.READ_MEDIA_AUDIO, android.permission.WAKE_LOCK, android.permission.POST_NOTIFICATIONS, android.permission.INTERNET, com.google.android.gms.permission.AD_ID, android.permission.USE_FULL_SCREEN_INTENT, com.google.android.finsky.permission.BIND_GET_INSTALL_REFERRER_SERVICE, android.permission.READ_EXTERNAL_STORAGE, android.permission.USE_BIOMETRIC, android.permission.VIBRATE, android.permission.ACCESS_NETWORK_STATE, android.permission.USE_FINGERPRINT, android.permission.QUERY_ALL_PACKAGES, com.google.android.c2dm.permission.RECEIVE, android.permission.SCHEDULE_EXACT_ALARM, africa.pivo.DYNAMIC_RECEIVER_NOT_EXPORTED_PERMISSION, android.permission.RECEIVE_BOOT_COMPLETED",No,No,Yes,No,Yes,Yes,No,No,Yes,No,True,True,True
NiceCredit,com.nice.credit.nigeria,Nigeria/Approved,"android.permission.ACCESS_WIFI_STATE, android.permission.WAKE_LOCK, android.permission.INTERNET, com.google.android.gms.permission.AD_ID, android.permission.BLUETOOTH, android.permission.LOCAL_MAC_ADDRESS, com.google.android.finsky.permission.BIND_GET_INSTALL_REFERRER_SERVICE, android.permission.ACCESS_NETWORK_STATE, android.permission.ACCESS_COARSE_LOCATION, com.google.android.c2dm.permission.RECEIVE, android.permission.READ_PHONE_STATE",No,No,No,No,No,No,No,No,No,No,False,False,False
Quickcheck,io.quickcheck.loans,Nigeria/Approved,"android.permission.WAKE_LOCK, android.permission.ACCESS_WIFI_STATE, android.permission.ACCESS_ADSERVICES_ATTRIBUTION, android.permission.ACCESS_FINE_LOCATION, android.permission.CAMERA, android.permission.SYSTEM_ALERT_WINDOW, android.permission.RECEIVE_BOOT_COMPLETED, android.permission.ACCESS_ADSERVICES_AD_ID, com.google.android.gms.permission.AD_ID, android.permission.VIBRATE, android.permission.READ_EXTERNAL_STORAGE, android.permission.USE_FINGERPRINT, com.google.android.c2dm.permission.RECEIVE, android.permission.WRITE_EXTERNAL_STORAGE, android.permission.USE_BIOMETRIC, io.quickcheck.loans.DYNAMIC_RECEIVER_NOT_EXPORTED_PERMISSION, android.permission.FOREGROUND_SERVICE, android.permission.READ_PHONE_STATE, android.permission.POST_NOTIFICATIONS, android.permission.INTERNET, com.google.android.finsky.permission.BIND_GET_INSTALL_REFERRER_SERVICE, android.permission.READ_SMS, android.permission.ACCESS_NETWORK_STATE, android.permission.ACCESS_COARSE_LOCATION, com.truecaller.permission.sdk.internal.read_account_state",No,No,Yes,Yes,No,No,No,Yes,No,Yes,True,True,True
JaraCash,com.jaraCash,Nigeria/Approved,"com.jaraCash.DYNAMIC_RECEIVER_NOT_EXPORTED_PERMISSION, android.permission.INTERNET, android.permission.VIBRATE, android.permission.ACCESS_NETWORK_STATE",No,No,No,No,No,No,No,No,No,No,False,False,False
Gogetcredit,go.get.credit,Nigeria/Approved,"android.permission.BLUETOOTH_CONNECT, com.huawei.appmarket.service.commondata.permission.GET_COMMON_DATA, android.permission.ACCESS_WIFI_STATE, android.permission.ACCESS_ADSERVICES_ATTRIBUTION, android.permission.WAKE_LOCK, android.permission.POST_NOTIFICATIONS, android.permission.INTERNET, com.google.android.gms.permission.AD_ID, android.permission.BLUETOOTH, com.google.android.finsky.permission.BIND_GET_INSTALL_REFERRER_SERVICE, android.permission.READ_SMS, android.permission.ACCESS_NETWORK_STATE, com.google.android.providers.gsf.permission.READ_GSERVICES, com.google.android.c2dm.permission.RECEIVE, go.get.credit.DYNAMIC_RECEIVER_NOT_EXPORTED_PERMISSION, android.permission.READ_PHONE_STATE",No,No,No,No,No,No,No,Yes,No,No,False,True,False
GoLoan,com.wegoloan.app.nigeria,Nigeria/Approved,"android.permission.ACCESS_WIFI_STATE, android.permission.WAKE_LOCK, android.permission.READ_PRIVILEGED_PHONE_STATE, android.permission.READ_CALENDAR, android.permission.CHANGE_WIFI_STATE, android.permission.INTERNET, android.permission.CAMERA, com.google.android.gms.permission.AD_ID, android.permission.POST_NOTIFICATIONS, android.permission.LOCAL_MAC_ADDRESS, com.google.android.finsky.permission.BIND_GET_INSTALL_REFERRER_SERVICE, android.permission.READ_SMS, android.permission.ACCESS_NETWORK_STATE, android.permission.ACCESS_COARSE_LOCATION, com.google.android.c2dm.permission.RECEIVE, android.permission.CHANGE_WIFI_MULTICAST_STATE, android.permission.READ_PHONE_STATE",No,No,No,No,No,No,No,Yes,No,No,False,True,False
Aibanc,co.aibanc.Aibanc_APP,Nigeria/Approved,"android.permission.WRITE_EXTERNAL_STORAGE, android.permission.WAKE_LOCK, android.permission.ACCESS_WIFI_STATE, android.permission.POST_NOTIFICATIONS, android.permission.INTERNET, co.aibanc.Aibanc_APP.DYNAMIC_RECEIVER_NOT_EXPORTED_PERMISSION, com.google.android.finsky.permission.BIND_GET_INSTALL_REFERRER_SERVICE, android.permission.READ_EXTERNAL_STORAGE, android.permission.SYSTEM_ALERT_WINDOW, android.permission.USE_BIOMETRIC, android.permission.VIBRATE, android.permission.ACCESS_NETWORK_STATE, com.google.android.c2dm.permission.RECEIVE, android.permission.DOWNLOAD_WITHOUT_NOTIFICATION",No,No,Yes,Yes,No,No,No,No,No,No,True,True,True
SilkLoan,silkloan.nigeria.credit.cash.loan,Nigeria/Approved,"com.huawei.appmarket.service.commondata.permission.GET_COMMON_DATA, android.permission.ACCESS_WIFI_STATE, android.permission.WAKE_LOCK, android.permission.ACCESS_ADSERVICES_ATTRIBUTION, android.permission.POST_NOTIFICATIONS, android.permission.INTERNET, android.permission.CAMERA, com.google.android.gms.permission.AD_ID, com.android.vending.CHECK_LICENSE, silkloan.nigeria.credit.cash.loan.DYNAMIC_RECEIVER_NOT_EXPORTED_PERMISSION, com.google.android.finsky.permission.BIND_GET_INSTALL_REFERRER_SERVICE, android.permission.READ_SMS, android.permission.ACCESS_COARSE_LOCATION, android.permission.ACCESS_NETWORK_STATE, com.google.android.c2dm.permission.RECEIVE",No,No,No,No,No,No,No,Yes,No,No,False,True,False
PaydayHub,com.paydayhubonline.paydayhub_app,Nigeria/Approved,"android.permission.WAKE_LOCK, android.permission.POST_NOTIFICATIONS, android.permission.INTERNET, com.google.android.gms.permission.AD_ID, android.permission.USE_FULL_SCREEN_INTENT, com.google.android.finsky.permission.BIND_GET_INSTALL_REFERRER_SERVICE, android.permission.VIBRATE, android.permission.ACCESS_NETWORK_STATE, com.google.android.c2dm.permission.RECEIVE, android.permission.SCHEDULE_EXACT_ALARM, android.permission.RECEIVE_BOOT_COMPLETED",No,No,No,No,No,No,No,No,No,No,False,False,False
EaseMoni,com.loan.cash.credit.easemoni.nigeria,Nigeria/Approved,"com.huawei.android.launcher.permission.CHANGE_BADGE , android.permission.ACCESS_WIFI_STATE, android.permission.WAKE_LOCK, android.permission.CHANGE_WIFI_STATE, android.permission.CAMERA, com.google.android.gms.permission.AD_ID, com.google.android.c2dm.permission.RECEIVE, com.loan.cash.credit.easemoni.nigeria.DYNAMIC_RECEIVER_NOT_EXPORTED_PERMISSION, com.asus.msa.SupplementaryDID.ACCESS , android.permission.WRITE_CALENDAR, android.permission.RECEIVE_SMS, android.permission.READ_PHONE_STATE, android.permission.READ_CALENDAR, android.permission.POST_NOTIFICATIONS, android.permission.INTERNET, com.google.android.finsky.permission.BIND_GET_INSTALL_REFERRER_SERVICE, android.permission.READ_SMS, android.permission.ACCESS_NETWORK_STATE, android.permission.ACCESS_COARSE_LOCATION, android.permission.AUTHENTICATE_ACCOUNTS",No,No,No,No,No,No,No,Yes,No,No,False,True,False
MintBag,com.finles.mintbag,Nigeria/Approved,"android.permission.BLUETOOTH_CONNECT, android.permission.ACCESS_WIFI_STATE, android.permission.READ_PRIVILEGED_PHONE_STATE, android.permission.READ_CALENDAR, android.permission.CHANGE_WIFI_STATE, android.permission.INTERNET, android.permission.CAMERA, android.permission.LOCAL_MAC_ADDRESS, android.permission.CHANGE_NETWORK_STATE, android.permission.READ_CALL_LOG, android.permission.READ_SMS, android.permission.ACCESS_COARSE_LOCATION, android.permission.ACCESS_NETWORK_STATE, android.permission.READ_PROFILE, android.permission.GET_ACCOUNTS, android.permission.READ_PHONE_STATE",No,Yes,No,No,No,No,No,Yes,No,No,False,True,True
Renners,com.bloocode.renners,Nigeria/Approved,"android.permission.ACCESS_WIFI_STATE, android.permission.WAKE_LOCK, android.permission.POST_NOTIFICATIONS, android.permission.INTERNET, android.permission.CAMERA, com.google.android.gms.permission.AD_ID, android.permission.USE_FULL_SCREEN_INTENT, com.google.android.finsky.permission.BIND_GET_INSTALL_REFERRER_SERVICE, android.permission.VIBRATE, com.bloocode.renners.DYNAMIC_RECEIVER_NOT_EXPORTED_PERMISSION, android.permission.ACCESS_NETWORK_STATE, android.permission.ACCESS_COARSE_LOCATION, com.google.android.c2dm.permission.RECEIVE, android.permission.SCHEDULE_EXACT_ALARM, android.permission.RECEIVE_BOOT_COMPLETED",No,No,No,No,No,No,No,No,No,No,False,False,False
SmartNaira,com.smart.naira,Nigeria/Approved,"android.permission.INTERNET, com.smart.naira.DYNAMIC_RECEIVER_NOT_EXPORTED_PERMISSION, android.permission.ACCESS_NETWORK_STATE",No,No,No,No,No,No,No,No,No,No,False,False,False
Zelia,com.zeliaapp,Nigeria/Approved,"android.permission.WAKE_LOCK, android.permission.ACCESS_WIFI_STATE, android.permission.ACCESS_ADSERVICES_ATTRIBUTION, android.permission.ACCESS_FINE_LOCATION, com.sec.android.provider.badge.permission.WRITE, com.sonyericsson.home.permission.BROADCAST_BADGE, android.permission.CAMERA, com.anddoes.launcher.permission.UPDATE_COUNT, com.majeur.launcher.permission.UPDATE_BADGE, me.everything.badger.permission.BADGE_COUNT_READ, android.permission.RECEIVE_BOOT_COMPLETED, com.oppo.launcher.permission.READ_SETTINGS, com.huawei.android.launcher.permission.CHANGE_BADGE, android.permission.READ_MEDIA_IMAGES, android.permission.ACCESS_ADSERVICES_AD_ID, me.everything.badger.permission.BADGE_COUNT_WRITE, com.google.android.gms.permission.AD_ID, com.sonymobile.home.permission.PROVIDER_INSERT_BADGE, android.permission.READ_APP_BADGE, android.permission.READ_EXTERNAL_STORAGE, android.permission.USE_FINGERPRINT, com.google.android.c2dm.permission.RECEIVE, com.htc.launcher.permission.UPDATE_SHORTCUT, android.permission.ACTIVITY_RECOGNITION, android.permission.WRITE_EXTERNAL_STORAGE, android.permission.USE_BIOMETRIC, com.google.android.providers.gsf.permission.READ_GSERVICES, com.sec.android.provider.badge.permission.READ, com.huawei.android.launcher.permission.READ_SETTINGS, android.permission.FOREGROUND_SERVICE, android.permission.POST_NOTIFICATIONS, android.permission.INTERNET, com.google.android.finsky.permission.BIND_GET_INSTALL_REFERRER_SERVICE, com.oppo.launcher.permission.WRITE_SETTINGS, com.huawei.android.launcher.permission.WRITE_SETTINGS, android.permission.ACCESS_COARSE_LOCATION, android.permission.ACCESS_NETWORK_STATE, com.zeliaapp.DYNAMIC_RECEIVER_NOT_EXPORTED_PERMISSION, com.htc.launcher.permission.READ_SETTINGS",No,No,Yes,Yes,No,Yes,No,No,No,Yes,True,True,True
VendorCredit,ng.vendorcredit.app,Nigeria/Approved,"ng.vendorcredit.app.DYNAMIC_RECEIVER_NOT_EXPORTED_PERMISSION, android.permission.WRITE_EXTERNAL_STORAGE, android.permission.WAKE_LOCK, android.permission.INTERNET, android.permission.READ_EXTERNAL_STORAGE",No,No,Yes,Yes,No,No,No,No,No,No,True,True,True
Lilycash,ng.personal.loan.lily.cash,Nigeria/Approved,"android.permission.ACCESS_WIFI_STATE, android.permission.WAKE_LOCK, android.permission.CAMERA, android.permission.BLUETOOTH_CONNECT, com.google.android.gms.permission.AD_ID, android.permission.BLUETOOTH, com.google.android.c2dm.permission.RECEIVE, android.permission.WRITE_CALENDAR, com.google.android.gms.permission.ACTIVITY_RECOGNITION, android.permission.READ_CALL_LOG, android.permission.READ_PHONE_STATE, android.permission.READ_CALENDAR, android.permission.POST_NOTIFICATIONS, android.permission.INTERNET, ng.personal.loan.lily.cash.DYNAMIC_RECEIVER_NOT_EXPORTED_PERMISSION, com.google.android.finsky.permission.BIND_GET_INSTALL_REFERRER_SERVICE, android.permission.READ_SMS, android.permission.ACCESS_NETWORK_STATE, android.permission.ACCESS_COARSE_LOCATION",No,Yes,No,No,No,No,No,Yes,No,No,False,True,True
SnappyCredit,com.ng.snappycredit,Nigeria/Approved,"android.permission.BLUETOOTH_CONNECT, android.permission.ACCESS_WIFI_STATE, android.permission.WAKE_LOCK, android.permission.CHANGE_WIFI_STATE, android.permission.INTERNET, com.google.android.gms.permission.AD_ID, android.permission.LOCAL_MAC_ADDRESS, com.google.android.finsky.permission.BIND_GET_INSTALL_REFERRER_SERVICE, android.permission.ACCESS_NETWORK_STATE, android.permission.ACCESS_COARSE_LOCATION, com.google.android.c2dm.permission.RECEIVE, android.permission.READ_PHONE_STATE",No,No,No,No,No,No,No,No,No,No,False,False,False
Gocash,com.go.cash.cash.gocash,Nigeria/Approved,"android.permission.WRITE_CALENDAR, android.permission.ACCESS_WIFI_STATE, android.permission.WAKE_LOCK, android.permission.READ_CALENDAR, android.permission.READ_PRECISE_PHONE_STATE, android.permission.MOUNT_UNMOUNT_FILESYSTEMS, android.permission.INTERNET, android.permission.CAMERA, com.google.android.gms.permission.AD_ID, android.permission.READ_PRIVILEGED_PHONE_STATE, android.permission.POST_NOTIFICATIONS, com.google.android.finsky.permission.BIND_GET_INSTALL_REFERRER_SERVICE, android.permission.READ_SMS, android.permission.ACCESS_COARSE_LOCATION, android.permission.ACCESS_NETWORK_STATE, com.google.android.c2dm.permission.RECEIVE, android.permission.READ_PHONE_STATE",No,No,No,No,No,No,No,Yes,No,No,False,True,False
monee,com.nidcomsolutions.monee,Nigeria/Approved,"com.sec.android.provider.badge.permission.WRITE, android.permission.WAKE_LOCK, com.nidcomsolutions.monee.permission.C2D_MESSAGE, android.permission.ACCESS_FINE_LOCATION, com.sonyericsson.home.permission.BROADCAST_BADGE, com.anddoes.launcher.permission.UPDATE_COUNT, com.majeur.launcher.permission.UPDATE_BADGE, me.everything.badger.permission.BADGE_COUNT_READ, com.nidcomsolutions.monee.DYNAMIC_RECEIVER_NOT_EXPORTED_PERMISSION, android.permission.RECEIVE_BOOT_COMPLETED, com.oppo.launcher.permission.READ_SETTINGS, com.huawei.android.launcher.permission.CHANGE_BADGE, me.everything.badger.permission.BADGE_COUNT_WRITE, com.sonymobile.home.permission.PROVIDER_INSERT_BADGE, android.permission.READ_APP_BADGE, android.permission.VIBRATE, android.permission.USE_FINGERPRINT, com.google.android.c2dm.permission.RECEIVE, com.htc.launcher.permission.UPDATE_SHORTCUT, android.permission.USE_BIOMETRIC, com.sec.android.provider.badge.permission.READ, com.huawei.android.launcher.permission.READ_SETTINGS, android.permission.FOREGROUND_SERVICE, android.permission.POST_NOTIFICATIONS, android.permission.INTERNET, com.oppo.launcher.permission.WRITE_SETTINGS, com.huawei.android.launcher.permission.WRITE_SETTINGS, android.permission.ACCESS_NETWORK_STATE, android.permission.ACCESS_COARSE_LOCATION, com.htc.launcher.permission.READ_SETTINGS",No,No,No,No,No,No,No,No,No,Yes,True,True,False
liberty-pay,com.libertyassured.libertypay,Nigeria/Approved,"android.permission.ACCESS_WIFI_STATE, android.permission.WAKE_LOCK, android.permission.CAMERA, android.permission.READ_CONTACTS, android.permission.SYSTEM_ALERT_WINDOW, android.permission.ACCESS_NETWORK_STAT, android.permission.RECEIVE_BOOT_COMPLETED, com.google.android.gms.permission.AD_ID, android.permission.BLUETOOTH, android.permission.READ_EXTERNAL_STORAGE, android.permission.VIBRATE, android.permission.USE_FINGERPRINT, com.google.android.c2dm.permission.RECEIVE, android.permission.WRITE_EXTERNAL_STORAGE, com.android.vending.CHECK_LICENSE, android.permission.USE_BIOMETRIC, android.permission.GET_ACCOUNTS, android.permission.FOREGROUND_SERVICE, android.permission.READ_PHONE_STATE, android.permission.READ_CALENDAR, android.permission.INTERNET, com.google.android.finsky.permission.BIND_GET_INSTALL_REFERRER_SERVICE, android.permission.READ_SMS, android.permission.ACCESS_NETWORK_STATE, android.permission.ACCESS_COARSE_LOCATION",Yes,No,Yes,Yes,No,No,No,Yes,No,No,True,True,True
YesCreditApp,com.yescreditapp,Nigeria/Approved,"android.permission.RECORD_AUDIO, android.permission.WAKE_LOCK, android.permission.INTERNET, android.permission.CAMERA, com.google.android.gms.permission.ACTIVITY_RECOGNITION, com.google.android.finsky.permission.BIND_GET_INSTALL_REFERRER_SERVICE, android.permission.USE_BIOMETRIC, android.permission.USE_FINGERPRINT, android.permission.ACCESS_COARSE_LOCATION, android.permission.ACCESS_NETWORK_STATE, com.google.android.c2dm.permission.RECEIVE, com.google.android.providers.gsf.permission.READ_GSERVICES, android.permission.FOREGROUND_SERVICE",No,No,No,No,No,No,No,No,No,No,False,False,False
Palmcredit,com.transsnetfinancial.palmcredit,Nigeria/Approved,"android.permission.ACCESS_WIFI_STATE, android.permission.WAKE_LOCK, android.permission.CHANGE_WIFI_STATE, android.permission.CAMERA, android.permission.SYSTEM_ALERT_WINDOW, android.permission.RECEIVE_BOOT_COMPLETED, com.google.android.gms.permission.AD_ID, android.permission.VIBRATE, android.permission.HIGH_SAMPLING_RATE_SENSORS, android.permission.USE_FINGERPRINT, com.google.android.c2dm.permission.RECEIVE, android.permission.WRITE_CALENDAR, android.permission.ACCESS_LOCATION_EXTRA_COMMANDS, android.permission.READ_CALL_LOG, android.permission.USE_BIOMETRIC, com.google.android.providers.gsf.permission.READ_GSERVICES, android.permission.REORDER_TASKS, android.permission.FOREGROUND_SERVICE, android.permission.READ_PHONE_STATE, android.permission.GET_TASKS, android.permission.READ_CALENDAR, android.permission.POST_NOTIFICATIONS, android.permission.INTERNET, com.google.android.finsky.permission.BIND_GET_INSTALL_REFERRER_SERVICE, android.permission.READ_SMS, android.permission.ACCESS_NETWORK_STATE, android.permission.ACCESS_COARSE_LOCATION, com.android.vending.setup.PLAY_SETUP_SERVICE",No,Yes,No,No,No,No,No,Yes,No,No,False,True,True
Payhippo,app.payhippo,Nigeria/Approved,"android.permission.WRITE_EXTERNAL_STORAGE, android.permission.WAKE_LOCK, android.permission.POST_NOTIFICATIONS, android.permission.INTERNET, android.permission.CAMERA, app.payhippo.DYNAMIC_RECEIVER_NOT_EXPORTED_PERMISSION, android.permission.READ_EXTERNAL_STORAGE, android.permission.USE_BIOMETRIC, android.permission.VIBRATE, android.permission.ACCESS_COARSE_LOCATION, android.permission.ACCESS_NETWORK_STATE, com.google.android.providers.gsf.permission.READ_GSERVICES, com.google.android.c2dm.permission.RECEIVE, android.permission.USE_FINGERPRINT, android.permission.RECEIVE_BOOT_COMPLETED, android.permission.FOREGROUND_SERVICE",No,No,Yes,Yes,No,No,No,No,No,No,True,True,True
P2Vest,com.p2vest,Nigeria/Approved,"com.p2vest.DYNAMIC_RECEIVER_NOT_EXPORTED_PERMISSION, android.permission.WAKE_LOCK, android.permission.ACCESS_WIFI_STATE, android.permission.ACCESS_ADSERVICES_ATTRIBUTION, com.sec.android.provider.badge.permission.WRITE, com.sonyericsson.home.permission.BROADCAST_BADGE, com.anddoes.launcher.permission.UPDATE_COUNT, android.permission.CAMERA, com.majeur.launcher.permission.UPDATE_BADGE, me.everything.badger.permission.BADGE_COUNT_READ, android.permission.RECEIVE_BOOT_COMPLETED, com.oppo.launcher.permission.READ_SETTINGS, com.huawei.android.launcher.permission.CHANGE_BADGE, android.permission.ACCESS_ADSERVICES_AD_ID, me.everything.badger.permission.BADGE_COUNT_WRITE, com.google.android.gms.permission.AD_ID, com.sonymobile.home.permission.PROVIDER_INSERT_BADGE, android.permission.READ_APP_BADGE, android.permission.READ_EXTERNAL_STORAGE, android.permission.VIBRATE, android.permission.USE_FINGERPRINT, com.google.android.c2dm.permission.RECEIVE, com.htc.launcher.permission.UPDATE_SHORTCUT, android.permission.WRITE_EXTERNAL_STORAGE, com.android.vending.CHECK_LICENSE, android.permission.USE_BIOMETRIC, com.sec.android.provider.badge.permission.READ, com.huawei.android.launcher.permission.READ_SETTINGS, android.permission.POST_NOTIFICATIONS, android.permission.INTERNET, com.google.android.finsky.permission.BIND_GET_INSTALL_REFERRER_SERVICE, com.oppo.launcher.permission.WRITE_SETTINGS, com.huawei.android.launcher.permission.WRITE_SETTINGS, android.permission.ACCESS_NETWORK_STATE, com.htc.launcher.permission.READ_SETTINGS",No,No,Yes,Yes,No,No,No,No,No,No,True,True,True
AllCredit,com.allcredit.ls,Nigeria/Approved,"android.permission.ACCESS_WIFI_STATE, android.permission.WAKE_LOCK, android.permission.CHANGE_WIFI_STATE, android.permission.CAMERA, android.permission.RECEIVE_BOOT_COMPLETED, android.permission.BLUETOOTH, android.permission.VIBRATE, android.permission.BLUETOOTH_ADMIN, android.permission.HIGH_SAMPLING_RATE_SENSORS, android.permission.CHANGE_NETWORK_STATE, com.google.android.c2dm.permission.RECEIVE, android.permission.WRITE_CALENDAR, android.permission.ACCESS_LOCATION_EXTRA_COMMANDS, android.permission.REORDER_TASKS, android.permission.RECEIVE_SMS, android.permission.FOREGROUND_SERVICE, android.permission.READ_PHONE_STATE, android.permission.READ_CALENDAR, android.permission.INTERNET, com.google.android.finsky.permission.BIND_GET_INSTALL_REFERRER_SERVICE, android.permission.READ_SMS, android.permission.ACCESS_COARSE_LOCATION, android.permission.ACCESS_NETWORK_STATE, com.android.vending.setup.PLAY_SETUP_SERVICE",No,No,No,No,No,No,No,Yes,No,No,False,True,False
Credit Wallet,com.credit.wallet,Nigeria/Approved,"android.permission.ACCESS_WIFI_STATE, android.permission.READ_CALENDAR, android.permission.ACCESS_FINE_LOCATION, android.permission.CHANGE_WIFI_STATE, android.permission.FLASHLIGHT, android.permission.CAMERA, com.google.android.gms.permission.AD_ID, android.permission.ACCESS_LOCATION_EXTRA_COMMANDS, android.permission.INTERNET, android.permission.READ_CONTACTS, android.permission.READ_EXTERNAL_STORAGE, com.google.android.finsky.permission.BIND_GET_INSTALL_REFERRER_SERVICE, android.permission.READ_SMS, android.permission.ACCESS_NETWORK_STATE, android.permission.ACCESS_COARSE_LOCATION, android.permission.ACCESS_MEDIA_LOCATION, android.permission.READ_PHONE_STATE",Yes,No,Yes,No,No,No,No,Yes,No,Yes,True,True,True
Allawee,com.allaweepersonal.mobile,Nigeria/Approved,"android.permission.WAKE_LOCK, com.sec.android.provider.badge.permission.WRITE, android.permission.ACCESS_ADSERVICES_ATTRIBUTION, com.sonyericsson.home.permission.BROADCAST_BADGE, com.anddoes.launcher.permission.UPDATE_COUNT, android.permission.CAMERA, com.majeur.launcher.permission.UPDATE_BADGE, me.everything.badger.permission.BADGE_COUNT_READ, com.allaweepersonal.mobile.permission.C2D_MESSAGE, android.permission.RECEIVE_BOOT_COMPLETED, com.oppo.launcher.permission.READ_SETTINGS, com.huawei.android.launcher.permission.CHANGE_BADGE, android.permission.ACCESS_ADSERVICES_AD_ID, me.everything.badger.permission.BADGE_COUNT_WRITE, com.google.android.gms.permission.AD_ID, com.sonymobile.home.permission.PROVIDER_INSERT_BADGE, android.permission.READ_APP_BADGE, android.permission.READ_EXTERNAL_STORAGE, android.permission.VIBRATE, android.permission.USE_FINGERPRINT, com.google.android.c2dm.permission.RECEIVE, com.htc.launcher.permission.UPDATE_SHORTCUT, android.permission.WRITE_EXTERNAL_STORAGE, com.allaweepersonal.mobile.DYNAMIC_RECEIVER_NOT_EXPORTED_PERMISSION, android.permission.USE_BIOMETRIC, com.sec.android.provider.badge.permission.READ, com.huawei.android.launcher.permission.READ_SETTINGS, android.permission.FOREGROUND_SERVICE, android.permission.POST_NOTIFICATIONS, android.permission.INTERNET, com.google.android.finsky.permission.BIND_GET_INSTALL_REFERRER_SERVICE, com.oppo.launcher.permission.WRITE_SETTINGS, com.huawei.android.launcher.permission.WRITE_SETTINGS, android.permission.ACCESS_NETWORK_STATE, com.htc.launcher.permission.READ_SETTINGS",No,No,Yes,Yes,No,No,No,No,No,No,True,True,True
Paypoint,com.paypoint.app.ng,Nigeria/Approved,"android.permission.RECORD_AUDIO, android.permission.WAKE_LOCK, android.permission.POST_NOTIFICATIONS, android.permission.INTERNET, android.permission.CAMERA, com.google.android.gms.permission.AD_ID, com.paypoint.app.ng.DYNAMIC_RECEIVER_NOT_EXPORTED_PERMISSION, com.google.android.finsky.permission.BIND_GET_INSTALL_REFERRER_SERVICE, android.permission.VIBRATE, android.permission.USE_BIOMETRIC, android.permission.USE_FINGERPRINT, android.permission.ACCESS_NETWORK_STATE, com.google.android.c2dm.permission.RECEIVE",No,No,No,No,No,No,No,No,No,No,False,False,False
NaijaEase,com.summit.naijaease,Nigeria/Approved,"android.permission.ACCESS_WIFI_STATE, android.permission.INTERNET, android.permission.CAMERA, com.google.android.gms.permission.AD_ID, com.summit.naijaease.DYNAMIC_RECEIVER_NOT_EXPORTED_PERMISSION, com.android.vending.CHECK_LICENSE, com.google.android.finsky.permission.BIND_GET_INSTALL_REFERRER_SERVICE, android.permission.READ_SMS, android.permission.ACCESS_NETWORK_STATE, android.permission.ACCESS_COARSE_LOCATION, android.permission.READ_PHONE_STATE",No,No,No,No,No,No,No,Yes,No,No,False,True,False
Newcredit,com.pbank.newcredit,Nigeria/Approved,"android.permission.ACCESS_WIFI_STATE, android.permission.WAKE_LOCK, android.permission.CHANGE_WIFI_STATE, android.permission.CAMERA, android.permission.SYSTEM_ALERT_WINDOW, android.permission.RECEIVE_BOOT_COMPLETED, com.google.android.gms.permission.AD_ID, android.permission.VIBRATE, android.permission.HIGH_SAMPLING_RATE_SENSORS, android.permission.USE_FINGERPRINT, com.google.android.c2dm.permission.RECEIVE, android.permission.WRITE_CALENDAR, android.permission.ACCESS_LOCATION_EXTRA_COMMANDS, android.permission.READ_CALL_LOG, android.permission.USE_BIOMETRIC, com.google.android.providers.gsf.permission.READ_GSERVICES, android.permission.REORDER_TASKS, android.permission.FOREGROUND_SERVICE, android.permission.READ_PHONE_STATE, android.permission.GET_TASKS, android.permission.READ_CALENDAR, android.permission.POST_NOTIFICATIONS, android.permission.INTERNET, com.google.android.finsky.permission.BIND_GET_INSTALL_REFERRER_SERVICE, android.permission.READ_SMS, android.permission.ACCESS_NETWORK_STATE, android.permission.ACCESS_COARSE_LOCATION, com.android.vending.setup.PLAY_SETUP_SERVICE",No,Yes,No,No,No,No,No,Yes,No,No,False,True,True
FastCent,com.ng.FastCent,Nigeria/Approved,"android.permission.WRITE_CALENDAR, android.permission.RECORD_AUDIO, android.permission.WAKE_LOCK, android.permission.ACCESS_WIFI_STATE, android.permission.READ_CALENDAR, android.permission.CHANGE_WIFI_STATE, android.permission.ACCESS_LOCATION_EXTRA_COMMANDS, android.permission.CAMERA, android.permission.INTERNET, com.google.android.gms.permission.AD_ID, com.google.android.finsky.permission.BIND_GET_INSTALL_REFERRER_SERVICE, android.permission.CHANGE_NETWORK_STATE, android.permission.READ_CALL_LOG, android.permission.ACCESS_NETWORK_STATE, android.permission.ACCESS_COARSE_LOCATION, android.permission.READ_PHONE_STATE",No,Yes,No,No,No,No,No,No,No,No,False,True,True
LinkCredit,linkcredit.credit,Nigeria/Approved,"android.permission.ACCESS_WIFI_STATE, android.permission.WAKE_LOCK, android.permission.READ_PRIVILEGED_PHONE_STATE, android.permission.INTERNET, com.google.android.gms.permission.AD_ID, com.google.android.finsky.permission.BIND_GET_INSTALL_REFERRER_SERVICE, android.permission.CHANGE_NETWORK_STATE, android.permission.VIBRATE, android.permission.ACCESS_NETWORK_STATE, android.permission.ACCESS_COARSE_LOCATION, com.google.android.c2dm.permission.RECEIVE, android.permission.RECEIVE_BOOT_COMPLETED, android.permission.FOREGROUND_SERVICE, android.permission.KILL_BACKGROUND_PROCESSES, android.permission.READ_PHONE_STATE",No,No,No,No,No,No,No,No,No,No,False,False,False
,com.loan.naira.cash.ng9,Nigeria/Approved,"android.permission.ACCESS_WIFI_STATE, android.permission.RECEIVE_USER_PRESENT, android.permission.WAKE_LOCK, android.permission.CHANGE_WIFI_STATE, android.permission.CAMERA, android.permission.SYSTEM_ALERT_WINDOW, com.google.android.gms.permission.AD_ID, android.permission.BLUETOOTH, android.permission.VIBRATE, android.permission.CHANGE_NETWORK_STATE, com.google.android.c2dm.permission.RECEIVE, android.permission.MOUNT_UNMOUNT_FILESYSTEMS, android.permission.ACCESS_LOCATION_EXTRA_COMMANDS, android.permission.FOREGROUND_SERVICE, android.permission.READ_PHONE_STATE, android.permission.INTERNET, com.google.android.finsky.permission.BIND_GET_INSTALL_REFERRER_SERVICE, android.permission.READ_SMS, android.permission.ACCESS_NETWORK_STATE, android.permission.ACCESS_COARSE_LOCATION",No,No,No,No,No,No,No,Yes,No,No,False,True,False
Xcrosscash,com.xcash.xcrosscash,Nigeria/Approved,"android.permission.ACCESS_WIFI_STATE, android.permission.WAKE_LOCK, android.permission.CHANGE_WIFI_STATE, android.permission.CAMERA, android.permission.SYSTEM_ALERT_WINDOW, android.permission.RECEIVE_BOOT_COMPLETED, com.google.android.gms.permission.AD_ID, android.permission.VIBRATE, android.permission.HIGH_SAMPLING_RATE_SENSORS, android.permission.USE_FINGERPRINT, com.google.android.c2dm.permission.RECEIVE, android.permission.WRITE_CALENDAR, android.permission.ACCESS_LOCATION_EXTRA_COMMANDS, android.permission.READ_CALL_LOG, android.permission.USE_BIOMETRIC, com.google.android.providers.gsf.permission.READ_GSERVICES, android.permission.REORDER_TASKS, android.permission.FOREGROUND_SERVICE, android.permission.READ_PHONE_STATE, android.permission.GET_TASKS, android.permission.READ_CALENDAR, android.permission.POST_NOTIFICATIONS, android.permission.INTERNET, com.google.android.finsky.permission.BIND_GET_INSTALL_REFERRER_SERVICE, android.permission.READ_SMS, android.permission.ACCESS_NETWORK_STATE, android.permission.ACCESS_COARSE_LOCATION, com.android.vending.setup.PLAY_SETUP_SERVICE",No,Yes,No,No,No,No,No,Yes,No,No,False,True,True
Irorun,com.irorun,Nigeria/Approved,"android.permission.WAKE_LOCK, android.permission.ACCESS_ADSERVICES_ATTRIBUTION, android.permission.ACCESS_WIFI_STATE, com.irorun.DYNAMIC_RECEIVER_NOT_EXPORTED_PERMISSION, android.permission.CAMERA, android.permission.SYSTEM_ALERT_WINDOW, android.permission.RECEIVE_BOOT_COMPLETED, android.permission.ACCESS_ADSERVICES_AD_ID, android.permission.VIBRATE, android.permission.USE_FINGERPRINT, com.google.android.c2dm.permission.RECEIVE, android.permission.MANAGE_DOCUMENTS, android.permission.WRITE_CALENDAR, android.permission.WRITE_EXTERNAL_STORAGE, android.permission.WRITE_SETTINGS, android.permission.USE_BIOMETRIC, android.permission.FOREGROUND_SERVICE, android.permission.READ_PHONE_STATE, android.permission.READ_INTERNAL_STORAGE, android.permission.RECORD_AUDIO, android.permission.READ_CALENDAR, android.permission.MODIFY_AUDIO_SETTINGS, android.permission.INTERNET, android.permission.POST_NOTIFICATIONS, com.google.android.finsky.permission.BIND_GET_INSTALL_REFERRER_SERVICE, android.permission.READ_SMS, android.permission.ACCESS_COARSE_LOCATION, android.permission.ACCESS_NETWORK_STATE, android.permission.DOWNLOAD_WITHOUT_NOTIFICATION",No,No,No,Yes,No,No,No,Yes,No,No,True,True,False
VoiceMoney,com.voicemoney.vmey,Nigeria/Approved,"android.permission.ACCESS_WIFI_STATE, android.permission.WAKE_LOCK, android.permission.CHANGE_WIFI_STATE, android.permission.CAMERA, android.permission.RECEIVE_BOOT_COMPLETED, com.google.android.gms.permission.AD_ID, android.permission.VIBRATE, android.permission.HIGH_SAMPLING_RATE_SENSORS, com.google.android.c2dm.permission.RECEIVE, com.voicemoney.vmey.DYNAMIC_RECEIVER_NOT_EXPORTED_PERMISSION, android.permission.REQUIRE_SECURE_ENV, com.android.vending.CHECK_LICENSE, android.permission.READ_CALL_LOG, com.google.android.providers.gsf.permission.READ_GSERVICES, android.permission.FOREGROUND_SERVICE, android.permission.READ_PHONE_STATE, android.permission.INTERNET, com.google.android.finsky.permission.BIND_GET_INSTALL_REFERRER_SERVICE, android.permission.READ_SMS, android.permission.ACCESS_COARSE_LOCATION, android.permission.ACCESS_NETWORK_STATE",No,Yes,No,No,No,No,No,Yes,No,No,False,True,True
CashX,ixosft.cashx_ng,Nigeria/Approved,"android.permission.ACCESS_ADSERVICES_ATTRIBUTION, android.permission.ACCESS_WIFI_STATE, android.permission.WAKE_LOCK, android.permission.CAMERA, android.permission.RECEIVE_BOOT_COMPLETED, android.permission.ACCESS_ADSERVICES_AD_ID, com.google.android.gms.permission.AD_ID, android.permission.USE_FINGERPRINT, com.google.android.c2dm.permission.RECEIVE, android.permission.READ_MEDIA_VISUAL_USER_SELECTED, ixosft.cashx_ng.DYNAMIC_RECEIVER_NOT_EXPORTED_PERMISSION, android.permission.USE_BIOMETRIC, android.permission.FOREGROUND_SERVICE, android.permission.POST_NOTIFICATIONS, android.permission.INTERNET, com.google.android.finsky.permission.BIND_GET_INSTALL_REFERRER_SERVICE, android.permission.ACCESS_NETWORK_STATE, android.permission.ACCESS_COARSE_LOCATION, android.permission.ACCESS_DOWNLOAD_MANAGER",No,No,No,No,No,No,No,No,No,No,False,False,False
Apex Loan,com.apex.loan.ng.app,Nigeria/Approved,"com.huawei.appmarket.service.commondata.permission.GET_COMMON_DATA, android.permission.ACCESS_ADSERVICES_ATTRIBUTION, android.permission.ACCESS_WIFI_STATE, android.permission.ACCESS_ADSERVICES_AD_ID, android.permission.INTERNET, android.permission.CAMERA, com.google.android.gms.permission.AD_ID, com.android.vending.CHECK_LICENSE, android.permission.LOCAL_MAC_ADDRESS, com.samsung.android.mapsagent.permission.READ_APP_INFO, com.google.android.finsky.permission.BIND_GET_INSTALL_REFERRER_SERVICE, android.permission.READ_SMS, android.permission.ACCESS_NETWORK_STATE, android.permission.ACCESS_COARSE_LOCATION, com.apex.loan.ng.app.DYNAMIC_RECEIVER_NOT_EXPORTED_PERMISSION, android.permission.READ_PHONE_STATE",No,No,No,No,No,No,No,Yes,No,No,False,True,False
iustus,com.loan.iustus,Nigeria/Approved,"android.permission.ACCESS_WIFI_STATE, android.permission.RECEIVE_USER_PRESENT, android.permission.MOUNT_UNMOUNT_FILESYSTEMS, android.permission.WAKE_LOCK, android.permission.CHANGE_WIFI_STATE, android.permission.INTERNET, com.google.android.gms.permission.AD_ID, android.permission.BLUETOOTH, com.google.android.finsky.permission.BIND_GET_INSTALL_REFERRER_SERVICE, android.permission.VIBRATE, android.permission.ACCESS_NETWORK_STATE, android.permission.ACCESS_COARSE_LOCATION, com.google.android.c2dm.permission.RECEIVE, android.permission.READ_PHONE_STATE",No,No,No,No,No,No,No,No,No,No,False,False,False
SeedFi,com.theseedfi.app,Nigeria/Approved,"android.permission.ACCESS_WIFI_STATE, android.permission.ACCESS_ADSERVICES_ATTRIBUTION, android.permission.WAKE_LOCK, android.permission.CAMERA, android.permission.ACCESS_ADSERVICES_CUSTOM_AUDIENCE, android.permission.RECEIVE_BOOT_COMPLETED, android.permission.ACCESS_ADSERVICES_AD_ID, com.google.android.gms.permission.AD_ID, android.permission.VIBRATE, android.permission.USE_FINGERPRINT, com.google.android.c2dm.permission.RECEIVE, com.theseedfi.app.DYNAMIC_RECEIVER_NOT_EXPORTED_PERMISSION, android.permission.USE_BIOMETRIC, com.google.android.providers.gsf.permission.READ_GSERVICES, android.permission.FOREGROUND_SERVICE, android.permission.POST_NOTIFICATIONS, android.permission.INTERNET, com.google.android.finsky.permission.BIND_GET_INSTALL_REFERRER_SERVICE, com.theseedfi.app.permission.WRITE_SCHEDULE, android.permission.ACCESS_NETWORK_STATE",No,No,No,No,No,No,No,No,No,No,False,False,False
Kash Loan,com.kash.loan.money.cash.rupee,Nigeria/Approved,"android.permission.WAKE_LOCK, android.permission.INTERNET, com.google.android.finsky.permission.BIND_GET_INSTALL_REFERRER_SERVICE, com.google.android.c2dm.permission.RECEIVE, android.permission.ACCESS_NETWORK_STATE, android.permission.FOREGROUND_SERVICE",No,No,No,No,No,No,No,No,No,No,False,False,False
HadiFinance,com.hadifinance.hadifinanceapp,Nigeria/Approved,"android.permission.ACCESS_WIFI_STATE, android.permission.ACCESS_ADSERVICES_ATTRIBUTION, android.permission.WAKE_LOCK, android.permission.ACCESS_FINE_LOCATION, android.permission.CAMERA, android.permission.RECEIVE_BOOT_COMPLETED, android.permission.ACCESS_ADSERVICES_AD_ID, com.google.android.gms.permission.AD_ID, android.permission.READ_EXTERNAL_STORAGE, com.google.android.c2dm.permission.RECEIVE, android.permission.WRITE_EXTERNAL_STORAGE, android.permission.FOREGROUND_SERVICE, android.permission.RECORD_AUDIO, android.permission.POST_NOTIFICATIONS, android.permission.INTERNET, com.hadifinance.hadifinanceapp.DYNAMIC_RECEIVER_NOT_EXPORTED_PERMISSION, com.google.android.finsky.permission.BIND_GET_INSTALL_REFERRER_SERVICE, android.permission.READ_SMS, android.permission.ACCESS_COARSE_LOCATION, android.permission.ACCESS_NETWORK_STATE",No,No,Yes,Yes,No,No,No,Yes,No,Yes,True,True,True
Hi Fund,com.hifund.money.kash.loan,Nigeria/Approved,"android.permission.WRITE_CALENDAR, android.permission.ACCESS_WIFI_STATE, android.permission.WAKE_LOCK, android.permission.READ_PRIVILEGED_PHONE_STATE, android.permission.READ_CALENDAR, android.permission.CHANGE_WIFI_STATE, android.permission.INTERNET, android.permission.CAMERA, com.google.android.gms.permission.AD_ID, com.google.android.finsky.permission.BIND_GET_INSTALL_REFERRER_SERVICE, android.permission.READ_SMS, android.permission.ACCESS_NETWORK_STATE, android.permission.ACCESS_COARSE_LOCATION, com.google.android.c2dm.permission.RECEIVE, android.permission.READ_PHONE_STATE",No,No,No,No,No,No,No,Yes,No,No,False,True,False
OmniKash,com.omnikash.xxko,Nigeria/Approved,"com.coloros.permission.READ_COLOROS_CALENDAR, android.permission.ACCESS_WIFI_STATE, android.permission.WAKE_LOCK, android.permission.READ_PRIVILEGED_PHONE_STATE, android.permission.READ_CALENDAR, android.permission.INTERNET, android.permission.CAMERA, com.google.android.gms.permission.AD_ID, com.google.android.finsky.permission.BIND_GET_INSTALL_REFERRER_SERVICE, android.permission.READ_CALL_LOG, android.permission.READ_SMS, android.permission.ACCESS_NETWORK_STATE, android.permission.ACCESS_COARSE_LOCATION, com.omnikash.xxko.DYNAMIC_RECEIVER_NOT_EXPORTED_PERMISSION, android.permission.READ_PHONE_STATE",No,Yes,No,No,No,No,No,Yes,No,No,False,True,True
Easy Money Loan,com.cash.loan.personal.kash.cash9ja.xcredit.payday.credit9.money,Nigeria/Approved,"android.permission.PACKAGE_USAGE_STATS, android.permission.ACCESS_WIFI_STATE, android.permission.WAKE_LOCK, android.permission.CHANGE_WIFI_STATE, android.permission.CAMERA, android.permission.REPLACE_EXISTING_PACKAGE, android.permission.RECEIVE_BOOT_COMPLETED, com.google.android.gms.permission.AD_ID, android.permission.BLUETOOTH, android.permission.VIBRATE, android.permission.BATTERY_STATS, android.permission.WRITE_CALENDAR, com.cash.loan.personal.kash.cash9ja.xcredit.payday.credit9.money.DYNAMIC_RECEIVER_NOT_EXPORTED_PERMISSION, android.permission.BROADCAST_STICKY, android.permission.ACCESS_LOCATION_EXTRA_COMMANDS, android.permission.WRITE_SETTINGS, android.permission.GET_ACCOUNTS, android.permission.FOREGROUND_SERVICE, android.permission.READ_PHONE_STATE, android.permission.RECORD_AUDIO, android.permission.READ_PRIVILEGED_PHONE_STATE, android.permission.READ_CALENDAR, android.permission.INTERNET, com.google.android.finsky.permission.BIND_GET_INSTALL_REFERRER_SERVICE, android.permission.READ_SMS, android.permission.ACCESS_NETWORK_STATE, android.permission.ACCESS_COARSE_LOCATION, android.permission.ACCESS_COARSE_UPDATES",No,No,No,No,No,No,No,Yes,No,No,False,True,False
Yanzu,com.yanzu.app,Nigeria/Approved,"com.yanzu.app.DYNAMIC_RECEIVER_NOT_EXPORTED_PERMISSION, android.permission.INTERNET, android.permission.VIBRATE, android.permission.USE_BIOMETRIC, android.permission.USE_FINGERPRINT",No,No,No,No,No,No,No,No,No,No,False,False,False
Credpal,com.credpal.loan,Nigeria/Approved,"com.huawei.appmarket.service.commondata.permission.GET_COMMON_DATA, android.permission.WAKE_LOCK, android.permission.ACCESS_ADSERVICES_ATTRIBUTION, com.sec.android.provider.badge.permission.WRITE, android.permission.ACCESS_FINE_LOCATION, com.sonyericsson.home.permission.BROADCAST_BADGE, com.anddoes.launcher.permission.UPDATE_COUNT, android.permission.CAMERA, android.permission.BROADCAST_CLOSE_SYSTEM_DIALOGS, com.majeur.launcher.permission.UPDATE_BADGE, android.permission.READ_CONTACTS, me.everything.badger.permission.BADGE_COUNT_READ, com.oppo.launcher.permission.READ_SETTINGS, com.huawei.android.launcher.permission.CHANGE_BADGE, android.permission.ACCESS_ADSERVICES_AD_ID, me.everything.badger.permission.BADGE_COUNT_WRITE, com.google.android.gms.permission.AD_ID, com.sonymobile.home.permission.PROVIDER_INSERT_BADGE, android.permission.READ_APP_BADGE, android.permission.READ_EXTERNAL_STORAGE, android.permission.VIBRATE, android.permission.USE_FINGERPRINT, com.google.android.c2dm.permission.RECEIVE, com.htc.launcher.permission.UPDATE_SHORTCUT, android.permission.BIND_NOTIFICATION_LISTENER_SERVICE, android.permission.SCHEDULE_EXACT_ALARM, android.permission.WRITE_EXTERNAL_STORAGE, com.credpal.loan.DYNAMIC_RECEIVER_NOT_EXPORTED_PERMISSION, android.permission.USE_BIOMETRIC, com.sec.android.provider.badge.permission.READ, ANDROID.PERMISSION.READ_EXTERNAL_STORAGE, com.huawei.android.launcher.permission.READ_SETTINGS, android.permission.RECORD_AUDIO, android.permission.POST_NOTIFICATIONS, android.permission.INTERNET, com.google.android.finsky.permission.BIND_GET_INSTALL_REFERRER_SERVICE, com.oppo.launcher.permission.WRITE_SETTINGS, com.huawei.android.launcher.permission.WRITE_SETTINGS, android.permission.ACCESS_COARSE_LOCATION, android.permission.ACCESS_NETWORK_STATE, com.htc.launcher.permission.READ_SETTINGS",Yes,No,Yes,Yes,No,No,No,No,No,Yes,True,True,True
KashLoan,com.principal.loan.cash.principalloan,Nigeria/Approved,"android.permission.WRITE_CALENDAR, android.permission.ACCESS_WIFI_STATE, android.permission.WAKE_LOCK, android.permission.READ_CALENDAR, android.permission.ACCESS_ADSERVICES_AD_ID, android.permission.INTERNET, android.permission.CAMERA, com.google.android.gms.permission.AD_ID, android.permission.WRITE_SETTINGS, com.google.android.finsky.permission.BIND_GET_INSTALL_REFERRER_SERVICE, android.permission.READ_SMS, android.permission.ACCESS_COARSE_LOCATION, android.permission.ACCESS_NETWORK_STATE, com.google.android.c2dm.permission.RECEIVE, android.permission.READ_PHONE_STATE",No,No,No,No,No,No,No,Yes,No,No,False,True,False
nextpayday,com.paynextday.payday,Nigeria/Approved,"android.permission.INTERNET, android.permission.ACCESS_NETWORK_STATE",No,No,No,No,No,No,No,No,No,No,False,False,False
Airmoni,com.commercemen.airmoni,Nigeria/Approved,"android.permission.BLUETOOTH_CONNECT, android.permission.ACCESS_WIFI_STATE, android.permission.WAKE_LOCK, android.permission.READ_PRIVILEGED_PHONE_STATE, android.permission.READ_CALENDAR, android.permission.INTERNET, android.permission.CAMERA, com.google.android.gms.permission.AD_ID, android.permission.BLUETOOTH, com.google.android.finsky.permission.BIND_GET_INSTALL_REFERRER_SERVICE, android.permission.READ_SMS, android.permission.ACCESS_COARSE_LOCATION, android.permission.ACCESS_NETWORK_STATE, android.permission.READ_PHONE_STATE",No,No,No,No,No,No,No,Yes,No,No,False,True,False
Bold,com.dodo_mobile,Nigeria/Approved,"android.permission.READ_MEDIA_VIDEO, android.permission.ACCESS_WIFI_STATE, android.permission.READ_MEDIA_AUDIO, android.permission.WAKE_LOCK, com.sec.android.provider.badge.permission.WRITE, com.sonyericsson.home.permission.BROADCAST_BADGE, com.anddoes.launcher.permission.UPDATE_COUNT, android.permission.CAMERA, com.majeur.launcher.permission.UPDATE_BADGE, android.permission.READ_CONTACTS, me.everything.badger.permission.BADGE_COUNT_READ, android.permission.SYSTEM_ALERT_WINDOW, android.permission.RECEIVE_BOOT_COMPLETED, com.oppo.launcher.permission.READ_SETTINGS, com.huawei.android.launcher.permission.CHANGE_BADGE, android.permission.READ_MEDIA_IMAGES, me.everything.badger.permission.BADGE_COUNT_WRITE, com.sonymobile.home.permission.PROVIDER_INSERT_BADGE, android.permission.READ_APP_BADGE, android.permission.READ_EXTERNAL_STORAGE, android.permission.VIBRATE, android.permission.USE_FINGERPRINT, com.google.android.c2dm.permission.RECEIVE, com.htc.launcher.permission.UPDATE_SHORTCUT, android.permission.WRITE_EXTERNAL_STORAGE, android.permission.READ_MEDIA_VISUAL_USER_SELECTED, android.permission.WRITE_CONTACTS, android.permission.USE_BIOMETRIC, com.sec.android.provider.badge.permission.READ, com.huawei.android.launcher.permission.READ_SETTINGS, android.permission.RECORD_AUDIO, android.permission.POST_NOTIFICATIONS, android.permission.INTERNET, com.google.android.finsky.permission.BIND_GET_INSTALL_REFERRER_SERVICE, com.oppo.launcher.permission.WRITE_SETTINGS, com.huawei.android.launcher.permission.WRITE_SETTINGS, android.permission.ACCESS_NETWORK_STATE, com.dodo_mobile.DYNAMIC_RECEIVER_NOT_EXPORTED_PERMISSION, com.htc.launcher.permission.READ_SETTINGS",Yes,No,Yes,Yes,Yes,Yes,Yes,No,No,No,True,True,True
LendMe,co.mylendme.mobile,Nigeria/Approved,"android.permission.ACCESS_WIFI_STATE, android.permission.WAKE_LOCK, com.sec.android.provider.badge.permission.WRITE, android.permission.ACCESS_FINE_LOCATION, com.sonyericsson.home.permission.BROADCAST_BADGE, com.anddoes.launcher.permission.UPDATE_COUNT, android.permission.CAMERA, com.majeur.launcher.permission.UPDATE_BADGE, android.permission.READ_CONTACTS, me.everything.badger.permission.BADGE_COUNT_READ, android.permission.RECEIVE_BOOT_COMPLETED, com.oppo.launcher.permission.READ_SETTINGS, com.huawei.android.launcher.permission.CHANGE_BADGE, me.everything.badger.permission.BADGE_COUNT_WRITE, com.google.android.gms.permission.AD_ID, android.permission.BLUETOOTH, com.sonymobile.home.permission.PROVIDER_INSERT_BADGE, android.permission.READ_APP_BADGE, android.permission.READ_EXTERNAL_STORAGE, android.permission.VIBRATE, com.google.android.c2dm.permission.RECEIVE, com.htc.launcher.permission.UPDATE_SHORTCUT, android.permission.WRITE_CALENDAR, co.mylendme.mobile.permission.C2D_MESSAGE, android.permission.WRITE_EXTERNAL_STORAGE, android.permission.WRITE_CONTACTS, android.permission.GET_ACCOUNTS_PRIVILEGED, android.permission.CALL_PHONE, android.permission.GET_ACCOUNTS, com.sec.android.provider.badge.permission.READ, com.huawei.android.launcher.permission.READ_SETTINGS, android.permission.FOREGROUND_SERVICE, android.permission.READ_PHONE_STATE, android.permission.RECORD_AUDIO, android.permission.READ_CALENDAR, android.permission.READ_PRIVILEGED_PHONE_STATE, android.permission.POST_NOTIFICATIONS, android.permission.INTERNET, com.google.android.finsky.permission.BIND_GET_INSTALL_REFERRER_SERVICE, com.oppo.launcher.permission.WRITE_SETTINGS, com.huawei.android.launcher.permission.WRITE_SETTINGS, android.permission.ACCESS_NETWORK_STATE, android.permission.ACCESS_COARSE_LOCATION, com.htc.launcher.permission.READ_SETTINGS",Yes,No,Yes,Yes,No,No,No,No,No,Yes,True,True,True
TrustLaon,com.trustloan.finserve.nigeria.creditline.xpress,Nigeria/Approved,"android.permission.WAKE_LOCK, android.permission.ACCESS_ADSERVICES_ATTRIBUTION, android.permission.READ_CALENDAR, android.permission.POST_NOTIFICATIONS, android.permission.INTERNET, android.permission.CAMERA, com.google.android.gms.permission.AD_ID, android.permission.ACCESS_ADSERVICES_AD_ID, com.android.vending.CHECK_LICENSE, com.google.android.finsky.permission.BIND_GET_INSTALL_REFERRER_SERVICE, android.permission.READ_CALL_LOG, android.permission.READ_SMS, android.permission.ACCESS_NETWORK_STATE, android.permission.READ_PROFILE, com.google.android.c2dm.permission.RECEIVE, com.trustloan.finserve.nigeria.creditline.xpress.DYNAMIC_RECEIVER_NOT_EXPORTED_PERMISSION, android.permission.READ_PHONE_STATE",No,Yes,No,No,No,No,No,Yes,No,No,False,True,True
NairaGo,com.muska.tech.nairago,Nigeria/Approved,"android.permission.BLUETOOTH_CONNECT, android.permission.ACCESS_WIFI_STATE, android.permission.BLUETOOTH_SCAN, android.permission.INTERNET, android.permission.CAMERA, com.google.android.gms.permission.AD_ID, android.permission.BLUETOOTH, android.permission.BLUETOOTH_ADVERTISE, android.permission.LOCAL_MAC_ADDRESS, android.permission.BLUETOOTH_ADMIN, android.permission.READ_SMS, android.permission.ACCESS_COARSE_LOCATION, android.permission.ACCESS_NETWORK_STATE, android.permission.READ_PHONE_STATE",No,No,No,No,No,No,No,Yes,No,No,False,True,False
KashCash,ng.kashcash.kash,Nigeria/Approved,"android.permission.ACCESS_WIFI_STATE, android.permission.WAKE_LOCK, android.permission.CHANGE_WIFI_STATE, android.permission.CAMERA, android.permission.SYSTEM_ALERT_WINDOW, android.permission.RECEIVE_BOOT_COMPLETED, com.google.android.gms.permission.AD_ID, android.permission.BLUETOOTH, android.permission.VIBRATE, android.permission.BLUETOOTH_ADMIN, android.permission.HIGH_SAMPLING_RATE_SENSORS, com.android.browser.permission.READ_HISTORY_BOOKMARKS, android.permission.USE_FINGERPRINT, com.google.android.c2dm.permission.RECEIVE, android.permission.WRITE_CALENDAR, android.permission.ACCESS_LOCATION_EXTRA_COMMANDS, android.permission.USE_BIOMETRIC, com.google.android.providers.gsf.permission.READ_GSERVICES, android.permission.REORDER_TASKS, android.permission.FOREGROUND_SERVICE, android.permission.RECEIVE_SMS, android.permission.READ_PHONE_STATE, android.permission.GET_TASKS, android.permission.READ_CALENDAR, android.permission.INTERNET, com.google.android.finsky.permission.BIND_GET_INSTALL_REFERRER_SERVICE, android.permission.READ_SMS, android.permission.ACCESS_NETWORK_STATE, android.permission.ACCESS_COARSE_LOCATION, com.android.vending.setup.PLAY_SETUP_SERVICE",No,No,No,No,No,No,No,Yes,No,No,False,True,False
Frimoni,com.nigeria.frimoni,Nigeria/Approved,"android.permission.WRITE_CALENDAR, android.permission.ACCESS_WIFI_STATE, android.permission.WAKE_LOCK, android.permission.POST_NOTIFICATIONS, android.permission.INTERNET, android.permission.CAMERA, com.google.android.gms.permission.AD_ID, com.nigeria.frimoni.other_temp1, com.nigeria.frimoni.DYNAMIC_RECEIVER_NOT_EXPORTED_PERMISSION, com.google.android.finsky.permission.BIND_GET_INSTALL_REFERRER_SERVICE, android.permission.ACCESS_COARSE_LOCATION, android.permission.ACCESS_NETWORK_STATE, com.google.android.c2dm.permission.RECEIVE",No,No,No,No,No,No,No,No,No,No,False,False,False
Rockshield MFB,com.fintellia.rockshieldmfb,Nigeria/Approved,"android.permission.ACCESS_WIFI_STATE, android.permission.WAKE_LOCK, com.sec.android.provider.badge.permission.WRITE, com.sonyericsson.home.permission.BROADCAST_BADGE, com.anddoes.launcher.permission.UPDATE_COUNT, com.majeur.launcher.permission.UPDATE_BADGE, android.permission.READ_CONTACTS, me.everything.badger.permission.BADGE_COUNT_READ, android.permission.RECEIVE_BOOT_COMPLETED, com.oppo.launcher.permission.READ_SETTINGS, com.huawei.android.launcher.permission.CHANGE_BADGE, me.everything.badger.permission.BADGE_COUNT_WRITE, com.sonymobile.home.permission.PROVIDER_INSERT_BADGE, android.permission.READ_APP_BADGE, android.permission.READ_EXTERNAL_STORAGE, android.permission.VIBRATE, android.permission.USE_FINGERPRINT, com.google.android.c2dm.permission.RECEIVE, com.htc.launcher.permission.UPDATE_SHORTCUT, android.permission.WRITE_EXTERNAL_STORAGE, android.permission.USE_BIOMETRIC, com.google.android.providers.gsf.permission.READ_GSERVICES, com.sec.android.provider.badge.permission.READ, com.huawei.android.launcher.permission.READ_SETTINGS, android.permission.FOREGROUND_SERVICE, android.permission.POST_NOTIFICATIONS, android.permission.INTERNET, com.google.android.finsky.permission.BIND_GET_INSTALL_REFERRER_SERVICE, com.oppo.launcher.permission.WRITE_SETTINGS, com.huawei.android.launcher.permission.WRITE_SETTINGS, android.permission.ACCESS_NETWORK_STATE, android.permission.DOWNLOAD_WITHOUT_NOTIFICATION, com.fintellia.rockshieldmfb.DYNAMIC_RECEIVER_NOT_EXPORTED_PERMISSION, com.fintellia.rockshieldmfb.permission.C2D_MESSAGE, com.htc.launcher.permission.READ_SETTINGS",Yes,No,Yes,Yes,No,No,No,No,No,No,True,True,True
Easyfund,com.loan.easyfund,Nigeria/Approved,"android.permission.BLUETOOTH_CONNECT, android.permission.ACCESS_WIFI_STATE, android.permission.WAKE_LOCK, android.permission.READ_PRIVILEGED_PHONE_STATE, android.permission.CHANGE_WIFI_STATE, android.permission.INTERNET, android.permission.CAMERA, com.google.android.gms.permission.AD_ID, android.permission.BLUETOOTH, android.permission.LOCAL_MAC_ADDRESS, com.google.android.finsky.permission.BIND_GET_INSTALL_REFERRER_SERVICE, android.permission.CHANGE_NETWORK_STATE, android.permission.READ_SMS, android.permission.ACCESS_COARSE_LOCATION, android.permission.ACCESS_NETWORK_STATE, com.google.android.c2dm.permission.RECEIVE, android.permission.READ_PHONE_STATE",No,No,No,No,No,No,No,Yes,No,No,False,True,False
Care Finance,care.finance,Nigeria/Approved,"android.permission.WRITE_CALENDAR, android.permission.PACKAGE_USAGE_STATS, android.permission.BLUETOOTH_CONNECT, android.permission.ACCESS_WIFI_STATE, android.permission.READ_CALENDAR, android.permission.INTERNET, android.permission.CAMERA, com.google.android.gms.permission.ACTIVITY_RECOGNITION, android.permission.BLUETOOTH, com.google.android.gms.permission.AD_ID, com.google.android.finsky.permission.BIND_GET_INSTALL_REFERRER_SERVICE, android.permission.READ_SMS, android.permission.ACCESS_COARSE_LOCATION, android.permission.ACCESS_NETWORK_STATE, com.google.android.providers.gsf.permission.READ_GSERVICES, android.permission.READ_PHONE_STATE",No,No,No,No,No,No,No,Yes,No,No,False,True,False
KwikPay Credit,com.kwikpay,Nigeria/Approved,"android.permission.INTERNET, android.permission.CAMERA, com.android.vending.CHECK_LICENSE, com.kwikpay.DYNAMIC_RECEIVER_NOT_EXPORTED_PERMISSION, com.google.android.providers.gsf.permission.READ_GSERVICES, android.permission.ACCESS_NETWORK_STATE",No,No,No,No,No,No,No,No,No,No,False,False,False
,com.lenddo.mobile.paylater,Nigeria/Approved,"android.permission.ACCESS_WIFI_STATE, android.permission.WAKE_LOCK, android.permission.ACCESS_ADSERVICES_ATTRIBUTION, android.permission.ACCESS_FINE_LOCATION, com.android.launcher.permission.INSTALL_SHORTCUT, android.permission.CAMERA, android.permission.READ_CONTACTS, android.permission.SYSTEM_ALERT_WINDOW, android.permission.RECEIVE_BOOT_COMPLETED, android.permission.FOREGROUND_SERVICE_REMOTE_MESSAGING, com.lenddo.mobile.paylater.DYNAMIC_RECEIVER_NOT_EXPORTED_PERMISSION, android.permission.ACCESS_ADSERVICES_AD_ID, android.permission.FOREGROUND_SERVICE_DATA_SYNC, com.google.android.gms.permission.AD_ID, android.permission.READ_EXTERNAL_STORAGE, android.permission.VIBRATE, android.permission.USE_FINGERPRINT, com.google.android.c2dm.permission.RECEIVE, android.permission.SCHEDULE_EXACT_ALARM, android.permission.WRITE_EXTERNAL_STORAGE, android.permission.ACCESS_NOTIFICATION_POLICY, android.permission.USE_BIOMETRIC, com.google.android.providers.gsf.permission.READ_GSERVICES, android.permission.CALL_PHONE, android.permission.REORDER_TASKS, android.permission.FOREGROUND_SERVICE, android.permission.READ_PHONE_STATE, android.permission.RECORD_AUDIO, android.permission.READ_CALENDAR, android.permission.POST_NOTIFICATIONS, android.permission.INTERNET, com.lenddo.mobile.paylater.permission.WRITE_SCHEDULE, com.google.android.finsky.permission.BIND_GET_INSTALL_REFERRER_SERVICE, android.permission.ACCESS_NETWORK_STATE, android.permission.ACCESS_COARSE_LOCATION",Yes,No,Yes,Yes,No,No,No,No,No,Yes,True,True,True
Rapaid,com.rapaidv1,Nigeria/Approved,"com.sec.android.provider.badge.permission.WRITE, android.permission.ACCESS_WIFI_STATE, android.permission.WAKE_LOCK, com.sonyericsson.home.permission.BROADCAST_BADGE, com.anddoes.launcher.permission.UPDATE_COUNT, com.majeur.launcher.permission.UPDATE_BADGE, android.permission.READ_CONTACTS, me.everything.badger.permission.BADGE_COUNT_READ, android.permission.RECEIVE_BOOT_COMPLETED, com.oppo.launcher.permission.READ_SETTINGS, com.huawei.android.launcher.permission.CHANGE_BADGE, me.everything.badger.permission.BADGE_COUNT_WRITE, com.sonymobile.home.permission.PROVIDER_INSERT_BADGE, android.permission.READ_APP_BADGE, android.permission.READ_EXTERNAL_STORAGE, android.permission.VIBRATE, android.permission.USE_FINGERPRINT, com.google.android.c2dm.permission.RECEIVE, com.htc.launcher.permission.UPDATE_SHORTCUT, android.permission.WRITE_CALENDAR, android.permission.WRITE_EXTERNAL_STORAGE, android.permission.WRITE_CONTACTS, android.permission.USE_BIOMETRIC, com.sec.android.provider.badge.permission.READ, com.rapaidv1.permission.C2D_MESSAGE, com.huawei.android.launcher.permission.READ_SETTINGS, android.permission.FOREGROUND_SERVICE, android.permission.READ_CALENDAR, android.permission.POST_NOTIFICATIONS, android.permission.INTERNET, com.google.android.finsky.permission.BIND_GET_INSTALL_REFERRER_SERVICE, com.oppo.launcher.permission.WRITE_SETTINGS, com.huawei.android.launcher.permission.WRITE_SETTINGS, android.permission.ACCESS_NETWORK_STATE, com.htc.launcher.permission.READ_SETTINGS",Yes,No,Yes,Yes,No,No,No,No,No,No,True,True,True
TradeCredit,com.trade.ca.credit,Nigeria/Approved,"android.permission.ACCESS_WIFI_STATE, android.permission.WAKE_LOCK, android.permission.CHANGE_WIFI_STATE, android.permission.CAMERA, com.trade.ca.credit.DYNAMIC_RECEIVER_NOT_EXPORTED_PERMISSION, android.permission.RECEIVE_BOOT_COMPLETED, com.google.android.gms.permission.AD_ID, android.permission.VIBRATE, android.permission.HIGH_SAMPLING_RATE_SENSORS, com.google.android.c2dm.permission.RECEIVE, android.permission.REQUIRE_SECURE_ENV, android.permission.READ_CALL_LOG, com.google.android.providers.gsf.permission.READ_GSERVICES, android.permission.FOREGROUND_SERVICE, android.permission.READ_PHONE_STATE, android.permission.INTERNET, com.google.android.finsky.permission.BIND_GET_INSTALL_REFERRER_SERVICE, android.permission.READ_SMS, android.permission.ACCESS_COARSE_LOCATION, android.permission.ACCESS_NETWORK_STATE",No,Yes,No,No,No,No,No,Yes,No,No,False,True,True
Edike,com.edikemobile,Nigeria/Approved,"android.permission.WAKE_LOCK, android.permission.ACCESS_WIFI_STATE, com.sec.android.provider.badge.permission.WRITE, com.sonyericsson.home.permission.BROADCAST_BADGE, android.permission.ACCESS_ADSERVICES_ATTRIBUTION, com.anddoes.launcher.permission.UPDATE_COUNT, com.majeur.launcher.permission.UPDATE_BADGE, com.edikemobile.permission.C2D_MESSAGE, me.everything.badger.permission.BADGE_COUNT_READ, android.permission.RECEIVE_BOOT_COMPLETED, com.oppo.launcher.permission.READ_SETTINGS, com.huawei.android.launcher.permission.CHANGE_BADGE, android.permission.ACCESS_ADSERVICES_AD_ID, me.everything.badger.permission.BADGE_COUNT_WRITE, com.google.android.gms.permission.AD_ID, com.sonymobile.home.permission.PROVIDER_INSERT_BADGE, android.permission.READ_APP_BADGE, android.permission.VIBRATE, android.permission.READ_EXTERNAL_STORAGE, android.permission.USE_FINGERPRINT, com.google.android.c2dm.permission.RECEIVE, com.htc.launcher.permission.UPDATE_SHORTCUT, android.permission.WRITE_EXTERNAL_STORAGE, com.android.vending.CHECK_LICENSE, android.permission.USE_BIOMETRIC, com.sec.android.provider.badge.permission.READ, com.huawei.android.launcher.permission.READ_SETTINGS, android.permission.FOREGROUND_SERVICE, android.permission.POST_NOTIFICATIONS, android.permission.INTERNET, com.edikemobile.DYNAMIC_RECEIVER_NOT_EXPORTED_PERMISSION, com.google.android.finsky.permission.BIND_GET_INSTALL_REFERRER_SERVICE, com.oppo.launcher.permission.WRITE_SETTINGS, com.huawei.android.launcher.permission.WRITE_SETTINGS, android.permission.ACCESS_NETWORK_STATE, android.permission.DOWNLOAD_WITHOUT_NOTIFICATION, com.htc.launcher.permission.READ_SETTINGS",No,No,Yes,Yes,No,No,No,No,No,No,True,True,True
Our Pass,co.our.pass.stg,Nigeria/Approved,"android.permission.WAKE_LOCK, android.permission.ACCESS_WIFI_STATE, android.permission.ACCESS_ADSERVICES_ATTRIBUTION, android.permission.ACCESS_FINE_LOCATION, android.permission.CAMERA, co.our.pass.stg.DYNAMIC_RECEIVER_NOT_EXPORTED_PERMISSION, android.permission.READ_CONTACTS, co.our.pass.stg.permission.WRITE_SCHEDULE, android.permission.ACCESS_ADSERVICES_AD_ID, com.google.android.gms.permission.AD_ID, android.permission.READ_EXTERNAL_STORAGE, android.permission.VIBRATE, android.permission.USE_FINGERPRINT, com.google.android.c2dm.permission.RECEIVE, android.permission.WRITE_EXTERNAL_STORAGE, android.permission.WRITE_CONTACTS, com.android.vending.CHECK_LICENSE, android.permission.USE_BIOMETRIC, android.permission.GET_ACCOUNTS, android.permission.RECORD_AUDIO, android.permission.POST_NOTIFICATIONS, android.permission.INTERNET, com.google.android.finsky.permission.BIND_GET_INSTALL_REFERRER_SERVICE, android.permission.ACCESS_NETWORK_STATE, android.permission.ACCESS_COARSE_LOCATION",Yes,No,Yes,Yes,No,No,No,No,No,Yes,True,True,True
CashRun,cash.run.credit.easy.loan,Nigeria/Approved,"android.permission.ACCESS_ADSERVICES_ATTRIBUTION, android.permission.ACCESS_WIFI_STATE, android.permission.ACCESS_ADSERVICES_AD_ID, android.permission.INTERNET, android.permission.CAMERA, com.google.android.gms.permission.AD_ID, android.permission.LOCAL_MAC_ADDRESS, com.samsung.android.mapsagent.permission.READ_APP_INFO, com.google.android.finsky.permission.BIND_GET_INSTALL_REFERRER_SERVICE, android.permission.READ_SMS, android.permission.ACCESS_NETWORK_STATE, android.permission.ACCESS_COARSE_LOCATION, cash.run.credit.easy.loan.DYNAMIC_RECEIVER_NOT_EXPORTED_PERMISSION, android.permission.READ_PHONE_STATE",No,No,No,No,No,No,No,Yes,No,No,False,True,False
Lendigo,com.lendigo.app,Nigeria/Approved,"android.permission.WRITE_EXTERNAL_STORAGE, android.permission.READ_INTERNAL_STORAGE, android.permission.ACCESS_WIFI_STATE, android.permission.WAKE_LOCK, android.permission.INTERNET, android.permission.CAMERA, com.google.android.gms.permission.AD_ID, com.google.android.finsky.permission.BIND_GET_INSTALL_REFERRER_SERVICE, android.permission.VIBRATE, android.permission.ACCESS_NETWORK_STATE, android.permission.ACCESS_COARSE_LOCATION, com.google.android.c2dm.permission.RECEIVE, android.permission.FOREGROUND_SERVICE",No,No,No,Yes,No,No,No,No,No,No,True,True,False
Dot,com.digicore.dot,Nigeria/Approved,"android.permission.WAKE_LOCK, android.permission.CAMERA, android.permission.BROADCAST_CLOSE_SYSTEM_DIALOGS, android.permission.READ_CONTACTS, android.permission.RECEIVE_BOOT_COMPLETED, android.permission.USE_FULL_SCREEN_INTENT, android.permission.READ_EXTERNAL_STORAGE, android.permission.VIBRATE, android.permission.USE_FINGERPRINT, com.google.android.c2dm.permission.RECEIVE, android.permission.SCHEDULE_EXACT_ALARM, android.permission.WRITE_EXTERNAL_STORAGE, android.permission.ACCESS_NOTIFICATION_POLICY, android.permission.FOREGROUND_SERVICE, com.digicore.dot.DYNAMIC_RECEIVER_NOT_EXPORTED_PERMISSION, android.permission.POST_NOTIFICATIONS, android.permission.INTERNET, com.google.android.finsky.permission.BIND_GET_INSTALL_REFERRER_SERVICE, android.permission.ACCESS_NETWORK_STATE",Yes,No,Yes,Yes,No,No,No,No,No,No,True,True,True
Letsgo,com.letshego.dasdigital,Nigeria/Approved,"com.letshego.dasdigital.DYNAMIC_RECEIVER_NOT_EXPORTED_PERMISSION, android.permission.RECORD_AUDIO, android.permission.WAKE_LOCK, android.permission.ACCESS_ADSERVICES_ATTRIBUTION, android.permission.POST_NOTIFICATIONS, android.permission.INTERNET, android.permission.CAMERA, android.permission.ACCESS_ADSERVICES_AD_ID, com.google.android.finsky.permission.BIND_GET_INSTALL_REFERRER_SERVICE, android.permission.ACCESS_NETWORK_STATE, com.google.android.c2dm.permission.RECEIVE",No,No,No,No,No,No,No,No,No,No,False,False,False
PayLater,com.paylaterapp.paylater,Nigeria/Approved,"com.sec.android.provider.badge.permission.WRITE, android.permission.ACCESS_ADSERVICES_ATTRIBUTION, android.permission.WAKE_LOCK, android.permission.ACCESS_FINE_LOCATION, com.sonyericsson.home.permission.BROADCAST_BADGE, com.anddoes.launcher.permission.UPDATE_COUNT, android.permission.CAMERA, com.paylaterapp.paylater.DYNAMIC_RECEIVER_NOT_EXPORTED_PERMISSION, com.majeur.launcher.permission.UPDATE_BADGE, me.everything.badger.permission.BADGE_COUNT_READ, android.permission.RECEIVE_BOOT_COMPLETED, com.oppo.launcher.permission.READ_SETTINGS, com.huawei.android.launcher.permission.CHANGE_BADGE, android.permission.ACCESS_ADSERVICES_AD_ID, me.everything.badger.permission.BADGE_COUNT_WRITE, com.google.android.gms.permission.AD_ID, com.sonymobile.home.permission.PROVIDER_INSERT_BADGE, android.permission.READ_APP_BADGE, android.permission.VIBRATE, android.permission.READ_EXTERNAL_STORAGE, android.permission.USE_FINGERPRINT, com.google.android.c2dm.permission.RECEIVE, com.htc.launcher.permission.UPDATE_SHORTCUT, com.android.vending.CHECK_LICENSE, android.permission.USE_BIOMETRIC, com.google.android.providers.gsf.permission.READ_GSERVICES, android.permission.CALL_PHONE, com.sec.android.provider.badge.permission.READ, com.huawei.android.launcher.permission.READ_SETTINGS, android.permission.FOREGROUND_SERVICE, android.permission.POST_NOTIFICATIONS, android.permission.INTERNET, com.google.android.finsky.permission.BIND_GET_INSTALL_REFERRER_SERVICE, com.oppo.launcher.permission.WRITE_SETTINGS, com.huawei.android.launcher.permission.WRITE_SETTINGS, android.permission.ACCESS_NETWORK_STATE, android.permission.ACCESS_COARSE_LOCATION, com.htc.launcher.permission.READ_SETTINGS, android.permission.REQUEST_IGNORE_BATTERY_OPTIMIZATIONS, com.paylaterapp.paylater.permission.C2D_MESSAGE",No,No,Yes,No,No,No,No,No,No,Yes,True,True,True
@7F0F002C,com.nigeria.android.mooncard,Nigeria/Approved,"android.permission.WRITE_CALENDAR, android.permission.PACKAGE_USAGE_STATS, android.permission.BLUETOOTH_CONNECT, android.permission.ACCESS_WIFI_STATE, android.permission.READ_CALENDAR, android.permission.READ_PRECISE_PHONE_STATE, android.permission.INTERNET, com.google.android.gms.permission.AD_ID, android.permission.BLUETOOTH, com.google.android.finsky.permission.BIND_GET_INSTALL_REFERRER_SERVICE, android.permission.READ_CALL_LOG, android.permission.READ_SMS, android.permission.ACCESS_NETWORK_STATE, android.permission.ACCESS_COARSE_LOCATION, android.permission.READ_PHONE_STATE",No,Yes,No,No,No,No,No,Yes,No,No,False,True,True
9Credit Go,com.ted.ng.ninecreditgo.credit.loans,Nigeria/Approved,"android.permission.PACKAGE_USAGE_STATS, android.permission.ACCESS_WIFI_STATE, android.permission.WAKE_LOCK, android.permission.CHANGE_WIFI_STATE, android.permission.CAMERA, android.permission.REPLACE_EXISTING_PACKAGE, android.permission.RECEIVE_BOOT_COMPLETED, android.permission.BLUETOOTH_CONNECT, com.google.android.gms.permission.AD_ID, android.permission.BLUETOOTH, android.permission.VIBRATE, android.permission.BATTERY_STATS, android.permission.WRITE_CALENDAR, android.permission.BROADCAST_STICKY, android.permission.ACCESS_LOCATION_EXTRA_COMMANDS, android.permission.LOCAL_MAC_ADDRESS, android.permission.WRITE_SETTINGS, android.permission.READ_CALL_LOG, android.permission.GET_ACCOUNTS, android.permission.FOREGROUND_SERVICE, android.permission.KILL_BACKGROUND_PROCESSES, android.permission.READ_PHONE_STATE, android.permission.RECORD_AUDIO, android.permission.READ_CALENDAR, android.permission.READ_PRIVILEGED_PHONE_STATE, android.permission.INTERNET, android.permission.ACCESS_ORIENTATION, com.google.android.finsky.permission.BIND_GET_INSTALL_REFERRER_SERVICE, android.permission.READ_SMS, android.permission.ACCESS_COARSE_LOCATION, android.permission.ACCESS_NETWORK_STATE, android.permission.ACCESS_COARSE_UPDATES",No,Yes,No,No,No,No,No,Yes,No,No,False,True,True
Sycamore,ng.sycamore.app2,Nigeria/Approved,"com.huawei.appmarket.service.commondata.permission.GET_COMMON_DATA, android.permission.WAKE_LOCK, android.permission.ACCESS_WIFI_STATE, android.permission.ACCESS_ADSERVICES_ATTRIBUTION, android.permission.CAMERA, ng.sycamore.app2.DYNAMIC_RECEIVER_NOT_EXPORTED_PERMISSION, android.permission.RECEIVE_BOOT_COMPLETED, android.permission.READ_MEDIA_IMAGES, android.permission.ACCESS_ADSERVICES_AD_ID, com.google.android.gms.permission.AD_ID, android.permission.FOREGROUND_SERVICE_SPECIAL_USE, android.permission.VIBRATE, android.permission.READ_EXTERNAL_STORAGE, android.permission.USE_FINGERPRINT, com.google.android.c2dm.permission.RECEIVE, android.permission.SCHEDULE_EXACT_ALARM, android.permission.WRITE_EXTERNAL_STORAGE, android.permission.USE_BIOMETRIC, android.permission.FOREGROUND_SERVICE, android.permission.READ_PHONE_STATE, android.permission.RECORD_AUDIO, android.permission.POST_NOTIFICATIONS, android.permission.INTERNET, com.google.android.finsky.permission.BIND_GET_INSTALL_REFERRER_SERVICE, android.permission.ACCESS_NETWORK_STATE",No,No,Yes,Yes,No,Yes,No,No,No,No,True,True,True
Finpadi,com.finpadimobile,Nigeria/Approved,"android.permission.WAKE_LOCK, com.sec.android.provider.badge.permission.WRITE, com.sonyericsson.home.permission.BROADCAST_BADGE, com.anddoes.launcher.permission.UPDATE_COUNT, com.majeur.launcher.permission.UPDATE_BADGE, me.everything.badger.permission.BADGE_COUNT_READ, android.permission.SYSTEM_ALERT_WINDOW, android.permission.RECEIVE_BOOT_COMPLETED, com.oppo.launcher.permission.READ_SETTINGS, com.huawei.android.launcher.permission.CHANGE_BADGE, me.everything.badger.permission.BADGE_COUNT_WRITE, com.sonymobile.home.permission.PROVIDER_INSERT_BADGE, android.permission.READ_APP_BADGE, android.permission.READ_EXTERNAL_STORAGE, android.permission.VIBRATE, android.permission.USE_FINGERPRINT, com.google.android.c2dm.permission.RECEIVE, com.htc.launcher.permission.UPDATE_SHORTCUT, android.permission.WRITE_EXTERNAL_STORAGE, android.permission.USE_BIOMETRIC, com.sec.android.provider.badge.permission.READ, com.huawei.android.launcher.permission.READ_SETTINGS, android.permission.POST_NOTIFICATIONS, android.permission.INTERNET, com.google.android.finsky.permission.BIND_GET_INSTALL_REFERRER_SERVICE, com.oppo.launcher.permission.WRITE_SETTINGS, com.huawei.android.launcher.permission.WRITE_SETTINGS, android.permission.ACCESS_NETWORK_STATE, com.finpadimobile.DYNAMIC_RECEIVER_NOT_EXPORTED_PERMISSION, com.htc.launcher.permission.READ_SETTINGS",No,No,Yes,Yes,No,No,No,No,No,No,True,True,True
OyesCredit,com.end.wall.week,Nigeria/Approved,"android.permission.ACCESS_WIFI_STATE, android.permission.WAKE_LOCK, android.permission.CHANGE_WIFI_STATE, android.permission.INTERNET, android.permission.CAMERA, com.google.android.finsky.permission.BIND_GET_INSTALL_REFERRER_SERVICE, android.permission.CHANGE_NETWORK_STATE, android.permission.READ_SMS, android.permission.ACCESS_COARSE_LOCATION, android.permission.ACCESS_NETWORK_STATE, android.permission.CALL_PHONE, android.permission.FOREGROUND_SERVICE, android.permission.READ_PHONE_STATE",No,No,No,No,No,No,No,Yes,No,No,False,True,False
MenaCred,com.menamobile,Nigeria/Approved,"android.permission.ACCESS_WIFI_STATE, android.permission.WAKE_LOCK, com.sec.android.provider.badge.permission.WRITE, com.sonyericsson.home.permission.BROADCAST_BADGE, com.anddoes.launcher.permission.UPDATE_COUNT, android.permission.CAMERA, com.majeur.launcher.permission.UPDATE_BADGE, me.everything.badger.permission.BADGE_COUNT_READ, android.permission.RECEIVE_BOOT_COMPLETED, com.oppo.launcher.permission.READ_SETTINGS, com.huawei.android.launcher.permission.CHANGE_BADGE, me.everything.badger.permission.BADGE_COUNT_WRITE, com.google.android.gms.permission.AD_ID, com.sonymobile.home.permission.PROVIDER_INSERT_BADGE, android.permission.READ_APP_BADGE, android.permission.VIBRATE, android.permission.READ_EXTERNAL_STORAGE, android.permission.USE_FINGERPRINT, com.google.android.c2dm.permission.RECEIVE, com.htc.launcher.permission.UPDATE_SHORTCUT, com.menamobile.permission.C2D_MESSAGE, android.permission.WRITE_EXTERNAL_STORAGE, android.permission.USE_BIOMETRIC, com.sec.android.provider.badge.permission.READ, com.huawei.android.launcher.permission.READ_SETTINGS, android.permission.FOREGROUND_SERVICE, android.permission.POST_NOTIFICATIONS, android.permission.INTERNET, com.google.android.finsky.permission.BIND_GET_INSTALL_REFERRER_SERVICE, com.oppo.launcher.permission.WRITE_SETTINGS, android.permission.READ_SMS, android.permission.ACCESS_NETWORK_STATE, com.huawei.android.launcher.permission.WRITE_SETTINGS, android.permission.DOWNLOAD_WITHOUT_NOTIFICATION, com.htc.launcher.permission.READ_SETTINGS",No,No,Yes,Yes,No,No,No,Yes,No,No,True,True,True
Hometown,com.hometown.app,Nigeria/Approved,"android.permission.WAKE_LOCK, android.permission.WRITE_CONTACTS, android.permission.POST_NOTIFICATIONS, android.permission.INTERNET, android.permission.CAMERA, com.google.android.gms.permission.AD_ID, android.permission.READ_CONTACTS, com.google.android.finsky.permission.BIND_GET_INSTALL_REFERRER_SERVICE, android.permission.USE_BIOMETRIC, android.permission.USE_FINGERPRINT, android.permission.ACCESS_NETWORK_STATE, com.google.android.c2dm.permission.RECEIVE, com.hometown.app.DYNAMIC_RECEIVER_NOT_EXPORTED_PERMISSION, android.permission.RECEIVE_BOOT_COMPLETED, android.permission.FOREGROUND_SERVICE",Yes,No,No,No,No,No,No,No,No,No,True,True,True
Credlock Business,app.credlockng.merchant,Nigeria/Approved,"android.permission.ACCESS_WIFI_STATE, android.permission.WAKE_LOCK, android.permission.ACCESS_FINE_LOCATION, android.permission.CAMERA, android.permission.SYSTEM_ALERT_WINDOW, android.permission.READ_EXTERNAL_STORAGE, android.permission.VIBRATE, android.permission.USE_FINGERPRINT, com.google.android.c2dm.permission.RECEIVE, android.permission.WRITE_EXTERNAL_STORAGE, com.google.android.gms.permission.ACTIVITY_RECOGNITION, app.credlockng.merchant.DYNAMIC_RECEIVER_NOT_EXPORTED_PERMISSION, android.permission.USE_BIOMETRIC, com.google.android.providers.gsf.permission.READ_GSERVICES, android.permission.RECORD_AUDIO, android.permission.POST_NOTIFICATIONS, android.permission.INTERNET, com.google.android.finsky.permission.BIND_GET_INSTALL_REFERRER_SERVICE, android.permission.ACCESS_COARSE_LOCATION, android.permission.ACCESS_NETWORK_STATE",No,No,Yes,Yes,No,No,No,No,No,Yes,True,True,True
Swiftnaira,nr.loan.swift.naira,Nigeria/Approved,"com.huawei.appmarket.service.commondata.permission.GET_COMMON_DATA, android.permission.RECEIVE_USER_PRESENT, android.permission.ACCESS_WIFI_STATE, android.permission.WAKE_LOCK, android.permission.ACCESS_ADSERVICES_ATTRIBUTION, android.permission.CHANGE_WIFI_STATE, android.permission.CAMERA, android.permission.SYSTEM_ALERT_WINDOW, android.permission.RECEIVE_BOOT_COMPLETED, android.permission.REAL_GET_TASKS, com.google.android.gms.permission.AD_ID, android.permission.VIBRATE, android.permission.CHANGE_NETWORK_STATE, com.google.android.c2dm.permission.RECEIVE, android.permission.ACCESS_LOCATION_EXTRA_COMMANDS, android.permission.WRITE_SETTINGS, com.google.android.providers.gsf.permission.READ_GSERVICES, android.permission.CALL_PHONE, android.permission.FOREGROUND_SERVICE, android.permission.READ_PHONE_STATE, android.permission.READ_PRIVILEGED_PHONE_STATE, android.permission.POST_NOTIFICATIONS, android.permission.INTERNET, com.google.android.finsky.permission.BIND_GET_INSTALL_REFERRER_SERVICE, android.permission.ACCESS_NETWORK_STATE",No,No,No,No,No,No,No,No,No,No,False,False,False
Quickash,com.nigeria.quickash,Nigeria/Approved,"android.permission.WRITE_CALENDAR, com.nigeria.quickash.other_temp5, android.permission.ACCESS_WIFI_STATE, android.permission.WAKE_LOCK, android.permission.POST_NOTIFICATIONS, android.permission.INTERNET, android.permission.CAMERA, com.google.android.gms.permission.AD_ID, com.nigeria.quickash.DYNAMIC_RECEIVER_NOT_EXPORTED_PERMISSION, com.google.android.finsky.permission.BIND_GET_INSTALL_REFERRER_SERVICE, android.permission.ACCESS_COARSE_LOCATION, android.permission.ACCESS_NETWORK_STATE, com.google.android.c2dm.permission.RECEIVE, com.nigeria.quickash.other_temp1",No,No,No,No,No,No,No,No,No,No,False,False,False
Kash Now,com.cascade.kashnow,Nigeria/Approved,"android.permission.ACCESS_NETWORK_STATE, android.permission.INTERNET, com.google.android.gms.permission.AD_ID, android.permission.ACCESS_WIFI_STATE",No,No,No,No,No,No,No,No,No,No,False,False,False
OKCash,com.falcon.teer.baro.cash,Nigeria/Approved,"android.permission.ACCESS_WIFI_STATE, android.permission.WAKE_LOCK, android.permission.CHANGE_WIFI_STATE, android.permission.INTERNET, android.permission.CAMERA, com.google.android.gms.permission.AD_ID, com.falcon.teer.baro.cash.DYNAMIC_RECEIVER_NOT_EXPORTED_PERMISSION, com.google.android.finsky.permission.BIND_GET_INSTALL_REFERRER_SERVICE, android.permission.CHANGE_NETWORK_STATE, android.permission.VIBRATE, android.permission.READ_SMS, android.permission.ACCESS_COARSE_LOCATION, android.permission.ACCESS_NETWORK_STATE, android.permission.HIGH_SAMPLING_RATE_SENSORS",No,No,No,No,No,No,No,Yes,No,No,False,True,False
Tloan,com.tingo.credit.money.nigeria,Nigeria/Approved,"android.permission.WRITE_CALENDAR, android.permission.ACCESS_WIFI_STATE, android.permission.WAKE_LOCK, android.permission.POST_NOTIFICATIONS, android.permission.INTERNET, android.permission.CAMERA, com.google.android.gms.permission.AD_ID, com.tingo.credit.money.nigeria.DYNAMIC_RECEIVER_NOT_EXPORTED_PERMISSION, com.google.android.finsky.permission.BIND_GET_INSTALL_REFERRER_SERVICE, android.permission.ACCESS_COARSE_LOCATION, android.permission.ACCESS_NETWORK_STATE, com.google.android.c2dm.permission.RECEIVE",No,No,No,No,No,No,No,No,No,No,False,False,False
Cash9ja,com.samued.cashnaija,Nigeria/Approved,"android.permission.WRITE_CALENDAR, android.permission.PACKAGE_USAGE_STATS, android.permission.ACCESS_WIFI_STATE, android.permission.WAKE_LOCK, android.permission.READ_CALENDAR, android.permission.ACCESS_ADSERVICES_ATTRIBUTION, android.permission.ACCESS_ADSERVICES_AD_ID, android.permission.INTERNET, com.google.android.gms.permission.AD_ID, android.permission.BLUETOOTH, com.google.android.finsky.permission.BIND_GET_INSTALL_REFERRER_SERVICE, android.permission.READ_SMS, android.permission.ACCESS_COARSE_LOCATION, android.permission.ACCESS_NETWORK_STATE, com.google.android.providers.gsf.permission.READ_GSERVICES, com.samued.cashnaija.DYNAMIC_RECEIVER_NOT_EXPORTED_PERMISSION, android.permission.READ_PHONE_STATE",No,No,No,No,No,No,No,Yes,No,No,False,True,False
Okloan,com.oxloanpro.cash.credit.nigeria,Nigeria/Approved,"android.permission.ACCESS_WIFI_STATE, android.permission.WAKE_LOCK, android.permission.CHANGE_WIFI_STATE, android.permission.INTERNET, android.permission.CAMERA, com.google.android.gms.permission.AD_ID, android.permission.BLUETOOTH, android.permission.POST_NOTIFICATIONS, com.oxloanpro.cash.credit.nigeria.DYNAMIC_RECEIVER_NOT_EXPORTED_PERMISSION, com.google.android.finsky.permission.BIND_GET_INSTALL_REFERRER_SERVICE, android.permission.BLUETOOTH_ADMIN, android.permission.READ_SMS, android.permission.ACCESS_COARSE_LOCATION, android.permission.ACCESS_NETWORK_STATE, com.google.android.c2dm.permission.RECEIVE, android.permission.READ_PHONE_STATE",No,No,No,No,No,No,No,Yes,No,No,False,True,False
Cashpaddie,com.lucky.cashpaddie,Nigeria/Approved,"android.permission.ACCESS_WIFI_STATE, android.permission.WAKE_LOCK, android.permission.READ_CALENDAR, android.permission.POST_NOTIFICATIONS, android.permission.INTERNET, android.permission.CAMERA, com.google.android.gms.permission.AD_ID, com.google.android.finsky.permission.BIND_GET_INSTALL_REFERRER_SERVICE, android.permission.READ_SMS, android.permission.ACCESS_COARSE_LOCATION, android.permission.ACCESS_NETWORK_STATE, com.google.android.c2dm.permission.RECEIVE, android.permission.DOWNLOAD_WITHOUT_NOTIFICATION, android.permission.READ_PHONE_STATE",No,No,No,No,No,No,No,Yes,No,No,False,True,False
SwiftNaira,swift.loan.naira.app,Nigeria/Approved,"com.huawei.appmarket.service.commondata.permission.GET_COMMON_DATA, android.permission.RECEIVE_USER_PRESENT, android.permission.ACCESS_WIFI_STATE, android.permission.WAKE_LOCK, android.permission.ACCESS_ADSERVICES_ATTRIBUTION, android.permission.CHANGE_WIFI_STATE, android.permission.CAMERA, android.permission.SYSTEM_ALERT_WINDOW, android.permission.RECEIVE_BOOT_COMPLETED, android.permission.REAL_GET_TASKS, com.google.android.gms.permission.AD_ID, android.permission.VIBRATE, android.permission.CHANGE_NETWORK_STATE, com.google.android.c2dm.permission.RECEIVE, android.permission.ACCESS_LOCATION_EXTRA_COMMANDS, android.permission.WRITE_SETTINGS, com.google.android.providers.gsf.permission.READ_GSERVICES, android.permission.CALL_PHONE, android.permission.FOREGROUND_SERVICE, android.permission.READ_PHONE_STATE, android.permission.READ_PRIVILEGED_PHONE_STATE, android.permission.POST_NOTIFICATIONS, android.permission.INTERNET, com.google.android.finsky.permission.BIND_GET_INSTALL_REFERRER_SERVICE, android.permission.READ_SMS, android.permission.ACCESS_NETWORK_STATE",No,No,No,No,No,No,No,Yes,No,No,False,True,False
Hermoney,com.hermoney.app,Nigeria/Approved,"android.permission.WRITE_EXTERNAL_STORAGE, android.permission.WAKE_LOCK, android.permission.ACCESS_WIFI_STATE, android.permission.ACCESS_FINE_LOCATION, android.permission.INTERNET, android.permission.CAMERA, com.hermoney.app.DYNAMIC_RECEIVER_NOT_EXPORTED_PERMISSION, com.google.android.finsky.permission.BIND_GET_INSTALL_REFERRER_SERVICE, android.permission.READ_EXTERNAL_STORAGE, android.permission.USE_BIOMETRIC, android.permission.USE_FINGERPRINT, android.permission.ACCESS_COARSE_LOCATION, android.permission.ACCESS_NETWORK_STATE, android.permission.CALL_PHONE, android.permission.DOWNLOAD_WITHOUT_NOTIFICATION, com.google.android.c2dm.permission.RECEIVE, android.permission.RECEIVE_BOOT_COMPLETED, android.permission.FOREGROUND_SERVICE",No,No,Yes,Yes,No,No,No,No,No,Yes,True,True,True
Morecash,com.loan.credit.new.morecash,Nigeria/Approved,"android.permission.ACCESS_WIFI_STATE, android.permission.WAKE_LOCK, android.permission.READ_PRIVILEGED_PHONE_STATE, android.permission.MOUNT_UNMOUNT_FILESYSTEMS, android.permission.BROADCAST_STICKY, android.permission.INTERNET, android.permission.CAMERA, com.google.android.gms.permission.AD_ID, com.android.vending.CHECK_LICENSE, com.google.android.finsky.permission.BIND_GET_INSTALL_REFERRER_SERVICE, android.permission.READ_SMS, android.permission.ACCESS_NETWORK_STATE, android.permission.ACCESS_COARSE_LOCATION, android.permission.READ_PHONE_STATE",No,No,No,No,No,No,No,Yes,No,No,False,True,False
Fewchore Mobile,com.exolve.fewchorepay,Nigeria/Approved,"android.permission.READ_MEDIA_VIDEO, android.permission.BLUETOOTH_CONNECT, android.permission.WRITE_EXTERNAL_STORAGE, android.permission.RECORD_AUDIO, android.permission.READ_MEDIA_IMAGES, android.permission.READ_MEDIA_AUDIO, android.permission.WAKE_LOCK, android.permission.POST_NOTIFICATIONS, android.permission.INTERNET, android.permission.CAMERA, com.exolve.fewchorepay.DYNAMIC_RECEIVER_NOT_EXPORTED_PERMISSION, android.permission.BLUETOOTH, android.permission.READ_EXTERNAL_STORAGE, android.permission.USE_BIOMETRIC, android.permission.USE_FINGERPRINT, android.permission.ACCESS_NETWORK_STATE, com.google.android.c2dm.permission.RECEIVE",No,No,Yes,Yes,Yes,Yes,Yes,No,No,No,True,True,True
VybeCash,com.vybecash.app,Nigeria/Approved,"android.permission.ACCESS_WIFI_STATE, android.permission.WAKE_LOCK, com.sec.android.provider.badge.permission.WRITE, android.permission.VIDEO_CAPTURE, android.permission.ACCESS_FINE_LOCATION, com.sonyericsson.home.permission.BROADCAST_BADGE, android.permission.CAMERA, com.anddoes.launcher.permission.UPDATE_COUNT, android.permission.ACCESS_ADSERVICES_ATTRIBUTION, com.vybecash.app.DYNAMIC_RECEIVER_NOT_EXPORTED_PERMISSION, com.majeur.launcher.permission.UPDATE_BADGE, android.permission.READ_CONTACTS, me.everything.badger.permission.BADGE_COUNT_READ, android.permission.RECEIVE_BOOT_COMPLETED, com.oppo.launcher.permission.READ_SETTINGS, com.huawei.android.launcher.permission.CHANGE_BADGE, android.permission.ACCESS_ADSERVICES_AD_ID, me.everything.badger.permission.BADGE_COUNT_WRITE, com.google.android.gms.permission.AD_ID, android.permission.USE_FULL_SCREEN_INTENT, com.sonymobile.home.permission.PROVIDER_INSERT_BADGE, android.permission.READ_APP_BADGE, android.permission.READ_EXTERNAL_STORAGE, android.permission.VIBRATE, android.permission.USE_FINGERPRINT, com.google.android.c2dm.permission.RECEIVE, com.htc.launcher.permission.UPDATE_SHORTCUT, android.permission.SCHEDULE_EXACT_ALARM, android.permission.WRITE_EXTERNAL_STORAGE, android.permission.WRITE_CONTACTS, android.permission.USE_BIOMETRIC, com.sec.android.provider.badge.permission.READ, com.huawei.android.launcher.permission.READ_SETTINGS, android.permission.FOREGROUND_SERVICE, android.permission.READ_INTERNAL_STORAGE, android.permission.RECORD_AUDIO, com.vybecash.app.permission.C2D_MESSAGE, android.permission.POST_NOTIFICATIONS, android.permission.INTERNET, android.permission.MODIFY_AUDIO_SETTINGS, com.google.android.finsky.permission.BIND_GET_INSTALL_REFERRER_SERVICE, com.oppo.launcher.permission.WRITE_SETTINGS, com.huawei.android.launcher.permission.WRITE_SETTINGS, android.permission.ACCESS_NETWORK_STATE, android.permission.ACCESS_COARSE_LOCATION, com.htc.launcher.permission.READ_SETTINGS",Yes,No,Yes,Yes,No,No,No,No,No,Yes,True,True,True
KashOn,com.kashon,Nigeria/Approved,"android.permission.WRITE_CALENDAR, android.permission.ACCESS_WIFI_STATE, android.permission.WAKE_LOCK, android.permission.READ_PRIVILEGED_PHONE_STATE, android.permission.READ_CALENDAR, android.permission.INTERNET, com.google.android.gms.permission.AD_ID, com.google.android.finsky.permission.BIND_GET_INSTALL_REFERRER_SERVICE, android.permission.CHANGE_NETWORK_STATE, android.permission.VIBRATE, android.permission.ACCESS_NETWORK_STATE, android.permission.ACCESS_COARSE_LOCATION, com.google.android.c2dm.permission.RECEIVE, android.permission.RECEIVE_BOOT_COMPLETED, android.permission.FOREGROUND_SERVICE, android.permission.KILL_BACKGROUND_PROCESSES, android.permission.READ_PHONE_STATE",No,No,No,No,No,No,No,No,No,No,False,False,False
Ellimoney,com.airopay.agents,Nigeria/Approved,"android.permission.WAKE_LOCK, android.permission.READ_PRIVILEGED_PHONE_STATE, android.permission.INTERNET, com.airopay.agents.DYNAMIC_RECEIVER_NOT_EXPORTED_PERMISSION, com.google.android.gms.permission.AD_ID, android.permission.READ_EXTERNAL_STORAGE, android.permission.NFC, android.permission.ACCESS_NETWORK_STATE, com.google.android.c2dm.permission.RECEIVE, android.permission.RECEIVE_BOOT_COMPLETED, android.permission.FOREGROUND_SERVICE, android.permission.READ_PHONE_STATE",No,No,Yes,No,No,No,No,No,No,No,True,True,True
Koins,com.primerabank.primera_mobile,Nigeria/Approved,"android.permission.WRITE_EXTERNAL_STORAGE, android.permission.WAKE_LOCK, com.primerabank.primera_mobile.DYNAMIC_RECEIVER_NOT_EXPORTED_PERMISSION, android.permission.POST_NOTIFICATIONS, android.permission.FLASHLIGHT, android.permission.INTERNET, android.permission.CAMERA, com.google.android.gms.permission.AD_ID, com.google.android.finsky.permission.BIND_GET_INSTALL_REFERRER_SERVICE, android.permission.VIBRATE, android.permission.READ_EXTERNAL_STORAGE, android.permission.USE_FINGERPRINT, android.permission.ACCESS_NETWORK_STATE, android.permission.USE_BIOMETRIC, com.google.android.c2dm.permission.RECEIVE, android.permission.READ_PHONE_STATE",No,No,Yes,Yes,No,No,No,No,No,No,True,True,True
E4moni,com.e4moni.loan,Nigeria/Approved,"android.permission.WAKE_LOCK, android.permission.INTERNET, android.permission.CAMERA, com.google.android.gms.permission.AD_ID, com.google.android.finsky.permission.BIND_GET_INSTALL_REFERRER_SERVICE, android.permission.ACCESS_NETWORK_STATE, com.e4moni.loan.DYNAMIC_RECEIVER_NOT_EXPORTED_PERMISSION, android.permission.READ_PHONE_STATE",No,No,No,No,No,No,No,No,No,No,False,False,False
Urgent10k,ng.urgent10k.app,Nigeria/Approved,"android.permission.ACCESS_WIFI_STATE, android.permission.WAKE_LOCK, android.permission.CAMERA, android.permission.SYSTEM_ALERT_WINDOW, android.permission.VIBRATE, android.permission.USE_FINGERPRINT, com.google.android.c2dm.permission.RECEIVE, android.permission.MANAGE_DOCUMENTS, android.permission.WRITE_CALENDAR, android.permission.WRITE_SETTINGS, android.permission.USE_BIOMETRIC, android.permission.READ_PHONE_STATE, android.permission.READ_INTERNAL_STORAGE, android.permission.RECORD_AUDIO, android.permission.MODIFY_AUDIO_SETTINGS, android.permission.INTERNET, android.permission.POST_NOTIFICATIONS, com.google.android.finsky.permission.BIND_GET_INSTALL_REFERRER_SERVICE, android.permission.ACCESS_COARSE_LOCATION, android.permission.ACCESS_NETWORK_STATE",No,No,No,No,No,No,No,No,No,No,False,False,False
GetNaira,com.getnaira.online.loan.instant.credit,Nigeria/Approved,"android.permission.PACKAGE_USAGE_STATS, android.permission.ACCESS_WIFI_STATE, android.permission.WAKE_LOCK, android.permission.CHANGE_WIFI_STATE, android.permission.CAMERA, android.permission.REPLACE_EXISTING_PACKAGE, android.permission.RECEIVE_BOOT_COMPLETED, com.google.android.gms.permission.AD_ID, android.permission.BLUETOOTH, android.permission.VIBRATE, android.permission.BATTERY_STATS, android.permission.WRITE_CALENDAR, android.permission.BROADCAST_STICKY, android.permission.ACCESS_LOCATION_EXTRA_COMMANDS, android.permission.WRITE_SETTINGS, android.permission.GET_ACCOUNTS, android.permission.FOREGROUND_SERVICE, android.permission.READ_PHONE_STATE, android.permission.RECORD_AUDIO, android.permission.READ_CALENDAR, android.permission.READ_PRIVILEGED_PHONE_STATE, android.permission.INTERNET, com.google.android.finsky.permission.BIND_GET_INSTALL_REFERRER_SERVICE, android.permission.READ_SMS, android.permission.ACCESS_NETWORK_STATE, android.permission.ACCESS_COARSE_LOCATION, android.permission.ACCESS_COARSE_UPDATES",No,No,No,No,No,No,No,Yes,No,No,False,True,False
oxymon,com.oxymon,Nigeria/Approved,android.permission.INTERNET,No,No,No,No,No,No,No,No,No,No,False,False,False
PoCash,com.ivy.pocash,Nigeria/Approved,"android.permission.RECORD_AUDIO, android.permission.INTERNET, android.permission.CAMERA, android.permission.USE_BIOMETRIC, android.permission.USE_FINGERPRINT, android.permission.ACCESS_COARSE_LOCATION, com.ivy.pocash.DYNAMIC_RECEIVER_NOT_EXPORTED_PERMISSION",No,No,No,No,No,No,No,No,No,No,False,False,False
Adashe,com.adashe.app.adashe,Nigeria/Approved,"android.permission.WAKE_LOCK, com.sec.android.provider.badge.permission.WRITE, android.permission.ACCESS_FINE_LOCATION, com.sonyericsson.home.permission.BROADCAST_BADGE, com.anddoes.launcher.permission.UPDATE_COUNT, android.permission.CAMERA, com.adashe.app.adashe.DYNAMIC_RECEIVER_NOT_EXPORTED_PERMISSION, com.majeur.launcher.permission.UPDATE_BADGE, me.everything.badger.permission.BADGE_COUNT_READ, android.permission.RECEIVE_BOOT_COMPLETED, com.oppo.launcher.permission.READ_SETTINGS, com.huawei.android.launcher.permission.CHANGE_BADGE, me.everything.badger.permission.BADGE_COUNT_WRITE, com.sonymobile.home.permission.PROVIDER_INSERT_BADGE, android.permission.READ_APP_BADGE, android.permission.READ_EXTERNAL_STORAGE, android.permission.VIBRATE, android.permission.USE_FINGERPRINT, com.google.android.c2dm.permission.RECEIVE, com.htc.launcher.permission.UPDATE_SHORTCUT, android.permission.WRITE_EXTERNAL_STORAGE, android.permission.USE_BIOMETRIC, android.permission.READ_PHONE_NUMBERS, com.sec.android.provider.badge.permission.READ, com.huawei.android.launcher.permission.READ_SETTINGS, android.permission.FOREGROUND_SERVICE, android.permission.READ_PHONE_STATE, android.permission.RECORD_AUDIO, android.permission.POST_NOTIFICATIONS, android.permission.INTERNET, com.adashe.app.adashe.permission.C2D_MESSAGE, com.oppo.launcher.permission.WRITE_SETTINGS, com.huawei.android.launcher.permission.WRITE_SETTINGS, android.permission.ACCESS_NETWORK_STATE, com.htc.launcher.permission.READ_SETTINGS",No,No,Yes,Yes,No,No,No,No,No,Yes,True,True,True
Primepay,com.client.primepay,Nigeria/Approved,"android.permission.WRITE_CALENDAR, android.permission.ACCESS_WIFI_STATE, android.permission.WAKE_LOCK, android.permission.READ_CALENDAR, android.permission.CHANGE_WIFI_STATE, android.permission.INTERNET, android.permission.CAMERA, com.google.android.gms.permission.AD_ID, com.google.android.finsky.permission.BIND_GET_INSTALL_REFERRER_SERVICE, android.permission.CHANGE_NETWORK_STATE, android.permission.READ_CALL_LOG, android.permission.ACCESS_NETWORK_STATE, android.permission.ACCESS_COARSE_LOCATION, android.permission.READ_PHONE_STATE",No,Yes,No,No,No,No,No,No,No,No,False,True,True
TradeLenda,com.tradelenda.app,Nigeria/Approved,"com.tradelenda.app.permission.C2D_MESSAGE, android.permission.WAKE_LOCK, android.permission.ACCESS_WIFI_STATE, android.permission.ACCESS_ADSERVICES_ATTRIBUTION, com.sec.android.provider.badge.permission.WRITE, com.sonyericsson.home.permission.BROADCAST_BADGE, com.anddoes.launcher.permission.UPDATE_COUNT, android.permission.CAMERA, com.fingerprints.service.ACCESS_FINGERPRINT_MANAGER, android.permission.BROADCAST_CLOSE_SYSTEM_DIALOGS, android.permission.ACCESS_ADSERVICES_CUSTOM_AUDIENCE, com.majeur.launcher.permission.UPDATE_BADGE, me.everything.badger.permission.BADGE_COUNT_READ, android.permission.SYSTEM_ALERT_WINDOW, android.permission.RECEIVE_BOOT_COMPLETED, com.oppo.launcher.permission.READ_SETTINGS, com.huawei.android.launcher.permission.CHANGE_BADGE, android.permission.ACCESS_ADSERVICES_AD_ID, me.everything.badger.permission.BADGE_COUNT_WRITE, com.google.android.gms.permission.AD_ID, android.permission.USE_FULL_SCREEN_INTENT, com.sonymobile.home.permission.PROVIDER_INSERT_BADGE, android.permission.READ_APP_BADGE, android.permission.VIBRATE, android.permission.READ_EXTERNAL_STORAGE, android.permission.USE_FINGERPRINT, com.google.android.c2dm.permission.RECEIVE, com.htc.launcher.permission.UPDATE_SHORTCUT, android.permission.SCHEDULE_EXACT_ALARM, com.tradelenda.app.DYNAMIC_RECEIVER_NOT_EXPORTED_PERMISSION, android.permission.WRITE_EXTERNAL_STORAGE, android.permission.ACCESS_NOTIFICATION_POLICY, android.permission.USE_BIOMETRIC, com.google.android.providers.gsf.permission.READ_GSERVICES, com.samsung.android.providers.context.permission.WRITE_USE_APP_FEATURE_SURVEY, com.sec.android.provider.badge.permission.READ, com.huawei.android.launcher.permission.READ_SETTINGS, android.permission.FOREGROUND_SERVICE, android.permission.READ_PHONE_STATE, android.permission.RECORD_AUDIO, android.permission.POST_NOTIFICATIONS, android.permission.INTERNET, com.google.android.finsky.permission.BIND_GET_INSTALL_REFERRER_SERVICE, com.oppo.launcher.permission.WRITE_SETTINGS, com.huawei.android.launcher.permission.WRITE_SETTINGS, android.permission.ACCESS_NETWORK_STATE, android.permission.DOWNLOAD_WITHOUT_NOTIFICATION, com.htc.launcher.permission.READ_SETTINGS",No,No,Yes,Yes,No,No,No,No,No,No,True,True,True
Rubi Moni,com.rubimoni,Nigeria/Approved,"android.permission.ACCESS_WIFI_STATE, android.permission.WAKE_LOCK, android.permission.INTERNET, com.google.android.gms.permission.AD_ID, com.google.android.finsky.permission.BIND_GET_INSTALL_REFERRER_SERVICE, android.permission.VIBRATE, android.permission.ACCESS_NETWORK_STATE, android.permission.RECEIVE_BOOT_COMPLETED",No,No,No,No,No,No,No,No,No,No,False,False,False
Vkash,safe.vkashpro.loan,Nigeria/Approved,"android.permission.ACCESS_WIFI_STATE, android.permission.CHANGE_WIFI_STATE, freemme.permission.msa, android.permission.BLUETOOTH_CONNECT, com.google.android.gms.permission.AD_ID, android.permission.BLUETOOTH, android.permission.CHANGE_NETWORK_STATE, com.asus.msa.SupplementaryDID.ACCESS, android.permission.WRITE_CALENDAR, android.permission.WRITE_SETTINGS, android.permission.FOREGROUND_SERVICE, android.permission.READ_PHONE_STATE, android.permission.READ_CALENDAR, android.permission.POST_NOTIFICATIONS, android.permission.INTERNET, com.google.android.finsky.permission.BIND_GET_INSTALL_REFERRER_SERVICE, android.permission.READ_SMS, android.permission.ACCESS_COARSE_LOCATION, android.permission.ACCESS_NETWORK_STATE",No,No,No,No,No,No,No,Yes,No,No,False,True,False
Fuel Credit,com.fuelcredit,Nigeria/Approved,"android.permission.INTERNET, android.permission.CAMERA",No,No,No,No,No,No,No,No,No,No,False,False,False
Renmoney,com.renmoney.android,Nigeria/Approved,"android.permission.PACKAGE_USAGE_STATS, android.permission.READ_MEDIA_VIDEO, com.huawei.appmarket.service.commondata.permission.GET_COMMON_DATA, android.permission.READ_MEDIA_AUDIO, android.permission.WAKE_LOCK, android.permission.ACCESS_WIFI_STATE, android.permission.ACCESS_FINE_LOCATION, android.permission.ACCESS_ADSERVICES_ATTRIBUTION, android.permission.CAMERA, android.permission.READ_CONTACTS, android.permission.RECEIVE_BOOT_COMPLETED, android.permission.READ_MEDIA_IMAGES, android.permission.ACCESS_ADSERVICES_AD_ID, com.google.android.gms.permission.AD_ID, android.permission.BLUETOOTH, android.permission.READ_EXTERNAL_STORAGE, android.permission.BLUETOOTH_ADMIN, android.permission.USE_FINGERPRINT, android.permission.VIBRATE, com.google.android.c2dm.permission.RECEIVE, android.permission.READ_BASIC_PHONE_STATE, com.renmoney.android.DYNAMIC_RECEIVER_NOT_EXPORTED_PERMISSION, android.permission.WRITE_CALENDAR, android.permission.WRITE_EXTERNAL_STORAGE, android.permission.USE_BIOMETRIC, android.permission.READ_PHONE_NUMBERS, android.permission.CALL_PHONE, android.permission.GET_ACCOUNTS, android.permission.REORDER_TASKS, android.permission.FOREGROUND_SERVICE, android.permission.READ_PHONE_STATE, android.permission.RECORD_AUDIO, android.permission.READ_CALENDAR, android.permission.READ_PRIVILEGED_PHONE_STATE, android.permission.POST_NOTIFICATIONS, android.permission.INTERNET, com.samsung.android.mapsagent.permission.READ_APP_INFO, com.google.android.finsky.permission.BIND_GET_INSTALL_REFERRER_SERVICE, android.permission.READ_SMS, android.permission.ACCESS_NETWORK_STATE, android.permission.ACCESS_COARSE_LOCATION",Yes,No,Yes,Yes,Yes,Yes,Yes,Yes,No,Yes,True,True,True
Pase Club,com.pase.club,Nigeria/Approved,"android.permission.BLUETOOTH_CONNECT, android.permission.ACCESS_WIFI_STATE, android.permission.WAKE_LOCK, android.permission.CHANGE_WIFI_STATE, android.permission.INTERNET, com.google.android.gms.permission.AD_ID, com.android.vending.CHECK_LICENSE, android.permission.LOCAL_MAC_ADDRESS, com.google.android.finsky.permission.BIND_GET_INSTALL_REFERRER_SERVICE, android.permission.ACCESS_NETWORK_STATE, android.permission.ACCESS_COARSE_LOCATION, com.google.android.c2dm.permission.RECEIVE, android.permission.READ_PHONE_STATE",No,No,No,No,No,No,No,No,No,No,False,False,False
Plenty Cash,ng.com.plentycash,Nigeria/Approved,"android.permission.ACCESS_WIFI_STATE, android.permission.WAKE_LOCK, android.permission.CHANGE_WIFI_STATE, android.permission.CAMERA, android.permission.RECEIVE_BOOT_COMPLETED, com.google.android.gms.permission.AD_ID, android.permission.CHANGE_NETWORK_STATE, com.google.android.c2dm.permission.RECEIVE, android.permission.ACCESS_LOCATION_EXTRA_COMMANDS, com.google.android.providers.gsf.permission.READ_GSERVICES, android.permission.CALL_PHONE, android.permission.FOREGROUND_SERVICE, android.permission.READ_PHONE_STATE, android.permission.POST_NOTIFICATIONS, android.permission.INTERNET, com.google.android.finsky.permission.BIND_GET_INSTALL_REFERRER_SERVICE, android.permission.READ_SMS, android.permission.ACCESS_COARSE_LOCATION, android.permission.ACCESS_NETWORK_STATE",No,No,No,No,No,No,No,Yes,No,No,False,True,False
com.kash.money.palm.minicredit.new.naira.loan,com.kash.money.palm.minicredit.new.naira.loan,Nigeria/Approved,"android.permission.ACCESS_WIFI_STATE, android.permission.WAKE_LOCK, android.permission.READ_PRIVILEGED_PHONE_STATE, android.permission.MOUNT_UNMOUNT_FILESYSTEMS, android.permission.BROADCAST_STICKY, android.permission.INTERNET, android.permission.CAMERA, com.google.android.gms.permission.AD_ID, com.google.android.finsky.permission.BIND_GET_INSTALL_REFERRER_SERVICE, android.permission.READ_SMS, android.permission.ACCESS_NETWORK_STATE, android.permission.ACCESS_COARSE_LOCATION, android.permission.READ_PHONE_STATE",No,No,No,No,No,No,No,Yes,No,No,False,True,False
MoneyInMinutes,ng.com.moneyinminutes.mim,Nigeria/Approved,"android.permission.WAKE_LOCK, android.permission.POST_NOTIFICATIONS, android.permission.INTERNET, android.permission.CAMERA, ng.com.moneyinminutes.mim.DYNAMIC_RECEIVER_NOT_EXPORTED_PERMISSION, com.google.android.gms.permission.AD_ID, com.google.android.finsky.permission.BIND_GET_INSTALL_REFERRER_SERVICE, android.permission.USE_BIOMETRIC, android.permission.USE_FINGERPRINT, android.permission.ACCESS_NETWORK_STATE, android.permission.ACCESS_COARSE_LOCATION, com.google.android.c2dm.permission.RECEIVE, android.permission.READ_PHONE_STATE",No,No,No,No,No,No,No,No,No,No,False,False,False
Trusty,com.trusty.app,Nigeria/Approved,"android.permission.WAKE_LOCK, com.sec.android.provider.badge.permission.WRITE, android.permission.ACCESS_ADSERVICES_ATTRIBUTION, com.sonyericsson.home.permission.BROADCAST_BADGE, com.anddoes.launcher.permission.UPDATE_COUNT, android.permission.CAMERA, com.majeur.launcher.permission.UPDATE_BADGE, android.permission.ACCESS_ADSERVICES_CUSTOM_AUDIENCE, me.everything.badger.permission.BADGE_COUNT_READ, com.trusty.app.DYNAMIC_RECEIVER_NOT_EXPORTED_PERMISSION, android.permission.RECEIVE_BOOT_COMPLETED, com.oppo.launcher.permission.READ_SETTINGS, com.huawei.android.launcher.permission.CHANGE_BADGE, android.permission.ACCESS_ADSERVICES_AD_ID, me.everything.badger.permission.BADGE_COUNT_WRITE, com.google.android.gms.permission.AD_ID, com.sonymobile.home.permission.PROVIDER_INSERT_BADGE, android.permission.READ_APP_BADGE, android.permission.VIBRATE, com.google.android.c2dm.permission.RECEIVE, com.htc.launcher.permission.UPDATE_SHORTCUT, com.sec.android.provider.badge.permission.READ, com.huawei.android.launcher.permission.READ_SETTINGS, android.permission.FOREGROUND_SERVICE, android.permission.POST_NOTIFICATIONS, android.permission.INTERNET, com.google.android.finsky.permission.BIND_GET_INSTALL_REFERRER_SERVICE, com.oppo.launcher.permission.WRITE_SETTINGS, com.huawei.android.launcher.permission.WRITE_SETTINGS, android.permission.ACCESS_COARSE_LOCATION, android.permission.ACCESS_NETWORK_STATE, com.trusty.app.permission.C2D_MESSAGE, com.htc.launcher.permission.READ_SETTINGS",No,No,No,No,No,No,No,No,No,No,False,False,False
Pasa,com.pride.pasa,Nigeria/Approved,"android.permission.BLUETOOTH_CONNECT, android.permission.ACCESS_WIFI_STATE, android.permission.WAKE_LOCK, android.permission.CHANGE_WIFI_STATE, android.permission.INTERNET, android.permission.CAMERA, com.google.android.gms.permission.AD_ID, android.permission.LOCAL_MAC_ADDRESS, com.google.android.finsky.permission.BIND_GET_INSTALL_REFERRER_SERVICE, android.permission.READ_SMS, android.permission.ACCESS_NETWORK_STATE, android.permission.ACCESS_COARSE_LOCATION, com.google.android.c2dm.permission.RECEIVE, android.permission.READ_PHONE_STATE",No,No,No,No,No,No,No,Yes,No,No,False,True,False
Nicenaira Plus,com.credit.nicenaira,Nigeria/Approved,"android.permission.WRITE_CALENDAR, com.credit.nicenaira.other_temp5, com.credit.nicenaira.DYNAMIC_RECEIVER_NOT_EXPORTED_PERMISSION, android.permission.ACCESS_WIFI_STATE, android.permission.WAKE_LOCK, android.permission.POST_NOTIFICATIONS, android.permission.INTERNET, android.permission.CAMERA, com.google.android.gms.permission.AD_ID, com.google.android.finsky.permission.BIND_GET_INSTALL_REFERRER_SERVICE, android.permission.READ_SMS, android.permission.ACCESS_COARSE_LOCATION, android.permission.ACCESS_NETWORK_STATE, com.google.android.c2dm.permission.RECEIVE",No,No,No,No,No,No,No,Yes,No,No,False,True,False
Xcash,com.loanx.cashloan,Nigeria/Approved,"android.permission.ACCESS_WIFI_STATE, android.permission.WAKE_LOCK, android.permission.CHANGE_WIFI_STATE, android.permission.CAMERA, android.permission.SYSTEM_ALERT_WINDOW, android.permission.RECEIVE_BOOT_COMPLETED, com.google.android.gms.permission.AD_ID, android.permission.VIBRATE, android.permission.HIGH_SAMPLING_RATE_SENSORS, android.permission.USE_FINGERPRINT, com.google.android.c2dm.permission.RECEIVE, android.permission.WRITE_CALENDAR, android.permission.ACCESS_LOCATION_EXTRA_COMMANDS, android.permission.READ_CALL_LOG, android.permission.USE_BIOMETRIC, com.google.android.providers.gsf.permission.READ_GSERVICES, android.permission.REORDER_TASKS, android.permission.FOREGROUND_SERVICE, android.permission.READ_PHONE_STATE, android.permission.GET_TASKS, android.permission.READ_CALENDAR, android.permission.POST_NOTIFICATIONS, android.permission.INTERNET, com.google.android.finsky.permission.BIND_GET_INSTALL_REFERRER_SERVICE, android.permission.READ_SMS, android.permission.ACCESS_NETWORK_STATE, android.permission.ACCESS_COARSE_LOCATION, com.android.vending.setup.PLAY_SETUP_SERVICE",No,Yes,No,No,No,No,No,Yes,No,No,False,True,True
ZoomCash,com.zoomcash.app.financial.services.mobilepay,Nigeria/Approved,"com.zoomcash.app.financial.services.mobilepay.DYNAMIC_RECEIVER_NOT_EXPORTED_PERMISSION, android.permission.WAKE_LOCK, android.permission.ACCESS_ADSERVICES_ATTRIBUTION, android.permission.READ_CALENDAR, android.permission.POST_NOTIFICATIONS, android.permission.INTERNET, android.permission.CAMERA, com.google.android.gms.permission.AD_ID, android.permission.ACCESS_ADSERVICES_AD_ID, com.google.android.finsky.permission.BIND_GET_INSTALL_REFERRER_SERVICE, android.permission.READ_CALL_LOG, android.permission.READ_SMS, android.permission.ACCESS_NETWORK_STATE, android.permission.READ_PROFILE, com.google.android.c2dm.permission.RECEIVE, android.permission.READ_PHONE_STATE",No,Yes,No,No,No,No,No,Yes,No,No,False,True,True
Hi Wallet,nigeria.cash.loan.hiwallet,Nigeria/Approved,"android.permission.WRITE_CALENDAR, android.permission.RECORD_AUDIO, android.permission.ACCESS_WIFI_STATE, android.permission.WAKE_LOCK, android.permission.READ_CALENDAR, android.permission.CHANGE_WIFI_STATE, android.permission.ACCESS_LOCATION_EXTRA_COMMANDS, android.permission.CAMERA, android.permission.INTERNET, com.google.android.gms.permission.AD_ID, com.google.android.finsky.permission.BIND_GET_INSTALL_REFERRER_SERVICE, android.permission.CHANGE_NETWORK_STATE, android.permission.READ_CALL_LOG, android.permission.ACCESS_COARSE_LOCATION, android.permission.ACCESS_NETWORK_STATE, android.permission.READ_PHONE_STATE",No,Yes,No,No,No,No,No,No,No,No,False,True,True
Regxta,com.info.regxta,Nigeria/Approved,"android.permission.WRITE_EXTERNAL_STORAGE, android.permission.RECORD_AUDIO, android.permission.INTERNET, android.permission.CAMERA, com.google.android.finsky.permission.BIND_GET_INSTALL_REFERRER_SERVICE, android.permission.READ_EXTERNAL_STORAGE, android.permission.SYSTEM_ALERT_WINDOW, android.permission.VIBRATE, android.permission.ACCESS_NETWORK_STATE",No,No,Yes,Yes,No,No,No,No,No,No,True,True,True
UltraCash,ultracash.fast.loan,Nigeria/Approved,"android.permission.ACCESS_WIFI_STATE, android.permission.CHANGE_WIFI_STATE, android.permission.INTERNET, android.permission.CAMERA, com.google.android.gms.permission.AD_ID, android.permission.LOCAL_MAC_ADDRESS, com.google.android.finsky.permission.BIND_GET_INSTALL_REFERRER_SERVICE, android.permission.READ_CALL_LOG, android.permission.READ_SMS, android.permission.ACCESS_NETWORK_STATE, com.google.android.providers.gsf.permission.READ_GSERVICES, com.google.android.providers.gsf.permission.WRITE_GSERVICES, android.permission.ACCESS_COARSE_LOCATION, ultracash.fast.loan.DYNAMIC_RECEIVER_NOT_EXPORTED_PERMISSION, android.permission.READ_PHONE_STATE",No,Yes,No,No,No,No,No,Yes,No,No,False,True,True
Vibecredit,com.vibecredit,Nigeria/Approved,"android.permission.ACCESS_WIFI_STATE, android.permission.WAKE_LOCK, android.permission.READ_CALENDAR, android.permission.POST_NOTIFICATIONS, android.permission.INTERNET, android.permission.CAMERA, com.google.android.gms.permission.AD_ID, android.permission.CHANGE_WIFI_STATE, android.permission.LOCAL_MAC_ADDRESS, com.google.android.finsky.permission.BIND_GET_INSTALL_REFERRER_SERVICE, android.permission.VIBRATE, android.permission.READ_SMS, android.permission.ACCESS_COARSE_LOCATION, android.permission.ACCESS_NETWORK_STATE, com.google.android.c2dm.permission.RECEIVE, android.permission.READ_PHONE_STATE",No,No,No,No,No,No,No,Yes,No,No,False,True,False
@7F10001C,com.cash.lnonline,Nigeria/Approved,"android.permission.PACKAGE_USAGE_STATS, android.permission.ACCESS_WIFI_STATE, android.permission.WAKE_LOCK, android.permission.ACCESS_ADSERVICES_ATTRIBUTION, android.permission.CAMERA, com.cash.lnonline.DYNAMIC_RECEIVER_NOT_EXPORTED_PERMISSION, android.permission.ACCESS_ADSERVICES_AD_ID, com.google.android.gms.permission.AD_ID, android.permission.CHANGE_NETWORK_STATE, android.permission.BATTERY_STATS, com.google.android.c2dm.permission.RECEIVE, android.permission.KILL_BACKGROUND_PROCESSES, android.permission.READ_PHONE_STATE, android.permission.READ_PRIVILEGED_PHONE_STATE, android.permission.POST_NOTIFICATIONS, android.permission.INTERNET, com.google.android.finsky.permission.BIND_GET_INSTALL_REFERRER_SERVICE, android.permission.READ_SMS, android.permission.ACCESS_NETWORK_STATE",No,No,No,No,No,No,No,Yes,No,No,False,True,False
KK Cash,kkcash.loan.credit.fast,Nigeria/Approved,"com.huawei.appmarket.service.commondata.permission.GET_COMMON_DATA, android.permission.ACCESS_ADSERVICES_ATTRIBUTION, android.permission.ACCESS_WIFI_STATE, android.permission.READ_PRIVILEGED_PHONE_STATE, android.permission.CHANGE_WIFI_STATE, android.permission.INTERNET, android.permission.CAMERA, com.google.android.gms.permission.AD_ID, android.permission.ACCESS_ADSERVICES_AD_ID, android.permission.LOCAL_MAC_ADDRESS, com.google.android.finsky.permission.BIND_GET_INSTALL_REFERRER_SERVICE, android.permission.CHANGE_NETWORK_STATE, kkcash.loan.credit.fast.DYNAMIC_RECEIVER_NOT_EXPORTED_PERMISSION, android.permission.ACCESS_NETWORK_STATE, android.permission.ACCESS_COARSE_LOCATION, android.permission.READ_PHONE_STATE",No,No,No,No,No,No,No,No,No,No,False,False,False
PhastMoney,com.phastmoney,Nigeria/Approved,"android.permission.WRITE_EXTERNAL_STORAGE, android.permission.WAKE_LOCK, android.permission.ACCESS_WIFI_STATE, android.permission.INTERNET, android.permission.CAMERA, com.android.vending.CHECK_LICENSE, com.google.android.finsky.permission.BIND_GET_INSTALL_REFERRER_SERVICE, android.permission.VIBRATE, android.permission.ACCESS_NETWORK_STATE, com.google.android.c2dm.permission.RECEIVE",No,No,No,Yes,No,No,No,No,No,No,True,True,False
Raiz,com.raiz.application,Nigeria/Approved,"android.permission.ACCESS_WIFI_STATE, android.permission.READ_MEDIA_AUDIO, android.permission.WAKE_LOCK, com.sec.android.provider.badge.permission.WRITE, com.sonyericsson.home.permission.BROADCAST_BADGE, com.anddoes.launcher.permission.UPDATE_COUNT, android.permission.CAMERA, com.raiz.application.DYNAMIC_RECEIVER_NOT_EXPORTED_PERMISSION, com.majeur.launcher.permission.UPDATE_BADGE, me.everything.badger.permission.BADGE_COUNT_READ, android.permission.SYSTEM_ALERT_WINDOW, android.permission.RECEIVE_BOOT_COMPLETED, com.oppo.launcher.permission.READ_SETTINGS, com.huawei.android.launcher.permission.CHANGE_BADGE, me.everything.badger.permission.BADGE_COUNT_WRITE, com.sonymobile.home.permission.PROVIDER_INSERT_BADGE, android.permission.READ_APP_BADGE, android.permission.VIBRATE, android.permission.READ_EXTERNAL_STORAGE, android.permission.USE_FINGERPRINT, com.google.android.c2dm.permission.RECEIVE, com.htc.launcher.permission.UPDATE_SHORTCUT, android.permission.WRITE_EXTERNAL_STORAGE, com.android.vending.CHECK_LICENSE, android.permission.USE_BIOMETRIC, com.sec.android.provider.badge.permission.READ, com.huawei.android.launcher.permission.READ_SETTINGS, android.permission.RECORD_AUDIO, android.permission.POST_NOTIFICATIONS, android.permission.INTERNET, com.google.android.finsky.permission.BIND_GET_INSTALL_REFERRER_SERVICE, com.oppo.launcher.permission.WRITE_SETTINGS, com.huawei.android.launcher.permission.WRITE_SETTINGS, android.permission.ACCESS_NETWORK_STATE, com.htc.launcher.permission.READ_SETTINGS",No,No,Yes,Yes,Yes,No,No,No,No,No,True,True,True
O2 Finance,com.o2intlfin.loans,Nigeria/Approved,"android.permission.WRITE_EXTERNAL_STORAGE, android.permission.WAKE_LOCK, android.permission.WRITE_CONTACTS, com.o2intlfin.loans.DYNAMIC_RECEIVER_NOT_EXPORTED_PERMISSION, android.permission.ACCESS_FINE_LOCATION, android.permission.POST_NOTIFICATIONS, android.permission.INTERNET, android.permission.READ_CONTACTS, android.permission.READ_EXTERNAL_STORAGE, android.permission.ACCESS_COARSE_LOCATION, android.permission.ACCESS_NETWORK_STATE, com.google.android.c2dm.permission.RECEIVE, android.permission.GET_ACCOUNTS",Yes,No,Yes,Yes,No,No,No,No,No,Yes,True,True,True
MoneyPal,com.zedvance.moneypal,Nigeria/Approved,"android.permission.ACCESS_WIFI_STATE, com.sec.android.provider.badge.permission.WRITE, android.permission.WAKE_LOCK, com.sonyericsson.home.permission.BROADCAST_BADGE, com.anddoes.launcher.permission.UPDATE_COUNT, android.permission.CAMERA, com.majeur.launcher.permission.UPDATE_BADGE, me.everything.badger.permission.BADGE_COUNT_READ, android.permission.RECEIVE_BOOT_COMPLETED, com.oppo.launcher.permission.READ_SETTINGS, com.huawei.android.launcher.permission.CHANGE_BADGE, me.everything.badger.permission.BADGE_COUNT_WRITE, android.permission.USE_FULL_SCREEN_INTENT, com.sonymobile.home.permission.PROVIDER_INSERT_BADGE, android.permission.READ_APP_BADGE, android.permission.VIBRATE, android.permission.USE_FINGERPRINT, com.google.android.c2dm.permission.RECEIVE, com.htc.launcher.permission.UPDATE_SHORTCUT, android.permission.USE_BIOMETRIC, com.sec.android.provider.badge.permission.READ, com.huawei.android.launcher.permission.READ_SETTINGS, android.permission.FOREGROUND_SERVICE, android.permission.POST_NOTIFICATIONS, android.permission.INTERNET, com.zedvance.moneypal.permission.C2D_MESSAGE, com.zedvance.moneypal.DYNAMIC_RECEIVER_NOT_EXPORTED_PERMISSION, com.oppo.launcher.permission.WRITE_SETTINGS, com.huawei.android.launcher.permission.WRITE_SETTINGS, android.permission.ACCESS_NETWORK_STATE, android.permission.ACCESS_COARSE_LOCATION, com.htc.launcher.permission.READ_SETTINGS",No,No,No,No,No,No,No,No,No,No,False,False,False
Loanmate,com.bwfoxlending.nigeria,Nigeria/Approved,"android.permission.ACCESS_WIFI_STATE, android.permission.POST_NOTIFICATION, android.permission.WAKE_LOCK, android.permission.CHANGE_WIFI_STATE, android.permission.CAMERA, android.permission.RECEIVE_BOOT_COMPLETED, com.bwfoxlending.nigeria.DYNAMIC_RECEIVER_NOT_EXPORTED_PERMISSION, com.google.android.gms.permission.AD_ID, android.permission.USE_FULL_SCREEN_INTENT, android.permission.BLUETOOTH, android.permission.VIBRATE, com.google.android.c2dm.permission.RECEIVE, android.permission.SCHEDULE_EXACT_ALARM, android.permission.READ_PHONE_STATE, android.permission.POST_NOTIFICATIONS, android.permission.INTERNET, com.google.android.finsky.permission.BIND_GET_INSTALL_REFERRER_SERVICE, android.permission.READ_SMS, android.permission.ACCESS_COARSE_LOCATION, android.permission.ACCESS_NETWORK_STATE",No,No,No,No,No,No,No,Yes,No,No,False,True,False
Tradedepot,co.tradedepot.shop,Nigeria/Approved,"android.permission.WAKE_LOCK, android.permission.ACCESS_FINE_LOCATION, android.permission.VIDEO_CAPTURE, android.permission.CAMERA, android.permission.READ_CONTACTS, android.permission.SYSTEM_ALERT_WINDOW, android.permission.RECEIVE_BOOT_COMPLETED, com.google.android.gms.permission.AD_ID, android.permission.READ_EXTERNAL_STORAGE, android.permission.VIBRATE, android.permission.USE_FINGERPRINT, com.google.android.c2dm.permission.RECEIVE, android.permission.WRITE_EXTERNAL_STORAGE, android.permission.WRITE_CONTACTS, android.permission.USE_BIOMETRIC, com.google.android.providers.gsf.permission.READ_GSERVICES, android.permission.FOREGROUND_SERVICE, android.permission.READ_PHONE_STATE, co.tradedepot.shop.DYNAMIC_RECEIVER_NOT_EXPORTED_PERMISSION, android.permission.RECORD_AUDIO, android.permission.POST_NOTIFICATIONS, android.permission.INTERNET, com.google.android.finsky.permission.BIND_GET_INSTALL_REFERRER_SERVICE, android.permission.ACCESS_COARSE_LOCATION, android.permission.ACCESS_NETWORK_STATE",Yes,No,Yes,Yes,No,No,No,No,No,Yes,True,True,True
HerVest,com.hervest,Nigeria/Approved,"android.permission.WRITE_EXTERNAL_STORAGE, android.permission.RECORD_AUDIO, android.permission.WAKE_LOCK, android.permission.POST_NOTIFICATIONS, android.permission.INTERNET, android.permission.CAMERA, com.google.android.gms.permission.AD_ID, com.google.android.finsky.permission.BIND_GET_INSTALL_REFERRER_SERVICE, android.permission.READ_EXTERNAL_STORAGE, android.permission.VIBRATE, android.permission.USE_BIOMETRIC, android.permission.ACCESS_NETWORK_STATE, android.permission.USE_FINGERPRINT, com.google.android.c2dm.permission.RECEIVE, com.hervest.DYNAMIC_RECEIVER_NOT_EXPORTED_PERMISSION",No,No,Yes,Yes,No,No,No,No,No,No,True,True,True
OgaCash,com.ogacash.app,Nigeria/Approved,"android.permission.ACCESS_WIFI_STATE, android.permission.WAKE_LOCK, android.permission.ACCESS_ADSERVICES_ATTRIBUTION, android.permission.CAMERA, android.permission.SYSTEM_ALERT_WINDOW, android.permission.RECEIVE_BOOT_COMPLETED, android.permission.ACCESS_ADSERVICES_AD_ID, android.permission.FOREGROUND_SERVICE_DATA_SYNC, android.permission.VIBRATE, android.permission.USE_FINGERPRINT, com.google.android.c2dm.permission.RECEIVE, android.permission.MANAGE_DOCUMENTS, com.ogacash.app.DYNAMIC_RECEIVER_NOT_EXPORTED_PERMISSION, android.permission.WRITE_SETTINGS, android.permission.USE_BIOMETRIC, android.permission.FOREGROUND_SERVICE, android.permission.READ_PHONE_STATE, android.permission.READ_INTERNAL_STORAGE, android.permission.RECORD_AUDIO, android.permission.MODIFY_AUDIO_SETTINGS, android.permission.INTERNET, android.permission.POST_NOTIFICATIONS, com.google.android.finsky.permission.BIND_GET_INSTALL_REFERRER_SERVICE, android.permission.ACCESS_COARSE_LOCATION, android.permission.ACCESS_NETWORK_STATE, android.permission.DOWNLOAD_WITHOUT_NOTIFICATION",No,No,No,No,No,No,No,No,No,No,False,False,False
Rocket Loan Plus,com.silver.gooseplus.wallet.goosewallet,Nigeria/Approved,"android.permission.ACCESS_WIFI_STATE, android.permission.WAKE_LOCK, android.permission.ACCESS_ADSERVICES_ATTRIBUTION, android.permission.READ_PRECISE_PHONE_STATE, android.permission.CHANGE_WIFI_STATE, android.permission.CAMERA, android.permission.ACCESS_ADSERVICES_AD_ID, com.google.android.gms.permission.AD_ID, com.silver.gooseplus.wallet.goosewallet.DYNAMIC_RECEIVER_NOT_EXPORTED_PERMISSION, com.google.android.c2dm.permission.RECEIVE, android.permission.WRITE_CALENDAR, android.permission.READ_PHONE_STATE, android.permission.READ_PRIVILEGED_PHONE_STATE, android.permission.READ_CALENDAR, android.permission.POST_NOTIFICATIONS, android.permission.INTERNET, com.google.android.finsky.permission.BIND_GET_INSTALL_REFERRER_SERVICE, android.permission.READ_SMS, android.permission.ACCESS_NETWORK_STATE, android.permission.ACCESS_COARSE_LOCATION",No,No,No,No,No,No,No,Yes,No,No,False,True,False
LCredit Max,cashigo.loan.lcreditmax,Nigeria/Approved,"android.permission.ACCESS_WIFI_STATE, android.permission.WAKE_LOCK, android.permission.CHANGE_WIFI_STATE, freemme.permission.msa, android.permission.BLUETOOTH_CONNECT, com.google.android.gms.permission.AD_ID, android.permission.BLUETOOTH, android.permission.CHANGE_NETWORK_STATE, com.google.android.c2dm.permission.RECEIVE, com.asus.msa.SupplementaryDID.ACCESS, android.permission.WRITE_CALENDAR, cashigo.loan.lcreditmax.DYNAMIC_RECEIVER_NOT_EXPORTED_PERMISSION, android.permission.WRITE_SETTINGS, android.permission.FOREGROUND_SERVICE, android.permission.READ_PHONE_STATE, android.permission.READ_CALENDAR, android.permission.POST_NOTIFICATIONS, android.permission.INTERNET, com.google.android.finsky.permission.BIND_GET_INSTALL_REFERRER_SERVICE, android.permission.READ_SMS, android.permission.ACCESS_COARSE_LOCATION, android.permission.ACCESS_NETWORK_STATE",No,No,No,No,No,No,No,Yes,No,No,False,True,False
@7F10001C,com.smart.loan.money.smartloan,Nigeria/Approved,"android.permission.WRITE_CALENDAR, android.permission.ACCESS_WIFI_STATE, android.permission.WAKE_LOCK, android.permission.READ_CALENDAR, android.permission.ACCESS_ADSERVICES_AD_ID, android.permission.INTERNET, android.permission.CAMERA, com.google.android.gms.permission.AD_ID, com.google.android.finsky.permission.BIND_GET_INSTALL_REFERRER_SERVICE, android.permission.READ_SMS, android.permission.ACCESS_COARSE_LOCATION, android.permission.ACCESS_NETWORK_STATE, com.google.android.c2dm.permission.RECEIVE, android.permission.READ_PHONE_STATE",No,No,No,No,No,No,No,Yes,No,No,False,True,False
Klump,com.klump.inc.mobile,Nigeria/Approved,"android.permission.WRITE_EXTERNAL_STORAGE, android.permission.RECORD_AUDIO, android.permission.ACCESS_ADSERVICES_ATTRIBUTION, android.permission.WAKE_LOCK, android.permission.POST_NOTIFICATIONS, android.permission.INTERNET, android.permission.CAMERA, com.google.android.gms.permission.AD_ID, android.permission.ACCESS_ADSERVICES_AD_ID, com.klump.inc.mobile.DYNAMIC_RECEIVER_NOT_EXPORTED_PERMISSION, com.google.android.finsky.permission.BIND_GET_INSTALL_REFERRER_SERVICE, android.permission.READ_EXTERNAL_STORAGE, android.permission.ACCESS_NETWORK_STATE, com.google.android.c2dm.permission.RECEIVE",No,No,Yes,Yes,No,No,No,No,No,No,True,True,True
WayaCredit,com.mycrat.wayacreditng,Nigeria/Approved,"android.permission.ACCESS_WIFI_STATE, android.permission.WAKE_LOCK, android.permission.CHANGE_WIFI_STATE, android.permission.CAMERA, android.permission.RECEIVE_BOOT_COMPLETED, com.google.android.gms.permission.AD_ID, android.permission.VIBRATE, android.permission.HIGH_SAMPLING_RATE_SENSORS, com.google.android.c2dm.permission.RECEIVE, android.permission.REQUIRE_SECURE_ENV, android.permission.READ_CALL_LOG, com.google.android.providers.gsf.permission.READ_GSERVICES, android.permission.FOREGROUND_SERVICE, android.permission.READ_PHONE_STATE, android.permission.INTERNET, com.mycrat.wayacreditng.DYNAMIC_RECEIVER_NOT_EXPORTED_PERMISSION, com.google.android.finsky.permission.BIND_GET_INSTALL_REFERRER_SERVICE, android.permission.READ_SMS, android.permission.ACCESS_COARSE_LOCATION, android.permission.ACCESS_NETWORK_STATE",No,Yes,No,No,No,No,No,Yes,No,No,False,True,True
PearlCash,com.nigeria.app.vsnaira,Nigeria/Approved,"com.nigeria.app.vsnaira.DYNAMIC_RECEIVER_NOT_EXPORTED_PERMISSION, android.permission.ACCESS_WIFI_STATE, android.permission.WAKE_LOCK, android.permission.CHANGE_WIFI_STATE, android.permission.INTERNET, android.permission.CAMERA, com.google.android.gms.permission.AD_ID, android.permission.POST_NOTIFICATIONS, com.google.android.finsky.permission.BIND_GET_INSTALL_REFERRER_SERVICE, android.permission.CHANGE_NETWORK_STATE, android.permission.VIBRATE, android.permission.READ_SMS, android.permission.ACCESS_COARSE_LOCATION, android.permission.ACCESS_NETWORK_STATE, android.permission.HIGH_SAMPLING_RATE_SENSORS, com.google.android.c2dm.permission.RECEIVE",No,No,No,No,No,No,No,Yes,No,No,False,True,False
Pilla,com.investment.pilla,Nigeria/Approved,"com.investment.pilla.DYNAMIC_RECEIVER_NOT_EXPORTED_PERMISSION, android.permission.ACCESS_ADSERVICES_ATTRIBUTION, android.permission.WAKE_LOCK, android.permission.POST_NOTIFICATIONS, android.permission.INTERNET, android.permission.ACCESS_ADSERVICES_AD_ID, com.google.android.finsky.permission.BIND_GET_INSTALL_REFERRER_SERVICE, android.permission.READ_EXTERNAL_STORAGE, android.permission.USE_BIOMETRIC, android.permission.VIBRATE, android.permission.ACCESS_NETWORK_STATE, com.google.android.c2dm.permission.RECEIVE, android.permission.USE_FINGERPRINT",No,No,Yes,No,No,No,No,No,No,No,True,True,True
PayFiMobile,com.otoreport.apkpayfimobile,Nigeria/Approved,"android.permission.WAKE_LOCK, android.permission.BLUETOOTH_SCAN, android.permission.ACCESS_FINE_LOCATION, android.permission.CAMERA, android.permission.READ_CONTACTS, android.permission.NFC, android.permission.BLUETOOTH_CONNECT, com.otoreport.apkpayfimobile.DYNAMIC_RECEIVER_NOT_EXPORTED_PERMISSION, com.google.android.gms.permission.AD_ID, android.permission.BLUETOOTH, android.permission.VIBRATE, android.permission.BLUETOOTH_ADMIN, android.permission.READ_EXTERNAL_STORAGE, com.google.android.c2dm.permission.RECEIVE, com.otoreport.apkpayfimobile.permission.C2D_MESSAGE, android.permission.GET_ACCOUNTS, android.permission.READ_PHONE_STATE, android.permission.READ_PRIVILEGED_PHONE_STATE, android.permission.POST_NOTIFICATIONS, android.permission.INTERNET, com.google.android.finsky.permission.BIND_GET_INSTALL_REFERRER_SERVICE, android.permission.ACCESS_NETWORK_STATE, android.permission.ACCESS_COARSE_LOCATION",Yes,No,Yes,No,No,No,No,No,No,Yes,True,True,True
Payfi,com.payfi.ng,Nigeria/Approved,"android.permission.ACCESS_WIFI_STATE, android.permission.WAKE_LOCK, android.permission.VIDEO_CAPTURE, android.permission.ACCESS_FINE_LOCATION, android.permission.CAMERA, android.permission.READ_CONTACTS, android.permission.RECEIVE_BOOT_COMPLETED, com.google.android.gms.permission.AD_ID, android.permission.READ_EXTERNAL_STORAGE, android.permission.USE_FINGERPRINT, com.google.android.c2dm.permission.RECEIVE, android.permission.SCHEDULE_EXACT_ALARM, android.permission.AUDIO_CAPTURE, android.permission.WRITE_EXTERNAL_STORAGE, android.permission.USE_BIOMETRIC, android.permission.FOREGROUND_SERVICE, android.permission.RECORD_AUDIO, android.permission.MODIFY_AUDIO_SETTINGS, android.permission.INTERNET, android.permission.POST_NOTIFICATIONS, com.google.android.finsky.permission.BIND_GET_INSTALL_REFERRER_SERVICE, android.permission.ACCESS_COARSE_LOCATION, android.permission.ACCESS_NETWORK_STATE, android.permission.ACCESS_BACKGROUND_LOCATION",Yes,No,Yes,Yes,No,No,No,No,No,Yes,True,True,True
Paycredit,com.paycredit.app,Nigeria/Approved,"android.permission.WAKE_LOCK, com.sec.android.provider.badge.permission.WRITE, com.sonyericsson.home.permission.BROADCAST_BADGE, com.anddoes.launcher.permission.UPDATE_COUNT, android.permission.CAMERA, com.paycredit.app.permission.C2D_MESSAGE, com.majeur.launcher.permission.UPDATE_BADGE, me.everything.badger.permission.BADGE_COUNT_READ, android.permission.RECEIVE_BOOT_COMPLETED, com.oppo.launcher.permission.READ_SETTINGS, com.huawei.android.launcher.permission.CHANGE_BADGE, me.everything.badger.permission.BADGE_COUNT_WRITE, com.sonymobile.home.permission.PROVIDER_INSERT_BADGE, android.permission.READ_APP_BADGE, android.permission.VIBRATE, com.google.android.c2dm.permission.RECEIVE, com.htc.launcher.permission.UPDATE_SHORTCUT, com.sec.android.provider.badge.permission.READ, com.huawei.android.launcher.permission.READ_SETTINGS, android.permission.FOREGROUND_SERVICE, android.permission.READ_PHONE_STATE, android.permission.POST_NOTIFICATIONS, android.permission.INTERNET, com.oppo.launcher.permission.WRITE_SETTINGS, com.huawei.android.launcher.permission.WRITE_SETTINGS, android.permission.ACCESS_NETWORK_STATE, com.htc.launcher.permission.READ_SETTINGS",No,No,No,No,No,No,No,No,No,No,False,False,False
Branch,com.branch_international.branch.branch_demo_android,Nigeria/Approved,"android.permission.ACCESS_WIFI_STATE, android.permission.WAKE_LOCK, android.permission.ACCESS_ADSERVICES_ATTRIBUTION, com.sec.android.provider.badge.permission.WRITE, com.sonyericsson.home.permission.BROADCAST_BADGE, com.anddoes.launcher.permission.UPDATE_COUNT, android.permission.CAMERA, com.majeur.launcher.permission.UPDATE_BADGE, android.permission.READ_CONTACTS, android.permission.NFC, android.permission.SYSTEM_ALERT_WINDOW, me.everything.badger.permission.BADGE_COUNT_READ, BIND_GET_INSTALL_REFERRER_SERVICE, android.permission.RECEIVE_BOOT_COMPLETED, com.oppo.launcher.permission.READ_SETTINGS, com.huawei.android.launcher.permission.CHANGE_BADGE, android.permission.ACCESS_ADSERVICES_AD_ID, me.everything.badger.permission.BADGE_COUNT_WRITE, com.google.android.gms.permission.AD_ID, com.sonymobile.home.permission.PROVIDER_INSERT_BADGE, android.permission.READ_APP_BADGE, com.branch_international.branch.branch_demo_android.DYNAMIC_RECEIVER_NOT_EXPORTED_PERMISSION, android.permission.VIBRATE, android.permission.USE_FINGERPRINT, com.google.android.c2dm.permission.RECEIVE, com.htc.launcher.permission.UPDATE_SHORTCUT, android.permission.WRITE_CALENDAR, com.android.vending.CHECK_LICENSE, android.permission.USE_BIOMETRIC, com.google.android.providers.gsf.permission.READ_GSERVICES, com.sec.android.provider.badge.permission.READ, com.huawei.android.launcher.permission.READ_SETTINGS, android.permission.FOREGROUND_SERVICE, android.permission.READ_OWNER_DATA, android.permission.READ_CALENDAR, android.permission.POST_NOTIFICATIONS, android.permission.INTERNET, com.google.android.finsky.permission.BIND_GET_INSTALL_REFERRER_SERVICE, com.oppo.launcher.permission.WRITE_SETTINGS, android.permission.READ_SMS, android.permission.ACCESS_NETWORK_STATE, android.permission.ACCESS_COARSE_LOCATION, com.huawei.android.launcher.permission.WRITE_SETTINGS, com.htc.launcher.permission.READ_SETTINGS",Yes,No,No,No,No,No,No,Yes,No,No,True,True,True
Alladin Digital,com.aladdin.digital,Nigeria/Approved,"android.permission.READ_MEDIA_VIDEO, com.huawei.appmarket.service.commondata.permission.GET_COMMON_DATA, android.permission.WAKE_LOCK, android.permission.ACCESS_ADSERVICES_ATTRIBUTION, com.sec.android.provider.badge.permission.WRITE, com.sonyericsson.home.permission.BROADCAST_BADGE, com.anddoes.launcher.permission.UPDATE_COUNT, android.permission.CAMERA, com.aladdin.digital.DYNAMIC_RECEIVER_NOT_EXPORTED_PERMISSION, com.majeur.launcher.permission.UPDATE_BADGE, android.permission.READ_CONTACTS, me.everything.badger.permission.BADGE_COUNT_READ, android.permission.SYSTEM_ALERT_WINDOW, android.permission.RECEIVE_BOOT_COMPLETED, com.oppo.launcher.permission.READ_SETTINGS, com.huawei.android.launcher.permission.CHANGE_BADGE, android.permission.READ_MEDIA_IMAGES, me.everything.badger.permission.BADGE_COUNT_WRITE, com.google.android.gms.permission.AD_ID, com.sonymobile.home.permission.PROVIDER_INSERT_BADGE, android.permission.READ_APP_BADGE, android.permission.READ_EXTERNAL_STORAGE, android.permission.VIBRATE, android.permission.USE_FINGERPRINT, com.google.android.c2dm.permission.RECEIVE, com.htc.launcher.permission.UPDATE_SHORTCUT, android.permission.WRITE_EXTERNAL_STORAGE, android.permission.WRITE_CONTACTS, android.permission.USE_BIOMETRIC, com.sec.android.provider.badge.permission.READ, com.huawei.android.launcher.permission.READ_SETTINGS, android.permission.RECORD_AUDIO, android.permission.MODIFY_AUDIO_SETTINGS, android.permission.INTERNET, android.permission.POST_NOTIFICATIONS, com.google.android.finsky.permission.BIND_GET_INSTALL_REFERRER_SERVICE, com.oppo.launcher.permission.WRITE_SETTINGS, com.huawei.android.launcher.permission.WRITE_SETTINGS, android.permission.ACCESS_NETWORK_STATE, com.htc.launcher.permission.READ_SETTINGS",Yes,No,Yes,Yes,No,Yes,Yes,No,No,No,True,True,True
Moni,com.rank.moni,Nigeria/Approved,"android.permission.ACCESS_ADSERVICES_ATTRIBUTION, android.permission.WAKE_LOCK, android.permission.ACCESS_FINE_LOCATION, android.permission.ACTION_MANAGE_ALL_FILES_ACCESS_PERMISSION, android.permission.CAMERA, android.permission.READ_CONTACTS, android.permission.NFC, com.rank.moni.permission.WRITE_SCHEDULE, android.permission.ACCESS_ADSERVICES_AD_ID, com.google.android.gms.permission.AD_ID, android.permission.READ_EXTERNAL_STORAGE, android.permission.VIBRATE, android.permission.USE_FINGERPRINT, com.google.android.c2dm.permission.RECEIVE, android.permission.WRITE_EXTERNAL_STORAGE, android.permission.WRITE_CONTACTS, com.rank.moni.DYNAMIC_RECEIVER_NOT_EXPORTED_PERMISSION, android.permission.USE_BIOMETRIC, android.permission.FOREGROUND_SERVICE, android.permission.RECORD_AUDIO, android.permission.MODIFY_AUDIO_SETTINGS, android.permission.INTERNET, android.permission.POST_NOTIFICATIONS, com.google.android.finsky.permission.BIND_GET_INSTALL_REFERRER_SERVICE, android.permission.ACCESS_COARSE_LOCATION, android.permission.ACCESS_NETWORK_STATE, android.permission.ACCESS_MEDIA_LOCATION",Yes,No,Yes,Yes,No,No,No,No,No,Yes,True,True,True
LairaPlus,com.lairaplus.naira.loan.nigeria,Nigeria/Approved,"com.huawei.appmarket.service.commondata.permission.GET_COMMON_DATA, android.permission.WAKE_LOCK, android.permission.ACCESS_ADSERVICES_ATTRIBUTION, android.permission.INTERNET, android.permission.CAMERA, com.google.android.gms.permission.AD_ID, android.permission.BLUETOOTH, com.android.vending.CHECK_LICENSE, com.samsung.android.mapsagent.permission.READ_APP_INFO, com.google.android.finsky.permission.BIND_GET_INSTALL_REFERRER_SERVICE, com.lairaplus.naira.loan.nigeria.DYNAMIC_RECEIVER_NOT_EXPORTED_PERMISSION, android.permission.READ_SMS, android.permission.ACCESS_COARSE_LOCATION, android.permission.ACCESS_NETWORK_STATE",No,No,No,No,No,No,No,Yes,No,No,False,True,False
NCASH,com.ng.product.ncash,Nigeria/Approved,"android.permission.PACKAGE_USAGE_STATS, android.permission.ACCESS_WIFI_STATE, android.permission.WAKE_LOCK, android.permission.CHANGE_WIFI_STATE, android.permission.CAMERA, android.permission.AUTHENTICATE_ACCOUNTS, com.google.android.gms.permission.AD_ID, android.permission.VIBRATE, android.permission.BATTERY_STATS, com.google.android.c2dm.permission.RECEIVE, android.permission.RESTART_PACKAGES, android.permission.WRITE_SETTINGS, android.permission.GET_ACCOUNTS, android.permission.READ_PHONE_STATE, android.permission.GET_TASKS, android.permission.READ_CALENDAR, android.permission.POST_NOTIFICATIONS, android.permission.INTERNET, com.google.android.finsky.permission.BIND_GET_INSTALL_REFERRER_SERVICE, android.permission.READ_SMS, android.permission.ACCESS_COARSE_LOCATION, android.permission.GET_PACKAGE_SIZE, android.permission.ACCESS_NETWORK_STATE",No,No,No,No,No,No,No,Yes,No,No,False,True,False
ivy Credit,com.ivy.cred,Nigeria/Approved,"com.ivy.cred.DYNAMIC_RECEIVER_NOT_EXPORTED_PERMISSION, com.android.vending.CHECK_LICENSE, android.permission.INTERNET, android.permission.ACCESS_COARSE_LOCATION",No,No,No,No,No,No,No,No,No,No,False,False,False
AjeLoan,ng.com.ajeloan,Nigeria/Approved,"android.permission.BLUETOOTH_CONNECT, android.permission.ACCESS_WIFI_STATE, android.permission.WAKE_LOCK, android.permission.MOUNT_UNMOUNT_FILESYSTEMS, android.permission.CHANGE_WIFI_STATE, android.permission.INTERNET, android.permission.CAMERA, com.google.android.gms.permission.AD_ID, android.permission.BLUETOOTH, ng.com.ajeloan.permission.JPUSH_MESSAGE, android.permission.LOCAL_MAC_ADDRESS, com.google.android.finsky.permission.BIND_GET_INSTALL_REFERRER_SERVICE, android.permission.READ_SMS, android.permission.ACCESS_COARSE_LOCATION, android.permission.ACCESS_NETWORK_STATE, com.google.android.c2dm.permission.RECEIVE, ng.com.ajeloan.permission.RECEIVE_USER_PRESENT, android.permission.READ_PHONE_STATE",No,No,No,No,No,No,No,Yes,No,No,False,True,False
Nicekash,com.loan.nicekash,Nigeria/Approved,"android.permission.ACCESS_WIFI_STATE, android.permission.WAKE_LOCK, android.permission.READ_PRIVILEGED_PHONE_STATE, android.permission.MOUNT_UNMOUNT_FILESYSTEMS, android.permission.BROADCAST_STICKY, android.permission.INTERNET, android.permission.CAMERA, com.google.android.gms.permission.AD_ID, com.google.android.finsky.permission.BIND_GET_INSTALL_REFERRER_SERVICE, android.permission.READ_SMS, android.permission.ACCESS_NETWORK_STATE, android.permission.ACCESS_COARSE_LOCATION, android.permission.READ_PHONE_STATE",No,No,No,No,No,No,No,Yes,No,No,False,True,False
Floatr,com.floatr.app,Nigeria/Approved,"android.permission.RECORD_AUDIO, android.permission.WAKE_LOCK, com.floatr.app.DYNAMIC_RECEIVER_NOT_EXPORTED_PERMISSION, android.permission.POST_NOTIFICATIONS, android.permission.INTERNET, android.permission.CAMERA, android.permission.USE_FULL_SCREEN_INTENT, android.permission.VIBRATE, android.permission.USE_BIOMETRIC, android.permission.USE_FINGERPRINT, android.permission.ACCESS_NETWORK_STATE, com.google.android.c2dm.permission.RECEIVE, android.permission.SCHEDULE_EXACT_ALARM, android.permission.RECEIVE_BOOT_COMPLETED",No,No,No,No,No,No,No,No,No,No,False,False,False
Riverbank,io.ionic.riverbank,Nigeria/Approved,"android.permission.READ_MEDIA_IMAGES, android.permission.WRITE_EXTERNAL_STORAGE, android.permission.ACCESS_BACKGROOUND_LOCATION, android.permission.WAKE_LOCK, io.ionic.riverbank.DYNAMIC_RECEIVER_NOT_EXPORTED_PERMISSION, android.permission.ACCESS_FINE_LOCATION, android.permission.MODIFY_AUDIO_SETTINGS, android.permission.INTERNET, android.permission.CAMERA, android.permission.POST_NOTIFICATIONS, android.permission.READ_EXTERNAL_STORAGE, android.permission.VIBRATE, android.permission.ACCESS_COARSE_LOCATION, com.google.android.c2dm.permission.RECEIVE, android.permission.ACCESS_NETWORK_STATE, android.permission.RECEIVE_BOOT_COMPLETED, android.permission.FOREGROUND_SERVICE",No,No,Yes,Yes,No,Yes,No,No,No,Yes,True,True,True
Shara,co.shara.lite,Nigeria/Approved,"android.permission.WAKE_LOCK, android.permission.ACCESS_WIFI_STATE, com.sec.android.provider.badge.permission.WRITE, android.permission.ACCESS_FINE_LOCATION, com.sonyericsson.home.permission.BROADCAST_BADGE, com.anddoes.launcher.permission.UPDATE_COUNT, android.permission.CAMERA, com.majeur.launcher.permission.UPDATE_BADGE, android.permission.READ_CONTACTS, me.everything.badger.permission.BADGE_COUNT_READ, co.shara.lite.DYNAMIC_RECEIVER_NOT_EXPORTED_PERMISSION, android.permission.RECEIVE_BOOT_COMPLETED, com.oppo.launcher.permission.READ_SETTINGS, com.huawei.android.launcher.permission.CHANGE_BADGE, me.everything.badger.permission.BADGE_COUNT_WRITE, com.google.android.gms.permission.AD_ID, com.sonymobile.home.permission.PROVIDER_INSERT_BADGE, co.shara.lite.permission.C2D_MESSAGE, android.permission.READ_APP_BADGE, android.permission.VIBRATE, android.permission.READ_EXTERNAL_STORAGE, android.permission.READ_PROFILE, com.google.android.c2dm.permission.RECEIVE, com.htc.launcher.permission.UPDATE_SHORTCUT, android.permission.WRITE_EXTERNAL_STORAGE, android.permission.WRITE_PROFILE, android.permission.WRITE_CONTACTS, co.shara.lite.permission.WRITE_SCHEDULE, com.android.vending.CHECK_LICENSE, com.google.android.providers.gsf.permission.READ_GSERVICES, com.sec.android.provider.badge.permission.READ, com.huawei.android.launcher.permission.READ_SETTINGS, android.permission.FOREGROUND_SERVICE, android.permission.RECORD_AUDIO, android.permission.INTERNET, com.google.android.finsky.permission.BIND_GET_INSTALL_REFERRER_SERVICE, com.oppo.launcher.permission.WRITE_SETTINGS, com.huawei.android.launcher.permission.WRITE_SETTINGS, android.permission.ACCESS_NETWORK_STATE, android.permission.ACCESS_COARSE_LOCATION, com.htc.launcher.permission.READ_SETTINGS",Yes,No,Yes,Yes,No,No,No,No,No,Yes,True,True,True
Credlock pay,apptwo.credlockng.com,Nigeria/Approved,"apptwo.credlockng.com.DYNAMIC_RECEIVER_NOT_EXPORTED_PERMISSION, android.permission.INTERNET, android.permission.ACCESS_NETWORK_STATE",No,No,No,No,No,No,No,No,No,No,False,False,False
PalmPay,com.transsnet.palmpay,Nigeria/Approved,"com.huawei.appmarket.service.commondata.permission.GET_COMMON_DATA, android.permission.ACCESS_WIFI_STATE, android.permission.BLUETOOTH_SCAN, android.permission.WAKE_LOCK, android.permission.ACCESS_ADSERVICES_ATTRIBUTION, android.permission.CHANGE_WIFI_STATE, android.permission.CAMERA, android.permission.DETECT_SCREEN_CAPTURE, android.permission.SYSTEM_ALERT_WINDOW, android.permission.RECEIVE_BOOT_COMPLETED, android.permission.BLUETOOTH_CONNECT, com.transsion.tpush.permission.WRITE_PROVIDER, com.google.android.gms.permission.AD_ID, android.permission.BLUETOOTH, com.transsion.dataservice.permission.READ, android.permission.BLUETOOTH_ADVERTISE, android.permission.VIBRATE, android.permission.BLUETOOTH_ADMIN, android.permission.USE_FINGERPRINT, com.google.android.c2dm.permission.RECEIVE, com.transsion.tpush.permission.READ_PROVIDER, android.permission.FLASHLIGHT, android.permission.USE_BIOMETRIC, com.google.android.providers.gsf.permission.READ_GSERVICES, com.transsion.dataservice.permission.WRITE, android.permission.CALL_PHONE, android.permission.FOREGROUND_SERVICE, android.permission.KILL_BACKGROUND_PROCESSES, android.permission.READ_PHONE_STATE, android.permission.FOREGROUND_SERVICE_MEDIA_PLAYBACK, android.permission.POST_NOTIFICATIONS, android.permission.INTERNET, com.google.android.finsky.permission.BIND_GET_INSTALL_REFERRER_SERVICE, android.permission.ACCESS_NETWORK_STATE, android.permission.ACCESS_COARSE_LOCATION, com.transsnet.palmpay.DYNAMIC_RECEIVER_NOT_EXPORTED_PERMISSION",No,No,No,No,No,No,No,No,No,No,False,False,False
Hcwallet,com.ng.haloocredit,Nigeria/Approved,"android.permission.WRITE_CALENDAR, android.permission.RECORD_AUDIO, android.permission.ACCESS_WIFI_STATE, android.permission.WAKE_LOCK, android.permission.READ_CALENDAR, android.permission.CHANGE_WIFI_STATE, android.permission.ACCESS_LOCATION_EXTRA_COMMANDS, android.permission.CAMERA, android.permission.INTERNET, com.google.android.gms.permission.AD_ID, com.google.android.finsky.permission.BIND_GET_INSTALL_REFERRER_SERVICE, android.permission.CHANGE_NETWORK_STATE, android.permission.READ_CALL_LOG, android.permission.ACCESS_COARSE_LOCATION, android.permission.ACCESS_NETWORK_STATE, android.permission.READ_PHONE_STATE",No,Yes,No,No,No,No,No,No,No,No,False,True,True
CreditBox,com.box.creditt,Nigeria/Approved,"android.permission.ACCESS_WIFI_STATE, android.permission.WAKE_LOCK, android.permission.CHANGE_WIFI_STATE, android.permission.INTERNET, android.permission.CAMERA, android.permission.ACCESS_NETWORK_STATE, android.permission.ACCESS_COARSE_LOCATION, android.permission.READ_PHONE_STATE",No,No,No,No,No,No,No,No,No,No,False,False,False
Pennee,com.pennee.tech,Nigeria/Approved,"android.permission.ACCESS_WIFI_STATE, android.permission.WAKE_LOCK, android.permission.ACCESS_FINE_LOCATION, android.permission.CAMERA, com.google.android.gms.permission.AD_ID, android.permission.READ_EXTERNAL_STORAGE, android.permission.VIBRATE, android.permission.USE_FINGERPRINT, com.google.android.c2dm.permission.RECEIVE, android.permission.WRITE_EXTERNAL_STORAGE, android.permission.USE_BIOMETRIC, android.permission.FOREGROUND_SERVICE, android.permission.READ_PHONE_STATE, android.permission.RECORD_AUDIO, android.permission.MODIFY_AUDIO_SETTINGS, android.permission.INTERNET, android.permission.POST_NOTIFICATIONS, com.google.android.finsky.permission.BIND_GET_INSTALL_REFERRER_SERVICE, android.permission.ACCESS_COARSE_LOCATION, android.permission.ACCESS_NETWORK_STATE",No,No,Yes,Yes,No,No,No,No,No,Yes,True,True,True
Incash,com.nig.incash.org,Nigeria/Approved,"android.permission.WRITE_EXTERNAL_STORAGE, android.permission.WAKE_LOCK, android.permission.POST_NOTIFICATIONS, android.permission.INTERNET, com.google.android.gms.permission.AD_ID, android.permission.USE_FULL_SCREEN_INTENT, com.google.android.finsky.permission.BIND_GET_INSTALL_REFERRER_SERVICE, android.permission.READ_EXTERNAL_STORAGE, android.permission.USE_BIOMETRIC, android.permission.VIBRATE, android.permission.ACCESS_NETWORK_STATE, android.permission.USE_FINGERPRINT, com.nig.incash.org.DYNAMIC_RECEIVER_NOT_EXPORTED_PERMISSION, com.google.android.c2dm.permission.RECEIVE, android.permission.SCHEDULE_EXACT_ALARM, android.permission.RECEIVE_BOOT_COMPLETED, android.permission.FOREGROUND_SERVICE",No,No,Yes,Yes,No,No,No,No,No,No,True,True,True
FlashCredit,com.loan.aceloan,Nigeria/Approved,"android.permission.WRITE_CALENDAR, com.loan.aceloan.DYNAMIC_RECEIVER_NOT_EXPORTED_PERMISSION, com.loan.aceloan.other_temp5, android.permission.ACCESS_WIFI_STATE, android.permission.WAKE_LOCK, android.permission.POST_NOTIFICATIONS, android.permission.INTERNET, android.permission.CAMERA, com.google.android.gms.permission.AD_ID, com.google.android.finsky.permission.BIND_GET_INSTALL_REFERRER_SERVICE, android.permission.ACCESS_COARSE_LOCATION, com.loan.aceloan.other_temp1, android.permission.ACCESS_NETWORK_STATE, com.google.android.c2dm.permission.RECEIVE",No,No,No,No,No,No,No,No,No,No,False,False,False
KiaKia finance,com.kiakiafinance.app,Nigeria/Approved,"android.permission.WAKE_LOCK, android.permission.ACCESS_ADSERVICES_ATTRIBUTION, android.permission.VIDEO_CAPTURE, android.permission.CAMERA, android.permission.READ_CONTACTS, com.kiakiafinance.app.permission.WRITE_SCHEDULE, com.kiakiafinance.app.DYNAMIC_RECEIVER_NOT_EXPORTED_PERMISSION, android.permission.ACCESS_ADSERVICES_AD_ID, com.google.android.gms.permission.AD_ID, android.permission.READ_EXTERNAL_STORAGE, android.permission.VIBRATE, android.permission.USE_FINGERPRINT, com.google.android.c2dm.permission.RECEIVE, android.permission.WRITE_EXTERNAL_STORAGE, android.permission.WRITE_CONTACTS, android.permission.USE_BIOMETRIC, android.permission.RECORD_AUDIO, android.permission.MODIFY_AUDIO_SETTINGS, android.permission.INTERNET, android.permission.POST_NOTIFICATIONS, com.google.android.finsky.permission.BIND_GET_INSTALL_REFERRER_SERVICE, android.permission.ACCESS_NETWORK_STATE",Yes,No,Yes,Yes,No,No,No,No,No,No,True,True,True
FairMoney,ng.com.fairmoney.fairmoney,Nigeria/Approved,"android.permission.READ_MEDIA_VIDEO, android.permission.WAKE_LOCK, android.permission.ACCESS_WIFI_STATE, android.permission.READ_MEDIA_AUDIO, android.permission.ACCESS_FINE_LOCATION, android.permission.ACCESS_ADSERVICES_ATTRIBUTION, android.permission.CAMERA, android.permission.READ_CONTACTS, android.permission.RECEIVE_BOOT_COMPLETED, android.permission.READ_MEDIA_IMAGES, android.permission.ACCESS_ADSERVICES_AD_ID, com.google.android.gms.permission.AD_ID, android.permission.BLUETOOTH, android.permission.READ_EXTERNAL_STORAGE, android.permission.VIBRATE, android.permission.USE_FINGERPRINT, com.google.android.c2dm.permission.RECEIVE, android.permission.QUERY_ALL_PACKAGES, android.permission.WRITE_EXTERNAL_STORAGE, android.permission.READ_MEDIA_VISUAL_USER_SELECTED, ng.com.fairmoney.fairmoney.DYNAMIC_RECEIVER_NOT_EXPORTED_PERMISSION, android.permission.USE_BIOMETRIC, android.permission.REORDER_TASKS, android.permission.GET_ACCOUNTS, android.permission.FOREGROUND_SERVICE, android.permission.READ_PHONE_STATE, android.permission.READ_CALENDAR, android.permission.POST_NOTIFICATIONS, android.permission.INTERNET, com.google.android.finsky.permission.BIND_GET_INSTALL_REFERRER_SERVICE, android.permission.READ_SMS, android.permission.ACCESS_NETWORK_STATE, android.permission.ACCESS_COARSE_LOCATION, android.permission.FOREGROUND_SERVICE_LOCATION, android.permission.ACCESS_BACKGROUND_LOCATION",Yes,No,Yes,Yes,Yes,Yes,Yes,Yes,Yes,Yes,True,True,True
Max Moni,com.loan.new.maxmoni,Nigeria/Approved,"android.permission.ACCESS_WIFI_STATE, android.permission.WAKE_LOCK, android.permission.READ_PRIVILEGED_PHONE_STATE, android.permission.MOUNT_UNMOUNT_FILESYSTEMS, android.permission.BROADCAST_STICKY, android.permission.INTERNET, android.permission.CAMERA, com.google.android.gms.permission.AD_ID, com.google.android.finsky.permission.BIND_GET_INSTALL_REFERRER_SERVICE, android.permission.READ_SMS, android.permission.ACCESS_NETWORK_STATE, android.permission.ACCESS_COARSE_LOCATION, android.permission.READ_PHONE_STATE",No,No,No,No,No,No,No,Yes,No,No,False,True,False
LoanNaira,com.loan.naira.now,Nigeria/Approved,"android.permission.ACCESS_WIFI_STATE, android.permission.WAKE_LOCK, android.permission.READ_PRIVILEGED_PHONE_STATE, android.permission.MOUNT_UNMOUNT_FILESYSTEMS, android.permission.BROADCAST_STICKY, android.permission.INTERNET, android.permission.CAMERA, com.google.android.gms.permission.AD_ID, com.google.android.finsky.permission.BIND_GET_INSTALL_REFERRER_SERVICE, android.permission.READ_SMS, android.permission.ACCESS_NETWORK_STATE, android.permission.ACCESS_COARSE_LOCATION, android.permission.READ_PHONE_STATE",No,No,No,No,No,No,No,Yes,No,No,False,True,False
@7F10002D,com.ng.swifund,Nigeria/Approved,"android.permission.WRITE_CALENDAR, android.permission.ACCESS_WIFI_STATE, android.permission.WAKE_LOCK, android.permission.READ_CALENDAR, android.permission.CHANGE_WIFI_STATE, android.permission.INTERNET, android.permission.CAMERA, com.google.android.gms.permission.AD_ID, com.google.android.finsky.permission.BIND_GET_INSTALL_REFERRER_SERVICE, android.permission.CHANGE_NETWORK_STATE, android.permission.READ_CALL_LOG, android.permission.ACCESS_NETWORK_STATE, android.permission.ACCESS_COARSE_LOCATION, android.permission.ACCESS_BACKGROUND_LOCATION, android.permission.READ_PHONE_STATE",No,Yes,No,No,No,No,No,No,No,No,False,True,True
CayCredit,credit.caycredit.finance.loan.money,Nigeria/Approved,"android.permission.ACCESS_WIFI_STATE, android.permission.WAKE_LOCK, android.permission.CHANGE_WIFI_STATE, android.permission.INTERNET, android.permission.CAMERA, com.google.android.gms.permission.AD_ID, android.permission.BLUETOOTH, android.gms.permission.AD_ID, android.permission.CHANGE_NETWORK_STATE, android.permission.BLUETOOTH_ADMIN, android.permission.READ_SMS, android.permission.ACCESS_NETWORK_STATE, android.permission.ACCESS_COARSE_LOCATION, com.google.android.finsky.permission.BIND_GET_INSTALL_REFERRER_SERVICE, credit.caycredit.finance.loan.money.DYNAMIC_RECEIVER_NOT_EXPORTED_PERMISSION, android.permission.READ_PHONE_STATE",No,No,No,No,No,No,No,Yes,No,No,False,True,False
iCredit,com.loan.icredit.creditng,Nigeria/Approved,"android.permission.ACCESS_WIFI_STATE, android.permission.WAKE_LOCK, android.permission.ACCESS_ADSERVICES_ATTRIBUTION, com.android.launcher.permission.INSTALL_SHORTCUT, android.permission.CHANGE_WIFI_STATE, android.permission.CAMERA, android.permission.EXPAND_STATUS_BAR, android.permission.ACCESS_ADSERVICES_AD_ID, com.google.android.gms.permission.AD_ID, android.permission.VIBRATE, com.loan.icredit.creditng.DYNAMIC_RECEIVER_NOT_EXPORTED_PERMISSION, com.google.android.c2dm.permission.RECEIVE, com.android.launcher.permission.UNINSTALL_SHORTCUT, android.permission.FLASHLIGHT, android.permission.POST_NOTIFICATIONS, android.permission.INTERNET, com.google.android.finsky.permission.BIND_GET_INSTALL_REFERRER_SERVICE, android.permission.READ_SMS, android.permission.ACCESS_NETWORK_STATE, android.permission.ACCESS_COARSE_LOCATION",No,No,No,No,No,No,No,Yes,No,No,False,True,False
EaziPay,com.myeazipay.business,Nigeria/Approved,"android.permission.WRITE_EXTERNAL_STORAGE, android.permission.WAKE_LOCK, android.permission.POST_NOTIFICATIONS, android.permission.INTERNET, android.permission.CAMERA, com.google.android.gms.permission.AD_ID, com.myeazipay.business.DYNAMIC_RECEIVER_NOT_EXPORTED_PERMISSION, android.permission.READ_EXTERNAL_STORAGE, android.permission.VIBRATE, android.permission.USE_BIOMETRIC, android.permission.USE_FINGERPRINT, android.permission.ACCESS_NETWORK_STATE, com.google.android.c2dm.permission.RECEIVE",No,No,Yes,Yes,No,No,No,No,No,No,True,True,True
UnlockCash,com.boyu.luans,Nigeria/Approved,"android.permission.BLUETOOTH_CONNECT, android.permission.ACCESS_WIFI_STATE, android.permission.WAKE_LOCK, android.permission.CHANGE_WIFI_STATE, android.permission.INTERNET, com.google.android.gms.permission.AD_ID, android.permission.BLUETOOTH, com.google.android.finsky.permission.BIND_GET_INSTALL_REFERRER_SERVICE, com.boyu.luans.DYNAMIC_RECEIVER_NOT_EXPORTED_PERMISSION, android.permission.BLUETOOTH_ADMIN, android.permission.READ_SMS, android.permission.ACCESS_NETWORK_STATE, android.permission.ACCESS_COARSE_LOCATION, android.permission.CALL_PHONE, android.permission.RECEIVE_BOOT_COMPLETED, android.permission.FOREGROUND_SERVICE, android.permission.READ_PHONE_STATE",No,No,No,No,No,No,No,Yes,No,No,False,True,False
Hi Credit,com.may.android.hicredit,Nigeria/Approved,"android.permission.BLUETOOTH_CONNECT, android.permission.ACCESS_WIFI_STATE, android.permission.WAKE_LOCK, android.permission.ACCESS_ADSERVICES_ATTRIBUTION, android.permission.POST_NOTIFICATIONS, android.permission.INTERNET, android.permission.ACCESS_ADSERVICES_AD_ID, com.google.android.gms.permission.AD_ID, android.permission.BLUETOOTH, com.google.android.finsky.permission.BIND_GET_INSTALL_REFERRER_SERVICE, com.may.android.hicredit.DYNAMIC_RECEIVER_NOT_EXPORTED_PERMISSION, android.permission.READ_SMS, android.permission.ACCESS_NETWORK_STATE, com.google.android.c2dm.permission.RECEIVE, android.permission.READ_PHONE_STATE",No,No,No,No,No,No,No,Yes,No,No,False,True,False
Newlending,com.loan.newlending.through,Nigeria/Approved,"com.android.alarm.permission.SET_ALARM, android.permission.ACCESS_WIFI_STATE, android.permission.WAKE_LOCK, android.permission.ACCESS_FINE_LOCATION, android.permission.CHANGE_WIFI_STATE, android.permission.CAMERA, android.permission.READ_CONTACTS, android.permission.READ_EXTERNAL_STORAGE, android.permission.CHANGE_NETWORK_STATE, android.permission.VIBRATE, com.google.android.c2dm.permission.RECEIVE, android.permission.WRITE_CALENDAR, android.permission.WRITE_EXTERNAL_STORAGE, android.permission.WRITE_CONTACTS, android.permission.PERMISSION_GRANTED, android.permission.GET_ACCOUNTS, android.permission.READ_PHONE_STATE, android.permission.READ_CALENDAR, android.permission.INTERNET, com.google.android.finsky.permission.BIND_GET_INSTALL_REFERRER_SERVICE, android.permission.ACCESS_NETWORK_STATE, android.permission.ACCESS_COARSE_LOCATION",Yes,No,Yes,Yes,No,No,No,No,No,Yes,True,True,True
Growly,com.tpdn.growly.mobile,Nigeria/Approved,"android.permission.WRITE_EXTERNAL_STORAGE, android.permission.INTERNET",No,No,No,Yes,No,No,No,No,No,No,True,True,False
PonyCash,com.ponycash.poca.nysh,Nigeria/Approved,"android.permission.ACCESS_WIFI_STATE, android.permission.WAKE_LOCK, com.ponycash.poca.nysh.DYNAMIC_RECEIVER_NOT_EXPORTED_PERMISSION, android.permission.CHANGE_WIFI_STATE, android.permission.CAMERA, android.permission.RECEIVE_BOOT_COMPLETED, com.google.android.gms.permission.AD_ID, android.permission.VIBRATE, android.permission.HIGH_SAMPLING_RATE_SENSORS, com.google.android.c2dm.permission.RECEIVE, android.permission.REQUIRE_SECURE_ENV, android.permission.READ_CALL_LOG, com.google.android.providers.gsf.permission.READ_GSERVICES, android.permission.FOREGROUND_SERVICE, android.permission.READ_PHONE_STATE, android.permission.INTERNET, com.google.android.finsky.permission.BIND_GET_INSTALL_REFERRER_SERVICE, android.permission.READ_SMS, android.permission.ACCESS_COARSE_LOCATION, android.permission.ACCESS_NETWORK_STATE",No,Yes,No,No,No,No,No,Yes,No,No,False,True,True
CreditWise,ng.wise.creditwise,Nigeria/Approved,"android.permission.ACCESS_WIFI_STATE, android.permission.WAKE_LOCK, android.permission.CHANGE_WIFI_STATE, android.permission.CAMERA, android.permission.SYSTEM_ALERT_WINDOW, android.permission.RECEIVE_BOOT_COMPLETED, com.google.android.gms.permission.AD_ID, android.permission.BLUETOOTH, android.permission.VIBRATE, android.permission.BLUETOOTH_ADMIN, android.permission.HIGH_SAMPLING_RATE_SENSORS, com.android.browser.permission.READ_HISTORY_BOOKMARKS, android.permission.USE_FINGERPRINT, com.google.android.c2dm.permission.RECEIVE, android.permission.WRITE_CALENDAR, android.permission.ACCESS_LOCATION_EXTRA_COMMANDS, android.permission.USE_BIOMETRIC, com.google.android.providers.gsf.permission.READ_GSERVICES, android.permission.REORDER_TASKS, android.permission.FOREGROUND_SERVICE, android.permission.RECEIVE_SMS, android.permission.READ_PHONE_STATE, android.permission.GET_TASKS, android.permission.READ_CALENDAR, android.permission.INTERNET, com.google.android.finsky.permission.BIND_GET_INSTALL_REFERRER_SERVICE, android.permission.READ_SMS, android.permission.ACCESS_NETWORK_STATE, android.permission.ACCESS_COARSE_LOCATION, com.android.vending.setup.PLAY_SETUP_SERVICE",No,No,No,No,No,No,No,Yes,No,No,False,True,False
Supreme MFB,com.fintellia.suprememfbs,Nigeria/Approved,"android.permission.ACCESS_WIFI_STATE, android.permission.WAKE_LOCK, com.sec.android.provider.badge.permission.WRITE, com.sonyericsson.home.permission.BROADCAST_BADGE, com.anddoes.launcher.permission.UPDATE_COUNT, android.permission.CAMERA, com.majeur.launcher.permission.UPDATE_BADGE, android.permission.READ_CONTACTS, me.everything.badger.permission.BADGE_COUNT_READ, com.fintellia.suprememfbs.DYNAMIC_RECEIVER_NOT_EXPORTED_PERMISSION, android.permission.RECEIVE_BOOT_COMPLETED, com.oppo.launcher.permission.READ_SETTINGS, com.huawei.android.launcher.permission.CHANGE_BADGE, me.everything.badger.permission.BADGE_COUNT_WRITE, com.sonymobile.home.permission.PROVIDER_INSERT_BADGE, android.permission.READ_APP_BADGE, android.permission.READ_EXTERNAL_STORAGE, android.permission.VIBRATE, android.permission.USE_FINGERPRINT, com.google.android.c2dm.permission.RECEIVE, com.htc.launcher.permission.UPDATE_SHORTCUT, android.permission.WRITE_EXTERNAL_STORAGE, android.permission.USE_BIOMETRIC, com.google.android.providers.gsf.permission.READ_GSERVICES, com.sec.android.provider.badge.permission.READ, com.huawei.android.launcher.permission.READ_SETTINGS, android.permission.FOREGROUND_SERVICE, android.permission.POST_NOTIFICATIONS, android.permission.INTERNET, com.google.android.finsky.permission.BIND_GET_INSTALL_REFERRER_SERVICE, com.oppo.launcher.permission.WRITE_SETTINGS, com.huawei.android.launcher.permission.WRITE_SETTINGS, android.permission.ACCESS_NETWORK_STATE, android.permission.DOWNLOAD_WITHOUT_NOTIFICATION, com.htc.launcher.permission.READ_SETTINGS, com.fintellia.suprememfbs.permission.C2D_MESSAGE",Yes,No,Yes,Yes,No,No,No,No,No,No,True,True,True
retailboosters,com.retailboosters,Nigeria/Approved,"android.permission.WAKE_LOCK, android.permission.INTERNET, com.retailboosters.DYNAMIC_RECEIVER_NOT_EXPORTED_PERMISSION, android.permission.READ_EXTERNAL_STORAGE, android.permission.ACCESS_NETWORK_STATE",No,No,Yes,No,No,No,No,No,No,No,True,True,True
ClanPay,com.repay.com,Nigeria/Approved,"com.sec.android.provider.badge.permission.WRITE, android.permission.WAKE_LOCK, android.permission.ACCESS_FINE_LOCATION, com.sonyericsson.home.permission.BROADCAST_BADGE, com.anddoes.launcher.permission.UPDATE_COUNT, com.majeur.launcher.permission.UPDATE_BADGE, me.everything.badger.permission.BADGE_COUNT_READ, android.permission.RECEIVE_BOOT_COMPLETED, com.oppo.launcher.permission.READ_SETTINGS, com.huawei.android.launcher.permission.CHANGE_BADGE, me.everything.badger.permission.BADGE_COUNT_WRITE, com.google.android.gms.permission.AD_ID, com.sonymobile.home.permission.PROVIDER_INSERT_BADGE, android.permission.READ_APP_BADGE, com.htc.launcher.permission.UPDATE_SHORTCUT, com.google.android.c2dm.permission.RECEIVE, android.permission.SCHEDULE_EXACT_ALARM, android.permission.ACCESS_NOTIFICATION_POLICY, com.sec.android.provider.badge.permission.READ, com.huawei.android.launcher.permission.READ_SETTINGS, android.permission.FOREGROUND_SERVICE, android.permission.GET_TASKS, android.permission.POST_NOTIFICATIONS, android.permission.INTERNET, com.google.android.finsky.permission.BIND_GET_INSTALL_REFERRER_SERVICE, com.oppo.launcher.permission.WRITE_SETTINGS, com.huawei.android.launcher.permission.WRITE_SETTINGS, android.permission.ACCESS_COARSE_LOCATION, android.permission.ACCESS_NETWORK_STATE, com.htc.launcher.permission.READ_SETTINGS",No,No,No,No,No,No,No,No,No,Yes,True,True,False
WowPera,com.wow.pera,Philippines/Approved,"android.permission.ACCESS_WIFI_STATE, android.permission.WAKE_LOCK, android.permission.CHANGE_WIFI_STATE, android.permission.CAMERA, android.permission.RECEIVE_BOOT_COMPLETED, com.google.android.gms.permission.AD_ID, android.permission.VIBRATE, com.google.android.c2dm.permission.RECEIVE, android.permission.FLASHLIGHT, com.google.android.providers.gsf.permission.READ_GSERVICES, android.permission.CALL_PHONE, android.permission.FOREGROUND_SERVICE, android.permission.READ_PHONE_STATE, android.permission.POST_NOTIFICATIONS, android.permission.INTERNET, com.wow.pera.DYNAMIC_RECEIVER_NOT_EXPORTED_PERMISSION, com.google.android.finsky.permission.BIND_GET_INSTALL_REFERRER_SERVICE, android.permission.READ_SMS, android.permission.ACCESS_NETWORK_STATE, android.permission.ACCESS_COARSE_LOCATION",No,No,No,No,No,No,No,Yes,No,No,False,True,False
HappyPera 2,com.happyperatwo.app,Philippines/Approved,"android.permission.PACKAGE_USAGE_STATS, com.sec.android.provider.badge.permission.WRITE, android.permission.ACCESS_WIFI_STATE, android.permission.WAKE_LOCK, android.permission.ACCESS_FINE_LOCATION, com.sonyericsson.home.permission.BROADCAST_BADGE, com.anddoes.launcher.permission.UPDATE_COUNT, android.permission.CAMERA, android.permission.CHANGE_WIFI_STATE, com.happyperatwo.app.permission.RECEIVE_MSG, com.majeur.launcher.permission.UPDATE_BADGE, android.permission.READ_CONTACTS, me.everything.badger.permission.BADGE_COUNT_READ, android.permission.SYSTEM_ALERT_WINDOW, com.oppo.launcher.permission.READ_SETTINGS, com.huawei.android.launcher.permission.CHANGE_BADGE, me.everything.badger.permission.BADGE_COUNT_WRITE, com.sonymobile.home.permission.PROVIDER_INSERT_BADGE, android.permission.READ_APP_BADGE, android.permission.READ_EXTERNAL_STORAGE, com.android.browser.permission.READ_HISTORY_BOOKMARKS, com.google.android.c2dm.permission.RECEIVE, com.htc.launcher.permission.UPDATE_SHORTCUT, getui.permission.GetuiService.com.happyperatwo.app, android.permission.WRITE_EXTERNAL_STORAGE, android.permission.FLASHLIGHT, android.permission.WRITE_SETTINGS, com.samsung.android.providers.context.permission.WRITE_USE_APP_FEATURE_SURVEY, com.sec.android.provider.badge.permission.READ, android.permission.REQUEST_INSTALL_PACKAGES, com.huawei.android.launcher.permission.READ_SETTINGS, android.permission.FOREGROUND_SERVICE, android.permission.READ_PHONE_STATE, android.permission.RECORD_AUDIO, android.permission.GET_TASKS, android.permission.INTERNET, android.permission.READ_SYNC_SETTINGS, com.google.android.finsky.permission.BIND_GET_INSTALL_REFERRER_SERVICE, com.oppo.launcher.permission.WRITE_SETTINGS, com.huawei.android.launcher.permission.WRITE_SETTINGS, android.permission.ACCESS_NETWORK_STATE, android.permission.ACCESS_COARSE_LOCATION, com.htc.launcher.permission.READ_SETTINGS",Yes,No,Yes,Yes,No,No,No,No,No,Yes,True,True,True
Big Loan,com.bigloan.peso,Philippines/Approved,"android.permission.ACCESS_WIFI_STATE, android.permission.WAKE_LOCK, android.permission.MOUNT_UNMOUNT_FILESYSTEMS, android.permission.CHANGE_WIFI_STATE, android.permission.INTERNET, android.permission.CAMERA, com.google.android.finsky.permission.BIND_GET_INSTALL_REFERRER_SERVICE, android.permission.ACCESS_NETWORK_STATE, com.google.android.c2dm.permission.RECEIVE",No,No,No,No,No,No,No,No,No,No,False,False,False
@7F12003B,ph.loans.mobile,Philippines/Approved,"android.permission.ACCESS_WIFI_STATE, android.permission.WAKE_LOCK, android.permission.ACCESS_ADSERVICES_ATTRIBUTION, android.permission.CHANGE_WIFI_STATE, android.permission.CAMERA, android.permission.WRITE_INTERNAL_STORAGE, android.permission.RECEIVE_BOOT_COMPLETED, com.google.android.gms.permission.AD_ID, android.permission.VIBRATE, com.google.android.c2dm.permission.RECEIVE, android.permission.WRITE_SYNC_SETTINGS, android.permission.MANAGE_ACCOUNTS, ph.loans.mobile.DYNAMIC_RECEIVER_NOT_EXPORTED_PERMISSION, android.permission.GET_ACCOUNTS, android.permission.FOREGROUND_SERVICE, android.permission.READ_PHONE_STATE, android.permission.INTERNET, android.permission.READ_SYNC_SETTINGS, com.google.android.finsky.permission.BIND_GET_INSTALL_REFERRER_SERVICE, android.permission.ACCESS_NETWORK_STATE, android.permission.ACCESS_COARSE_LOCATION, android.permission.AUTHENTICATE_ACCOUNTS, android.permission.USE_CREDENTIALS",No,No,No,No,No,No,No,No,No,No,False,False,False
Pinoy Peso,com.pinpso.pinysey.pinoypeso,Philippines/Approved,"android.permission.ACCESS_WIFI_STATE, android.permission.WAKE_LOCK, android.permission.INTERNET, com.pinpso.pinysey.pinoypeso.permission.C2D_MESSAGE, com.google.android.finsky.permission.BIND_GET_INSTALL_REFERRER_SERVICE, android.permission.ACCESS_NETWORK_STATE, com.google.android.c2dm.permission.RECEIVE",No,No,No,No,No,No,No,No,No,No,False,False,False
BillEase,ph.billease,Philippines/Approved,"android.permission.WRITE_CALENDAR, android.permission.ACCESS_WIFI_STATE, android.permission.WRITE_CONTACTS, android.permission.READ_CALENDAR, android.permission.ACCESS_FINE_LOCATION, android.permission.INTERNET, android.permission.CAMERA, android.permission.READ_CONTACTS, android.permission.READ_EXTERNAL_STORAGE, android.permission.SYSTEM_ALERT_WINDOW, android.permission.READ_PROFILE, android.permission.READ_SMS, android.permission.ACCESS_NETWORK_STATE, android.permission.READ_CALL_LOG, android.permission.ACCESS_COARSE_LOCATION, com.google.android.c2dm.permission.RECEIVE",Yes,Yes,Yes,No,No,No,No,Yes,No,Yes,True,True,True
PeraJet,perajet.ph.credoapp,Philippines/Approved,"android.permission.ACCESS_WIFI_STATE, android.permission.READ_CALENDAR, android.permission.INTERNET, android.permission.BLUETOOTH, android.permission.READ_CONTACTS, android.permission.READ_EXTERNAL_STORAGE, android.permission.USE_FINGERPRINT, android.permission.ACCESS_NETWORK_STATE, android.permission.GET_ACCOUNTS",Yes,No,Yes,No,No,No,No,No,No,No,True,True,True
Valley loan,com.valley.loan,Philippines/Approved,"android.permission.ACCESS_WIFI_STATE, android.permission.WAKE_LOCK, android.permission.CHANGE_WIFI_STATE, android.permission.CAMERA, android.permission.RECEIVE_BOOT_COMPLETED, com.google.android.gms.permission.AD_ID, android.permission.CHANGE_NETWORK_STATE, android.permission.VIBRATE, com.google.android.c2dm.permission.RECEIVE, android.permission.FLASHLIGHT, com.google.android.providers.gsf.permission.READ_GSERVICES, android.permission.CALL_PHONE, android.permission.FOREGROUND_SERVICE, android.permission.READ_PHONE_STATE, android.permission.POST_NOTIFICATIONS, android.permission.INTERNET, com.google.android.finsky.permission.BIND_GET_INSTALL_REFERRER_SERVICE, android.permission.READ_SMS, android.permission.ACCESS_NETWORK_STATE, android.permission.ACCESS_COARSE_LOCATION",No,No,No,No,No,No,No,Yes,No,No,False,True,False
Aeon Credit Service Merchant,ph.com.aeon.merchant,Philippines/Approved,"android.permission.RECORD_AUDIO, android.permission.ACCESS_WIFI_STATE, android.permission.WAKE_LOCK, android.permission.INTERNET, android.permission.CAMERA, com.google.android.finsky.permission.BIND_GET_INSTALL_REFERRER_SERVICE, android.permission.ACCESS_NETWORK_STATE, com.google.android.c2dm.permission.RECEIVE, android.permission.READ_PHONE_STATE",No,No,No,No,No,No,No,No,No,No,False,False,False
PesoCash,com.myloan.pesocash,Philippines/Approved,"com.huawei.appmarket.service.commondata.permission.GET_COMMON_DATA, android.permission.ACCESS_ADSERVICES_ATTRIBUTION, android.permission.ACCESS_WIFI_STATE, android.permission.WAKE_LOCK, android.permission.CHANGE_WIFI_STATE, android.permission.INTERNET, android.permission.CAMERA, com.google.android.gms.permission.AD_ID, android.permission.POST_NOTIFICATIONS, com.google.android.finsky.permission.BIND_GET_INSTALL_REFERRER_SERVICE, android.permission.CHANGE_NETWORK_STATE, android.permission.VIBRATE, android.permission.READ_SMS, android.permission.ACCESS_COARSE_LOCATION, android.permission.ACCESS_NETWORK_STATE, android.permission.HIGH_SAMPLING_RATE_SENSORS, com.google.android.c2dm.permission.RECEIVE",No,No,No,No,No,No,No,Yes,No,No,False,True,False
Cashcash Philippines,com.firestorm.sea.loanmarket,Philippines/Approved,"android.permission.CONNECTIVITY_INTERNAL, android.permission.CHANGE_COMPONENT_ENABLED_STATE, android.permission.ACCESS_WIFI_STATE, android.permission.WAKE_LOCK, android.permission.ACCESS_FINE_LOCATION, android.permission.CHANGE_WIFI_STATE, android.permission.CHANGE_CONFIGURATION, android.permission.CAMERA, android.permission.READ_CONTACTS, android.permission.SYSTEM_ALERT_WINDOW, android.permission.RECEIVE_BOOT_COMPLETED, android.intent.action.PACKAGE_REMOVED, android.permission.BLUETOOTH, android.permission.CHANGE_NETWORK_STATE, android.permission.BLUETOOTH_ADMIN, android.permission.READ_EXTERNAL_STORAGE, com.google.android.c2dm.permission.RECEIVE, com.android.browser.permission.READ_HISTORY_BOOKMARKS, android.permission.WRITE_CALENDAR, android.permission.WRITE_EXTERNAL_STORAGE, android.permission.MOUNT_UNMOUNT_FILESYSTEMS, com.firestorm.sea.loanmarket.permission.C2D_MESSAGE, android.permission.MANAGE_ACCOUNTS, android.permission.GET_ACCOUNTS, android.permission.REQUEST_INSTALL_PACKAGES, android.permission.KILL_BACKGROUND_PROCESSES, android.permission.READ_PHONE_STATE, com.android.chrome.permission.READ_WRITE_BOOKMARK_FOLDERS, android.permission.READ_CALENDAR, android.permission.INTERNET, com.google.android.finsky.permission.BIND_GET_INSTALL_REFERRER_SERVICE, android.permission.ACCESS_NETWORK_STATE, android.permission.ACCESS_COARSE_LOCATION, android.permission.CONNECTIVITY_USE_RESTRICTED_NETWORKS, android.permission.USE_CREDENTIALS",Yes,No,Yes,Yes,No,No,No,No,No,Yes,True,True,True
Zippeso - Online Cash Loan,ph.zippeso.online.cash.loan,Philippines/Approved,"android.permission.ACCESS_WIFI_STATE, android.permission.WAKE_LOCK, android.permission.CHANGE_WIFI_STATE, android.permission.CAMERA, android.permission.SYSTEM_ALERT_WINDOW, android.permission.RECEIVE_BOOT_COMPLETED, com.google.android.gms.permission.AD_ID, android.permission.CHANGE_NETWORK_STATE, android.permission.VIBRATE, com.google.android.c2dm.permission.RECEIVE, android.permission.ACCESS_LOCATION_EXTRA_COMMANDS, android.permission.FLASHLIGHT, com.google.android.providers.gsf.permission.READ_GSERVICES, android.permission.CALL_PHONE, android.permission.FOREGROUND_SERVICE, android.permission.READ_PHONE_STATE, android.permission.POST_NOTIFICATIONS, android.permission.INTERNET, com.google.android.finsky.permission.BIND_GET_INSTALL_REFERRER_SERVICE, android.permission.READ_SMS, android.permission.ACCESS_NETWORK_STATE, android.permission.ACCESS_COARSE_LOCATION",No,No,No,No,No,No,No,Yes,No,No,False,True,False
Balikbayad,com.balikbayad,Philippines/Approved,"android.permission.ACCESS_WIFI_STATE, android.permission.WAKE_LOCK, android.permission.READ_CALENDAR, android.permission.CHANGE_WIFI_STATE, android.permission.INTERNET, com.google.android.gms.permission.AD_ID, android.permission.BLUETOOTH, com.google.android.finsky.permission.BIND_GET_INSTALL_REFERRER_SERVICE, android.permission.ACCESS_NETWORK_STATE, android.permission.RECEIVE_BOOT_COMPLETED, android.permission.FOREGROUND_SERVICE, android.permission.READ_PHONE_STATE",No,No,No,No,No,No,No,No,No,No,False,False,False
ACOM,ai.deepscore.acom.prod,Philippines/Approved,"android.permission.RECORD_AUDIO, android.permission.WAKE_LOCK, android.permission.INTERNET, android.permission.CAMERA, com.google.android.gms.permission.AD_ID, com.google.android.finsky.permission.BIND_GET_INSTALL_REFERRER_SERVICE, android.permission.ACCESS_NETWORK_STATE, android.permission.ACCESS_COARSE_LOCATION, com.google.android.c2dm.permission.RECEIVE, android.permission.READ_PHONE_STATE",No,No,No,No,No,No,No,No,No,No,False,False,False
Vplus,com.v.plus.vplus,Philippines/Approved,"com.huawei.appmarket.service.commondata.permission.GET_COMMON_DATA, android.permission.ACCESS_ADSERVICES_ATTRIBUTION, android.permission.ACCESS_WIFI_STATE, android.permission.WAKE_LOCK, android.permission.CHANGE_WIFI_STATE, android.permission.CAMERA, android.permission.ACCESS_ADSERVICES_AD_ID, com.google.android.gms.permission.AD_ID, android.permission.VIBRATE, com.google.android.c2dm.permission.RECEIVE, android.permission.READ_PHONE_STATE, android.permission.READ_PRIVILEGED_PHONE_STATE, android.permission.READ_CALENDAR, android.permission.POST_NOTIFICATIONS, android.permission.INTERNET, com.v.plus.vplus.DYNAMIC_RECEIVER_NOT_EXPORTED_PERMISSION, com.google.android.finsky.permission.BIND_GET_INSTALL_REFERRER_SERVICE, android.permission.READ_SMS, android.permission.ACCESS_NETWORK_STATE, android.permission.ACCESS_COARSE_LOCATION",No,No,No,No,No,No,No,Yes,No,No,False,True,False
Pesokwento,com.philipin.pesokwento.loan,Philippines/Approved,"android.permission.ACCESS_WIFI_STATE, android.permission.WAKE_LOCK, android.permission.POST_NOTIFICATIONS, android.permission.INTERNET, android.permission.CAMERA, com.google.android.gms.permission.AD_ID, com.philipin.pesokwento.loan.DYNAMIC_RECEIVER_NOT_EXPORTED_PERMISSION, com.google.android.finsky.permission.BIND_GET_INSTALL_REFERRER_SERVICE, android.permission.READ_SMS, android.permission.ACCESS_COARSE_LOCATION, android.permission.ACCESS_NETWORK_STATE, com.google.android.c2dm.permission.RECEIVE, android.permission.READ_PHONE_STATE",No,No,No,No,No,No,No,Yes,No,No,False,True,False
@7F100022,com.liang.chan,Philippines/Approved,"android.permission.PACKAGE_USAGE_STATS, android.permission.ACCESS_WIFI_STATE, android.permission.WAKE_LOCK, android.permission.CHANGE_WIFI_STATE, android.permission.CAMERA, android.permission.SYSTEM_ALERT_WINDOW, android.permission.RECEIVE_BOOT_COMPLETED, com.liang.chan.DYNAMIC_RECEIVER_NOT_EXPORTED_PERMISSION, com.google.android.gms.permission.AD_ID, android.permission.CHANGE_NETWORK_STATE, com.google.android.c2dm.permission.RECEIVE, android.permission.FLASHLIGHT, android.permission.CALL_PHONE, android.permission.FOREGROUND_SERVICE, android.permission.READ_PHONE_STATE, android.permission.POST_NOTIFICATIONS, android.permission.INTERNET, com.google.android.finsky.permission.BIND_GET_INSTALL_REFERRER_SERVICE, android.permission.READ_SMS, android.permission.ACCESS_NETWORK_STATE",No,No,No,No,No,No,No,Yes,No,No,False,True,False
CredTap,in.atome,Philippines/Approved,"android.permission.ACCESS_WIFI_STATE, android.permission.WAKE_LOCK, android.permission.ACCESS_FINE_LOCATION, android.permission.CAMERA, android.permission.READ_CONTACTS, android.permission.SYSTEM_ALERT_WINDOW, android.permission.BLUETOOTH, android.permission.READ_EXTERNAL_STORAGE, android.permission.VIBRATE, com.android.browser.permission.READ_HISTORY_BOOKMARKS, com.google.android.c2dm.permission.RECEIVE, android.permission.WRITE_EXTERNAL_STORAGE, android.permission.FLASHLIGHT, android.permission.GET_ACCOUNTS, android.permission.FOREGROUND_SERVICE, android.permission.READ_PHONE_STATE, android.permission.RECORD_AUDIO, android.permission.INTERNET, com.google.android.finsky.permission.BIND_GET_INSTALL_REFERRER_SERVICE, android.permission.ACCESS_COARSE_LOCATION, android.permission.GET_PACKAGE_SIZE, android.permission.ACCESS_NETWORK_STATE",Yes,No,Yes,Yes,No,No,No,No,No,Yes,True,True,True
PesoGo,com.yigomob.philippine.pesogo,Philippines/Approved,"android.permission.WRITE_EXTERNAL_STORAGE, android.permission.ACCESS_WIFI_STATE, android.permission.WAKE_LOCK, android.permission.ACCESS_FINE_LOCATION, android.permission.INTERNET, android.permission.CAMERA, android.permission.READ_CONTACTS, android.permission.READ_EXTERNAL_STORAGE, com.google.android.finsky.permission.BIND_GET_INSTALL_REFERRER_SERVICE, android.permission.ACCESS_COARSE_LOCATION, android.permission.ACCESS_NETWORK_STATE, android.permission.CALL_PHONE, com.google.android.c2dm.permission.RECEIVE, android.permission.REQUEST_INSTALL_PACKAGES, android.permission.READ_PHONE_STATE",Yes,No,Yes,Yes,No,No,No,No,No,Yes,True,True,True
cashwow,ph.cashwow11.android,Philippines/Approved,"android.permission.WRITE_EXTERNAL_STORAGE, android.permission.ACCESS_WIFI_STATE, android.permission.WAKE_LOCK, android.permission.ACCESS_FINE_LOCATION, android.permission.MANAGE_DOCUMENTS, android.permission.INTERNET, android.permission.CAMERA, android.permission.READ_CONTACTS, android.permission.READ_EXTERNAL_STORAGE, android.permission.VIBRATE, com.google.android.finsky.permission.BIND_GET_INSTALL_REFERRER_SERVICE, android.permission.ACCESS_NETWORK_STATE, android.permission.ACCESS_COARSE_LOCATION, ph.cashwow11.android.permission.C2D_MESSAGE, com.google.android.c2dm.permission.RECEIVE, android.permission.FOREGROUND_SERVICE, android.hardware.camera.autofocus, android.permission.READ_PHONE_STATE",Yes,No,Yes,Yes,No,No,No,No,No,Yes,True,True,True
Pesolaon,com.pesoloan,Philippines/Approved,"android.permission.PACKAGE_USAGE_STATS, android.permission.ACCESS_WIFI_STATE, android.permission.WAKE_LOCK, android.permission.CHANGE_WIFI_STATE, android.permission.CAMERA, android.permission.GET_PACKAGE_SIZE, com.google.android.gms.permission.AD_ID, android.permission.CHANGE_NETWORK_STATE, android.permission.USE_FINGERPRINT, com.google.android.c2dm.permission.RECEIVE, android.permission.WRITE_CALENDAR, android.permission.READ_CALL_LOG, android.permission.USE_BIOMETRIC, android.permission.RECEIVE_SMS, android.permission.READ_PHONE_STATE, android.permission.READ_CALENDAR, android.permission.POST_NOTIFICATIONS, android.permission.INTERNET, com.google.android.finsky.permission.BIND_GET_INSTALL_REFERRER_SERVICE, android.permission.READ_SMS, android.permission.ACCESS_COARSE_LOCATION, android.permission.ACCESS_NETWORK_STATE",No,Yes,No,No,No,No,No,Yes,No,No,False,True,False
iPeso,com.qiantanglending.vps,Philippines/Approved,"android.permission.ACCESS_WIFI_STATE, android.permission.WAKE_LOCK, android.permission.CHANGE_CONFIGURATION, android.permission.ACCESS_FINE_LOCATION, android.permission.CAMERA, android.permission.READ_CONTACTS, android.permission.SYSTEM_ALERT_WINDOW, android.permission.READ_EXTERNAL_STORAGE, android.permission.READ_LOGS, android.permission.VIBRATE, android.permission.WRITE_EXTERNAL_STORAGE, android.permission.MOUNT_UNMOUNT_FILESYSTEMS, android.permission.WRITE_SETTINGS, android.permission.CALL_PHONE, android.permission.READ_PHONE_STATE, android.permission.RECORD_AUDIO, android.permission.GET_TASKS, android.permission.MODIFY_AUDIO_SETTINGS, android.permission.INTERNET, android.permission.READ_SETTINGS, android.permission.RECORD_VIDEO, com.google.android.finsky.permission.BIND_GET_INSTALL_REFERRER_SERVICE, android.permission.ACCESS_NETWORK_STATE, android.permission.ACCESS_COARSE_LOCATION",Yes,No,Yes,Yes,No,No,No,No,No,Yes,True,True,True
etomo,com.andsystems.lendpinoy,Philippines/Approved,"android.permission.ACCESS_WIFI_STATE, android.permission.WAKE_LOCK, com.sec.android.provider.badge.permission.WRITE, com.sonyericsson.home.permission.BROADCAST_BADGE, com.anddoes.launcher.permission.UPDATE_COUNT, android.permission.CAMERA, com.majeur.launcher.permission.UPDATE_BADGE, me.everything.badger.permission.BADGE_COUNT_READ, android.permission.RECEIVE_BOOT_COMPLETED, com.oppo.launcher.permission.READ_SETTINGS, com.huawei.android.launcher.permission.CHANGE_BADGE, me.everything.badger.permission.BADGE_COUNT_WRITE, com.google.android.gms.permission.AD_ID, com.sonymobile.home.permission.PROVIDER_INSERT_BADGE, android.permission.READ_APP_BADGE, android.permission.VIBRATE, android.permission.USE_FINGERPRINT, com.htc.launcher.permission.UPDATE_SHORTCUT, com.google.android.c2dm.permission.RECEIVE, android.permission.USE_BIOMETRIC, com.sec.android.provider.badge.permission.READ, com.huawei.android.launcher.permission.READ_SETTINGS, android.permission.FOREGROUND_SERVICE, android.permission.POST_NOTIFICATIONS, android.permission.INTERNET, com.google.android.finsky.permission.BIND_GET_INSTALL_REFERRER_SERVICE, com.oppo.launcher.permission.WRITE_SETTINGS, com.huawei.android.launcher.permission.WRITE_SETTINGS, android.permission.ACCESS_COARSE_LOCATION, android.permission.ACCESS_NETWORK_STATE, com.htc.launcher.permission.READ_SETTINGS",No,No,No,No,No,No,No,No,No,No,False,False,False
Cashalo,com.oriente.cashalo,Philippines/Approved,"android.permission.ACCESS_WIFI_STATE, android.permission.WAKE_LOCK, android.permission.CAMERA, com.oriente.cashalo.DYNAMIC_RECEIVER_NOT_EXPORTED_PERMISSION, android.permission.NFC, android.permission.RECEIVE_BOOT_COMPLETED, android.permission.FOREGROUND_SERVICE_DATA_SYNC, com.google.android.gms.permission.AD_ID, android.permission.VIBRATE, android.permission.USE_FINGERPRINT, com.google.android.c2dm.permission.RECEIVE, android.permission.FLASHLIGHT, android.permission.USE_BIOMETRIC, android.permission.FOREGROUND_SERVICE, android.permission.READ_PHONE_STATE, android.permission.RECORD_AUDIO, android.permission.POST_NOTIFICATIONS, android.permission.INTERNET, com.google.android.finsky.permission.BIND_GET_INSTALL_REFERRER_SERVICE, android.permission.ACCESS_COARSE_LOCATION, android.permission.ACCESS_NETWORK_STATE",No,No,No,No,No,No,No,No,No,No,False,False,False
pera247,versluisant.kredit24,Philippines/Approved,"android.permission.WRITE_EXTERNAL_STORAGE, android.permission.ACCESS_WIFI_STATE, android.permission.WAKE_LOCK, android.permission.ACCESS_FINE_LOCATION, android.permission.INTERNET, android.permission.CAMERA, com.google.android.gms.permission.AD_ID, android.permission.BLUETOOTH, android.permission.READ_CONTACTS, com.google.android.finsky.permission.BIND_GET_INSTALL_REFERRER_SERVICE, android.permission.READ_EXTERNAL_STORAGE, android.permission.ACCESS_NETWORK_STATE, android.permission.ACCESS_COARSE_LOCATION, com.google.android.c2dm.permission.RECEIVE, android.permission.RECEIVE_BOOT_COMPLETED, android.permission.READ_PHONE_STATE",Yes,No,Yes,Yes,No,No,No,No,No,Yes,True,True,True
Pesohere,com.pesohere.android,Philippines/Approved,"android.permission.ACCESS_WIFI_STATE, android.permission.WAKE_LOCK, android.permission.POST_NOTIFICATIONS, android.permission.INTERNET, android.permission.CAMERA, com.google.android.gms.permission.AD_ID, com.google.android.finsky.permission.BIND_GET_INSTALL_REFERRER_SERVICE, android.permission.SYSTEM_ALERT_WINDOW, android.permission.USE_FINGERPRINT, android.permission.ACCESS_NETWORK_STATE, android.permission.ACCESS_COARSE_LOCATION, android.permission.READ_PRI, android.permission.READ_SMS, com.google.android.c2dm.permission.RECEIVE, android.permission.RECEIVE_BOOT_COMPLETED, android.permission.FOREGROUND_SERVICE, android.permission.READ_PHONE_STATE",No,No,No,No,No,No,No,Yes,No,No,False,True,False
GoPeso,com.ph.loan.android,Philippines/Approved,"android.permission.PACKAGE_USAGE_STATS, android.permission.ACCESS_WIFI_STATE, android.permission.WAKE_LOCK, android.permission.ACCESS_FINE_LOCATION, android.permission.CHANGE_WIFI_STATE, android.permission.CAMERA, android.permission.READ_CONTACTS, android.permission.REQUEST_DELETE_PACKAGES, android.permission.BLUETOOTH, android.permission.READ_EXTERNAL_STORAGE, com.google.android.c2dm.permission.RECEIVE, android.permission.WRITE_CALENDAR, android.permission.WRITE_EXTERNAL_STORAGE, android.permission.CALL_PHONE, android.permission.GET_ACCOUNTS, android.permission.FOREGROUND_SERVICE, android.permission.READ_PHONE_STATE, android.permission.RECORD_AUDIO, android.permission.READ_CALENDAR, android.permission.MODIFY_AUDIO_SETTINGS, android.permission.INTERNET, com.google.android.finsky.permission.BIND_GET_INSTALL_REFERRER_SERVICE, android.permission.ACCESS_NETWORK_STATE, android.permission.ACCESS_COARSE_LOCATION",Yes,No,Yes,Yes,No,No,No,No,No,Yes,True,True,True
Pinoy Peso,com.cga.cash,Philippines/Approved,"android.permission.ACCESS_WIFI_STATE, android.permission.WAKE_LOCK, android.permission.ACCESS_FINE_LOCATION, android.permission.CHANGE_WIFI_STATE, android.permission.CAMERA, android.permission.READ_CONTACTS, android.permission.BLUETOOTH, android.permission.READ_EXTERNAL_STORAGE, com.google.android.c2dm.permission.RECEIVE, android.permission.WRITE_CALENDAR, android.permission.WRITE_EXTERNAL_STORAGE, android.permission.GET_ACCOUNTS, android.permission.REQUEST_INSTALL_PACKAGES, android.permission.READ_PHONE_STATE, android.permission.READ_CALENDAR, android.permission.INTERNET, com.google.android.finsky.permission.BIND_GET_INSTALL_REFERRER_SERVICE, android.permission.ACCESS_NETWORK_STATE, android.permission.ACCESS_COARSE_LOCATION",Yes,No,Yes,Yes,No,No,No,No,No,Yes,True,True,True
JuanHand,com.juanhand.fast.cash.peso.loan.app,Philippines/Approved,"android.permission.PACKAGE_USAGE_STATS, com.huawei.appmarket.service.commondata.permission.GET_COMMON_DATA, android.permission.ACCESS_ADSERVICES_ATTRIBUTION, android.permission.ACCESS_WIFI_STATE, android.permission.WAKE_LOCK, android.permission.POST_NOTIFICATIONS, android.permission.INTERNET, android.permission.CAMERA, com.google.android.gms.permission.AD_ID, com.google.android.finsky.permission.BIND_GET_INSTALL_REFERRER_SERVICE, android.permission.READ_SMS, android.permission.ACCESS_NETWORK_STATE, com.google.android.c2dm.permission.RECEIVE, com.juanhand.fast.cash.peso.loan.app.DYNAMIC_RECEIVER_NOT_EXPORTED_PERMISSION, android.permission.FOREGROUND_SERVICE, android.permission.READ_PHONE_STATE",No,No,No,No,No,No,No,Yes,No,No,False,True,False
MadaLoan,ooifxdso.opxosduf.oqexred,Philippines/Approved,"android.permission.ACCESS_WIFI_STATE, android.permission.WAKE_LOCK, android.permission.ACCESS_FINE_LOCATION, android.permission.CAMERA, android.permission.READ_CONTACTS, android.hardware.camera.autofocus, android.permission.BLUETOOTH_CONNECT, com.google.android.gms.permission.AD_ID, android.permission.BLUETOOTH, android.permission.READ_EXTERNAL_STORAGE, android.permission.VIBRATE, com.google.android.c2dm.permission.RECEIVE, android.permission.MANAGE_DOCUMENTS, android.permission.WRITE_EXTERNAL_STORAGE, android.permission.READ_PHONE_NUMBERS, android.permission.FOREGROUND_SERVICE, android.permission.READ_PHONE_STATE, android.permission.POST_NOTIFICATIONS, android.permission.INTERNET, com.google.android.finsky.permission.BIND_GET_INSTALL_REFERRER_SERVICE, android.permission.READ_SMS, android.permission.ACCESS_NETWORK_STATE, android.permission.ACCESS_COARSE_LOCATION",Yes,No,Yes,Yes,No,No,No,Yes,No,Yes,True,True,True
Unibank-Pautang App,com.nimechokakifala.apk,Philippines/Approved,"com.sec.android.provider.badge.permission.WRITE, android.permission.WAKE_LOCK, com.sonyericsson.home.permission.BROADCAST_BADGE, com.anddoes.launcher.permission.UPDATE_COUNT, com.majeur.launcher.permission.UPDATE_BADGE, me.everything.badger.permission.BADGE_COUNT_READ, com.nimechokakifala.apk.permission.C2D_MESSAGE, android.permission.RECEIVE_BOOT_COMPLETED, com.oppo.launcher.permission.READ_SETTINGS, com.huawei.android.launcher.permission.CHANGE_BADGE, me.everything.badger.permission.BADGE_COUNT_WRITE, com.sonymobile.home.permission.PROVIDER_INSERT_BADGE, android.permission.READ_APP_BADGE, android.permission.VIBRATE, com.google.android.c2dm.permission.RECEIVE, com.htc.launcher.permission.UPDATE_SHORTCUT, com.sec.android.provider.badge.permission.READ, com.huawei.android.launcher.permission.READ_SETTINGS, android.permission.INTERNET, com.oppo.launcher.permission.WRITE_SETTINGS, com.huawei.android.launcher.permission.WRITE_SETTINGS, android.permission.ACCESS_NETWORK_STATE, com.htc.launcher.permission.READ_SETTINGS",No,No,No,No,No,No,No,No,No,No,False,False,False
Kviku,ru.kviku.mobile.credits,Philippines/Approved,"ru.kviku.mobile.credits.DYNAMIC_RECEIVER_NOT_EXPORTED_PERMISSION, android.permission.ACCESS_ADSERVICES_ATTRIBUTION, android.permission.ACCESS_WIFI_STATE, android.permission.WAKE_LOCK, android.permission.POST_NOTIFICATIONS, android.permission.INTERNET, android.permission.ACCESS_ADSERVICES_AD_ID, com.google.android.gms.permission.AD_ID, com.google.android.finsky.permission.BIND_GET_INSTALL_REFERRER_SERVICE, android.permission.USE_BIOMETRIC, android.permission.USE_FINGERPRINT, android.permission.ACCESS_NETWORK_STATE, com.google.android.c2dm.permission.RECEIVE",No,No,No,No,No,No,No,No,No,No,False,False,False
Fast Peso,ph.fast.peso,Philippines/Approved,"android.permission.CALL_PHONE, android.permission.WRITE_EXTERNAL_STORAGE, android.permission.RECORD_AUDIO, android.permission.ACCESS_WIFI_STATE, android.permission.WAKE_LOCK, android.permission.ACCESS_FINE_LOCATION, android.permission.INTERNET, android.permission.CAMERA, android.permission.READ_CONTACTS, android.permission.READ_EXTERNAL_STORAGE, android.permission.VIBRATE, com.google.android.finsky.permission.BIND_GET_INSTALL_REFERRER_SERVICE, android.permission.ACCESS_COARSE_LOCATION, android.permission.ACCESS_NETWORK_STATE, android.permission.REORDER_TASKS, com.google.android.c2dm.permission.RECEIVE, ph.fast.peso.permission.MIPUSH_RECEIVE, android.permission.READ_PHONE_STATE",Yes,No,Yes,Yes,No,No,No,No,No,Yes,True,True,True
Peso2Go,com.peso2go,Philippines/Approved,"android.permission.WRITE_EXTERNAL_STORAGE, android.permission.RECORD_AUDIO, android.permission.ACCESS_WIFI_STATE, android.permission.WRITE_CONTACTS, android.permission.ACCESS_FINE_LOCATION, android.permission.CHANGE_WIFI_STATE, android.permission.INTERNET, android.permission.CAMERA, android.permission.READ_CONTACTS, android.permission.READ_EXTERNAL_STORAGE, android.permission.SYSTEM_ALERT_WINDOW, android.permission.READ_PHONE_NUMBERS, android.permission.ACCESS_COARSE_LOCATION, android.permission.ACCESS_NETWORK_STATE, com.google.android.finsky.permission.BIND_GET_INSTALL_REFERRER_SERVICE",Yes,No,Yes,Yes,No,No,No,No,No,Yes,True,True,True
Pesos.ph,pesop.jkaht,Philippines/Approved,"android.permission.ACCESS_WIFI_STATE, android.permission.ACCESS_FINE_LOCATION, android.permission.INTERNET, android.permission.CAMERA, android.permission.READ_CONTACTS, com.google.android.finsky.permission.BIND_GET_INSTALL_REFERRER_SERVICE, android.permission.ACCESS_NETWORK_STATE, android.permission.ACCESS_COARSE_LOCATION, android.permission.FOREGROUND_SERVICE",Yes,No,No,No,No,No,No,No,No,Yes,True,True,True
Pera,com.vip.pera,Philippines/Approved,"android.permission.READ_MEDIA_VISUAL_USER_SELECTED, android.permission.ACCESS_WIFI_STATE, android.permission.WAKE_LOCK, android.permission.GET_TASKS, android.permission.MOUNT_UNMOUNT_FILESYSTEMS, android.permission.POST_NOTIFICATIONS, android.permission.INTERNET, android.permission.READ_SETTINGS, android.permission.CAMERA, com.google.android.gms.permission.AD_ID, com.vip.pera.DYNAMIC_RECEIVER_NOT_EXPORTED_PERMISSION, com.google.android.finsky.permission.BIND_GET_INSTALL_REFERRER_SERVICE, android.permission.READ_SMS, android.permission.ACCESS_NETWORK_STATE, android.permission.ACCESS_COARSE_LOCATION, android.permission.RECEIVE_SMS, android.permission.FOREGROUND_SERVICE, android.permission.READ_CLIPBOARD",No,No,No,No,No,No,No,Yes,No,No,False,True,False
PesoQ,com.tmart.pesoq,Philippines/Approved,"android.permission.ACCESS_WIFI_STATE, android.permission.WAKE_LOCK, android.permission.CHANGE_WIFI_STATE, android.permission.CAMERA, com.google.android.gms.permission.AD_ID, android.permission.CHANGE_NETWORK_STATE, android.permission.VIBRATE, android.permission.HIGH_SAMPLING_RATE_SENSORS, com.google.android.c2dm.permission.RECEIVE, android.permission.WRITE_CALENDAR, android.permission.FLASHLIGHT, android.permission.READ_CALENDAR, android.permission.POST_NOTIFICATIONS, android.permission.INTERNET, com.google.android.finsky.permission.BIND_GET_INSTALL_REFERRER_SERVICE, android.permission.READ_SMS, android.permission.ACCESS_COARSE_LOCATION, android.permission.ACCESS_NETWORK_STATE, android.permission.ACCESS_BACKGROUND_LOCATION",No,No,No,No,No,No,No,Yes,No,No,False,True,False
Credit Peso,com.wdjk.mcvay,Philippines/Approved,"android.permission.ACCESS_WIFI_STATE, android.permission.ACCESS_FINE_LOCATION, android.permission.INTERNET, android.permission.CAMERA, android.permission.READ_CONTACTS, com.google.android.finsky.permission.BIND_GET_INSTALL_REFERRER_SERVICE, android.permission.ACCESS_NETWORK_STATE, android.permission.ACCESS_COARSE_LOCATION, android.permission.FOREGROUND_SERVICE, android.permission.READ_PHONE_STATE",Yes,No,No,No,No,No,No,No,No,Yes,True,True,True
Easy Peso,com.easy.cash.loan,Philippines/Approved,"android.permission.ACCESS_WIFI_STATE, android.permission.WAKE_LOCK, android.permission.ACCESS_FINE_LOCATION, android.permission.CHANGE_WIFI_STATE, android.permission.CAMERA, android.permission.READ_CONTACTS, android.permission.BLUETOOTH, android.permission.READ_EXTERNAL_STORAGE, android.permission.VIBRATE, android.permission.CHANGE_NETWORK_STATE, com.google.android.c2dm.permission.RECEIVE, android.permission.WRITE_CALENDAR, android.permission.WRITE_EXTERNAL_STORAGE, android.permission.ACCESS_LOCATION_EXTRA_COMMANDS, android.permission.REQUEST_INSTALL_PACKAGES, android.permission.FOREGROUND_SERVICE, android.permission.READ_PHONE_STATE, android.permission.READ_CALENDAR, android.permission.GET_TASKS, android.permission.INTERNET, com.google.android.finsky.permission.BIND_GET_INSTALL_REFERRER_SERVICE, android.permission.ACCESS_NETWORK_STATE, android.permission.ACCESS_COARSE_LOCATION",Yes,No,Yes,Yes,No,No,No,No,No,Yes,True,True,True
LendPeso Market,com.jrweid.pilipinas.loanmarket,Philippines/Approved,"android.permission.WRITE_EXTERNAL_STORAGE, android.permission.WAKE_LOCK, android.permission.INTERNET, com.google.android.finsky.permission.BIND_GET_INSTALL_REFERRER_SERVICE, android.permission.READ_EXTERNAL_STORAGE, android.permission.ACCESS_NETWORK_STATE, com.google.android.c2dm.permission.RECEIVE, android.permission.REQUEST_INSTALL_PACKAGES, android.permission.READ_PHONE_STATE",No,No,Yes,Yes,No,No,No,No,No,No,True,True,False
Borrow Peso,com.jrweid.pautang.peso,Philippines/Approved,"android.permission.WRITE_EXTERNAL_STORAGE, android.permission.ACCESS_WIFI_STATE, android.permission.WAKE_LOCK, android.permission.ACCESS_FINE_LOCATION, android.permission.INTERNET, android.permission.CAMERA, android.permission.READ_CONTACTS, android.permission.READ_EXTERNAL_STORAGE, com.google.android.finsky.permission.BIND_GET_INSTALL_REFERRER_SERVICE, android.permission.ACCESS_COARSE_LOCATION, android.permission.ACCESS_NETWORK_STATE, android.permission.CALL_PHONE, com.google.android.c2dm.permission.RECEIVE, android.permission.REQUEST_INSTALL_PACKAGES, android.permission.READ_PHONE_STATE",Yes,No,Yes,Yes,No,No,No,No,No,Yes,True,True,True
EasyPeso,com.easypeso,Philippines/Approved,,No,No,No,No,No,No,No,No,No,No,False,False,False
QuickLa,com.luck.duck.quickla,Philippines/Approved,"android.permission.PACKAGE_USAGE_STATS, android.permission.ACCESS_WIFI_STATE, android.permission.WAKE_LOCK, android.permission.CHANGE_WIFI_STATE, android.permission.CAMERA, com.google.android.gms.permission.AD_ID, android.permission.BLUETOOTH, android.permission.WRITE_CALENDAR, android.permission.LOCAL_MAC_ADDRESS, android.permission.READ_CALL_LOG, android.permission.RECEIVE_SMS, com.luck.duck.quickla.DYNAMIC_RECEIVER_NOT_EXPORTED_PERMISSION, android.permission.READ_PHONE_STATE, android.permission.READ_PRIVILEGED_PHONE_STATE, android.permission.READ_CALENDAR, android.permission.INTERNET, com.google.android.finsky.permission.BIND_GET_INSTALL_REFERRER_SERVICE, android.permission.READ_SMS, android.permission.ACCESS_COARSE_LOCATION, android.permission.ACCESS_NETWORK_STATE",No,Yes,No,No,No,No,No,Yes,No,No,False,True,False
OkPeso,tech.codeblock.okpeso,Philippines/Approved,"android.permission.ACCESS_WIFI_STATE, android.permission.WAKE_LOCK, android.permission.CAMERA, tech.codeblock.okpeso.DYNAMIC_RECEIVER_NOT_EXPORTED_PERMISSION, android.permission.RECEIVE_BOOT_COMPLETED, com.google.android.gms.permission.AD_ID, com.google.android.c2dm.permission.RECEIVE, android.permission.SCHEDULE_EXACT_ALARM, android.permission.CAMERA2, android.permission.FOREGROUND_SERVICE, android.permission.READ_PHONE_STATE, android.permission.READ_PRIVILEGED_PHONE_STATE, android.permission.READ_CALENDAR, android.permission.POST_NOTIFICATIONS, android.permission.INTERNET, com.google.android.finsky.permission.BIND_GET_INSTALL_REFERRER_SERVICE, android.permission.READ_SMS, android.permission.ACCESS_COARSE_LOCATION, android.permission.ACCESS_NETWORK_STATE",No,No,No,No,No,No,No,Yes,No,No,False,True,False
PesoBuffet,com.abs.pesobuffet.android,Philippines/Approved,"android.permission.PACKAGE_USAGE_STATS, android.permission.ACCESS_WIFI_STATE, android.permission.WAKE_LOCK, android.permission.CHANGE_WIFI_STATE, android.permission.CAMERA, com.google.android.gms.permission.AD_ID, android.permission.BLUETOOTH, android.permission.WRITE_CALENDAR, android.permission.LOCAL_MAC_ADDRESS, android.permission.READ_CALL_LOG, android.permission.RECEIVE_SMS, android.permission.READ_PHONE_STATE, android.permission.READ_PRIVILEGED_PHONE_STATE, android.permission.READ_CALENDAR, android.permission.INTERNET, com.abs.pesobuffet.android.DYNAMIC_RECEIVER_NOT_EXPORTED_PERMISSION, com.google.android.finsky.permission.BIND_GET_INSTALL_REFERRER_SERVICE, android.permission.READ_SMS, android.permission.ACCESS_COARSE_LOCATION, android.permission.ACCESS_NETWORK_STATE",No,Yes,No,No,No,No,No,Yes,No,No,False,True,False
Akulaku Finance,io.silvrr.finance,Philippines/Approved,"com.android.alarm.permission.SET_ALARM, android.permission.ACCESS_WIFI_STATE, android.permission.WAKE_LOCK, android.permission.ACCESS_FINE_LOCATION, android.permission.CHANGE_WIFI_STATE, android.permission.CAMERA, android.permission.SYSTEM_ALERT_WINDOW, android.permission.RECEIVE_BOOT_COMPLETED, android.permission.BLUETOOTH, android.permission.VIBRATE, android.permission.BLUETOOTH_ADMIN, com.google.android.c2dm.permission.RECEIVE, android.permission.MOUNT_UNMOUNT_FILESYSTEMS, android.permission.FLASHLIGHT, android.permission.PERMISSION_GRANTED, com.google.android.providers.gsf.permission.READ_GSERVICES, android.permission.REQUEST_INSTALL_PACKAGES, android.permission.FOREGROUND_SERVICE, android.permission.RECORD_AUDIO, android.permission.GET_TASKS, android.permission.INTERNET, com.google.android.finsky.permission.BIND_GET_INSTALL_REFERRER_SERVICE, android.permission.ACCESS_NETWORK_STATE, android.permission.ACCESS_COARSE_LOCATION",No,No,No,No,No,No,No,No,No,Yes,True,True,False
Fcash,com.touchlend.fcash,Philippines/Approved,"android.permission.WRITE_EXTERNAL_STORAGE, android.permission.ACCESS_WIFI_STATE, android.permission.WAKE_LOCK, android.permission.GET_TASKS, android.permission.ACCESS_FINE_LOCATION, android.permission.CHANGE_WIFI_STATE, android.permission.INTERNET, android.permission.CAMERA, android.permission.READ_SETTINGS, android.permission.READ_CONTACTS, android.permission.READ_EXTERNAL_STORAGE, com.google.android.finsky.permission.BIND_GET_INSTALL_REFERRER_SERVICE, android.permission.ACCESS_NETWORK_STATE, android.permission.ACCESS_COARSE_LOCATION, com.google.android.c2dm.permission.RECEIVE, android.permission.FOREGROUND_SERVICE",Yes,No,Yes,Yes,No,No,No,No,No,Yes,True,True,True
PagHiram,com.phoneapp.paghiram,Philippines/Approved,"android.permission.ACCESS_WIFI_STATE, android.permission.WAKE_LOCK, android.permission.ACCESS_FINE_LOCATION, android.permission.CHANGE_WIFI_STATE, android.permission.CAMERA, android.permission.READ_CONTACTS, android.permission.CHANGE_NETWORK_STATE, android.permission.VIBRATE, android.permission.READ_EXTERNAL_STORAGE, com.android.browser.permission.READ_HISTORY_BOOKMARKS, com.google.android.c2dm.permission.RECEIVE, android.permission.WRITE_EXTERNAL_STORAGE, android.permission.FLASHLIGHT, android.permission.GET_ACCOUNTS, android.permission.READ_PHONE_STATE, android.permission.INTERNET, com.google.android.finsky.permission.BIND_GET_INSTALL_REFERRER_SERVICE, android.permission.ACCESS_COARSE_LOCATION, android.permission.ACCESS_NETWORK_STATE",Yes,No,Yes,Yes,No,No,No,No,No,Yes,True,True,True
MayPera,com.maypera.peso,Philippines/Approved,"com.maypera.peso.DYNAMIC_RECEIVER_NOT_EXPORTED_PERMISSION, android.permission.ACCESS_WIFI_STATE, android.permission.WAKE_LOCK, android.permission.POST_NOTIFICATIONS, android.permission.INTERNET, android.permission.CAMERA, com.google.android.gms.permission.AD_ID, com.google.android.finsky.permission.BIND_GET_INSTALL_REFERRER_SERVICE, android.permission.READ_SMS, android.permission.ACCESS_NETWORK_STATE, android.permission.ACCESS_COARSE_LOCATION, com.google.android.c2dm.permission.RECEIVE, android.permission.RECEIVE_BOOT_COMPLETED, android.permission.FOREGROUND_SERVICE",No,No,No,No,No,No,No,Yes,No,No,False,True,False
Lemon Loan,com.lemon.loan,Philippines/Approved,"android.permission.CALL_PHONE, android.permission.WRITE_EXTERNAL_STORAGE, android.permission.RECORD_AUDIO, android.permission.ACCESS_WIFI_STATE, android.permission.WAKE_LOCK, com.lemon.loan.permission.MIPUSH_RECEIVE, android.permission.ACCESS_FINE_LOCATION, android.permission.INTERNET, android.permission.CAMERA, android.permission.READ_CONTACTS, android.permission.READ_EXTERNAL_STORAGE, android.permission.VIBRATE, com.google.android.finsky.permission.BIND_GET_INSTALL_REFERRER_SERVICE, android.permission.ACCESS_COARSE_LOCATION, android.permission.ACCESS_NETWORK_STATE, android.permission.REORDER_TASKS, android.permission.FOREGROUND_SERVICE, android.permission.READ_PHONE_STATE",Yes,No,Yes,Yes,No,No,No,No,No,Yes,True,True,True
Cashme,ph.cashme666.android,Philippines/Approved,"android.permission.BLUETOOTH_CONNECT, android.hardware.camera.autofocus, android.permission.ACCESS_WIFI_STATE, android.permission.WAKE_LOCK, android.permission.POST_NOTIFICATIONS, android.permission.INTERNET, android.permission.CAMERA, com.google.android.gms.permission.AD_ID, android.permission.BLUETOOTH, com.google.android.finsky.permission.BIND_GET_INSTALL_REFERRER_SERVICE, android.permission.VIBRATE, android.permission.READ_SMS, android.permission.ACCESS_NETWORK_STATE, android.permission.ACCESS_COARSE_LOCATION, com.google.android.c2dm.permission.RECEIVE, android.permission.FOREGROUND_SERVICE",No,No,No,No,No,No,No,Yes,No,No,False,True,False
Peso Advance,com.pesoadvance.app,Philippines/Approved,"android.permission.ACCESS_WIFI_STATE, android.permission.WAKE_LOCK, android.permission.ACCESS_FINE_LOCATION, android.permission.CAMERA, android.permission.READ_CONTACTS, android.permission.BLUETOOTH, android.permission.READ_EXTERNAL_STORAGE, android.permission.VIBRATE, android.permission.BATTERY_STATS, com.google.android.c2dm.permission.RECEIVE, android.permission.WRITE_EXTERNAL_STORAGE, com.pesoadvance.app.permission.MIPUSH_RECEIVE, android.permission.WRITE_SETTINGS, android.permission.CALL_PHONE, android.permission.REORDER_TASKS, android.permission.READ_PHONE_STATE, android.permission.RECORD_AUDIO, android.permission.GET_TASKS, android.permission.INTERNET, com.google.android.finsky.permission.BIND_GET_INSTALL_REFERRER_SERVICE, android.permission.ACCESS_COARSE_LOCATION, android.permission.ACCESS_NETWORK_STATE, android.permission.ACCESS_COARSE_UPDATES",Yes,No,Yes,Yes,No,No,No,No,No,Yes,True,True,True
Peso Pocket,com.hffeilvbin.pesopocket,Philippines/Approved,"android.permission.ACCESS_WIFI_STATE, android.permission.WAKE_LOCK, android.permission.ACCESS_FINE_LOCATION, android.permission.CHANGE_WIFI_STATE, android.permission.CAMERA, android.permission.READ_CONTACTS, android.permission.BROADCAST_PACKAGE_REPLACED, com.android.launcher.permission.READ_SETTINGS, android.permission.BROADCAST_PACKAGE_INSTALL, android.permission.RECEIVE_BOOT_COMPLETED, android.permission.CHANGE_NETWORK_STATE, android.permission.READ_EXTERNAL_STORAGE, com.google.android.c2dm.permission.RECEIVE, android.permission.WRITE_EXTERNAL_STORAGE, android.permission.BROADCAST_PACKAGE_ADDED, android.permission.WRITE_SETTINGS, android.permission.BROADCAST_PACKAGE_CHANGED, android.permission.FOREGROUND_SERVICE, android.permission.READ_PHONE_STATE, android.permission.INTERNET, android.permission.CAMERA.AUTOFOCUS, android.permission.READ_SYNC_SETTINGS, com.google.android.finsky.permission.BIND_GET_INSTALL_REFERRER_SERVICE, android.permission.ACCESS_NETWORK_STATE, android.permission.ACCESS_COARSE_LOCATION",Yes,No,Yes,Yes,No,No,No,No,No,Yes,True,True,True
Light Kredit,com.hffeilvbin.lightkredit,Philippines/Approved,"android.permission.ACCESS_WIFI_STATE, android.permission.WAKE_LOCK, android.permission.ACCESS_FINE_LOCATION, android.permission.CHANGE_WIFI_STATE, android.permission.CAMERA, android.permission.READ_CONTACTS, android.permission.BROADCAST_PACKAGE_REPLACED, com.android.launcher.permission.READ_SETTINGS, android.permission.BROADCAST_PACKAGE_INSTALL, android.permission.RECEIVE_BOOT_COMPLETED, android.permission.CHANGE_NETWORK_STATE, android.permission.READ_EXTERNAL_STORAGE, com.google.android.c2dm.permission.RECEIVE, android.permission.WRITE_EXTERNAL_STORAGE, android.permission.BROADCAST_PACKAGE_ADDED, android.permission.WRITE_SETTINGS, android.permission.BROADCAST_PACKAGE_CHANGED, android.permission.FOREGROUND_SERVICE, android.permission.READ_PHONE_STATE, android.permission.INTERNET, android.permission.CAMERA.AUTOFOCUS, android.permission.READ_SYNC_SETTINGS, com.google.android.finsky.permission.BIND_GET_INSTALL_REFERRER_SERVICE, android.permission.ACCESS_NETWORK_STATE, android.permission.ACCESS_COARSE_LOCATION",Yes,No,Yes,Yes,No,No,No,No,No,Yes,True,True,True
HappyCash,com.yinshan.happycashPro,Philippines/Approved,"android.permission.ACCESS_WIFI_STATE, android.permission.WAKE_LOCK, android.permission.ACCESS_FINE_LOCATION, android.permission.CAMERA, android.permission.READ_CONTACTS, android.permission.SYSTEM_ALERT_WINDOW, android.permission.READ_EXTERNAL_STORAGE, android.permission.VIBRATE, com.google.android.c2dm.permission.RECEIVE, android.permission.SYSTEM_OVERLAY_WINDOW, android.permission.WRITE_EXTERNAL_STORAGE, android.permission.FOREGROUND_SERVICE, android.permission.READ_PHONE_STATE, android.permission.RECORD_AUDIO, android.permission.INTERNET, android.permission.READ_SYNC_SETTINGS, com.google.android.finsky.permission.BIND_GET_INSTALL_REFERRER_SERVICE, android.permission.ACCESS_NETWORK_STATE, android.permission.ACCESS_COARSE_LOCATION",Yes,No,Yes,Yes,No,No,No,No,No,Yes,True,True,True
Pautang Peso,ph.lhl.pautangpeso,Philippines/Delisted,"android.permission.ACCESS_WIFI_STATE, android.permission.WAKE_LOCK, android.permission.CHANGE_WIFI_STATE, android.permission.INTERNET, android.permission.CAMERA, com.google.android.gms.permission.AD_ID, android.permission.POST_NOTIFICATIONS, android.permission.FLASHLIGHT, com.google.android.finsky.permission.BIND_GET_INSTALL_REFERRER_SERVICE, android.permission.CHANGE_NETWORK_STATE, android.permission.VIBRATE, android.permission.READ_SMS, android.permission.ACCESS_COARSE_LOCATION, android.permission.ACCESS_NETWORK_STATE, android.permission.HIGH_SAMPLING_RATE_SENSORS, com.google.android.c2dm.permission.RECEIVE, ph.lhl.pautangpeso.DYNAMIC_RECEIVER_NOT_EXPORTED_PERMISSION",No,No,No,No,No,No,No,Yes,No,No,False,True,False
CashStar,com.cashstar.mobile,Philippines/Delisted,"android.permission.ACCESS_WIFI_STATE, android.permission.ACCESS_FINE_LOCATION, android.permission.CHANGE_WIFI_STATE, android.permission.CAMERA, android.permission.READ_CONTACTS, android.permission.BLUETOOTH, android.permission.CHANGE_NETWORK_STATE, android.permission.READ_EXTERNAL_STORAGE, android.permission.VIBRATE, android.permission.WRITE_EXTERNAL_STORAGE, android.permission.ACCESS_LOCATION_EXTRA_COMMANDS, android.permission.FLASHLIGHT, android.permission.CALL_PHONE, android.permission.REQUEST_INSTALL_PACKAGES, android.permission.KILL_BACKGROUND_PROCESSES, android.permission.READ_PHONE_STATE, android.permission.READ_PRIVILEGED_PHONE_STATE, android.permission.INTERNET, com.google.android.finsky.permission.BIND_GET_INSTALL_REFERRER_SERVICE, android.permission.READ_SMS, android.permission.ACCESS_COARSE_LOCATION, android.permission.ACCESS_NETWORK_STATE",Yes,No,Yes,Yes,No,No,No,Yes,No,Yes,True,True,True
Start Loan,ph.fk.startloan,Philippines/Delisted,"android.permission.WRITE_EXTERNAL_STORAGE, android.permission.ACCESS_WIFI_STATE, android.permission.ACCESS_FINE_LOCATION, android.permission.INTERNET, android.permission.CAMERA, com.google.android.finsky.permission.BIND_GET_INSTALL_REFERRER_SERVICE, android.permission.READ_EXTERNAL_STORAGE, android.permission.ACCESS_NETWORK_STATE, android.permission.ACCESS_COARSE_LOCATION, android.permission.FOREGROUND_SERVICE",No,No,Yes,Yes,No,No,No,No,No,Yes,True,True,False
Peralending,com.peralending.www,Philippines/Delisted,"android.permission.WAKE_LOCK, android.permission.INTERNET, android.permission.CAMERA, com.google.android.gms.permission.AD_ID, com.google.android.finsky.permission.BIND_GET_INSTALL_REFERRER_SERVICE, android.permission.ACCESS_NETWORK_STATE, android.permission.READ_PHONE_STATE",No,No,No,No,No,No,No,No,No,No,False,False,False
Pera4U,com.pera4u.peso,Philippines/Delisted,"android.permission.WAKE_LOCK, android.permission.INTERNET, android.permission.CAMERA, com.google.android.gms.permission.AD_ID, com.google.android.finsky.permission.BIND_GET_INSTALL_REFERRER_SERVICE, android.permission.ACCESS_NETWORK_STATE, com.pera4u.peso.DYNAMIC_RECEIVER_NOT_EXPORTED_PERMISSION, android.permission.READ_PHONE_STATE",No,No,No,No,No,No,No,No,No,No,False,False,False
Pesopop,com.pesopop,Philippines/Delisted,"android.permission.WRITE_EXTERNAL_STORAGE, android.permission.ACCESS_WIFI_STATE, android.permission.ACCESS_FINE_LOCATION, android.permission.INTERNET, android.permission.READ_CONTACTS, android.permission.READ_EXTERNAL_STORAGE, android.permission.SYSTEM_ALERT_WINDOW, android.permission.ACCESS_NETWORK_STATE, android.permission.ACCESS_COARSE_LOCATION, android.permission.REQUEST_INSTALL_PACKAGES, android.permission.RECEIVE_BOOT_COMPLETED, android.permission.FOREGROUND_SERVICE, android.permission.READ_PHONE_STATE",Yes,No,Yes,Yes,No,No,No,No,No,Yes,True,True,True
First Cash,com.vincocopeso.propitious,Philippines/Delisted,"android.permission.ACCESS_WIFI_STATE, android.permission.WAKE_LOCK, android.permission.INTERNET, android.permission.CAMERA, com.google.android.gms.permission.AD_ID, com.google.android.finsky.permission.BIND_GET_INSTALL_REFERRER_SERVICE, android.permission.READ_SMS, android.permission.ACCESS_NETWORK_STATE, android.permission.READ_PHONE_STATE",No,No,No,No,No,No,No,Yes,No,No,False,True,False
Lucky Loan,luckyloan.shelck,Philippines/Delisted,"android.permission.ACCESS_WIFI_STATE, android.permission.ACCESS_FINE_LOCATION, android.permission.INTERNET, android.permission.CAMERA, android.permission.READ_CONTACTS, com.google.android.finsky.permission.BIND_GET_INSTALL_REFERRER_SERVICE, android.permission.ACCESS_NETWORK_STATE, android.permission.ACCESS_COARSE_LOCATION, android.permission.FOREGROUND_SERVICE",Yes,No,No,No,No,No,No,No,No,Yes,True,True,True
upeso,com.lanhai.upesocash,Philippines/Delisted,"com.huawei.appmarket.service.commondata.permission.GET_COMMON_DATA, android.permission.ACCESS_ADSERVICES_ATTRIBUTION, android.permission.ACCESS_WIFI_STATE, android.permission.READ_PRIVILEGED_PHONE_STATE, android.permission.WAKE_LOCK, android.permission.POST_NOTIFICATIONS, android.permission.INTERNET, android.permission.CAMERA, com.google.android.gms.permission.AD_ID, android.permission.ACCESS_ADSERVICES_AD_ID, android.permission.READ_PHONE_STATE, com.google.android.finsky.permission.BIND_GET_INSTALL_REFERRER_SERVICE, android.permission.READ_CALL_LOG, android.permission.READ_SMS, android.permission.ACCESS_NETWORK_STATE, android.permission.GET_PACKAGE_SIZE, com.google.android.c2dm.permission.RECEIVE, com.lanhai.upesocash.DYNAMIC_RECEIVER_NOT_EXPORTED_PERMISSION",No,Yes,No,No,No,No,No,Yes,No,No,False,True,False
Pondo Loan,ph.fk.pondoloan,Philippines/Delisted,"android.permission.WRITE_EXTERNAL_STORAGE, android.permission.ACCESS_WIFI_STATE, android.permission.INTERNET, android.permission.CAMERA, com.google.android.finsky.permission.BIND_GET_INSTALL_REFERRER_SERVICE, android.permission.READ_EXTERNAL_STORAGE, android.permission.ACCESS_NETWORK_STATE, android.permission.FOREGROUND_SERVICE",No,No,Yes,Yes,No,No,No,No,No,No,True,True,False
NewCash,com.perabag.app,Philippines/Delisted,"android.permission.READ_SMS, android.permission.ACCESS_WIFI_STATE, android.permission.BLUETOOTH, android.permission.CAMERA, android.permission.WRITE_EXTERNAL_STORAGE, android.permission.ACCESS_NETWORK_STATE, android.permission.READ_PHONE_STATE, com.google.android.c2dm.permission.RECEIVE, android.permission.GET_ACCOUNTS, android.permission.INTERNET, com.google.android.finsky.permission.BIND_GET_INSTALL_REFERRER_SERVICE, android.permission.ACCESS_COARSE_LOCATION, android.permission.WAKE_LOCK, com.google.android.gms.permission.AD_ID",No,No,No,Yes,No,No,No,Yes,No,No,True,True,False
