File,App Name,Package Name,Version Name,Version Code,Min SDK,Target SDK,Country/Classification,Declared Permissions,android.permission.ACCESS_FINE_LOCATION,android.permission.GET_ACCOUNTS,android.permission.MANAGE_EXTERNAL_STORAGE,android.permission.PROCESS_OUTGOING_CALLS,android.permission.QUERY_ALL_PACKAGES,android.permission.READ_CALL_LOG,android.permission.READ_CONTACTS,android.permission.READ_EXTERNAL_STORAGE,android.permission.READ_MEDIA_AUDIO,android.permission.READ_MEDIA_IMAGES,android.permission.READ_MEDIA_VIDEO,android.permission.READ_PHONE_NUMBERS,android.permission.READ_SMS,android.permission.RECEIVE_SMS,android.permission.SEND_SMS,android.permission.WRITE_CALL_LOG,android.permission.WRITE_CONTACTS,android.permission.WRITE_EXTERNAL_STORAGE,Violate_Indonesia,Indonesia_Triggers,Violate_Kenya,Kenya_Triggers,Violate_Nigeria,Nigeria_Triggers,Violate_Pakistan,Pakistan_Triggers,Violate_Philippines,Philippines_Triggers,Violate_Google,Google_Triggers,Violate_LoanWatch,LoanWatch_Triggers
/data/olawalea/LoanApps/KenyaApproved/M-Pawa.apk,M-Pawa,com.stima_mpawa,4.1,61,17,31,Kenya/Approved,android.permission.ACCESS_NETWORK_STATE;android.permission.CALL_PHONE;android.permission.INTERNET,No,No,No,No,No,No,No,No,No,No,No,No,No,No,No,No,No,No,N/A,,FALSE,,N/A,,N/A,,N/A,,FALSE,,FALSE,
/data/olawalea/LoanApps/KenyaApproved/Ngao Credit.apk,Ngao Credit,com.extrainch.ngaocredit,1.8,22,24,33,Kenya/Approved,android.permission.ACCESS_COARSE_LOCATION;android.permission.ACCESS_FINE_LOCATION;android.permission.ACCESS_NETWORK_STATE;android.permission.BLUETOOTH;android.permission.CAMERA;android.permission.FOREGROUND_SERVICE;android.permission.INTERNET;android.permission.POST_NOTIFICATIONS;android.permission.READ_EXTERNAL_STORAGE;android.permission.READ_PHONE_STATE;android.permission.RECEIVE_BOOT_COMPLETED;android.permission.RECORD_AUDIO;android.permission.WAKE_LOCK;android.permission.WRITE_EXTERNAL_STORAGE;com.google.android.c2dm.permission.RECEIVE,Yes,No,No,No,No,No,No,Yes,No,No,No,No,No,No,No,No,No,Yes,N/A,,FALSE,,N/A,,N/A,,N/A,,TRUE,android.permission.ACCESS_FINE_LOCATION;android.permission.READ_EXTERNAL_STORAGE;android.permission.WRITE_EXTERNAL_STORAGE,TRUE,android.permission.ACCESS_FINE_LOCATION;android.permission.READ_EXTERNAL_STORAGE;android.permission.WRITE_EXTERNAL_STORAGE
/data/olawalea/LoanApps/KenyaApproved/Pezesha.apk,Aptoide,cm.aptoide.pt,9.22.4.1,12050,16,32,Kenya/Approved,android.permission.ACCESS_NETWORK_STATE;android.permission.ACCESS_WIFI_STATE;android.permission.AUTHENTICATE_ACCOUNTS;android.permission.CAMERA;android.permission.CHANGE_WIFI_MULTICAST_STATE;android.permission.FOREGROUND_SERVICE;android.permission.GET_ACCOUNTS;android.permission.INSTALL_PACKAGES;android.permission.INTERNET;android.permission.MANAGE_ACCOUNTS;android.permission.QUERY_ALL_PACKAGES;android.permission.READ_EXTERNAL_STORAGE;android.permission.READ_SYNC_SETTINGS;android.permission.READ_SYNC_STATS;android.permission.RECEIVE_BOOT_COMPLETED;android.permission.REQUEST_DELETE_PACKAGES;android.permission.REQUEST_INSTALL_PACKAGES;android.permission.USE_CREDENTIALS;android.permission.WAKE_LOCK;android.permission.WRITE_EXTERNAL_STORAGE;android.permission.WRITE_SYNC_SETTINGS;com.android.launcher.permission.INSTALL_SHORTCUT;com.google.android.finsky.permission.BIND_GET_INSTALL_REFERRER_SERVICE,No,Yes,No,No,Yes,No,No,Yes,No,No,No,No,No,No,No,No,No,Yes,N/A,,TRUE,android.permission.GET_ACCOUNTS,N/A,,N/A,,N/A,,TRUE,android.permission.QUERY_ALL_PACKAGES;android.permission.READ_EXTERNAL_STORAGE;android.permission.WRITE_EXTERNAL_STORAGE,TRUE,android.permission.GET_ACCOUNTS;android.permission.QUERY_ALL_PACKAGES;android.permission.READ_EXTERNAL_STORAGE;android.permission.WRITE_EXTERNAL_STORAGE
/data/olawalea/LoanApps/KenyaApproved/com.flash.flashcredit.apk,闪电学贷,com.flash.flashcredit,2.01,26,9,23,Kenya/Approved,android.permission.ACCESS_COARSE_LOCATION;android.permission.ACCESS_FINE_LOCATION;android.permission.ACCESS_NETWORK_STATE;android.permission.ACCESS_WIFI_STATE;android.permission.BROADCAST_PACKAGE_ADDED;android.permission.BROADCAST_PACKAGE_CHANGED;android.permission.BROADCAST_PACKAGE_INSTALL;android.permission.BROADCAST_PACKAGE_REPLACED;android.permission.CALL_PHONE;android.permission.CHANGE_NETWORK_STATE;android.permission.CHANGE_WIFI_STATE;android.permission.GET_ACCOUNTS;android.permission.GET_TASKS;android.permission.INTERNET;android.permission.MANAGE_ACCOUNTS;android.permission.READ_CONTACTS;android.permission.READ_LOGS;android.permission.READ_PHONE_STATE;android.permission.READ_SMS;android.permission.RECEIVE_BOOT_COMPLETED;android.permission.RECEIVE_SMS;android.permission.RESTART_PACKAGES;android.permission.SEND_SMS;android.permission.SET_DEBUG_APP;android.permission.SYSTEM_ALERT_WINDOW;android.permission.USE_CREDENTIALS;android.permission.VIBRATE;android.permission.WAKE_LOCK;android.permission.WRITE_EXTERNAL_STORAGE;android.permission.WRITE_SETTINGS,Yes,Yes,No,No,No,No,Yes,No,No,No,No,No,Yes,Yes,Yes,No,No,Yes,N/A,,TRUE,android.permission.GET_ACCOUNTS;android.permission.READ_CONTACTS,N/A,,N/A,,N/A,,TRUE,android.permission.ACCESS_FINE_LOCATION;android.permission.READ_CONTACTS;android.permission.WRITE_EXTERNAL_STORAGE,TRUE,android.permission.ACCESS_FINE_LOCATION;android.permission.GET_ACCOUNTS;android.permission.READ_CONTACTS;android.permission.READ_SMS;android.permission.RECEIVE_SMS;android.permission.SEND_SMS;android.permission.WRITE_EXTERNAL_STORAGE
/data/olawalea/LoanApps/KenyaApproved/M-kopa.apk,,com.mkopa.app,2025.33.2,2025033002,,,Kenya/Approved,android.permission.ACCESS_ADSERVICES_AD_ID;android.permission.ACCESS_ADSERVICES_ATTRIBUTION;android.permission.ACCESS_NETWORK_STATE;android.permission.FOREGROUND_SERVICE;android.permission.INTERNET;android.permission.POST_NOTIFICATIONS;android.permission.RECEIVE_BOOT_COMPLETED;android.permission.VIBRATE;android.permission.WAKE_LOCK;com.google.android.c2dm.permission.RECEIVE;com.google.android.finsky.permission.BIND_GET_INSTALL_REFERRER_SERVICE;com.mkopa.app.DYNAMIC_RECEIVER_NOT_EXPORTED_PERMISSION,No,No,No,No,No,No,No,No,No,No,No,No,No,No,No,No,No,No,N/A,,FALSE,,N/A,,N/A,,N/A,,FALSE,,FALSE,
/data/olawalea/LoanApps/KenyaApproved/Lipalater.apk,Lipa Later,com.lipalater.androidapp,1.0.1,10001,16,28,Kenya/Approved,android.permission.ACCESS_FINE_LOCATION;android.permission.ACCESS_NETWORK_STATE;android.permission.CALL_PHONE;android.permission.CAMERA;android.permission.INTERNET;android.permission.READ_EXTERNAL_STORAGE;android.permission.READ_PHONE_NUMBERS;android.permission.READ_PHONE_STATE;android.permission.RECEIVE_BOOT_COMPLETED;android.permission.WAKE_LOCK;android.permission.WRITE_EXTERNAL_STORAGE;com.google.android.c2dm.permission.RECEIVE;com.google.android.finsky.permission.BIND_GET_INSTALL_REFERRER_SERVICE,Yes,No,No,No,No,No,No,Yes,No,No,No,Yes,No,No,No,No,No,Yes,N/A,,FALSE,,N/A,,N/A,,N/A,,TRUE,android.permission.ACCESS_FINE_LOCATION;android.permission.READ_EXTERNAL_STORAGE;android.permission.READ_PHONE_NUMBERS;android.permission.WRITE_EXTERNAL_STORAGE,TRUE,android.permission.ACCESS_FINE_LOCATION;android.permission.READ_EXTERNAL_STORAGE;android.permission.READ_PHONE_NUMBERS;android.permission.WRITE_EXTERNAL_STORAGE
/data/olawalea/LoanApps/KenyaApproved/Helacash.apk,HelaCash,ke.helacash.cash,1.0.25,52,21,33,Kenya/Approved,android.permission.ACCESS_COARSE_LOCATION;android.permission.ACCESS_LOCATION_EXTRA_COMMANDS;android.permission.ACCESS_NETWORK_STATE;android.permission.ACCESS_WIFI_STATE;android.permission.CAMERA;android.permission.CHANGE_WIFI_STATE;android.permission.FOREGROUND_SERVICE;android.permission.GET_TASKS;android.permission.HIGH_SAMPLING_RATE_SENSORS;android.permission.INTERNET;android.permission.PACKAGE_USAGE_STATS;android.permission.POST_NOTIFICATIONS;android.permission.READ_CALENDAR;android.permission.READ_PHONE_STATE;android.permission.READ_SMS;android.permission.RECEIVE_BOOT_COMPLETED;android.permission.REORDER_TASKS;android.permission.SYSTEM_ALERT_WINDOW;android.permission.USE_BIOMETRIC;android.permission.USE_FINGERPRINT;android.permission.VIBRATE;android.permission.WAKE_LOCK;android.permission.WRITE_CALENDAR;com.android.vending.setup.PLAY_SETUP_SERVICE;com.google.android.c2dm.permission.RECEIVE;com.google.android.finsky.permission.BIND_GET_INSTALL_REFERRER_SERVICE;com.google.android.gms.permission.AD_ID;com.google.android.providers.gsf.permission.READ_GSERVICES;ke.helacash.cash.DYNAMIC_RECEIVER_NOT_EXPORTED_PERMISSION,No,No,No,No,No,No,No,No,No,No,No,No,Yes,No,No,No,No,No,N/A,,FALSE,,N/A,,N/A,,N/A,,FALSE,,TRUE,android.permission.READ_SMS
/data/olawalea/LoanApps/KenyaApproved/Littlepesa.apk,,com.electra.littlepesa,4.6.1,68,,,Kenya/Approved,android.permission.ACCESS_NETWORK_STATE;android.permission.ACCESS_WIFI_STATE;android.permission.CAMERA;android.permission.FOREGROUND_SERVICE;android.permission.INTERNET;android.permission.POST_NOTIFICATIONS;android.permission.READ_PHONE_STATE;android.permission.RECEIVE_BOOT_COMPLETED;android.permission.WAKE_LOCK;com.google.android.c2dm.permission.RECEIVE;com.google.android.finsky.permission.BIND_GET_INSTALL_REFERRER_SERVICE,No,No,No,No,No,No,No,No,No,No,No,No,No,No,No,No,No,No,N/A,,FALSE,,N/A,,N/A,,N/A,,FALSE,,FALSE,
/data/olawalea/LoanApps/KenyaApproved/Kopakash.apk,,,,,,,Kenya/Approved,,No,No,No,No,No,No,No,No,No,No,No,No,No,No,No,No,No,No,N/A,,FALSE,,N/A,,N/A,,N/A,,FALSE,,FALSE,
/data/olawalea/LoanApps/KenyaApproved/Rapidloans.apk,Rapidloans,ke.co.rapidloans,10,11,16,28,Kenya/Approved,android.permission.ACCESS_NETWORK_STATE;android.permission.INTERNET;android.permission.WAKE_LOCK;com.google.android.c2dm.permission.RECEIVE,No,No,No,No,No,No,No,No,No,No,No,No,No,No,No,No,No,No,N/A,,FALSE,,N/A,,N/A,,N/A,,FALSE,,FALSE,
/data/olawalea/LoanApps/KenyaApproved/MaxLend.apk,MaxLend,com.max.lend.kencash,1.4,14,24,34,Kenya/Approved,android.permission.ACCESS_ADSERVICES_ATTRIBUTION;android.permission.ACCESS_COARSE_LOCATION;android.permission.ACCESS_NETWORK_STATE;android.permission.ACCESS_WIFI_STATE;android.permission.CAMERA;android.permission.CHANGE_WIFI_STATE;android.permission.FLASHLIGHT;android.permission.INTERNET;android.permission.READ_CALENDAR;android.permission.READ_SMS;android.permission.WRITE_CALENDAR;com.google.android.finsky.permission.BIND_GET_INSTALL_REFERRER_SERVICE;com.google.android.gms.permission.AD_ID;com.huawei.appmarket.service.commondata.permission.GET_COMMON_DATA;com.max.lend.kencash.DYNAMIC_RECEIVER_NOT_EXPORTED_PERMISSION;com.samsung.android.mapsagent.permission.READ_APP_INFO,No,No,No,No,No,No,No,No,No,No,No,No,Yes,No,No,No,No,No,N/A,,FALSE,,N/A,,N/A,,N/A,,FALSE,,TRUE,android.permission.READ_SMS
/data/olawalea/LoanApps/KenyaApproved/Truepesa.apk,TruePesa,com.credit.truepesa.loan.kenya,1.1.3,15,21,33,Kenya/Approved,android.permission.ACCESS_COARSE_LOCATION;android.permission.ACCESS_NETWORK_STATE;android.permission.ACCESS_WIFI_STATE;android.permission.BLUETOOTH;android.permission.BLUETOOTH_CONNECT;android.permission.CHANGE_NETWORK_STATE;android.permission.CHANGE_WIFI_STATE;android.permission.INTERNET;android.permission.READ_PHONE_STATE;android.permission.READ_SMS;android.permission.WAKE_LOCK;com.google.android.finsky.permission.BIND_GET_INSTALL_REFERRER_SERVICE;com.google.android.gms.permission.AD_ID,No,No,No,No,No,No,No,No,No,No,No,No,Yes,No,No,No,No,No,N/A,,FALSE,,N/A,,N/A,,N/A,,FALSE,,TRUE,android.permission.READ_SMS
/data/olawalea/LoanApps/KenyaApproved/Metaloan.apk,,,,,,,Kenya/Approved,,No,No,No,No,No,No,No,No,No,No,No,No,No,No,No,No,No,No,N/A,,FALSE,,N/A,,N/A,,N/A,,FALSE,,FALSE,
/data/olawalea/LoanApps/KenyaApproved/Senti.apk,Senti,com.roamtech.dm.azima,1.0.78,78,19,31,Kenya/Approved,android.permission.ACCESS_COARSE_LOCATION;android.permission.ACCESS_FINE_LOCATION;android.permission.ACCESS_NETWORK_STATE;android.permission.ACCESS_WIFI_STATE;android.permission.CALL_PHONE;android.permission.CHANGE_NETWORK_STATE;android.permission.CHANGE_WIFI_STATE;android.permission.FOREGROUND_SERVICE;android.permission.GET_ACCOUNTS;android.permission.INTERNET;android.permission.PACKAGE_USAGE_STATS;android.permission.READ_APP_BADGE;android.permission.READ_CONTACTS;android.permission.READ_EXTERNAL_STORAGE;android.permission.READ_PHONE_STATE;android.permission.READ_SMS;android.permission.RECEIVE_BOOT_COMPLETED;android.permission.RECEIVE_SMS;android.permission.SYSTEM_ALERT_WINDOW;android.permission.VIBRATE;android.permission.WAKE_LOCK;android.permission.WRITE_EXTERNAL_STORAGE;com.anddoes.launcher.permission.UPDATE_COUNT;com.google.android.c2dm.permission.RECEIVE;com.google.android.finsky.permission.BIND_GET_INSTALL_REFERRER_SERVICE;com.google.android.gms.permission.AD_ID;com.htc.launcher.permission.READ_SETTINGS;com.htc.launcher.permission.UPDATE_SHORTCUT;com.huawei.android.launcher.permission.CHANGE_BADGE;com.huawei.android.launcher.permission.READ_SETTINGS;com.huawei.android.launcher.permission.WRITE_SETTINGS;com.majeur.launcher.permission.UPDATE_BADGE;com.oppo.launcher.permission.READ_SETTINGS;com.oppo.launcher.permission.WRITE_SETTINGS;com.sec.android.provider.badge.permission.READ;com.sec.android.provider.badge.permission.WRITE;com.sonyericsson.home.permission.BROADCAST_BADGE;com.sonymobile.home.permission.PROVIDER_INSERT_BADGE;me.everything.badger.permission.BADGE_COUNT_READ;me.everything.badger.permission.BADGE_COUNT_WRITE,Yes,Yes,No,No,No,No,Yes,Yes,No,No,No,No,Yes,Yes,No,No,No,Yes,N/A,,TRUE,android.permission.GET_ACCOUNTS;android.permission.READ_CONTACTS,N/A,,N/A,,N/A,,TRUE,android.permission.ACCESS_FINE_LOCATION;android.permission.READ_CONTACTS;android.permission.READ_EXTERNAL_STORAGE;android.permission.WRITE_EXTERNAL_STORAGE,TRUE,android.permission.ACCESS_FINE_LOCATION;android.permission.GET_ACCOUNTS;android.permission.READ_CONTACTS;android.permission.READ_EXTERNAL_STORAGE;android.permission.READ_SMS;android.permission.RECEIVE_SMS;android.permission.WRITE_EXTERNAL_STORAGE
/data/olawalea/LoanApps/KenyaApproved/Sevi.apk,Aptoide,cm.aptoide.pt,9.22.4.1,12050,16,32,Kenya/Approved,android.permission.ACCESS_NETWORK_STATE;android.permission.ACCESS_WIFI_STATE;android.permission.AUTHENTICATE_ACCOUNTS;android.permission.CAMERA;android.permission.CHANGE_WIFI_MULTICAST_STATE;android.permission.FOREGROUND_SERVICE;android.permission.GET_ACCOUNTS;android.permission.INSTALL_PACKAGES;android.permission.INTERNET;android.permission.MANAGE_ACCOUNTS;android.permission.QUERY_ALL_PACKAGES;android.permission.READ_EXTERNAL_STORAGE;android.permission.READ_SYNC_SETTINGS;android.permission.READ_SYNC_STATS;android.permission.RECEIVE_BOOT_COMPLETED;android.permission.REQUEST_DELETE_PACKAGES;android.permission.REQUEST_INSTALL_PACKAGES;android.permission.USE_CREDENTIALS;android.permission.WAKE_LOCK;android.permission.WRITE_EXTERNAL_STORAGE;android.permission.WRITE_SYNC_SETTINGS;com.android.launcher.permission.INSTALL_SHORTCUT;com.google.android.finsky.permission.BIND_GET_INSTALL_REFERRER_SERVICE,No,Yes,No,No,Yes,No,No,Yes,No,No,No,No,No,No,No,No,No,Yes,N/A,,TRUE,android.permission.GET_ACCOUNTS,N/A,,N/A,,N/A,,TRUE,android.permission.QUERY_ALL_PACKAGES;android.permission.READ_EXTERNAL_STORAGE;android.permission.WRITE_EXTERNAL_STORAGE,TRUE,android.permission.GET_ACCOUNTS;android.permission.QUERY_ALL_PACKAGES;android.permission.READ_EXTERNAL_STORAGE;android.permission.WRITE_EXTERNAL_STORAGE
/data/olawalea/LoanApps/KenyaApproved/com.okoleainternational.okoleamobile.apk,Leja,com.okoleainternational.okoleamobile,7.3.0,741,23,33,Kenya/Approved,android.permission.ACCESS_COARSE_LOCATION;android.permission.ACCESS_FINE_LOCATION;android.permission.ACCESS_NETWORK_STATE;android.permission.ACCESS_WIFI_STATE;android.permission.CALL_PHONE;android.permission.CAMERA;android.permission.FOREGROUND_SERVICE;android.permission.INTERNET;android.permission.POST_NOTIFICATIONS;android.permission.READ_CONTACTS;android.permission.READ_PHONE_STATE;android.permission.READ_SMS;android.permission.RECEIVE_BOOT_COMPLETED;android.permission.RECEIVE_SMS;android.permission.SCHEDULE_EXACT_ALARM;android.permission.USE_FULL_SCREEN_INTENT;android.permission.VIBRATE;android.permission.WAKE_LOCK;com.google.android.c2dm.permission.RECEIVE;com.google.android.finsky.permission.BIND_GET_INSTALL_REFERRER_SERVICE;com.google.android.gms.permission.AD_ID,Yes,No,No,No,No,No,Yes,No,No,No,No,No,Yes,Yes,No,No,No,No,N/A,,TRUE,android.permission.READ_CONTACTS,N/A,,N/A,,N/A,,TRUE,android.permission.ACCESS_FINE_LOCATION;android.permission.READ_CONTACTS,TRUE,android.permission.ACCESS_FINE_LOCATION;android.permission.READ_CONTACTS;android.permission.READ_SMS;android.permission.RECEIVE_SMS
/data/olawalea/LoanApps/KenyaApproved/LetsGo.apk,LetsGo,com.letshego.dasdigital,2023.9.15-102498-master,102498,23,33,Kenya/Approved,android.permission.ACCESS_NETWORK_STATE;android.permission.CAMERA;android.permission.FOREGROUND_SERVICE;android.permission.INTERNET;android.permission.POST_NOTIFICATIONS;android.permission.RECEIVE_BOOT_COMPLETED;android.permission.RECORD_AUDIO;android.permission.WAKE_LOCK;com.google.android.c2dm.permission.RECEIVE;com.google.android.finsky.permission.BIND_GET_INSTALL_REFERRER_SERVICE;com.letshego.dasdigital.DYNAMIC_RECEIVER_NOT_EXPORTED_PERMISSION,No,No,No,No,No,No,No,No,No,No,No,No,No,No,No,No,No,No,N/A,,FALSE,,N/A,,N/A,,N/A,,FALSE,,FALSE,
/data/olawalea/LoanApps/KenyaApproved/Fairkash.apk,,com.fair.kash.money.finance.loan,1.0.2.3,110,,,Kenya/Approved,android.permission.ACCESS_COARSE_LOCATION;android.permission.ACCESS_LOCATION_EXTRA_COMMANDS;android.permission.ACCESS_NETWORK_STATE;android.permission.ACCESS_WIFI_STATE;android.permission.BLUETOOTH;android.permission.BLUETOOTH_ADMIN;android.permission.CHANGE_NETWORK_STATE;android.permission.CHANGE_WIFI_STATE;android.permission.INTERNET;android.permission.READ_PHONE_STATE;android.permission.READ_SMS;android.permission.WAKE_LOCK;com.google.android.finsky.permission.BIND_GET_INSTALL_REFERRER_SERVICE;com.google.android.gms.permission.AD_ID,No,No,No,No,No,No,No,No,No,No,No,No,Yes,No,No,No,No,No,N/A,,FALSE,,N/A,,N/A,,N/A,,FALSE,,TRUE,android.permission.READ_SMS
/data/olawalea/LoanApps/KenyaApproved/bank.com.bank.apk,Bayes,bank.com.bank,1.0.7.9,27,16,27,Kenya/Approved,android.permission.ACCESS_NETWORK_STATE;android.permission.CAMERA;android.permission.INTERNET;android.permission.READ_EXTERNAL_STORAGE;android.permission.READ_PHONE_STATE;android.permission.RECEIVE_BOOT_COMPLETED;android.permission.WAKE_LOCK;android.permission.WRITE_EXTERNAL_STORAGE;bank.com.bank.BroadCastReceiverPermission;bank.com.bank.permission.C2D_MESSAGE;com.google.android.c2dm.permission.RECEIVE;com.google.android.finsky.permission.BIND_GET_INSTALL_REFERRER_SERVICE,No,No,No,No,No,No,No,Yes,No,No,No,No,No,No,No,No,No,Yes,N/A,,FALSE,,N/A,,N/A,,N/A,,TRUE,android.permission.READ_EXTERNAL_STORAGE;android.permission.WRITE_EXTERNAL_STORAGE,TRUE,android.permission.READ_EXTERNAL_STORAGE;android.permission.WRITE_EXTERNAL_STORAGE
/data/olawalea/LoanApps/KenyaApproved/Directloan.apk,DirectLoan,direct.loans.dirloan.kecredit,1.0.1,2,21,33,Kenya/Approved,android.permission.ACCESS_COARSE_LOCATION;android.permission.ACCESS_LOCATION_EXTRA_COMMANDS;android.permission.ACCESS_NETWORK_STATE;android.permission.ACCESS_WIFI_STATE;android.permission.CAMERA;android.permission.CHANGE_WIFI_STATE;android.permission.FOREGROUND_SERVICE;android.permission.GET_TASKS;android.permission.HIGH_SAMPLING_RATE_SENSORS;android.permission.INTERNET;android.permission.PACKAGE_USAGE_STATS;android.permission.POST_NOTIFICATIONS;android.permission.READ_CALENDAR;android.permission.READ_PHONE_STATE;android.permission.READ_SMS;android.permission.RECEIVE_BOOT_COMPLETED;android.permission.REORDER_TASKS;android.permission.SYSTEM_ALERT_WINDOW;android.permission.USE_BIOMETRIC;android.permission.USE_FINGERPRINT;android.permission.VIBRATE;android.permission.WAKE_LOCK;android.permission.WRITE_CALENDAR;com.android.vending.setup.PLAY_SETUP_SERVICE;com.google.android.c2dm.permission.RECEIVE;com.google.android.finsky.permission.BIND_GET_INSTALL_REFERRER_SERVICE;com.google.android.gms.permission.AD_ID;com.google.android.providers.gsf.permission.READ_GSERVICES;direct.loans.dirloan.kecredit.DYNAMIC_RECEIVER_NOT_EXPORTED_PERMISSION,No,No,No,No,No,No,No,No,No,No,No,No,Yes,No,No,No,No,No,N/A,,FALSE,,N/A,,N/A,,N/A,,FALSE,,TRUE,android.permission.READ_SMS
/data/olawalea/LoanApps/KenyaApproved/com.astronpank.TENK_LOAN_2018-12-18.apk,Okolea,com.astronpank.TENK_LOAN,2.0,2,16,26,Kenya/Approved,android.permission.ACCESS_NETWORK_STATE;android.permission.ACCESS_WIFI_STATE;android.permission.INTERNET;android.permission.READ_EXTERNAL_STORAGE,No,No,No,No,No,No,No,Yes,No,No,No,No,No,No,No,No,No,No,N/A,,FALSE,,N/A,,N/A,,N/A,,TRUE,android.permission.READ_EXTERNAL_STORAGE,TRUE,android.permission.READ_EXTERNAL_STORAGE
/data/olawalea/LoanApps/KenyaApproved/L-pesa.apk,Aptoide,cm.aptoide.pt,9.22.4.1,12050,16,32,Kenya/Approved,android.permission.ACCESS_NETWORK_STATE;android.permission.ACCESS_WIFI_STATE;android.permission.AUTHENTICATE_ACCOUNTS;android.permission.CAMERA;android.permission.CHANGE_WIFI_MULTICAST_STATE;android.permission.FOREGROUND_SERVICE;android.permission.GET_ACCOUNTS;android.permission.INSTALL_PACKAGES;android.permission.INTERNET;android.permission.MANAGE_ACCOUNTS;android.permission.QUERY_ALL_PACKAGES;android.permission.READ_EXTERNAL_STORAGE;android.permission.READ_SYNC_SETTINGS;android.permission.READ_SYNC_STATS;android.permission.RECEIVE_BOOT_COMPLETED;android.permission.REQUEST_DELETE_PACKAGES;android.permission.REQUEST_INSTALL_PACKAGES;android.permission.USE_CREDENTIALS;android.permission.WAKE_LOCK;android.permission.WRITE_EXTERNAL_STORAGE;android.permission.WRITE_SYNC_SETTINGS;com.android.launcher.permission.INSTALL_SHORTCUT;com.google.android.finsky.permission.BIND_GET_INSTALL_REFERRER_SERVICE,No,Yes,No,No,Yes,No,No,Yes,No,No,No,No,No,No,No,No,No,Yes,N/A,,TRUE,android.permission.GET_ACCOUNTS,N/A,,N/A,,N/A,,TRUE,android.permission.QUERY_ALL_PACKAGES;android.permission.READ_EXTERNAL_STORAGE;android.permission.WRITE_EXTERNAL_STORAGE,TRUE,android.permission.GET_ACCOUNTS;android.permission.QUERY_ALL_PACKAGES;android.permission.READ_EXTERNAL_STORAGE;android.permission.WRITE_EXTERNAL_STORAGE
/data/olawalea/LoanApps/KenyaApproved/Mojacredit.apk,Mojacredit,ke.mojacredit,1.0.24,27,21,33,Kenya/Approved,android.permission.ACCESS_COARSE_LOCATION;android.permission.ACCESS_LOCATION_EXTRA_COMMANDS;android.permission.ACCESS_NETWORK_STATE;android.permission.ACCESS_WIFI_STATE;android.permission.CAMERA;android.permission.CHANGE_WIFI_STATE;android.permission.FOREGROUND_SERVICE;android.permission.GET_TASKS;android.permission.HIGH_SAMPLING_RATE_SENSORS;android.permission.INTERNET;android.permission.PACKAGE_USAGE_STATS;android.permission.POST_NOTIFICATIONS;android.permission.READ_CALENDAR;android.permission.READ_CALL_LOG;android.permission.READ_PHONE_STATE;android.permission.READ_SMS;android.permission.RECEIVE_BOOT_COMPLETED;android.permission.REORDER_TASKS;android.permission.SYSTEM_ALERT_WINDOW;android.permission.USE_BIOMETRIC;android.permission.USE_FINGERPRINT;android.permission.VIBRATE;android.permission.WAKE_LOCK;android.permission.WRITE_CALENDAR;com.android.vending.setup.PLAY_SETUP_SERVICE;com.google.android.c2dm.permission.RECEIVE;com.google.android.finsky.permission.BIND_GET_INSTALL_REFERRER_SERVICE;com.google.android.gms.permission.AD_ID;com.google.android.providers.gsf.permission.READ_GSERVICES;ke.mojacredit.DYNAMIC_RECEIVER_NOT_EXPORTED_PERMISSION,No,No,No,No,No,Yes,No,No,No,No,No,No,Yes,No,No,No,No,No,N/A,,TRUE,android.permission.READ_CALL_LOG,N/A,,N/A,,N/A,,FALSE,,TRUE,android.permission.READ_CALL_LOG;android.permission.READ_SMS
/data/olawalea/LoanApps/KenyaApproved/Kashbean.apk,,,,,,,Kenya/Approved,,No,No,No,No,No,No,No,No,No,No,No,No,No,No,No,No,No,No,N/A,,FALSE,,N/A,,N/A,,N/A,,FALSE,,FALSE,
/data/olawalea/LoanApps/KenyaApproved/CreditMoja.apk,,com.kenya.credit.app.loan.cash.money.pesa,2.1.3,20240510,,,Kenya/Approved,android.permission.ACCESS_COARSE_LOCATION;android.permission.ACCESS_NETWORK_STATE;android.permission.ACCESS_WIFI_STATE;android.permission.CHANGE_WIFI_STATE;android.permission.FOREGROUND_SERVICE;android.permission.INTERNET;android.permission.POST_NOTIFICATIONS;android.permission.READ_CALENDAR;android.permission.READ_CALL_LOG;android.permission.READ_PHONE_STATE;android.permission.READ_SMS;android.permission.RECEIVE_BOOT_COMPLETED;android.permission.WAKE_LOCK;com.google.android.c2dm.permission.RECEIVE;com.google.android.finsky.permission.BIND_GET_INSTALL_REFERRER_SERVICE;com.google.android.gms.permission.AD_ID;com.kenya.credit.app.loan.cash.money.pesa.DYNAMIC_RECEIVER_NOT_EXPORTED_PERMISSION,No,No,No,No,No,Yes,No,No,No,No,No,No,Yes,No,No,No,No,No,N/A,,TRUE,android.permission.READ_CALL_LOG,N/A,,N/A,,N/A,,FALSE,,TRUE,android.permission.READ_CALL_LOG;android.permission.READ_SMS
/data/olawalea/LoanApps/KenyaApproved/Mwanzo.apk,Mwanzo loan,com.astronpank.mwanzo,2.0.1,3,16,26,Kenya/Approved,android.permission.ACCESS_NETWORK_STATE;android.permission.ACCESS_WIFI_STATE;android.permission.INTERNET,No,No,No,No,No,No,No,No,No,No,No,No,No,No,No,No,No,No,N/A,,FALSE,,N/A,,N/A,,N/A,,FALSE,,FALSE,
/data/olawalea/LoanApps/KenyaApproved/Ubapesa.apk,UbaPesa,com.ubapesa.app,1.5.1,54,21,33,Kenya/Approved,android.permission.ACCESS_NETWORK_STATE;android.permission.ACCESS_WIFI_STATE;android.permission.FOREGROUND_SERVICE;android.permission.GET_ACCOUNTS;android.permission.INTERNET;android.permission.POST_NOTIFICATIONS;android.permission.READ_PHONE_STATE;android.permission.READ_SMS;android.permission.RECEIVE_BOOT_COMPLETED;android.permission.RECEIVE_SMS;android.permission.VIBRATE;android.permission.WAKE_LOCK;com.google.android.c2dm.permission.RECEIVE;com.google.android.finsky.permission.BIND_GET_INSTALL_REFERRER_SERVICE;com.google.android.gms.permission.AD_ID;com.ubapesa.app.DYNAMIC_RECEIVER_NOT_EXPORTED_PERMISSION,No,Yes,No,No,No,No,No,No,No,No,No,No,Yes,Yes,No,No,No,No,N/A,,TRUE,android.permission.GET_ACCOUNTS,N/A,,N/A,,N/A,,FALSE,,TRUE,android.permission.GET_ACCOUNTS;android.permission.READ_SMS;android.permission.RECEIVE_SMS
/data/olawalea/LoanApps/KenyaApproved/Jijinge.apk,Jijenge Credit Limited,com.mobincube.jijenge_credit_limited.sc_5S1N1N,9.0.0,9,16,28,Kenya/Approved,android.permission.ACCESS_COARSE_LOCATION;android.permission.ACCESS_FINE_LOCATION;android.permission.ACCESS_NETWORK_STATE;android.permission.ACCESS_WIFI_STATE;android.permission.BLUETOOTH;android.permission.BLUETOOTH_ADMIN;android.permission.CALL_PHONE;android.permission.CAMERA;android.permission.GET_ACCOUNTS;android.permission.INTERNET;android.permission.READ_PHONE_STATE;android.permission.RECEIVE_BOOT_COMPLETED;android.permission.WAKE_LOCK;android.permission.WRITE_EXTERNAL_STORAGE;com.google.android.c2dm.permission.RECEIVE;com.mobincube.jijenge_credit_limited.sc_5S1N1N.permission.C2D_MESSAGE,Yes,Yes,No,No,No,No,No,No,No,No,No,No,No,No,No,No,No,Yes,N/A,,TRUE,android.permission.GET_ACCOUNTS,N/A,,N/A,,N/A,,TRUE,android.permission.ACCESS_FINE_LOCATION;android.permission.WRITE_EXTERNAL_STORAGE,TRUE,android.permission.ACCESS_FINE_LOCATION;android.permission.GET_ACCOUNTS;android.permission.WRITE_EXTERNAL_STORAGE
/data/olawalea/LoanApps/KenyaApproved/Rewot Ciro.apk,Rewot Ciro Credit,com.rewot.app,1.4.9,49,21,33,Kenya/Approved,android.permission.ACCESS_COARSE_LOCATION;android.permission.ACCESS_FINE_LOCATION;android.permission.ACCESS_NETWORK_STATE;android.permission.ACCESS_WIFI_STATE;android.permission.CAMERA;android.permission.FOREGROUND_SERVICE;android.permission.INTERNET;android.permission.POST_NOTIFICATIONS;android.permission.READ_EXTERNAL_STORAGE;android.permission.RECEIVE_BOOT_COMPLETED;android.permission.VIBRATE;android.permission.WAKE_LOCK;android.permission.WRITE_EXTERNAL_STORAGE;com.google.android.c2dm.permission.RECEIVE;com.google.android.finsky.permission.BIND_GET_INSTALL_REFERRER_SERVICE;com.google.android.gms.permission.AD_ID;com.rewot.app.DYNAMIC_RECEIVER_NOT_EXPORTED_PERMISSION,Yes,No,No,No,No,No,No,Yes,No,No,No,No,No,No,No,No,No,Yes,N/A,,FALSE,,N/A,,N/A,,N/A,,TRUE,android.permission.ACCESS_FINE_LOCATION;android.permission.READ_EXTERNAL_STORAGE;android.permission.WRITE_EXTERNAL_STORAGE,TRUE,android.permission.ACCESS_FINE_LOCATION;android.permission.READ_EXTERNAL_STORAGE;android.permission.WRITE_EXTERNAL_STORAGE
/data/olawalea/LoanApps/KenyaApproved/Mycredit.apk,MyCredit,com.mycredit.mycredit,1.0.66,6,14,25,Kenya/Approved,android.permission.ACCESS_NETWORK_STATE;android.permission.ACCESS_WIFI_STATE;android.permission.INTERNET;android.permission.READ_CONTACTS;android.permission.READ_PHONE_STATE;android.permission.RECEIVE_BOOT_COMPLETED;android.permission.RECEIVE_SMS;android.permission.WRITE_EXTERNAL_STORAGE,No,No,No,No,No,No,Yes,No,No,No,No,No,No,Yes,No,No,No,Yes,N/A,,TRUE,android.permission.READ_CONTACTS,N/A,,N/A,,N/A,,TRUE,android.permission.READ_CONTACTS;android.permission.WRITE_EXTERNAL_STORAGE,TRUE,android.permission.READ_CONTACTS;android.permission.RECEIVE_SMS;android.permission.WRITE_EXTERNAL_STORAGE
/data/olawalea/LoanApps/KenyaApproved/Sokohela.apk,Soko Hela,com.sokohela.lending,v 6.0,6,16,28,Kenya/Approved,android.permission.ACCESS_COARSE_LOCATION;android.permission.ACCESS_FINE_LOCATION;android.permission.ACCESS_NETWORK_STATE;android.permission.ACCESS_WIFI_STATE;android.permission.BLUETOOTH;android.permission.BLUETOOTH_ADMIN;android.permission.CAMERA;android.permission.GET_ACCOUNTS;android.permission.INTERNET;android.permission.READ_EXTERNAL_STORAGE;android.permission.READ_PROFILE;android.permission.RECEIVE_BOOT_COMPLETED;android.permission.WAKE_LOCK;android.permission.WRITE_EXTERNAL_STORAGE;com.google.android.c2dm.permission.RECEIVE;com.google.android.finsky.permission.BIND_GET_INSTALL_REFERRER_SERVICE,Yes,Yes,No,No,No,No,No,Yes,No,No,No,No,No,No,No,No,No,Yes,N/A,,TRUE,android.permission.GET_ACCOUNTS,N/A,,N/A,,N/A,,TRUE,android.permission.ACCESS_FINE_LOCATION;android.permission.READ_EXTERNAL_STORAGE;android.permission.WRITE_EXTERNAL_STORAGE,TRUE,android.permission.ACCESS_FINE_LOCATION;android.permission.GET_ACCOUNTS;android.permission.READ_EXTERNAL_STORAGE;android.permission.WRITE_EXTERNAL_STORAGE
/data/olawalea/LoanApps/KenyaApproved/Zenka.apk,Zenka Loan App Kenya,com.zenkafinance.microloans,2.3.0+401a13e6.396,396,23,34,Kenya/Approved,android.permission.ACCESS_COARSE_LOCATION;android.permission.ACCESS_NETWORK_STATE;android.permission.ACCESS_WIFI_STATE;android.permission.BLUETOOTH;android.permission.CALL_PHONE;android.permission.CAMERA;android.permission.CHANGE_WIFI_STATE;android.permission.GET_ACCOUNTS;android.permission.INTERNET;android.permission.POST_NOTIFICATIONS;android.permission.READ_PHONE_STATE;android.permission.READ_SMS;android.permission.WAKE_LOCK;com.google.android.c2dm.permission.RECEIVE;com.google.android.finsky.permission.BIND_GET_INSTALL_REFERRER_SERVICE;com.google.android.gms.permission.AD_ID;com.zenkafinance.microloans.DYNAMIC_RECEIVER_NOT_EXPORTED_PERMISSION,No,Yes,No,No,No,No,No,No,No,No,No,No,Yes,No,No,No,No,No,N/A,,TRUE,android.permission.GET_ACCOUNTS,N/A,,N/A,,N/A,,FALSE,,TRUE,android.permission.GET_ACCOUNTS;android.permission.READ_SMS
/data/olawalea/LoanApps/KenyaApproved/Autochek.apk,Autochek,com.autochek.buysalefixcars,2.0.14,115,23,34,Kenya/Approved,android.permission.ACCESS_ADSERVICES_AD_ID;android.permission.ACCESS_ADSERVICES_ATTRIBUTION;android.permission.ACCESS_NETWORK_STATE;android.permission.INTERNET;android.permission.POST_NOTIFICATIONS;android.permission.READ_EXTERNAL_STORAGE;android.permission.READ_MEDIA_AUDIO;android.permission.RECEIVE_BOOT_COMPLETED;android.permission.SCHEDULE_EXACT_ALARM;android.permission.VIBRATE;android.permission.WAKE_LOCK;com.autochek.buysalefixcars.DYNAMIC_RECEIVER_NOT_EXPORTED_PERMISSION;com.google.android.c2dm.permission.RECEIVE;com.google.android.finsky.permission.BIND_GET_INSTALL_REFERRER_SERVICE;com.google.android.providers.gsf.permission.READ_GSERVICES,No,No,No,No,No,No,No,Yes,Yes,No,No,No,No,No,No,No,No,No,N/A,,FALSE,,N/A,,N/A,,N/A,,TRUE,android.permission.READ_EXTERNAL_STORAGE,TRUE,android.permission.READ_EXTERNAL_STORAGE;android.permission.READ_MEDIA_AUDIO
/data/olawalea/LoanApps/IndonesiaApproved/com.loan.cash.credit.easy.kilat.cepat.pinjam.uang.dana.rupiah_2024-09-04.apk,Rupiah Cepat,com.loan.cash.credit.easy.kilat.cepat.pinjam.uang.dana.rupiah,3.3.7,642,21,34,Indonesia/Approved,android.permission.ACCESS_ADSERVICES_ATTRIBUTION;android.permission.ACCESS_COARSE_LOCATION;android.permission.ACCESS_NETWORK_STATE;android.permission.ACCESS_WIFI_STATE;android.permission.CAMERA;android.permission.CHANGE_WIFI_STATE;android.permission.FLASHLIGHT;android.permission.FOREGROUND_SERVICE;android.permission.INTERNET;android.permission.POST_NOTIFICATIONS;android.permission.RECEIVE_BOOT_COMPLETED;android.permission.WAKE_LOCK;com.google.android.c2dm.permission.RECEIVE;com.google.android.finsky.permission.BIND_GET_INSTALL_REFERRER_SERVICE;com.google.android.gms.permission.AD_ID;com.huawei.appmarket.service.commondata.permission.GET_COMMON_DATA,No,No,No,No,No,No,No,No,No,No,No,No,No,No,No,No,No,No,FALSE,,N/A,,N/A,,N/A,,N/A,,FALSE,,FALSE,
/data/olawalea/LoanApps/IndonesiaApproved/com.danamerdeka.android_2019-04-18.apk,Danamerdeka,com.danamerdeka.android,1.10,1010,16,26,Indonesia/Approved,android.permission.CAMERA;android.permission.INTERNET;android.permission.SYSTEM_ALERT_WINDOW,No,No,No,No,No,No,No,No,No,No,No,No,No,No,No,No,No,No,FALSE,,N/A,,N/A,,N/A,,N/A,,FALSE,,FALSE,
/data/olawalea/LoanApps/IndonesiaApproved/com.pinjammodal_2024-06-06.apk,,com.pinjammodal,2.15.2,100259,,,Indonesia/Approved,android.permission.ACCESS_COARSE_LOCATION;android.permission.ACCESS_FINE_LOCATION;android.permission.ACCESS_NETWORK_STATE;android.permission.ACCESS_WIFI_STATE;android.permission.CAMERA;android.permission.INTERNET;android.permission.POST_NOTIFICATIONS;android.permission.READ_APP_BADGE;android.permission.RECEIVE_BOOT_COMPLETED;android.permission.VIBRATE;android.permission.WAKE_LOCK;com.anddoes.launcher.permission.UPDATE_COUNT;com.google.android.c2dm.permission.RECEIVE;com.google.android.finsky.permission.BIND_GET_INSTALL_REFERRER_SERVICE;com.google.android.gms.permission.AD_ID;com.htc.launcher.permission.READ_SETTINGS;com.htc.launcher.permission.UPDATE_SHORTCUT;com.huawei.android.launcher.permission.CHANGE_BADGE;com.huawei.android.launcher.permission.READ_SETTINGS;com.huawei.android.launcher.permission.WRITE_SETTINGS;com.majeur.launcher.permission.UPDATE_BADGE;com.oppo.launcher.permission.READ_SETTINGS;com.oppo.launcher.permission.WRITE_SETTINGS;com.sec.android.provider.badge.permission.READ;com.sec.android.provider.badge.permission.WRITE;com.sonyericsson.home.permission.BROADCAST_BADGE;com.sonymobile.home.permission.PROVIDER_INSERT_BADGE;me.everything.badger.permission.BADGE_COUNT_READ;me.everything.badger.permission.BADGE_COUNT_WRITE,Yes,No,No,No,No,No,No,No,No,No,No,No,No,No,No,No,No,No,FALSE,,N/A,,N/A,,N/A,,N/A,,TRUE,android.permission.ACCESS_FINE_LOCATION,TRUE,android.permission.ACCESS_FINE_LOCATION
/data/olawalea/LoanApps/IndonesiaApproved/mobile.danabagus.android_2024-01-22.apk,DanaBagus,mobile.danabagus.android,1.16.4,135,21,33,Indonesia/Approved,android.permission.ACCESS_COARSE_LOCATION;android.permission.ACCESS_FINE_LOCATION;android.permission.ACCESS_NETWORK_STATE;android.permission.ACCESS_WIFI_STATE;android.permission.CAMERA;android.permission.FOREGROUND_SERVICE;android.permission.INTERNET;android.permission.POST_NOTIFICATIONS;android.permission.WAKE_LOCK;com.google.android.c2dm.permission.RECEIVE;com.google.android.finsky.permission.BIND_GET_INSTALL_REFERRER_SERVICE;com.google.android.gms.permission.AD_ID,Yes,No,No,No,No,No,No,No,No,No,No,No,No,No,No,No,No,No,FALSE,,N/A,,N/A,,N/A,,N/A,,TRUE,android.permission.ACCESS_FINE_LOCATION,TRUE,android.permission.ACCESS_FINE_LOCATION
/data/olawalea/LoanApps/IndonesiaApproved/com.silvrr.finance_2024-04-06.apk,,com.silvrr.finance,4.2.4,160,,,Indonesia/Approved,android.permission.ACCESS_COARSE_LOCATION;android.permission.ACCESS_NETWORK_STATE;android.permission.ACCESS_WIFI_STATE;android.permission.BLUETOOTH;android.permission.BLUETOOTH_ADMIN;android.permission.CAMERA;android.permission.CHANGE_WIFI_STATE;android.permission.FOREGROUND_SERVICE;android.permission.INTERNET;android.permission.POST_NOTIFICATIONS;android.permission.RECORD_AUDIO;android.permission.REORDER_TASKS;android.permission.USE_BIOMETRIC;android.permission.USE_FINGERPRINT;com.google.android.c2dm.permission.RECEIVE;com.google.android.finsky.permission.BIND_GET_INSTALL_REFERRER_SERVICE;com.google.android.gms.permission.AD_ID,No,No,No,No,No,No,No,No,No,No,No,No,No,No,No,No,No,No,FALSE,,N/A,,N/A,,N/A,,N/A,,FALSE,,FALSE,
/data/olawalea/LoanApps/IndonesiaApproved/com.ecreditpal.cashloan.indo_2023-10-31.apk,Cashcepat,com.ecreditpal.cashloan.indo,3.8.0,202310300,16,33,Indonesia/Approved,android.permission.ACCESS_COARSE_LOCATION;android.permission.ACCESS_LOCATION_EXTRA_COMMANDS;android.permission.ACCESS_NETWORK_STATE;android.permission.ACCESS_WIFI_STATE;android.permission.CAMERA;android.permission.CHANGE_NETWORK_STATE;android.permission.CHANGE_WIFI_STATE;android.permission.FOREGROUND_SERVICE;android.permission.INTERNET;android.permission.POST_NOTIFICATIONS;android.permission.READ_APP_BADGE;android.permission.RECEIVE_BOOT_COMPLETED;android.permission.VIBRATE;android.permission.WAKE_LOCK;com.anddoes.launcher.permission.UPDATE_COUNT;com.ecreditpal.cashloan.indo.permission.C2D_MESSAGE;com.google.android.c2dm.permission.RECEIVE;com.google.android.finsky.permission.BIND_GET_INSTALL_REFERRER_SERVICE;com.google.android.gms.permission.AD_ID;com.htc.launcher.permission.READ_SETTINGS;com.htc.launcher.permission.UPDATE_SHORTCUT;com.huawei.android.launcher.permission.CHANGE_BADGE;com.huawei.android.launcher.permission.READ_SETTINGS;com.huawei.android.launcher.permission.WRITE_SETTINGS;com.majeur.launcher.permission.UPDATE_BADGE;com.oppo.launcher.permission.READ_SETTINGS;com.oppo.launcher.permission.WRITE_SETTINGS;com.sec.android.provider.badge.permission.READ;com.sec.android.provider.badge.permission.WRITE;com.sonyericsson.home.permission.BROADCAST_BADGE;com.sonymobile.home.permission.PROVIDER_INSERT_BADGE;me.everything.badger.permission.BADGE_COUNT_READ;me.everything.badger.permission.BADGE_COUNT_WRITE,No,No,No,No,No,No,No,No,No,No,No,No,No,No,No,No,No,No,FALSE,,N/A,,N/A,,N/A,,N/A,,FALSE,,FALSE,
/data/olawalea/LoanApps/IndonesiaApproved/com.adakami.dana.kredit.pinjaman_2024-07-31.apk,AdaKami,com.adakami.dana.kredit.pinjaman,6.3.0,114,21,34,Indonesia/Approved,android.permission.ACCESS_COARSE_LOCATION;android.permission.ACCESS_NETWORK_STATE;android.permission.ACCESS_WIFI_STATE;android.permission.CAMERA;android.permission.CHANGE_NETWORK_STATE;android.permission.DETECT_SCREEN_CAPTURE;android.permission.FLASHLIGHT;android.permission.FOREGROUND_SERVICE;android.permission.INTERNET;android.permission.POST_NOTIFICATIONS;android.permission.PREVENT_POWER_KEY;android.permission.RECORD_AUDIO;android.permission.VIBRATE;android.permission.WAKE_LOCK;com.google.android.c2dm.permission.RECEIVE;com.google.android.finsky.permission.BIND_GET_INSTALL_REFERRER_SERVICE;com.google.android.gms.permission.AD_ID,No,No,No,No,No,No,No,No,No,No,No,No,No,No,No,No,No,No,FALSE,,N/A,,N/A,,N/A,,N/A,,FALSE,,FALSE,
/data/olawalea/LoanApps/IndonesiaApproved/com.id.kredi360_2024-09-12.apk,360Kredi,com.id.kredi360,2.6.8,206080,21,34,Indonesia/Approved,android.permission.ACCESS_COARSE_LOCATION;android.permission.ACCESS_NETWORK_STATE;android.permission.ACCESS_WIFI_STATE;android.permission.BLUETOOTH;android.permission.CAMERA;android.permission.CHANGE_WIFI_STATE;android.permission.DOWNLOAD_WITHOUT_NOTIFICATION;android.permission.FOREGROUND_SERVICE;android.permission.INTERNET;android.permission.PERMISSION_GRANTED;android.permission.READ_SYNC_SETTINGS;android.permission.RECEIVE_BOOT_COMPLETED;android.permission.WAKE_LOCK;android.permission.WRITE_SETTINGS;com.adjust.preinstall.READ_PERMISSION;com.google.android.c2dm.permission.RECEIVE;com.google.android.finsky.permission.BIND_GET_INSTALL_REFERRER_SERVICE;com.google.android.gms.permission.AD_ID;com.id.kredi360.DYNAMIC_RECEIVER_NOT_EXPORTED_PERMISSION,No,No,No,No,No,No,No,No,No,No,No,No,No,No,No,No,No,No,FALSE,,N/A,,N/A,,N/A,,N/A,,FALSE,,FALSE,
/data/olawalea/LoanApps/IndonesiaApproved/com.pyeuiioa.zaxfrccf_2019-08-02.apk,Danakini,com.pyeuiioa.zaxfrccf,2.13.13,13,16,28,Indonesia/Approved,android.permission.ACCESS_COARSE_LOCATION;android.permission.ACCESS_FINE_LOCATION;android.permission.ACCESS_NETWORK_STATE;android.permission.CAMERA;android.permission.INTERNET;android.permission.READ_CONTACTS;android.permission.READ_EXTERNAL_STORAGE;android.permission.READ_PHONE_STATE;android.permission.RECORD_AUDIO;android.permission.VIBRATE;android.permission.WAKE_LOCK;android.permission.WRITE_EXTERNAL_STORAGE;com.google.android.c2dm.permission.RECEIVE;com.google.android.finsky.permission.BIND_GET_INSTALL_REFERRER_SERVICE,Yes,No,No,No,No,No,Yes,Yes,No,No,No,No,No,No,No,No,No,Yes,FALSE,,N/A,,N/A,,N/A,,N/A,,TRUE,android.permission.ACCESS_FINE_LOCATION;android.permission.READ_CONTACTS;android.permission.READ_EXTERNAL_STORAGE;android.permission.WRITE_EXTERNAL_STORAGE,TRUE,android.permission.ACCESS_FINE_LOCATION;android.permission.READ_CONTACTS;android.permission.READ_EXTERNAL_STORAGE;android.permission.WRITE_EXTERNAL_STORAGE
/data/olawalea/LoanApps/IndonesiaApproved/com.pinjam.ktakilat_2019-04-13.apk,KTA Kilat,com.pinjam.ktakilat,1.0.0,1,16,28,Indonesia/Approved,android.permission.ACCESS_NETWORK_STATE;android.permission.GET_TASKS;android.permission.INTERNET;android.permission.READ_APP_BADGE;android.permission.READ_EXTERNAL_STORAGE;android.permission.RECEIVE_BOOT_COMPLETED;android.permission.VIBRATE;android.permission.WAKE_LOCK;android.permission.WRITE_EXTERNAL_STORAGE;com.anddoes.launcher.permission.UPDATE_COUNT;com.google.android.c2dm.permission.RECEIVE;com.google.android.finsky.permission.BIND_GET_INSTALL_REFERRER_SERVICE;com.htc.launcher.permission.READ_SETTINGS;com.htc.launcher.permission.UPDATE_SHORTCUT;com.huawei.android.launcher.permission.CHANGE_BADGE;com.huawei.android.launcher.permission.READ_SETTINGS;com.huawei.android.launcher.permission.WRITE_SETTINGS;com.majeur.launcher.permission.UPDATE_BADGE;com.oppo.launcher.permission.READ_SETTINGS;com.oppo.launcher.permission.WRITE_SETTINGS;com.pinjam.ktakilat.permission.C2D_MESSAGE;com.sec.android.provider.badge.permission.READ;com.sec.android.provider.badge.permission.WRITE;com.sonyericsson.home.permission.BROADCAST_BADGE;com.sonymobile.home.permission.PROVIDER_INSERT_BADGE;me.everything.badger.permission.BADGE_COUNT_READ;me.everything.badger.permission.BADGE_COUNT_WRITE,No,No,No,No,No,No,No,Yes,No,No,No,No,No,No,No,No,No,Yes,FALSE,,N/A,,N/A,,N/A,,N/A,,TRUE,android.permission.READ_EXTERNAL_STORAGE;android.permission.WRITE_EXTERNAL_STORAGE,TRUE,android.permission.READ_EXTERNAL_STORAGE;android.permission.WRITE_EXTERNAL_STORAGE
/data/olawalea/LoanApps/IndonesiaApproved/com.kpt.android_2023-11-15.apk,Pinjam Gampang,com.kpt.android,6.1.0,6100,19,33,Indonesia/Approved,android.hardware.camera;android.hardware.camera.autofocus;android.permission.ACCESS_COARSE_LOCATION;android.permission.ACCESS_NETWORK_STATE;android.permission.ACCESS_WIFI_STATE;android.permission.CAMERA;android.permission.INTERNET;android.permission.POST_NOTIFICATIONS;android.permission.WAKE_LOCK;com.google.android.c2dm.permission.RECEIVE;com.google.android.finsky.permission.BIND_GET_INSTALL_REFERRER_SERVICE;com.google.android.gms.permission.AD_ID,No,No,No,No,No,No,No,No,No,No,No,No,No,No,No,No,No,No,FALSE,,N/A,,N/A,,N/A,,N/A,,FALSE,,FALSE,
/data/olawalea/LoanApps/IndonesiaApproved/com.akseleran.crowdfund_2024-07-14.apk,,com.akseleran.crowdfund,3.21.2,360,,,Indonesia/Approved,android.permission.ACCESS_ADSERVICES_AD_ID;android.permission.ACCESS_ADSERVICES_ATTRIBUTION;android.permission.ACCESS_NETWORK_STATE;android.permission.FOREGROUND_SERVICE;android.permission.INTERNET;android.permission.POST_NOTIFICATIONS;android.permission.RECEIVE_BOOT_COMPLETED;android.permission.WAKE_LOCK;com.akseleran.crowdfund.DYNAMIC_RECEIVER_NOT_EXPORTED_PERMISSION;com.google.android.c2dm.permission.RECEIVE;com.google.android.finsky.permission.BIND_GET_INSTALL_REFERRER_SERVICE;com.google.android.gms.permission.AD_ID,No,No,No,No,No,No,No,No,No,No,No,No,No,No,No,No,No,No,FALSE,,N/A,,N/A,,N/A,,N/A,,FALSE,,FALSE,
/data/olawalea/LoanApps/IndonesiaApproved/id.ivoji_2024-07-29.apk,IVOJI,id.ivoji,3.0.14,30014,21,34,Indonesia/Approved,android.permission.ACCESS_ADSERVICES_ATTRIBUTION;android.permission.ACCESS_COARSE_LOCATION;android.permission.ACCESS_NETWORK_STATE;android.permission.CAMERA;android.permission.HIGH_SAMPLING_RATE_SENSORS;android.permission.INTERNET;android.permission.POST_NOTIFICATIONS;android.permission.WAKE_LOCK;com.google.android.c2dm.permission.RECEIVE;com.google.android.finsky.permission.BIND_GET_INSTALL_REFERRER_SERVICE;com.google.android.gms.permission.AD_ID;com.huawei.appmarket.service.commondata.permission.GET_COMMON_DATA;id.ivoji.DYNAMIC_RECEIVER_NOT_EXPORTED_PERMISSION,No,No,No,No,No,No,No,No,No,No,No,No,No,No,No,No,No,No,FALSE,,N/A,,N/A,,N/A,,N/A,,FALSE,,FALSE,
/data/olawalea/LoanApps/IndonesiaApproved/com.duhasyariah.app_2023-09-25.apk,Duha Syariah,com.duhasyariah.app,0.1.230923001,230923101,22,33,Indonesia/Approved,android.permission.ACCESS_COARSE_LOCATION;android.permission.ACCESS_FINE_LOCATION;android.permission.ACCESS_NETWORK_STATE;android.permission.CAMERA;android.permission.INTERNET;android.permission.WRITE_EXTERNAL_STORAGE,Yes,No,No,No,No,No,No,No,No,No,No,No,No,No,No,No,No,Yes,FALSE,,N/A,,N/A,,N/A,,N/A,,TRUE,android.permission.ACCESS_FINE_LOCATION;android.permission.WRITE_EXTERNAL_STORAGE,TRUE,android.permission.ACCESS_FINE_LOCATION;android.permission.WRITE_EXTERNAL_STORAGE
/data/olawalea/LoanApps/IndonesiaApproved/com.indosk.sensid_2024-11-18.apk,Indosaku,com.indosk.sensid,2.2.4,80,21,34,Indonesia/Approved,android.permission.ACCESS_ADSERVICES_AD_ID;android.permission.ACCESS_ADSERVICES_ATTRIBUTION;android.permission.ACCESS_COARSE_LOCATION;android.permission.ACCESS_NETWORK_STATE;android.permission.ACCESS_WIFI_STATE;android.permission.CAMERA;android.permission.CHANGE_WIFI_STATE;android.permission.INTERNET;android.permission.POST_NOTIFICATIONS;android.permission.WAKE_LOCK;com.google.android.c2dm.permission.RECEIVE;com.google.android.finsky.permission.BIND_GET_INSTALL_REFERRER_SERVICE;com.google.android.gms.permission.AD_ID;com.indosk.sensid.DYNAMIC_RECEIVER_NOT_EXPORTED_PERMISSION,No,No,No,No,No,No,No,No,No,No,No,No,No,No,No,No,No,No,FALSE,,N/A,,N/A,,N/A,,N/A,,FALSE,,FALSE,
/data/olawalea/LoanApps/IndonesiaApproved/com.id.avantee_2019-01-18.apk,Avantee,com.id.avantee,1.0.0.0,1000,15,28,Indonesia/Approved,android.permission.ACCESS_NETWORK_STATE;android.permission.ACCESS_WIFI_STATE;android.permission.INTERNET;android.permission.MOUNT_UNMOUNT_FILESYSTEMS;android.permission.READ_EXTERNAL_STORAGE;android.permission.READ_PHONE_STATE;android.permission.WRITE_EXTERNAL_STORAGE,No,No,No,No,No,No,No,Yes,No,No,No,No,No,No,No,No,No,Yes,FALSE,,N/A,,N/A,,N/A,,N/A,,TRUE,android.permission.READ_EXTERNAL_STORAGE;android.permission.WRITE_EXTERNAL_STORAGE,TRUE,android.permission.READ_EXTERNAL_STORAGE;android.permission.WRITE_EXTERNAL_STORAGE
/data/olawalea/LoanApps/IndonesiaApproved/id.ammana.app_2023-10-11.apk,Ammana Lender,id.ammana.app,5.0.13,5000130,19,33,Indonesia/Approved,android.permission.ACCESS_NETWORK_STATE;android.permission.CAMERA;android.permission.FLASHLIGHT;android.permission.GET_ACCOUNTS;android.permission.INTERNET;android.permission.READ_APP_BADGE;android.permission.RECEIVE_BOOT_COMPLETED;android.permission.USE_CREDENTIALS;android.permission.VIBRATE;android.permission.WAKE_LOCK;com.amazon.device.messaging.permission.RECEIVE;com.anddoes.launcher.permission.UPDATE_COUNT;com.google.android.c2dm.permission.RECEIVE;com.htc.launcher.permission.READ_SETTINGS;com.htc.launcher.permission.UPDATE_SHORTCUT;com.huawei.android.launcher.permission.CHANGE_BADGE;com.huawei.android.launcher.permission.READ_SETTINGS;com.huawei.android.launcher.permission.WRITE_SETTINGS;com.majeur.launcher.permission.UPDATE_BADGE;com.oppo.launcher.permission.READ_SETTINGS;com.oppo.launcher.permission.WRITE_SETTINGS;com.sec.android.provider.badge.permission.READ;com.sec.android.provider.badge.permission.WRITE;com.sonyericsson.home.permission.BROADCAST_BADGE;com.sonymobile.home.permission.PROVIDER_INSERT_BADGE;id.ammana.app.permission.C2D_MESSAGE;id.ammana.app.permission.RECEIVE_ADM_MESSAGE;me.everything.badger.permission.BADGE_COUNT_READ;me.everything.badger.permission.BADGE_COUNT_WRITE,No,Yes,No,No,No,No,No,No,No,No,No,No,No,No,No,No,No,No,FALSE,,N/A,,N/A,,N/A,,N/A,,FALSE,,TRUE,android.permission.GET_ACCOUNTS
/data/olawalea/LoanApps/IndonesiaApproved/Ammana.apk,,com.ammana.app,3.50.2,225,,,Indonesia/Approved,android.permission.ACCESS_COARSE_LOCATION;android.permission.ACCESS_NETWORK_STATE;android.permission.ACCESS_WIFI_STATE;android.permission.BLUETOOTH;android.permission.BLUETOOTH_SCAN;android.permission.CAMERA;android.permission.CHANGE_WIFI_STATE;android.permission.DOWNLOAD_WITHOUT_NOTIFICATION;android.permission.FOREGROUND_SERVICE;android.permission.INTERNET;android.permission.NEARBY_WIFI_DEVICES;android.permission.POST_NOTIFICATIONS;android.permission.READ_CALENDAR;android.permission.RECEIVE_BOOT_COMPLETED;android.permission.USE_BIOMETRIC;android.permission.USE_FINGERPRINT;android.permission.WAKE_LOCK;android.permission.WRITE_CALENDAR;com.ammana.app.DYNAMIC_RECEIVER_NOT_EXPORTED_PERMISSION;com.android.vending.CHECK_LICENSE;com.google.android.c2dm.permission.RECEIVE;com.google.android.finsky.permission.BIND_GET_INSTALL_REFERRER_SERVICE;com.google.android.gms.permission.AD_ID,No,No,No,No,No,No,No,No,No,No,No,No,No,No,No,No,No,No,FALSE,,N/A,,N/A,,N/A,,N/A,,FALSE,,FALSE,
/data/olawalea/LoanApps/IndonesiaApproved/com.kredito.fintek_2024-08-21.apk,Kredito,com.kredito.fintek,3.6.4,574,21,34,Indonesia/Approved,android.permission.ACCESS_COARSE_LOCATION;android.permission.ACCESS_FINE_LOCATION;android.permission.ACCESS_NETWORK_STATE;android.permission.ACCESS_WIFI_STATE;android.permission.CAMERA;android.permission.CHANGE_WIFI_STATE;android.permission.FLASHLIGHT;android.permission.INTERNET;android.permission.POST_NOTIFICATIONS;android.permission.SYSTEM_ALERT_WINDOW;android.permission.VIBRATE;android.permission.WAKE_LOCK;com.google.android.c2dm.permission.RECEIVE;com.google.android.finsky.permission.BIND_GET_INSTALL_REFERRER_SERVICE;com.google.android.gms.permission.AD_ID;com.kredito.fintek.DYNAMIC_RECEIVER_NOT_EXPORTED_PERMISSION,Yes,No,No,No,No,No,No,No,No,No,No,No,No,No,No,No,No,No,FALSE,,N/A,,N/A,,N/A,,N/A,,TRUE,android.permission.ACCESS_FINE_LOCATION,TRUE,android.permission.ACCESS_FINE_LOCATION
/data/olawalea/LoanApps/IndonesiaApproved/id.igrow.sponsor_2022-06-14.apk,iGrow Lender,id.igrow.sponsor,4.0.6,140,21,30,Indonesia/Approved,android.permission.ACCESS_NETWORK_STATE;android.permission.CAMERA;android.permission.INTERNET;android.permission.RECEIVE_BOOT_COMPLETED;android.permission.REQUEST_INSTALL_PACKAGES;android.permission.USE_BIOMETRIC;android.permission.USE_FINGERPRINT;android.permission.USE_FULL_SCREEN_INTENT;android.permission.VIBRATE;android.permission.WAKE_LOCK;com.google.android.c2dm.permission.RECEIVE;com.google.android.finsky.permission.BIND_GET_INSTALL_REFERRER_SERVICE,No,No,No,No,No,No,No,No,No,No,No,No,No,No,No,No,No,No,FALSE,,N/A,,N/A,,N/A,,N/A,,FALSE,,FALSE,
/data/olawalea/LoanApps/IndonesiaApproved/id.danarupiah.weshare.jiekuan_2022-06-15.apk,DanaRupiah,id.danarupiah.weshare.jiekuan,2.4.29,16777273,19,30,Indonesia/Approved,android.permission.ACCESS_COARSE_LOCATION;android.permission.ACCESS_FINE_LOCATION;android.permission.ACCESS_LOCATION_EXTRA_COMMANDS;android.permission.ACCESS_NETWORK_STATE;android.permission.ACCESS_WIFI_STATE;android.permission.BLUETOOTH;android.permission.CAMERA;android.permission.CHANGE_CONFIGURATION;android.permission.CHANGE_NETWORK_STATE;android.permission.CHANGE_WIFI_STATE;android.permission.FOREGROUND_SERVICE;android.permission.GET_TASKS;android.permission.INTERNET;android.permission.QUERY_ALL_PACKAGES;android.permission.READ_APP_BADGE;android.permission.RECEIVE_USER_PRESENT;android.permission.VIBRATE;android.permission.WAKE_LOCK;android.permission.WRITE_SETTINGS;com.anddoes.launcher.permission.UPDATE_COUNT;com.google.android.c2dm.permission.RECEIVE;com.google.android.finsky.permission.BIND_GET_INSTALL_REFERRER_SERVICE;com.htc.launcher.permission.READ_SETTINGS;com.htc.launcher.permission.UPDATE_SHORTCUT;com.huawei.android.launcher.permission.CHANGE_BADGE;com.huawei.android.launcher.permission.READ_SETTINGS;com.huawei.android.launcher.permission.WRITE_SETTINGS;com.majeur.launcher.permission.UPDATE_BADGE;com.oppo.launcher.permission.READ_SETTINGS;com.oppo.launcher.permission.WRITE_SETTINGS;com.sec.android.provider.badge.permission.READ;com.sec.android.provider.badge.permission.WRITE;com.sonyericsson.home.permission.BROADCAST_BADGE;com.sonymobile.home.permission.PROVIDER_INSERT_BADGE;me.everything.badger.permission.BADGE_COUNT_READ;me.everything.badger.permission.BADGE_COUNT_WRITE,Yes,No,No,No,Yes,No,No,No,No,No,No,No,No,No,No,No,No,No,FALSE,,N/A,,N/A,,N/A,,N/A,,TRUE,android.permission.ACCESS_FINE_LOCATION;android.permission.QUERY_ALL_PACKAGES,TRUE,android.permission.ACCESS_FINE_LOCATION;android.permission.QUERY_ALL_PACKAGES
/data/olawalea/LoanApps/IndonesiaApproved/com.cmcm.uangme_2024-05-29.apk,,com.cmcm.uangme,3.4.2,300402,,,Indonesia/Approved,android.permission.ACCESS_COARSE_LOCATION;android.permission.ACCESS_LOCATION_EXTRA_COMMANDS;android.permission.ACCESS_NETWORK_STATE;android.permission.ACCESS_WIFI_STATE;android.permission.BLUETOOTH;android.permission.CAMERA;android.permission.CHANGE_WIFI_STATE;android.permission.INTERNET;android.permission.POST_NOTIFICATIONS;android.permission.WAKE_LOCK;com.google.android.c2dm.permission.RECEIVE;com.google.android.finsky.permission.BIND_GET_INSTALL_REFERRER_SERVICE;com.google.android.gms.permission.AD_ID,No,No,No,No,No,No,No,No,No,No,No,No,No,No,No,No,No,No,FALSE,,N/A,,N/A,,N/A,,N/A,,FALSE,,FALSE,
/data/olawalea/LoanApps/IndonesiaApproved/com.pinjamwinwin_2024-07-16.apk,,com.pinjamwinwin,2.1.5,20232038,,,Indonesia/Approved,android.permission.ACCESS_ADSERVICES_AD_ID;android.permission.ACCESS_ADSERVICES_ATTRIBUTION;android.permission.ACCESS_COARSE_LOCATION;android.permission.ACCESS_NETWORK_STATE;android.permission.ACCESS_WIFI_STATE;android.permission.CAMERA;android.permission.CHANGE_WIFI_STATE;android.permission.INTERNET;android.permission.PACKAGE_USAGE_STATS;android.permission.POST_NOTIFICATIONS;android.permission.RECORD_AUDIO;android.permission.USE_BIOMETRIC;android.permission.WAKE_LOCK;com.google.android.c2dm.permission.RECEIVE;com.google.android.finsky.permission.BIND_GET_INSTALL_REFERRER_SERVICE;com.google.android.gms.permission.AD_ID;com.pinjamwinwin.DYNAMIC_RECEIVER_NOT_EXPORTED_PERMISSION,No,No,No,No,No,No,No,No,No,No,No,No,No,No,No,No,No,No,FALSE,,N/A,,N/A,,N/A,,N/A,,FALSE,,FALSE,
/data/olawalea/LoanApps/IndonesiaApproved/com.klikcairapp_2024-06-06.apk,,com.klikcairapp,2.3.2,42,,,Indonesia/Approved,android.permission.ACCESS_FINE_LOCATION;android.permission.ACCESS_NETWORK_STATE;android.permission.ACCESS_WIFI_STATE;android.permission.CAMERA;android.permission.DOWNLOAD_WITHOUT_NOTIFICATION;android.permission.INTERNET;android.permission.SYSTEM_ALERT_WINDOW;android.permission.WAKE_LOCK;com.android.vending.CHECK_LICENSE;com.google.android.c2dm.permission.RECEIVE;com.google.android.finsky.permission.BIND_GET_INSTALL_REFERRER_SERVICE;com.klikcairapp.DYNAMIC_RECEIVER_NOT_EXPORTED_PERMISSION,Yes,No,No,No,No,No,No,No,No,No,No,No,No,No,No,No,No,No,FALSE,,N/A,,N/A,,N/A,,N/A,,TRUE,android.permission.ACCESS_FINE_LOCATION,TRUE,android.permission.ACCESS_FINE_LOCATION
/data/olawalea/LoanApps/IndonesiaApproved/id.co.danamas.v5_2023-04-13.apk,Danamas Lender (Pendana),id.co.danamas.v5,2.0.31,1048919,21,31,Indonesia/Approved,android.permission.ACCESS_NETWORK_STATE;android.permission.ACCESS_WIFI_STATE;android.permission.BLUETOOTH;android.permission.CAMERA;android.permission.FOREGROUND_SERVICE;android.permission.INTERNET;android.permission.READ_APP_BADGE;android.permission.RECEIVE_BOOT_COMPLETED;android.permission.USE_BIOMETRIC;android.permission.USE_FINGERPRINT;android.permission.VIBRATE;android.permission.WAKE_LOCK;com.anddoes.launcher.permission.UPDATE_COUNT;com.android.vending.CHECK_LICENSE;com.google.android.c2dm.permission.RECEIVE;com.google.android.finsky.permission.BIND_GET_INSTALL_REFERRER_SERVICE;com.google.android.providers.gsf.permission.READ_GSERVICES;com.htc.launcher.permission.READ_SETTINGS;com.htc.launcher.permission.UPDATE_SHORTCUT;com.huawei.android.launcher.permission.CHANGE_BADGE;com.huawei.android.launcher.permission.READ_SETTINGS;com.huawei.android.launcher.permission.WRITE_SETTINGS;com.majeur.launcher.permission.UPDATE_BADGE;com.oppo.launcher.permission.READ_SETTINGS;com.oppo.launcher.permission.WRITE_SETTINGS;com.sec.android.provider.badge.permission.READ;com.sec.android.provider.badge.permission.WRITE;com.sonyericsson.home.permission.BROADCAST_BADGE;com.sonymobile.home.permission.PROVIDER_INSERT_BADGE,No,No,No,No,No,No,No,No,No,No,No,No,No,No,No,No,No,No,FALSE,,N/A,,N/A,,N/A,,N/A,,FALSE,,FALSE,
/data/olawalea/LoanApps/IndonesiaApproved/com.modalnasional.fintech_2024-07-22.apk,Modal Nasional,com.modalnasional.fintech,3.5.0,3050,19,34,Indonesia/Approved,android.permission.ACCESS_COARSE_LOCATION;android.permission.ACCESS_NETWORK_STATE;android.permission.CAMERA;android.permission.HIGH_SAMPLING_RATE_SENSORS;android.permission.INTERNET;android.permission.POST_NOTIFICATIONS;android.permission.WAKE_LOCK;com.google.android.c2dm.permission.RECEIVE;com.google.android.finsky.permission.BIND_GET_INSTALL_REFERRER_SERVICE;com.google.android.gms.permission.AD_ID,No,No,No,No,No,No,No,No,No,No,No,No,No,No,No,No,No,No,FALSE,,N/A,,N/A,,N/A,,N/A,,FALSE,,FALSE,
/data/olawalea/LoanApps/IndonesiaApproved/com.pinjam.dana.tunai.indo_2018-09-25.apk,Pinjam Dana Mudah,com.pinjam.dana.tunai.indo,1,1,21,27,Indonesia/Approved,android.permission.ACCESS_NETWORK_STATE;android.permission.INTERNET;android.permission.WAKE_LOCK;com.done.pinjamtunai.permission.C2D_MESSAGEvj;com.google.android.c2dm.permission.RECEIVE,No,No,No,No,No,No,No,No,No,No,No,No,No,No,No,No,No,No,FALSE,,N/A,,N/A,,N/A,,N/A,,FALSE,,FALSE,
/data/olawalea/LoanApps/IndonesiaApproved/com.danabijak.mobile_2020-02-10.apk,Danabijak,com.danabijak.mobile,1.0.122,101221,19,28,Indonesia/Approved,android.permission.ACCESS_FINE_LOCATION;android.permission.ACCESS_NETWORK_STATE;android.permission.CAMERA;android.permission.INTERNET;android.permission.READ_EXTERNAL_STORAGE;android.permission.WRITE_EXTERNAL_STORAGE,Yes,No,No,No,No,No,No,Yes,No,No,No,No,No,No,No,No,No,Yes,FALSE,,N/A,,N/A,,N/A,,N/A,,TRUE,android.permission.ACCESS_FINE_LOCATION;android.permission.READ_EXTERNAL_STORAGE;android.permission.WRITE_EXTERNAL_STORAGE,TRUE,android.permission.ACCESS_FINE_LOCATION;android.permission.READ_EXTERNAL_STORAGE;android.permission.WRITE_EXTERNAL_STORAGE
/data/olawalea/LoanApps/IndonesiaApproved/com.fintopia.idnEasycash.google_2024-09-09.apk,Easycash,com.fintopia.idnEasycash.google,3.60.23,36023,21,34,Indonesia/Approved,android.permission.ACCESS_ADSERVICES_AD_ID;android.permission.ACCESS_ADSERVICES_ATTRIBUTION;android.permission.ACCESS_COARSE_LOCATION;android.permission.ACCESS_NETWORK_STATE;android.permission.ACCESS_WIFI_STATE;android.permission.BLUETOOTH;android.permission.CAMERA;android.permission.CHANGE_NETWORK_STATE;android.permission.FOREGROUND_SERVICE;android.permission.GET_TASKS;android.permission.INTERNET;android.permission.POST_NOTIFICATIONS;android.permission.SYSTEM_ALERT_WINDOW;android.permission.USE_BIOMETRIC;android.permission.USE_FINGERPRINT;android.permission.WAKE_LOCK;com.fintopia.idnEasycash.google.DYNAMIC_RECEIVER_NOT_EXPORTED_PERMISSION;com.google.android.c2dm.permission.RECEIVE;com.google.android.finsky.permission.BIND_GET_INSTALL_REFERRER_SERVICE;com.google.android.gms.permission.AD_ID,No,No,No,No,No,No,No,No,No,No,No,No,No,No,No,No,No,No,FALSE,,N/A,,N/A,,N/A,,N/A,,FALSE,,FALSE,
/data/olawalea/LoanApps/IndonesiaApproved/com.onecard.kredinesia_2024-08-29.apk,Kredinesia,com.onecard.kredinesia,8.0.9,159,23,34,Indonesia/Approved,android.permission.ACCESS_COARSE_LOCATION;android.permission.ACCESS_NETWORK_STATE;android.permission.ACCESS_WIFI_STATE;android.permission.CAMERA;android.permission.CHANGE_NETWORK_STATE;android.permission.CHANGE_WIFI_STATE;android.permission.INTERNET;android.permission.POST_NOTIFICATIONS;android.permission.USE_BIOMETRIC;android.permission.USE_FINGERPRINT;android.permission.VIBRATE;android.permission.WAKE_LOCK;com.google.android.c2dm.permission.RECEIVE;com.google.android.finsky.permission.BIND_GET_INSTALL_REFERRER_SERVICE;com.google.android.gms.permission.AD_ID,No,No,No,No,No,No,No,No,No,No,No,No,No,No,No,No,No,No,FALSE,,N/A,,N/A,,N/A,,N/A,,FALSE,,FALSE,
/data/olawalea/LoanApps/IndonesiaApproved/com.mysolusiku.solusiku_2019-07-31.apk,Solusiku,com.mysolusiku.solusiku,2.3,3,16,28,Indonesia/Approved,android.permission.ACCESS_COARSE_LOCATION;android.permission.ACCESS_FINE_LOCATION;android.permission.ACCESS_NETWORK_STATE;android.permission.ACCESS_WIFI_STATE;android.permission.GET_TASKS;android.permission.INTERNET;android.permission.READ_EXTERNAL_STORAGE;android.permission.READ_PHONE_STATE;android.permission.WAKE_LOCK;android.permission.WRITE_EXTERNAL_STORAGE;com.google.android.c2dm.permission.RECEIVE;com.google.android.finsky.permission.BIND_GET_INSTALL_REFERRER_SERVICE,Yes,No,No,No,No,No,No,Yes,No,No,No,No,No,No,No,No,No,Yes,FALSE,,N/A,,N/A,,N/A,,N/A,,TRUE,android.permission.ACCESS_FINE_LOCATION;android.permission.READ_EXTERNAL_STORAGE;android.permission.WRITE_EXTERNAL_STORAGE,TRUE,android.permission.ACCESS_FINE_LOCATION;android.permission.READ_EXTERNAL_STORAGE;android.permission.WRITE_EXTERNAL_STORAGE
/data/olawalea/LoanApps/IndonesiaApproved/com.solmitrafintec.solmitramobile_2022-06-02.apk,Invoila,com.solmitrafintec.solmitramobile,3.0.9,309,21,30,Indonesia/Approved,android.hardware.camera.autofocus;android.permission.ACCESS_COARSE_LOCATION;android.permission.ACCESS_FINE_LOCATION;android.permission.ACCESS_NETWORK_STATE;android.permission.ACCESS_WIFI_STATE;android.permission.CAMERA;android.permission.GET_ACCOUNTS;android.permission.INTERNET;android.permission.PACKAGE_USAGE_STATS;android.permission.USE_FINGERPRINT;android.permission.VIBRATE;android.permission.WAKE_LOCK;com.android.browser.permission.READ_HISTORY_BOOKMARKS;com.energeek.sengketadev.permission.C2D_MESSAGE;com.energeek.sengketadev.permission.MAPS_RECEIVE;com.google.android.c2dm.permission.RECEIVE;com.google.android.finsky.permission.BIND_GET_INSTALL_REFERRER_SERVICE;com.google.android.providers.gsf.permission.READ_GSERVICES,Yes,Yes,No,No,No,No,No,No,No,No,No,No,No,No,No,No,No,No,FALSE,,N/A,,N/A,,N/A,,N/A,,TRUE,android.permission.ACCESS_FINE_LOCATION,TRUE,android.permission.ACCESS_FINE_LOCATION;android.permission.GET_ACCOUNTS
/data/olawalea/LoanApps/IndonesiaApproved/KTA Kilat.apk,KTA KILAT,com.ktakilat.loan,2.1.1,111,15,26,Indonesia/Approved,android.permission.ACCESS_COARSE_LOCATION;android.permission.ACCESS_FINE_LOCATION;android.permission.ACCESS_NETWORK_STATE;android.permission.ACCESS_WIFI_STATE;android.permission.CALL_PHONE;android.permission.CAMERA;android.permission.CHANGE_NETWORK_STATE;android.permission.CHANGE_WIFI_STATE;android.permission.INTERNET;android.permission.READ_CALL_LOG;android.permission.READ_EXTERNAL_STORAGE;android.permission.READ_SMS;android.permission.RECEIVE_BOOT_COMPLETED;android.permission.SYSTEM_ALERT_WINDOW;android.permission.VIBRATE;android.permission.WAKE_LOCK;android.permission.WRITE_EXTERNAL_STORAGE;com.google.android.c2dm.permission.RECEIVE;com.google.android.finsky.permission.BIND_GET_INSTALL_REFERRER_SERVICE;com.ktakilat.loan.permission.C2D_MESSAGE,Yes,No,No,No,No,Yes,No,Yes,No,No,No,No,Yes,No,No,No,No,Yes,FALSE,,N/A,,N/A,,N/A,,N/A,,TRUE,android.permission.ACCESS_FINE_LOCATION;android.permission.READ_EXTERNAL_STORAGE;android.permission.WRITE_EXTERNAL_STORAGE,TRUE,android.permission.ACCESS_FINE_LOCATION;android.permission.READ_CALL_LOG;android.permission.READ_EXTERNAL_STORAGE;android.permission.READ_SMS;android.permission.WRITE_EXTERNAL_STORAGE
/data/olawalea/LoanApps/IndonesiaApproved/com.mintq.gocash_2024-08-28.apk,UKU,com.mintq.gocash,6.9.16,60916001,21,34,Indonesia/Approved,android.permission.ACCESS_COARSE_LOCATION;android.permission.ACCESS_NETWORK_STATE;android.permission.ACCESS_WIFI_STATE;android.permission.BLUETOOTH;android.permission.CAMERA;android.permission.INTERNET;android.permission.POST_NOTIFICATIONS;android.permission.RECORD_AUDIO;android.permission.TRANSMIT_IR;android.permission.USE_FINGERPRINT;android.permission.VIBRATE;android.permission.WAKE_LOCK;com.google.android.c2dm.permission.RECEIVE;com.google.android.finsky.permission.BIND_GET_INSTALL_REFERRER_SERVICE;com.google.android.gms.permission.AD_ID,No,No,No,No,No,No,No,No,No,No,No,No,No,No,No,No,No,No,FALSE,,N/A,,N/A,,N/A,,N/A,,FALSE,,FALSE,
/data/olawalea/LoanApps/IndonesiaApproved/com.danasyariah.mobiledanasyariah_2024-06-26.apk,,com.danasyariah.mobiledanasyariah,3.2.5,95,,,Indonesia/Approved,android.permission.ACCESS_COARSE_LOCATION;android.permission.ACCESS_FINE_LOCATION;android.permission.ACCESS_NETWORK_STATE;android.permission.ACCESS_WIFI_STATE;android.permission.BLUETOOTH;android.permission.CAMERA;android.permission.FOREGROUND_SERVICE;android.permission.INTERNET;android.permission.MICROPHONE;android.permission.MODIFY_AUDIO_SETTINGS;android.permission.RECEIVE_BOOT_COMPLETED;android.permission.RECORD_AUDIO;android.permission.USE_BIOMETRIC;android.permission.WAKE_LOCK;com.google.android.c2dm.permission.RECEIVE;com.google.android.finsky.permission.BIND_GET_INSTALL_REFERRER_SERVICE,Yes,No,No,No,No,No,No,No,No,No,No,No,No,No,No,No,No,No,FALSE,,N/A,,N/A,,N/A,,N/A,,TRUE,android.permission.ACCESS_FINE_LOCATION,TRUE,android.permission.ACCESS_FINE_LOCATION
/data/olawalea/LoanApps/IndonesiaApproved/com.paem.intl_2024-04-04.apk,,com.paem.intl,2.0.9,209,,,Indonesia/Approved,android.permission.ACCESS_COARSE_LOCATION;android.permission.ACCESS_NETWORK_STATE;android.permission.CAMERA;android.permission.CHANGE_CONFIGURATION;android.permission.FLASHLIGHT;android.permission.FOREGROUND_SERVICE;android.permission.INTERNET;android.permission.NEARBY_WIFI_DEVICES;android.permission.POST_NOTIFICATIONS;android.permission.RECORD_AUDIO;android.permission.USE_BIOMETRIC;android.permission.USE_FINGERPRINT;android.permission.VIBRATE;com.google.android.c2dm.permission.RECEIVE;com.google.android.finsky.permission.BIND_GET_INSTALL_REFERRER_SERVICE;com.google.android.gms.permission.AD_ID,No,No,No,No,No,No,No,No,No,No,No,No,No,No,No,No,No,No,FALSE,,N/A,,N/A,,N/A,,N/A,,FALSE,,FALSE,
/data/olawalea/LoanApps/IndonesiaApproved/id.co.danamasbor_2023-07-14.apk,Danamas Borrower (Peminjam),id.co.danamasbor,3.0.13,6053056,19,31,Indonesia/Approved,android.permission.ACCESS_COARSE_LOCATION;android.permission.ACCESS_FINE_LOCATION;android.permission.ACCESS_NETWORK_STATE;android.permission.ACCESS_WIFI_STATE;android.permission.CAMERA;android.permission.FOREGROUND_SERVICE;android.permission.INTERNET;android.permission.READ_APP_BADGE;android.permission.RECEIVE_BOOT_COMPLETED;android.permission.WAKE_LOCK;com.anddoes.launcher.permission.UPDATE_COUNT;com.android.vending.CHECK_LICENSE;com.google.android.c2dm.permission.RECEIVE;com.google.android.finsky.permission.BIND_GET_INSTALL_REFERRER_SERVICE;com.google.android.providers.gsf.permission.READ_GSERVICES;com.htc.launcher.permission.READ_SETTINGS;com.htc.launcher.permission.UPDATE_SHORTCUT;com.huawei.android.launcher.permission.CHANGE_BADGE;com.huawei.android.launcher.permission.READ_SETTINGS;com.huawei.android.launcher.permission.WRITE_SETTINGS;com.majeur.launcher.permission.UPDATE_BADGE;com.oppo.launcher.permission.READ_SETTINGS;com.oppo.launcher.permission.WRITE_SETTINGS;com.sec.android.provider.badge.permission.READ;com.sec.android.provider.badge.permission.WRITE;com.sonyericsson.home.permission.BROADCAST_BADGE;com.sonymobile.home.permission.PROVIDER_INSERT_BADGE,Yes,No,No,No,No,No,No,No,No,No,No,No,No,No,No,No,No,No,FALSE,,N/A,,N/A,,N/A,,N/A,,TRUE,android.permission.ACCESS_FINE_LOCATION,TRUE,android.permission.ACCESS_FINE_LOCATION
/data/olawalea/LoanApps/IndonesiaApproved/id.co.tokomodal.mobile_2024-07-03.apk,,id.co.tokomodal.mobile,2.0.45,20045,,,Indonesia/Approved,android.permission.ACCESS_NETWORK_STATE;android.permission.BLUETOOTH;android.permission.CAMERA;android.permission.INTERNET;android.permission.POST_NOTIFICATIONS;android.permission.RECORD_AUDIO;android.permission.WAKE_LOCK;android.permission.WRITE_EXTERNAL_STORAGE;com.google.android.c2dm.permission.RECEIVE;com.google.android.finsky.permission.BIND_GET_INSTALL_REFERRER_SERVICE;com.google.android.gms.permission.AD_ID;id.co.tokomodal.mobile.DYNAMIC_RECEIVER_NOT_EXPORTED_PERMISSION,No,No,No,No,No,No,No,No,No,No,No,No,No,No,No,No,No,Yes,FALSE,,N/A,,N/A,,N/A,,N/A,,TRUE,android.permission.WRITE_EXTERNAL_STORAGE,TRUE,android.permission.WRITE_EXTERNAL_STORAGE
/data/olawalea/LoanApps/IndonesiaApproved/id.co.finteksyariah.app.pembiayaan_2021-06-15.apk,Fintek Syariah,id.co.finteksyariah.app.pembiayaan,1.28.86.20771,41542,19,30,Indonesia/Approved,android.permission.ACCESS_COARSE_LOCATION;android.permission.ACCESS_FINE_LOCATION;android.permission.ACCESS_NETWORK_STATE;android.permission.ACCESS_WIFI_STATE;android.permission.CAMERA;android.permission.CHANGE_WIFI_STATE;android.permission.INTERNET;android.permission.RECORD_AUDIO;android.permission.VIBRATE;android.permission.WAKE_LOCK;com.google.android.finsky.permission.BIND_GET_INSTALL_REFERRER_SERVICE;org.apache.http.legacy,Yes,No,No,No,No,No,No,No,No,No,No,No,No,No,No,No,No,No,FALSE,,N/A,,N/A,,N/A,,N/A,,TRUE,android.permission.ACCESS_FINE_LOCATION,TRUE,android.permission.ACCESS_FINE_LOCATION
/data/olawalea/LoanApps/IndonesiaApproved/PinjaMango.apk,PinjamanGo,com.pinjamango,3.2.6,326,18,26,Indonesia/Approved,android.permission.ACCESS_COARSE_LOCATION;android.permission.ACCESS_FINE_LOCATION;android.permission.ACCESS_NETWORK_STATE;android.permission.ACCESS_WIFI_STATE;android.permission.BLUETOOTH;android.permission.CALL_PHONE;android.permission.CAMERA;android.permission.CHANGE_WIFI_STATE;android.permission.FLASHLIGHT;android.permission.GET_ACCOUNTS;android.permission.GET_ACCOUNTS_PRIVILEGED;android.permission.GET_TASKS;android.permission.INSTALL_SHORTCUT;android.permission.INTERNET;android.permission.MOUNT_UNMOUNT_FILESYSTEMS;android.permission.PACKAGE_USAGE_STATS;android.permission.READ_CALL_LOG;android.permission.READ_CONTACTS;android.permission.READ_EXTERNAL_STORAGE;android.permission.READ_LOGS;android.permission.READ_PHONE_NUMBERS;android.permission.READ_PHONE_STATE;android.permission.READ_SMS;android.permission.RECEIVE_SMS;android.permission.RECORD_AUDIO;android.permission.REQUEST_INSTALL_PACKAGES;android.permission.SEND_SMS;android.permission.USE_CREDENTIALS;android.permission.WAKE_LOCK;android.permission.WRITE_EXTERNAL_STORAGE;com.google.android.c2dm.permission.RECEIVE;com.google.android.finsky.permission.BIND_GET_INSTALL_REFERRER_SERVICE;com.pinjamango.permission.C2D_MESSAGE,Yes,Yes,No,No,No,Yes,Yes,Yes,No,No,No,Yes,Yes,Yes,Yes,No,No,Yes,FALSE,,N/A,,N/A,,N/A,,N/A,,TRUE,android.permission.ACCESS_FINE_LOCATION;android.permission.READ_CONTACTS;android.permission.READ_EXTERNAL_STORAGE;android.permission.READ_PHONE_NUMBERS;android.permission.WRITE_EXTERNAL_STORAGE,TRUE,android.permission.ACCESS_FINE_LOCATION;android.permission.GET_ACCOUNTS;android.permission.READ_CALL_LOG;android.permission.READ_CONTACTS;android.permission.READ_EXTERNAL_STORAGE;android.permission.READ_PHONE_NUMBERS;android.permission.READ_SMS;android.permission.RECEIVE_SMS;android.permission.SEND_SMS;android.permission.WRITE_EXTERNAL_STORAGE
/data/olawalea/LoanApps/IndonesiaApproved/com.crowde.investor_2019-05-06.apk,Crowde,com.crowde.investor,2.0.3,203,16,28,Indonesia/Approved,android.permission.ACCESS_NETWORK_STATE;android.permission.FOREGROUND_SERVICE;android.permission.INTERNET;android.permission.READ_EXTERNAL_STORAGE;android.permission.SYSTEM_ALERT_WINDOW;android.permission.WRITE_EXTERNAL_STORAGE,No,No,No,No,No,No,No,Yes,No,No,No,No,No,No,No,No,No,Yes,FALSE,,N/A,,N/A,,N/A,,N/A,,TRUE,android.permission.READ_EXTERNAL_STORAGE;android.permission.WRITE_EXTERNAL_STORAGE,TRUE,android.permission.READ_EXTERNAL_STORAGE;android.permission.WRITE_EXTERNAL_STORAGE
/data/olawalea/LoanApps/IndonesiaApproved/com.oriente.finmas_2022-11-08.apk,Finmas,com.oriente.finmas,1.15.1.0,2012682,22,30,Indonesia/Approved,android.permission.ACCESS_COARSE_LOCATION;android.permission.ACCESS_FINE_LOCATION;android.permission.ACCESS_NETWORK_STATE;android.permission.ACCESS_WIFI_STATE;android.permission.BLUETOOTH;android.permission.CAMERA;android.permission.FLASHLIGHT;android.permission.INTERNET;android.permission.RECEIVE_BOOT_COMPLETED;android.permission.REORDER_TASKS;android.permission.USE_FINGERPRINT;android.permission.VIBRATE;android.permission.WAKE_LOCK;com.google.android.c2dm.permission.RECEIVE;com.google.android.finsky.permission.BIND_GET_INSTALL_REFERRER_SERVICE;com.google.android.providers.gsf.permission.READ_GSERVICES,Yes,No,No,No,No,No,No,No,No,No,No,No,No,No,No,No,No,No,FALSE,,N/A,,N/A,,N/A,,N/A,,TRUE,android.permission.ACCESS_FINE_LOCATION,TRUE,android.permission.ACCESS_FINE_LOCATION
/data/olawalea/LoanApps/IndonesiaApproved/id.mekartigasampurna.mekarpinjam.app_2019-07-10.apk,MEKAR PINJAM,id.mekartigasampurna.mekarpinjam.app,1.0.0.0,1000,17,26,Indonesia/Approved,android.permission.ACCESS_COARSE_LOCATION;android.permission.ACCESS_FINE_LOCATION;android.permission.ACCESS_LOCATION_EXTRA_COMMANDS;android.permission.ACCESS_NETWORK_STATE;android.permission.ACCESS_WIFI_STATE;android.permission.CALL_PHONE;android.permission.CAMERA;android.permission.INTERNET;android.permission.MOUNT_UNMOUNT_FILESYSTEMS;android.permission.READ_CONTACTS;android.permission.READ_EXTERNAL_STORAGE;android.permission.READ_PHONE_STATE;android.permission.RECORD_AUDIO;android.permission.REORDER_TASKS;android.permission.SYSTEM_ALERT_WINDOW;android.permission.VIBRATE;android.permission.WAKE_LOCK;android.permission.WRITE_EXTERNAL_STORAGE;com.google.android.c2dm.permission.RECEIVE;id.mekartigasampurna.mekarpinjam.app.permission.C2D_MESSAGE,Yes,No,No,No,No,No,Yes,Yes,No,No,No,No,No,No,No,No,No,Yes,FALSE,,N/A,,N/A,,N/A,,N/A,,TRUE,android.permission.ACCESS_FINE_LOCATION;android.permission.READ_CONTACTS;android.permission.READ_EXTERNAL_STORAGE;android.permission.WRITE_EXTERNAL_STORAGE,TRUE,android.permission.ACCESS_FINE_LOCATION;android.permission.READ_CONTACTS;android.permission.READ_EXTERNAL_STORAGE;android.permission.WRITE_EXTERNAL_STORAGE
/data/olawalea/LoanApps/IndonesiaApproved/com.ayo.klikkami_2019-08-01.apk,Klik Kami,com.ayo.klikkami,1.1.5,15,16,28,Indonesia/Approved,android.permission.ACCESS_COARSE_LOCATION;android.permission.ACCESS_FINE_LOCATION;android.permission.ACCESS_NETWORK_STATE;android.permission.ACCESS_WIFI_STATE;android.permission.CAMERA;android.permission.FOREGROUND_SERVICE;android.permission.INTERNET;com.google.android.finsky.permission.BIND_GET_INSTALL_REFERRER_SERVICE,Yes,No,No,No,No,No,No,No,No,No,No,No,No,No,No,No,No,No,FALSE,,N/A,,N/A,,N/A,,N/A,,TRUE,android.permission.ACCESS_FINE_LOCATION,TRUE,android.permission.ACCESS_FINE_LOCATION
/data/olawalea/LoanApps/IndonesiaApproved/biro.pinjamuang.ngreditmurahki_2018-02-01.apk,Dana Cepat,biro.pinjamuang.ngreditmurahki,2.0.0,2,15,26,Indonesia/Approved,android.permission.ACCESS_NETWORK_STATE;android.permission.ACCESS_WIFI_STATE;android.permission.INTERNET;android.permission.READ_EXTERNAL_STORAGE;android.permission.WAKE_LOCK;android.permission.WRITE_EXTERNAL_STORAGE,No,No,No,No,No,No,No,Yes,No,No,No,No,No,No,No,No,No,Yes,FALSE,,N/A,,N/A,,N/A,,N/A,,TRUE,android.permission.READ_EXTERNAL_STORAGE;android.permission.WRITE_EXTERNAL_STORAGE,TRUE,android.permission.READ_EXTERNAL_STORAGE;android.permission.WRITE_EXTERNAL_STORAGE
/data/olawalea/LoanApps/IndonesiaApproved/com.dompetkilat.pinjaman_2019-06-01.apk,DompetKilat,com.dompetkilat.pinjaman,1.6.30,305,19,26,Indonesia/Approved,android.permission.ACCESS_COARSE_LOCATION;android.permission.ACCESS_FINE_LOCATION;android.permission.ACCESS_NETWORK_STATE;android.permission.ACCESS_WIFI_STATE;android.permission.BLUETOOTH;android.permission.CAMERA;android.permission.CHANGE_WIFI_STATE;android.permission.INTERNET;android.permission.READ_APP_BADGE;android.permission.WAKE_LOCK;com.anddoes.launcher.permission.UPDATE_COUNT;com.dompetkilat.pinjaman.permission.C2D_MESSAGE;com.google.android.c2dm.permission.RECEIVE;com.htc.launcher.permission.READ_SETTINGS;com.htc.launcher.permission.UPDATE_SHORTCUT;com.huawei.android.launcher.permission.CHANGE_BADGE;com.huawei.android.launcher.permission.READ_SETTINGS;com.huawei.android.launcher.permission.WRITE_SETTINGS;com.majeur.launcher.permission.UPDATE_BADGE;com.oppo.launcher.permission.READ_SETTINGS;com.oppo.launcher.permission.WRITE_SETTINGS;com.sec.android.provider.badge.permission.READ;com.sec.android.provider.badge.permission.WRITE;com.sonyericsson.home.permission.BROADCAST_BADGE;com.sonymobile.home.permission.PROVIDER_INSERT_BADGE;me.everything.badger.permission.BADGE_COUNT_READ;me.everything.badger.permission.BADGE_COUNT_WRITE,Yes,No,No,No,No,No,No,No,No,No,No,No,No,No,No,No,No,No,FALSE,,N/A,,N/A,,N/A,,N/A,,TRUE,android.permission.ACCESS_FINE_LOCATION,TRUE,android.permission.ACCESS_FINE_LOCATION
/data/olawalea/LoanApps/IndonesiaApproved/com.wDanaKita_KBL_2018-03-28.apk,DanaKita,com.wDanaKita_KBL,1.0,1522262758,14,25,Indonesia/Approved,android.permission.ACCESS_COARSE_LOCATION;android.permission.ACCESS_FINE_LOCATION;android.permission.ACCESS_NETWORK_STATE;android.permission.ACCESS_WIFI_STATE;android.permission.BLUETOOTH;android.permission.BLUETOOTH_ADMIN;android.permission.CHANGE_WIFI_STATE;android.permission.GET_ACCOUNTS;android.permission.INTERNET;android.permission.READ_EXTERNAL_STORAGE;android.permission.READ_PHONE_STATE;android.permission.RECEIVE_BOOT_COMPLETED;android.permission.SYSTEM_ALERT_WINDOW;android.permission.WAKE_LOCK;android.permission.WRITE_EXTERNAL_STORAGE;android.webkit.permission.PLUGIN;com.anddoes.launcher.permission.UPDATE_COUNT;com.android.alarm.permission.SET_ALARM;com.android.browser.permission.READ_HISTORY_BOOKMARKS;com.android.launcher.permission.INSTALL_SHORTCUT;com.google.android.c2dm.permission.RECEIVE;com.google.android.gms.permission.ACTIVITY_RECOGNITION;com.htc.launcher.permission.READ_SETTINGS;com.htc.launcher.permission.UPDATE_SHORTCUT;com.huawei.android.launcher.permission.CHANGE_BADGE;com.huawei.android.launcher.permission.READ_SETTINGS;com.huawei.android.launcher.permission.WRITE_SETTINGS;com.majeur.launcher.permission.UPDATE_BADGE;com.sec.android.provider.badge.permission.READ;com.sec.android.provider.badge.permission.WRITE;com.sonyericsson.home.permission.BROADCAST_BADGE;com.sonymobile.home.permission.PROVIDER_INSERT_BADGE,Yes,Yes,No,No,No,No,No,Yes,No,No,No,No,No,No,No,No,No,Yes,FALSE,,N/A,,N/A,,N/A,,N/A,,TRUE,android.permission.ACCESS_FINE_LOCATION;android.permission.READ_EXTERNAL_STORAGE;android.permission.WRITE_EXTERNAL_STORAGE,TRUE,android.permission.ACCESS_FINE_LOCATION;android.permission.GET_ACCOUNTS;android.permission.READ_EXTERNAL_STORAGE;android.permission.WRITE_EXTERNAL_STORAGE
/data/olawalea/LoanApps/IndonesiaApproved/Akseleran.apk,Akseleran,com.akseleran.crowdfund,1.8.2,23,16,28,Indonesia/Approved,android.permission.ACCESS_NETWORK_STATE;android.permission.ACCESS_WIFI_STATE;android.permission.CAMERA;android.permission.INTERNET;android.permission.WAKE_LOCK;com.google.android.c2dm.permission.RECEIVE;com.google.android.finsky.permission.BIND_GET_INSTALL_REFERRER_SERVICE;com.google.android.providers.gsf.permission.READ_GSERVICES,No,No,No,No,No,No,No,No,No,No,No,No,No,No,No,No,No,No,FALSE,,N/A,,N/A,,N/A,,N/A,,FALSE,,FALSE,
/data/olawalea/LoanApps/IndonesiaApproved/com.asf.singa_2024-08-22.apk,Singa,com.asf.singa,2.4.3,137,21,34,Indonesia/Approved,android.permission.ACCESS_ADSERVICES_AD_ID;android.permission.ACCESS_ADSERVICES_ATTRIBUTION;android.permission.ACCESS_ADSERVICES_TOPICS;android.permission.ACCESS_COARSE_LOCATION;android.permission.ACCESS_NETWORK_STATE;android.permission.ACCESS_WIFI_STATE;android.permission.CAMERA;android.permission.CHANGE_NETWORK_STATE;android.permission.CHANGE_WIFI_STATE;android.permission.FOREGROUND_SERVICE;android.permission.INTERNET;android.permission.POST_NOTIFICATIONS;android.permission.READ_CALENDAR;android.permission.WAKE_LOCK;android.permission.WRITE_CALENDAR;com.asf.singa.DYNAMIC_RECEIVER_NOT_EXPORTED_PERMISSION;com.google.android.c2dm.permission.RECEIVE;com.google.android.finsky.permission.BIND_GET_INSTALL_REFERRER_SERVICE;com.google.android.gms.permission.AD_ID,No,No,No,No,No,No,No,No,No,No,No,No,No,No,No,No,No,No,FALSE,,N/A,,N/A,,N/A,,N/A,,FALSE,,FALSE,
/data/olawalea/LoanApps/IndonesiaApproved/com.pbejydgb.ygzxmzcg_2019-06-28.apk,Danakini,com.pbejydgb.ygzxmzcg,2.13.13,13,16,26,Indonesia/Approved,android.permission.ACCESS_COARSE_LOCATION;android.permission.ACCESS_FINE_LOCATION;android.permission.ACCESS_NETWORK_STATE;android.permission.CAMERA;android.permission.INTERNET;android.permission.READ_CONTACTS;android.permission.READ_EXTERNAL_STORAGE;android.permission.READ_PHONE_STATE;android.permission.RECORD_AUDIO;android.permission.VIBRATE;android.permission.WAKE_LOCK;android.permission.WRITE_EXTERNAL_STORAGE;com.google.android.c2dm.permission.RECEIVE;com.google.android.finsky.permission.BIND_GET_INSTALL_REFERRER_SERVICE,Yes,No,No,No,No,No,Yes,Yes,No,No,No,No,No,No,No,No,No,Yes,FALSE,,N/A,,N/A,,N/A,,N/A,,TRUE,android.permission.ACCESS_FINE_LOCATION;android.permission.READ_CONTACTS;android.permission.READ_EXTERNAL_STORAGE;android.permission.WRITE_EXTERNAL_STORAGE,TRUE,android.permission.ACCESS_FINE_LOCATION;android.permission.READ_CONTACTS;android.permission.READ_EXTERNAL_STORAGE;android.permission.WRITE_EXTERNAL_STORAGE
/data/olawalea/LoanApps/IndonesiaApproved/com.iss.client.cairin_2024-07-25.apk,,com.iss.client.cairin,2.8.9,289,,,Indonesia/Approved,android.permission.ACCESS_ADSERVICES_ATTRIBUTION;android.permission.ACCESS_COARSE_LOCATION;android.permission.ACCESS_NETWORK_STATE;android.permission.ACCESS_WIFI_STATE;android.permission.BLUETOOTH;android.permission.CAMERA;android.permission.CHANGE_WIFI_STATE;android.permission.INTERNET;android.permission.POST_NOTIFICATIONS;android.permission.READ_LOGS;android.permission.REORDER_TASKS;android.permission.SYSTEM_ALERT_WINDOW;android.permission.WAKE_LOCK;com.google.android.c2dm.permission.RECEIVE;com.google.android.finsky.permission.BIND_GET_INSTALL_REFERRER_SERVICE;com.google.android.gms.permission.AD_ID;com.huawei.appmarket.service.commondata.permission.GET_COMMON_DATA;com.iss.client.cairin.DYNAMIC_RECEIVER_NOT_EXPORTED_PERMISSION,No,No,No,No,No,No,No,No,No,No,No,No,No,No,No,No,No,No,FALSE,,N/A,,N/A,,N/A,,N/A,,FALSE,,FALSE,
/data/olawalea/LoanApps/IndonesiaApproved/com.stanfordtek.pinjamduit_2024-07-03.apk,PinjamDuit,com.stanfordtek.pinjamduit,5.6.3,228,21,34,Indonesia/Approved,android.permission.ACCESS_COARSE_LOCATION;android.permission.ACCESS_NETWORK_STATE;android.permission.ACCESS_WIFI_STATE;android.permission.CAMERA;android.permission.FOREGROUND_SERVICE;android.permission.INTERNET;android.permission.POST_NOTIFICATIONS;android.permission.RECEIVE_BOOT_COMPLETED;android.permission.WAKE_LOCK;com.google.android.c2dm.permission.RECEIVE;com.google.android.finsky.permission.BIND_GET_INSTALL_REFERRER_SERVICE;com.google.android.gms.permission.AD_ID;com.stanfordtek.pinjamduit.DYNAMIC_RECEIVER_NOT_EXPORTED_PERMISSION,No,No,No,No,No,No,No,No,No,No,No,No,No,No,No,No,No,No,FALSE,,N/A,,N/A,,N/A,,N/A,,FALSE,,FALSE,
/data/olawalea/LoanApps/NigeriaApproved/True Loan.apk,True Loan,team.trueloan.loan,1.0.0,1,21,34,Nigeria/Approved,android.permission.ACCESS_ADSERVICES_AD_ID;android.permission.ACCESS_ADSERVICES_ATTRIBUTION;android.permission.ACCESS_ADSERVICES_CUSTOM_AUDIENCE;android.permission.ACCESS_COARSE_LOCATION;android.permission.ACCESS_NETWORK_STATE;android.permission.ACCESS_WIFI_STATE;android.permission.BLUETOOTH;android.permission.INTERNET;android.permission.PACKAGE_USAGE_STATS;android.permission.READ_CALENDAR;android.permission.READ_PHONE_STATE;android.permission.READ_SMS;android.permission.WAKE_LOCK;android.permission.WRITE_CALENDAR;com.android.vending.CHECK_LICENSE;com.google.android.finsky.permission.BIND_GET_INSTALL_REFERRER_SERVICE;com.google.android.gms.permission.AD_ID;com.google.android.providers.gsf.permission.READ_GSERVICES;team.trueloan.loan.DYNAMIC_RECEIVER_NOT_EXPORTED_PERMISSION,No,No,No,No,No,No,No,No,No,No,No,No,Yes,No,No,No,No,No,N/A,,N/A,,FALSE,,N/A,,N/A,,FALSE,,TRUE,android.permission.READ_SMS
/data/olawalea/LoanApps/NigeriaApproved/RexAfrica.apk,,com.rexmfb.mobile,1.1.1,8,,,Nigeria/Approved,android.permission.ACCESS_ADSERVICES_AD_ID;android.permission.ACCESS_ADSERVICES_ATTRIBUTION;android.permission.ACCESS_FINE_LOCATION;android.permission.ACCESS_NETWORK_STATE;android.permission.ACCESS_WIFI_STATE;android.permission.CAMERA;android.permission.INTERNET;android.permission.POST_NOTIFICATIONS;android.permission.READ_EXTERNAL_STORAGE;android.permission.RECORD_AUDIO;android.permission.USE_BIOMETRIC;android.permission.USE_FINGERPRINT;android.permission.VIBRATE;android.permission.WAKE_LOCK;android.permission.WRITE_EXTERNAL_STORAGE;com.google.android.c2dm.permission.RECEIVE;com.google.android.finsky.permission.BIND_GET_INSTALL_REFERRER_SERVICE;com.google.android.gms.permission.AD_ID;com.rexmfb.mobile.DYNAMIC_RECEIVER_NOT_EXPORTED_PERMISSION;com.rexmfb.mobile.permission.WRITE_SCHEDULE,Yes,No,No,No,No,No,No,Yes,No,No,No,No,No,No,No,No,No,Yes,N/A,,N/A,,TRUE,android.permission.READ_EXTERNAL_STORAGE;android.permission.WRITE_EXTERNAL_STORAGE,N/A,,N/A,,TRUE,android.permission.ACCESS_FINE_LOCATION;android.permission.READ_EXTERNAL_STORAGE;android.permission.WRITE_EXTERNAL_STORAGE,TRUE,android.permission.ACCESS_FINE_LOCATION;android.permission.READ_EXTERNAL_STORAGE;android.permission.WRITE_EXTERNAL_STORAGE
/data/olawalea/LoanApps/NigeriaApproved/Futurecash.apk,,com.futurecash.nl.re,1.1.1,2,,,Nigeria/Approved,android.permission.ACCESS_COARSE_LOCATION;android.permission.ACCESS_NETWORK_STATE;android.permission.ACCESS_WIFI_STATE;android.permission.INTERNET;android.permission.PACKAGE_USAGE_STATS;android.permission.READ_CALENDAR;android.permission.READ_PHONE_STATE;android.permission.READ_SMS;android.permission.WAKE_LOCK;android.permission.WRITE_CALENDAR;com.futurecash.nl.re.DYNAMIC_RECEIVER_NOT_EXPORTED_PERMISSION;com.google.android.finsky.permission.BIND_GET_INSTALL_REFERRER_SERVICE;com.google.android.gms.permission.AD_ID,No,No,No,No,No,No,No,No,No,No,No,No,Yes,No,No,No,No,No,N/A,,N/A,,FALSE,,N/A,,N/A,,FALSE,,TRUE,android.permission.READ_SMS
/data/olawalea/LoanApps/NigeriaApproved/Umba.apk,Umba,com.beatha.mkopokaka,1.56.0,1368,24,35,Nigeria/Approved,android.permission.ACCESS_COARSE_LOCATION;android.permission.ACCESS_FINE_LOCATION;android.permission.ACCESS_MEDIA_LOCATION;android.permission.ACCESS_NETWORK_STATE;android.permission.ACCESS_WIFI_STATE;android.permission.CAMERA;android.permission.FOREGROUND_SERVICE;android.permission.GET_ACCOUNTS;android.permission.INTERNET;android.permission.POST_NOTIFICATIONS;android.permission.READ_CONTACTS;android.permission.READ_EXTERNAL_STORAGE;android.permission.READ_MEDIA_AUDIO;android.permission.READ_MEDIA_IMAGES;android.permission.READ_MEDIA_VIDEO;android.permission.READ_PHONE_NUMBERS;android.permission.READ_PHONE_STATE;android.permission.READ_SMS;android.permission.RECEIVE_BOOT_COMPLETED;android.permission.USE_BIOMETRIC;android.permission.USE_FINGERPRINT;android.permission.VIBRATE;android.permission.WAKE_LOCK;android.permission.WRITE_EXTERNAL_STORAGE;com.beatha.mkopokaka.DYNAMIC_RECEIVER_NOT_EXPORTED_PERMISSION;com.google.android.c2dm.permission.RECEIVE;com.google.android.finsky.permission.BIND_GET_INSTALL_REFERRER_SERVICE;com.google.android.gms.permission.AD_ID,Yes,Yes,No,No,No,No,Yes,Yes,Yes,Yes,Yes,Yes,Yes,No,No,No,No,Yes,N/A,,N/A,,TRUE,android.permission.GET_ACCOUNTS;android.permission.READ_CONTACTS;android.permission.READ_EXTERNAL_STORAGE;android.permission.READ_MEDIA_AUDIO;android.permission.READ_MEDIA_IMAGES;android.permission.READ_MEDIA_VIDEO;android.permission.WRITE_EXTERNAL_STORAGE,N/A,,N/A,,TRUE,android.permission.ACCESS_FINE_LOCATION;android.permission.READ_CONTACTS;android.permission.READ_EXTERNAL_STORAGE;android.permission.READ_MEDIA_IMAGES;android.permission.READ_MEDIA_VIDEO;android.permission.READ_PHONE_NUMBERS;android.permission.WRITE_EXTERNAL_STORAGE,TRUE,android.permission.ACCESS_FINE_LOCATION;android.permission.GET_ACCOUNTS;android.permission.READ_CONTACTS;android.permission.READ_EXTERNAL_STORAGE;android.permission.READ_MEDIA_AUDIO;android.permission.READ_MEDIA_IMAGES;android.permission.READ_MEDIA_VIDEO;android.permission.READ_PHONE_NUMBERS;android.permission.READ_SMS;android.permission.WRITE_EXTERNAL_STORAGE
/data/olawalea/LoanApps/NigeriaApproved/9money.apk,9money,com.credit.ninemoney,1.2.2,12200,21,34,Nigeria/Approved,android.permission.ACCESS_COARSE_LOCATION;android.permission.ACCESS_NETWORK_STATE;android.permission.ACCESS_WIFI_STATE;android.permission.CAMERA;android.permission.DOWNLOAD_WITHOUT_NOTIFICATION;android.permission.INTERNET;android.permission.POST_NOTIFICATIONS;android.permission.READ_CALENDAR;android.permission.READ_PHONE_STATE;android.permission.READ_SMS;android.permission.WAKE_LOCK;android.permission.WRITE_CALENDAR;com.google.android.c2dm.permission.RECEIVE;com.google.android.finsky.permission.BIND_GET_INSTALL_REFERRER_SERVICE;com.google.android.gms.permission.AD_ID,No,No,No,No,No,No,No,No,No,No,No,No,Yes,No,No,No,No,No,N/A,,N/A,,FALSE,,N/A,,N/A,,FALSE,,TRUE,android.permission.READ_SMS
/data/olawalea/LoanApps/NigeriaApproved/Flex Finance.apk,,business.finance.flex,0.11.51,202,,,Nigeria/Approved,android.permission.ACCESS_NETWORK_STATE;android.permission.ACCESS_WIFI_STATE;android.permission.CAMERA;android.permission.FOREGROUND_SERVICE;android.permission.INTERNET;android.permission.POST_NOTIFICATIONS;android.permission.READ_APP_BADGE;android.permission.READ_EXTERNAL_STORAGE;android.permission.READ_INTERNAL_STORAGE;android.permission.RECEIVE_BOOT_COMPLETED;android.permission.USE_BIOMETRIC;android.permission.USE_FINGERPRINT;android.permission.VIBRATE;android.permission.WAKE_LOCK;android.permission.WRITE_EXTERNAL_STORAGE;android.permission.WRITE_SETTINGS;business.finance.flex.DYNAMIC_RECEIVER_NOT_EXPORTED_PERMISSION;business.finance.flex.permission.C2D_MESSAGE;com.anddoes.launcher.permission.UPDATE_COUNT;com.android.vending.CHECK_LICENSE;com.fingerprints.service.ACCESS_FINGERPRINT_MANAGER;com.google.android.c2dm.permission.RECEIVE;com.google.android.finsky.permission.BIND_GET_INSTALL_REFERRER_SERVICE;com.google.android.gms.permission.AD_ID;com.htc.launcher.permission.READ_SETTINGS;com.htc.launcher.permission.UPDATE_SHORTCUT;com.huawei.android.launcher.permission.CHANGE_BADGE;com.huawei.android.launcher.permission.READ_SETTINGS;com.huawei.android.launcher.permission.WRITE_SETTINGS;com.majeur.launcher.permission.UPDATE_BADGE;com.oppo.launcher.permission.READ_SETTINGS;com.oppo.launcher.permission.WRITE_SETTINGS;com.samsung.android.providers.context.permission.WRITE_USE_APP_FEATURE_SURVEY;com.sec.android.provider.badge.permission.READ;com.sec.android.provider.badge.permission.WRITE;com.sonyericsson.home.permission.BROADCAST_BADGE;com.sonymobile.home.permission.PROVIDER_INSERT_BADGE;me.everything.badger.permission.BADGE_COUNT_READ;me.everything.badger.permission.BADGE_COUNT_WRITE,No,No,No,No,No,No,No,Yes,No,No,No,No,No,No,No,No,No,Yes,N/A,,N/A,,TRUE,android.permission.READ_EXTERNAL_STORAGE;android.permission.WRITE_EXTERNAL_STORAGE,N/A,,N/A,,TRUE,android.permission.READ_EXTERNAL_STORAGE;android.permission.WRITE_EXTERNAL_STORAGE,TRUE,android.permission.READ_EXTERNAL_STORAGE;android.permission.WRITE_EXTERNAL_STORAGE
/data/olawalea/LoanApps/NigeriaApproved/EasyKash.apk,EasyKash,easykash.creditapp.loan,1.0.3,8,21,33,Nigeria/Approved,android.permission.ACCESS_COARSE_LOCATION;android.permission.ACCESS_NETWORK_STATE;android.permission.ACCESS_WIFI_STATE;android.permission.CAMERA;android.permission.CHANGE_WIFI_STATE;android.permission.FOREGROUND_SERVICE;android.permission.INTERNET;android.permission.READ_CALL_LOG;android.permission.READ_PHONE_STATE;android.permission.READ_SMS;com.google.android.finsky.permission.BIND_GET_INSTALL_REFERRER_SERVICE;com.google.android.gms.permission.AD_ID;com.google.android.providers.gsf.permission.READ_GSERVICES;easykash.creditapp.loan.DYNAMIC_RECEIVER_NOT_EXPORTED_PERMISSION,No,No,No,No,No,Yes,No,No,No,No,No,No,Yes,No,No,No,No,No,N/A,,N/A,,TRUE,android.permission.READ_CALL_LOG,N/A,,N/A,,FALSE,,TRUE,android.permission.READ_CALL_LOG;android.permission.READ_SMS
/data/olawalea/LoanApps/NigeriaApproved/Menofund.apk,Menofund,com.menofund.ng,1.16,10016,17,33,Nigeria/Approved,android.permission.ACCESS_NETWORK_STATE;android.permission.INTERNET,No,No,No,No,No,No,No,No,No,No,No,No,No,No,No,No,No,No,N/A,,N/A,,FALSE,,N/A,,N/A,,FALSE,,FALSE,
/data/olawalea/LoanApps/NigeriaApproved/OPP Cash.apk,,com.application.lend,1.0.6,106,,,Nigeria/Approved,android.permission.INTERNET;com.application.lend.DYNAMIC_RECEIVER_NOT_EXPORTED_PERMISSION,No,No,No,No,No,No,No,No,No,No,No,No,No,No,No,No,No,No,N/A,,N/A,,FALSE,,N/A,,N/A,,FALSE,,FALSE,
/data/olawalea/LoanApps/NigeriaApproved/Kobogo.apk,,ng.kobogo.mobile,25.1.6,179,,,Nigeria/Approved,android.permission.ACCESS_ADSERVICES_AD_ID;android.permission.ACCESS_ADSERVICES_ATTRIBUTION;android.permission.ACCESS_NETWORK_STATE;android.permission.ACCESS_WIFI_STATE;android.permission.INTERNET;android.permission.POST_NOTIFICATIONS;android.permission.READ_CALENDAR;android.permission.WAKE_LOCK;android.permission.WRITE_CALENDAR;com.google.android.c2dm.permission.RECEIVE;com.google.android.finsky.permission.BIND_GET_INSTALL_REFERRER_SERVICE;com.google.android.gms.permission.AD_ID;com.huawei.appmarket.service.commondata.permission.GET_COMMON_DATA;com.samsung.android.mapsagent.permission.READ_APP_INFO;ng.kobogo.mobile.DYNAMIC_RECEIVER_NOT_EXPORTED_PERMISSION,No,No,No,No,No,No,No,No,No,No,No,No,No,No,No,No,No,No,N/A,,N/A,,FALSE,,N/A,,N/A,,FALSE,,FALSE,
/data/olawalea/LoanApps/NigeriaApproved/Veend.apk,,com.veendhq.mobileApp,1.0.1.34,10034,,,Nigeria/Approved,android.permission.ACCESS_NETWORK_STATE;android.permission.ACCESS_WIFI_STATE;android.permission.CAMERA;android.permission.INTERNET;android.permission.MODIFY_AUDIO_SETTINGS;android.permission.READ_CONTACTS;android.permission.READ_EXTERNAL_STORAGE;android.permission.WAKE_LOCK;android.permission.WRITE_EXTERNAL_STORAGE;com.android.vending.CHECK_LICENSE;com.google.android.c2dm.permission.RECEIVE;com.google.android.finsky.permission.BIND_GET_INSTALL_REFERRER_SERVICE,No,No,No,No,No,No,Yes,Yes,No,No,No,No,No,No,No,No,No,Yes,N/A,,N/A,,TRUE,android.permission.READ_CONTACTS;android.permission.READ_EXTERNAL_STORAGE;android.permission.WRITE_EXTERNAL_STORAGE,N/A,,N/A,,TRUE,android.permission.READ_CONTACTS;android.permission.READ_EXTERNAL_STORAGE;android.permission.WRITE_EXTERNAL_STORAGE,TRUE,android.permission.READ_CONTACTS;android.permission.READ_EXTERNAL_STORAGE;android.permission.WRITE_EXTERNAL_STORAGE
/data/olawalea/LoanApps/NigeriaApproved/Aella.apk,,com.aella.comportal,9.19.12,459,,,Nigeria/Approved,android.permission.ACCESS_ADSERVICES_AD_ID;android.permission.ACCESS_ADSERVICES_ATTRIBUTION;android.permission.ACCESS_BACKGROUND_LOCATION;android.permission.ACCESS_COARSE_LOCATION;android.permission.ACCESS_FINE_LOCATION;android.permission.ACCESS_NETWORK_STATE;android.permission.ACCESS_WIFI_STATE;android.permission.CAMERA;android.permission.FOREGROUND_SERVICE;android.permission.FOREGROUND_SERVICE_LOCATION;android.permission.INTERNET;android.permission.POST_NOTIFICATIONS;android.permission.READ_PHONE_STATE;android.permission.RECEIVE_BOOT_COMPLETED;android.permission.RECORD_AUDIO;android.permission.USE_BIOMETRIC;android.permission.USE_FINGERPRINT;android.permission.VIBRATE;android.permission.WAKE_LOCK;com.aella.comportal.DYNAMIC_RECEIVER_NOT_EXPORTED_PERMISSION;com.google.android.c2dm.permission.RECEIVE;com.google.android.finsky.permission.BIND_GET_INSTALL_REFERRER_SERVICE;com.google.android.gms.permission.AD_ID,Yes,No,No,No,No,No,No,No,No,No,No,No,No,No,No,No,No,No,N/A,,N/A,,FALSE,,N/A,,N/A,,TRUE,android.permission.ACCESS_FINE_LOCATION,TRUE,android.permission.ACCESS_FINE_LOCATION
/data/olawalea/LoanApps/NigeriaApproved/IntsWallet.apk,IntsWallet,com.ng.flexfund,1.0.8,15,16,33,Nigeria/Approved,android.permission.ACCESS_COARSE_LOCATION;android.permission.ACCESS_NETWORK_STATE;android.permission.ACCESS_WIFI_STATE;android.permission.CAMERA;android.permission.CHANGE_NETWORK_STATE;android.permission.CHANGE_WIFI_STATE;android.permission.INTERNET;android.permission.READ_CALENDAR;android.permission.READ_CALL_LOG;android.permission.READ_PHONE_STATE;android.permission.WAKE_LOCK;android.permission.WRITE_CALENDAR;com.google.android.gms.permission.AD_ID,No,No,No,No,No,Yes,No,No,No,No,No,No,No,No,No,No,No,No,N/A,,N/A,,TRUE,android.permission.READ_CALL_LOG,N/A,,N/A,,FALSE,,TRUE,android.permission.READ_CALL_LOG
/data/olawalea/LoanApps/NigeriaApproved/Hizo.apk,HIZO,com.hizo.hizo,1.2.14,21,21,34,Nigeria/Approved,android.permission.ACCESS_NETWORK_STATE;android.permission.CAMERA;android.permission.INTERNET;android.permission.POST_NOTIFICATIONS;android.permission.RECORD_AUDIO;android.permission.VIBRATE;android.permission.WAKE_LOCK;com.google.android.c2dm.permission.RECEIVE;com.google.android.finsky.permission.BIND_GET_INSTALL_REFERRER_SERVICE;com.google.android.gms.permission.AD_ID;com.hizo.hizo.DYNAMIC_RECEIVER_NOT_EXPORTED_PERMISSION;com.hizo.hizo.permission.WRITE_SCHEDULE,No,No,No,No,No,No,No,No,No,No,No,No,No,No,No,No,No,No,N/A,,N/A,,FALSE,,N/A,,N/A,,FALSE,,FALSE,
/data/olawalea/LoanApps/NigeriaApproved/Tcredit.apk,Tcredit,com.nigeria.tcredit,1.2.5,12500,21,33,Nigeria/Approved,android.permission.ACCESS_COARSE_LOCATION;android.permission.ACCESS_NETWORK_STATE;android.permission.ACCESS_WIFI_STATE;android.permission.CAMERA;android.permission.DOWNLOAD_WITHOUT_NOTIFICATION;android.permission.INTERNET;android.permission.POST_NOTIFICATIONS;android.permission.READ_CALENDAR;android.permission.READ_PHONE_STATE;android.permission.READ_SMS;android.permission.WAKE_LOCK;com.google.android.c2dm.permission.RECEIVE;com.google.android.finsky.permission.BIND_GET_INSTALL_REFERRER_SERVICE;com.google.android.gms.permission.AD_ID,No,No,No,No,No,No,No,No,No,No,No,No,Yes,No,No,No,No,No,N/A,,N/A,,FALSE,,N/A,,N/A,,FALSE,,TRUE,android.permission.READ_SMS
/data/olawalea/LoanApps/NigeriaApproved/SavingsBox.apk,SavingsBox,com.reliance.savingsbox,1.0.21,64,21,34,Nigeria/Approved,android.permission.ACCESS_ADSERVICES_AD_ID;android.permission.ACCESS_ADSERVICES_ATTRIBUTION;android.permission.ACCESS_NETWORK_STATE;android.permission.CAMERA;android.permission.INTERNET;android.permission.MICROPHONE;android.permission.POST_NOTIFICATIONS;android.permission.READ_EXTERNAL_STORAGE;android.permission.READ_MEDIA_AUDIO;android.permission.READ_MEDIA_IMAGES;android.permission.READ_MEDIA_VIDEO;android.permission.READ_MEDIA_VIDEOS;android.permission.RECORD_AUDIO;android.permission.USE_BIOMETRIC;android.permission.USE_FINGERPRINT;android.permission.VIBRATE;android.permission.WAKE_LOCK;android.permission.WRITE_EXTERNAL_STORAGE;com.google.android.c2dm.permission.RECEIVE;com.google.android.finsky.permission.BIND_GET_INSTALL_REFERRER_SERVICE;com.google.android.gms.permission.AD_ID;com.reliance.savingsbox.DYNAMIC_RECEIVER_NOT_EXPORTED_PERMISSION;com.reliance.savingsbox.permission.WRITE_SCHEDULE,No,No,No,No,No,No,No,Yes,Yes,Yes,Yes,No,No,No,No,No,No,Yes,N/A,,N/A,,TRUE,android.permission.READ_EXTERNAL_STORAGE;android.permission.READ_MEDIA_AUDIO;android.permission.READ_MEDIA_IMAGES;android.permission.READ_MEDIA_VIDEO;android.permission.WRITE_EXTERNAL_STORAGE,N/A,,N/A,,TRUE,android.permission.READ_EXTERNAL_STORAGE;android.permission.READ_MEDIA_IMAGES;android.permission.READ_MEDIA_VIDEO;android.permission.WRITE_EXTERNAL_STORAGE,TRUE,android.permission.READ_EXTERNAL_STORAGE;android.permission.READ_MEDIA_AUDIO;android.permission.READ_MEDIA_IMAGES;android.permission.READ_MEDIA_VIDEO;android.permission.WRITE_EXTERNAL_STORAGE
/data/olawalea/LoanApps/NigeriaApproved/Traction.apk,,co.tractionapp.traction,5.1.000,51000,,,Nigeria/Approved,android.permission.ACCESS_COARSE_LOCATION;android.permission.ACCESS_FINE_LOCATION;android.permission.ACCESS_MEDIA_LOCATION;android.permission.ACCESS_NETWORK_STATE;android.permission.ACCESS_WIFI_STATE;android.permission.ACTION_OPEN_DOCUMENT;android.permission.BLUETOOTH;android.permission.BLUETOOTH_ADMIN;android.permission.BLUETOOTH_CONNECT;android.permission.BLUETOOTH_SCAN;android.permission.BROADCAST_STICKY;android.permission.CAMERA;android.permission.CLOUDPOS_CONTACTLESS_CARD;android.permission.CLOUDPOS_EMV;android.permission.CLOUDPOS_LED;android.permission.CLOUDPOS_MSR;android.permission.CLOUDPOS_PINPAD;android.permission.CLOUDPOS_PIN_ENCRYPT_DATA;android.permission.CLOUDPOS_PIN_GET_PIN_BLOCK;android.permission.CLOUDPOS_PIN_MAC;android.permission.CLOUDPOS_PIN_UPDATE_MASTER_KEY;android.permission.CLOUDPOS_PIN_UPDATE_USER_KEY;android.permission.CLOUDPOS_PRINTER;android.permission.CLOUDPOS_SAFE_MODULE;android.permission.CLOUDPOS_SAFE_MODULE_READONLY;android.permission.CLOUDPOS_SMARTCARD;android.permission.FOREGROUND_SERVICE;android.permission.INTERNET;android.permission.READ_CONTACTS;android.permission.READ_EXTERNAL_STORAGE;android.permission.READ_MEDIA_AUDIO;android.permission.READ_MEDIA_IMAGES;android.permission.READ_MEDIA_VIDEO;android.permission.RECEIVE_BOOT_COMPLETED;android.permission.REORDER_TASKS;android.permission.REQUEST_IGNORE_BATTERY_OPTIMIZATIONS;android.permission.WAKE_LOCK;android.permission.WRITE_EXTERNAL_STORAGE;com.google.android.c2dm.permission.RECEIVE;com.google.android.finsky.permission.BIND_GET_INSTALL_REFERRER_SERVICE;com.google.android.gms.permission.AD_ID,Yes,No,No,No,No,No,Yes,Yes,Yes,Yes,Yes,No,No,No,No,No,No,Yes,N/A,,N/A,,TRUE,android.permission.READ_CONTACTS;android.permission.READ_EXTERNAL_STORAGE;android.permission.READ_MEDIA_AUDIO;android.permission.READ_MEDIA_IMAGES;android.permission.READ_MEDIA_VIDEO;android.permission.WRITE_EXTERNAL_STORAGE,N/A,,N/A,,TRUE,android.permission.ACCESS_FINE_LOCATION;android.permission.READ_CONTACTS;android.permission.READ_EXTERNAL_STORAGE;android.permission.READ_MEDIA_IMAGES;android.permission.READ_MEDIA_VIDEO;android.permission.WRITE_EXTERNAL_STORAGE,TRUE,android.permission.ACCESS_FINE_LOCATION;android.permission.READ_CONTACTS;android.permission.READ_EXTERNAL_STORAGE;android.permission.READ_MEDIA_AUDIO;android.permission.READ_MEDIA_IMAGES;android.permission.READ_MEDIA_VIDEO;android.permission.WRITE_EXTERNAL_STORAGE
/data/olawalea/LoanApps/NigeriaApproved/Pivo.apk,Pivo,africa.pivo,2.0.4,15,21,33,Nigeria/Approved,africa.pivo.DYNAMIC_RECEIVER_NOT_EXPORTED_PERMISSION;android.permission.ACCESS_NETWORK_STATE;android.permission.INTERNET;android.permission.POST_NOTIFICATIONS;android.permission.QUERY_ALL_PACKAGES;android.permission.READ_EXTERNAL_STORAGE;android.permission.READ_MEDIA_AUDIO;android.permission.READ_MEDIA_IMAGES;android.permission.RECEIVE_BOOT_COMPLETED;android.permission.SCHEDULE_EXACT_ALARM;android.permission.USE_BIOMETRIC;android.permission.USE_FINGERPRINT;android.permission.USE_FULL_SCREEN_INTENT;android.permission.VIBRATE;android.permission.WAKE_LOCK;com.google.android.c2dm.permission.RECEIVE;com.google.android.finsky.permission.BIND_GET_INSTALL_REFERRER_SERVICE;com.google.android.gms.permission.AD_ID,No,No,No,No,Yes,No,No,Yes,Yes,Yes,No,No,No,No,No,No,No,No,N/A,,N/A,,TRUE,android.permission.READ_EXTERNAL_STORAGE;android.permission.READ_MEDIA_AUDIO;android.permission.READ_MEDIA_IMAGES,N/A,,N/A,,TRUE,android.permission.QUERY_ALL_PACKAGES;android.permission.READ_EXTERNAL_STORAGE;android.permission.READ_MEDIA_IMAGES,TRUE,android.permission.QUERY_ALL_PACKAGES;android.permission.READ_EXTERNAL_STORAGE;android.permission.READ_MEDIA_AUDIO;android.permission.READ_MEDIA_IMAGES
/data/olawalea/LoanApps/NigeriaApproved/NiceCredit.apk,,com.nice.credit.nigeria,1.0.1,2,,,Nigeria/Approved,android.permission.ACCESS_COARSE_LOCATION;android.permission.ACCESS_NETWORK_STATE;android.permission.ACCESS_WIFI_STATE;android.permission.BLUETOOTH;android.permission.INTERNET;android.permission.LOCAL_MAC_ADDRESS;android.permission.READ_PHONE_STATE;android.permission.WAKE_LOCK;com.google.android.c2dm.permission.RECEIVE;com.google.android.finsky.permission.BIND_GET_INSTALL_REFERRER_SERVICE;com.google.android.gms.permission.AD_ID,No,No,No,No,No,No,No,No,No,No,No,No,No,No,No,No,No,No,N/A,,N/A,,FALSE,,N/A,,N/A,,FALSE,,FALSE,
/data/olawalea/LoanApps/NigeriaApproved/QuickCheck.apk,,io.quickcheck.loans,8.1,16194718,,,Nigeria/Approved,android.permission.ACCESS_ADSERVICES_AD_ID;android.permission.ACCESS_ADSERVICES_ATTRIBUTION;android.permission.ACCESS_COARSE_LOCATION;android.permission.ACCESS_FINE_LOCATION;android.permission.ACCESS_NETWORK_STATE;android.permission.ACCESS_WIFI_STATE;android.permission.CAMERA;android.permission.FOREGROUND_SERVICE;android.permission.INTERNET;android.permission.POST_NOTIFICATIONS;android.permission.READ_EXTERNAL_STORAGE;android.permission.READ_PHONE_STATE;android.permission.READ_SMS;android.permission.RECEIVE_BOOT_COMPLETED;android.permission.SYSTEM_ALERT_WINDOW;android.permission.USE_BIOMETRIC;android.permission.USE_FINGERPRINT;android.permission.VIBRATE;android.permission.WAKE_LOCK;android.permission.WRITE_EXTERNAL_STORAGE;com.google.android.c2dm.permission.RECEIVE;com.google.android.finsky.permission.BIND_GET_INSTALL_REFERRER_SERVICE;com.google.android.gms.permission.AD_ID;com.truecaller.permission.sdk.internal.read_account_state;io.quickcheck.loans.DYNAMIC_RECEIVER_NOT_EXPORTED_PERMISSION,Yes,No,No,No,No,No,No,Yes,No,No,No,No,Yes,No,No,No,No,Yes,N/A,,N/A,,TRUE,android.permission.READ_EXTERNAL_STORAGE;android.permission.WRITE_EXTERNAL_STORAGE,N/A,,N/A,,TRUE,android.permission.ACCESS_FINE_LOCATION;android.permission.READ_EXTERNAL_STORAGE;android.permission.WRITE_EXTERNAL_STORAGE,TRUE,android.permission.ACCESS_FINE_LOCATION;android.permission.READ_EXTERNAL_STORAGE;android.permission.READ_SMS;android.permission.WRITE_EXTERNAL_STORAGE
/data/olawalea/LoanApps/NigeriaApproved/JARA CASH.apk,,com.jaraCash,1.0.3,103,,,Nigeria/Approved,android.permission.ACCESS_NETWORK_STATE;android.permission.INTERNET;android.permission.VIBRATE;com.jaraCash.DYNAMIC_RECEIVER_NOT_EXPORTED_PERMISSION,No,No,No,No,No,No,No,No,No,No,No,No,No,No,No,No,No,No,N/A,,N/A,,FALSE,,N/A,,N/A,,FALSE,,FALSE,
/data/olawalea/LoanApps/NigeriaApproved/Gogetcredit.apk,,go.get.credit,3.0.3,303,,,Nigeria/Approved,android.permission.ACCESS_ADSERVICES_ATTRIBUTION;android.permission.ACCESS_NETWORK_STATE;android.permission.ACCESS_WIFI_STATE;android.permission.BLUETOOTH;android.permission.BLUETOOTH_CONNECT;android.permission.INTERNET;android.permission.POST_NOTIFICATIONS;android.permission.READ_PHONE_STATE;android.permission.READ_SMS;android.permission.WAKE_LOCK;com.google.android.c2dm.permission.RECEIVE;com.google.android.finsky.permission.BIND_GET_INSTALL_REFERRER_SERVICE;com.google.android.gms.permission.AD_ID;com.google.android.providers.gsf.permission.READ_GSERVICES;com.huawei.appmarket.service.commondata.permission.GET_COMMON_DATA;go.get.credit.DYNAMIC_RECEIVER_NOT_EXPORTED_PERMISSION,No,No,No,No,No,No,No,No,No,No,No,No,Yes,No,No,No,No,No,N/A,,N/A,,FALSE,,N/A,,N/A,,FALSE,,TRUE,android.permission.READ_SMS
/data/olawalea/LoanApps/NigeriaApproved/GoLoan.apk,GoLoan,com.wegoloan.app.nigeria,1.9,9,21,33,Nigeria/Approved,android.permission.ACCESS_COARSE_LOCATION;android.permission.ACCESS_NETWORK_STATE;android.permission.ACCESS_WIFI_STATE;android.permission.CAMERA;android.permission.CHANGE_WIFI_MULTICAST_STATE;android.permission.CHANGE_WIFI_STATE;android.permission.INTERNET;android.permission.LOCAL_MAC_ADDRESS;android.permission.POST_NOTIFICATIONS;android.permission.READ_CALENDAR;android.permission.READ_PHONE_STATE;android.permission.READ_PRIVILEGED_PHONE_STATE;android.permission.READ_SMS;android.permission.WAKE_LOCK;com.google.android.c2dm.permission.RECEIVE;com.google.android.finsky.permission.BIND_GET_INSTALL_REFERRER_SERVICE;com.google.android.gms.permission.AD_ID,No,No,No,No,No,No,No,No,No,No,No,No,Yes,No,No,No,No,No,N/A,,N/A,,FALSE,,N/A,,N/A,,FALSE,,TRUE,android.permission.READ_SMS
/data/olawalea/LoanApps/NigeriaApproved/Aibanc.apk,,co.aibanc.Aibanc_APP,1.37.4,239,,,Nigeria/Approved,android.permission.ACCESS_NETWORK_STATE;android.permission.ACCESS_WIFI_STATE;android.permission.DOWNLOAD_WITHOUT_NOTIFICATION;android.permission.INTERNET;android.permission.POST_NOTIFICATIONS;android.permission.READ_EXTERNAL_STORAGE;android.permission.SYSTEM_ALERT_WINDOW;android.permission.USE_BIOMETRIC;android.permission.VIBRATE;android.permission.WAKE_LOCK;android.permission.WRITE_EXTERNAL_STORAGE;co.aibanc.Aibanc_APP.DYNAMIC_RECEIVER_NOT_EXPORTED_PERMISSION;com.google.android.c2dm.permission.RECEIVE;com.google.android.finsky.permission.BIND_GET_INSTALL_REFERRER_SERVICE,No,No,No,No,No,No,No,Yes,No,No,No,No,No,No,No,No,No,Yes,N/A,,N/A,,TRUE,android.permission.READ_EXTERNAL_STORAGE;android.permission.WRITE_EXTERNAL_STORAGE,N/A,,N/A,,TRUE,android.permission.READ_EXTERNAL_STORAGE;android.permission.WRITE_EXTERNAL_STORAGE,TRUE,android.permission.READ_EXTERNAL_STORAGE;android.permission.WRITE_EXTERNAL_STORAGE
/data/olawalea/LoanApps/NigeriaApproved/SilkLoan.apk,,silkloan.nigeria.credit.cash.loan,2.1.2,30,,,Nigeria/Approved,android.permission.ACCESS_ADSERVICES_ATTRIBUTION;android.permission.ACCESS_COARSE_LOCATION;android.permission.ACCESS_NETWORK_STATE;android.permission.ACCESS_WIFI_STATE;android.permission.CAMERA;android.permission.INTERNET;android.permission.POST_NOTIFICATIONS;android.permission.READ_SMS;android.permission.WAKE_LOCK;com.android.vending.CHECK_LICENSE;com.google.android.c2dm.permission.RECEIVE;com.google.android.finsky.permission.BIND_GET_INSTALL_REFERRER_SERVICE;com.google.android.gms.permission.AD_ID;com.huawei.appmarket.service.commondata.permission.GET_COMMON_DATA;silkloan.nigeria.credit.cash.loan.DYNAMIC_RECEIVER_NOT_EXPORTED_PERMISSION,No,No,No,No,No,No,No,No,No,No,No,No,Yes,No,No,No,No,No,N/A,,N/A,,FALSE,,N/A,,N/A,,FALSE,,TRUE,android.permission.READ_SMS
/data/olawalea/LoanApps/NigeriaApproved/PaydayHub.apk,PaydayHub,com.paydayhubonline.paydayhub_app,1.7.0,7,19,33,Nigeria/Approved,android.permission.ACCESS_NETWORK_STATE;android.permission.INTERNET;android.permission.POST_NOTIFICATIONS;android.permission.RECEIVE_BOOT_COMPLETED;android.permission.SCHEDULE_EXACT_ALARM;android.permission.USE_FULL_SCREEN_INTENT;android.permission.VIBRATE;android.permission.WAKE_LOCK;com.google.android.c2dm.permission.RECEIVE;com.google.android.finsky.permission.BIND_GET_INSTALL_REFERRER_SERVICE;com.google.android.gms.permission.AD_ID,No,No,No,No,No,No,No,No,No,No,No,No,No,No,No,No,No,No,N/A,,N/A,,FALSE,,N/A,,N/A,,FALSE,,FALSE,
/data/olawalea/LoanApps/NigeriaApproved/EaseMoni.apk,EaseMoni,com.loan.cash.credit.easemoni.nigeria,1.8.0,73,21,34,Nigeria/Approved,android.permission.ACCESS_COARSE_LOCATION;android.permission.ACCESS_NETWORK_STATE;android.permission.ACCESS_WIFI_STATE;android.permission.AUTHENTICATE_ACCOUNTS;android.permission.CAMERA;android.permission.CHANGE_WIFI_STATE;android.permission.INTERNET;android.permission.POST_NOTIFICATIONS;android.permission.READ_CALENDAR;android.permission.READ_PHONE_STATE;android.permission.READ_SMS;android.permission.RECEIVE_SMS;android.permission.WAKE_LOCK;android.permission.WRITE_CALENDAR;com.asus.msa.SupplementaryDID.ACCESS ;com.google.android.c2dm.permission.RECEIVE;com.google.android.finsky.permission.BIND_GET_INSTALL_REFERRER_SERVICE;com.google.android.gms.permission.AD_ID;com.huawei.android.launcher.permission.CHANGE_BADGE ;com.loan.cash.credit.easemoni.nigeria.DYNAMIC_RECEIVER_NOT_EXPORTED_PERMISSION,No,No,No,No,No,No,No,No,No,No,No,No,Yes,Yes,No,No,No,No,N/A,,N/A,,FALSE,,N/A,,N/A,,FALSE,,TRUE,android.permission.READ_SMS;android.permission.RECEIVE_SMS
/data/olawalea/LoanApps/NigeriaApproved/Mintbag.apk,MintBag,com.finles.mintbag,1.0.2,3,21,33,Nigeria/Approved,android.permission.ACCESS_COARSE_LOCATION;android.permission.ACCESS_NETWORK_STATE;android.permission.ACCESS_WIFI_STATE;android.permission.BLUETOOTH_CONNECT;android.permission.CAMERA;android.permission.CHANGE_NETWORK_STATE;android.permission.CHANGE_WIFI_STATE;android.permission.GET_ACCOUNTS;android.permission.INTERNET;android.permission.LOCAL_MAC_ADDRESS;android.permission.READ_CALENDAR;android.permission.READ_CALL_LOG;android.permission.READ_PHONE_STATE;android.permission.READ_PRIVILEGED_PHONE_STATE;android.permission.READ_PROFILE;android.permission.READ_SMS,No,Yes,No,No,No,Yes,No,No,No,No,No,No,Yes,No,No,No,No,No,N/A,,N/A,,TRUE,android.permission.GET_ACCOUNTS;android.permission.READ_CALL_LOG,N/A,,N/A,,FALSE,,TRUE,android.permission.GET_ACCOUNTS;android.permission.READ_CALL_LOG;android.permission.READ_SMS
/data/olawalea/LoanApps/NigeriaApproved/Renners.apk,Renners,com.bloocode.renners,2.0.2,92,21,31,Nigeria/Approved,android.permission.ACCESS_COARSE_LOCATION;android.permission.ACCESS_NETWORK_STATE;android.permission.ACCESS_WIFI_STATE;android.permission.CAMERA;android.permission.INTERNET;android.permission.POST_NOTIFICATIONS;android.permission.RECEIVE_BOOT_COMPLETED;android.permission.SCHEDULE_EXACT_ALARM;android.permission.USE_FULL_SCREEN_INTENT;android.permission.VIBRATE;android.permission.WAKE_LOCK;com.bloocode.renners.DYNAMIC_RECEIVER_NOT_EXPORTED_PERMISSION;com.google.android.c2dm.permission.RECEIVE;com.google.android.finsky.permission.BIND_GET_INSTALL_REFERRER_SERVICE;com.google.android.gms.permission.AD_ID,No,No,No,No,No,No,No,No,No,No,No,No,No,No,No,No,No,No,N/A,,N/A,,FALSE,,N/A,,N/A,,FALSE,,FALSE,
/data/olawalea/LoanApps/NigeriaApproved/SmartNaira.apk,,com.smart.naira,5.0.0,5,,,Nigeria/Approved,android.permission.ACCESS_NETWORK_STATE;android.permission.INTERNET;com.smart.naira.DYNAMIC_RECEIVER_NOT_EXPORTED_PERMISSION,No,No,No,No,No,No,No,No,No,No,No,No,No,No,No,No,No,No,N/A,,N/A,,FALSE,,N/A,,N/A,,FALSE,,FALSE,
/data/olawalea/LoanApps/NigeriaApproved/Zelia.apk,,com.zeliaapp,1.2.3,15,,,Nigeria/Approved,android.permission.ACCESS_ADSERVICES_AD_ID;android.permission.ACCESS_ADSERVICES_ATTRIBUTION;android.permission.ACCESS_COARSE_LOCATION;android.permission.ACCESS_FINE_LOCATION;android.permission.ACCESS_NETWORK_STATE;android.permission.ACCESS_WIFI_STATE;android.permission.ACTIVITY_RECOGNITION;android.permission.CAMERA;android.permission.FOREGROUND_SERVICE;android.permission.INTERNET;android.permission.POST_NOTIFICATIONS;android.permission.READ_APP_BADGE;android.permission.READ_EXTERNAL_STORAGE;android.permission.READ_MEDIA_IMAGES;android.permission.RECEIVE_BOOT_COMPLETED;android.permission.USE_BIOMETRIC;android.permission.USE_FINGERPRINT;android.permission.WAKE_LOCK;android.permission.WRITE_EXTERNAL_STORAGE;com.anddoes.launcher.permission.UPDATE_COUNT;com.google.android.c2dm.permission.RECEIVE;com.google.android.finsky.permission.BIND_GET_INSTALL_REFERRER_SERVICE;com.google.android.gms.permission.AD_ID;com.google.android.providers.gsf.permission.READ_GSERVICES;com.htc.launcher.permission.READ_SETTINGS;com.htc.launcher.permission.UPDATE_SHORTCUT;com.huawei.android.launcher.permission.CHANGE_BADGE;com.huawei.android.launcher.permission.READ_SETTINGS;com.huawei.android.launcher.permission.WRITE_SETTINGS;com.majeur.launcher.permission.UPDATE_BADGE;com.oppo.launcher.permission.READ_SETTINGS;com.oppo.launcher.permission.WRITE_SETTINGS;com.sec.android.provider.badge.permission.READ;com.sec.android.provider.badge.permission.WRITE;com.sonyericsson.home.permission.BROADCAST_BADGE;com.sonymobile.home.permission.PROVIDER_INSERT_BADGE;com.zeliaapp.DYNAMIC_RECEIVER_NOT_EXPORTED_PERMISSION;me.everything.badger.permission.BADGE_COUNT_READ;me.everything.badger.permission.BADGE_COUNT_WRITE,Yes,No,No,No,No,No,No,Yes,No,Yes,No,No,No,No,No,No,No,Yes,N/A,,N/A,,TRUE,android.permission.READ_EXTERNAL_STORAGE;android.permission.READ_MEDIA_IMAGES;android.permission.WRITE_EXTERNAL_STORAGE,N/A,,N/A,,TRUE,android.permission.ACCESS_FINE_LOCATION;android.permission.READ_EXTERNAL_STORAGE;android.permission.READ_MEDIA_IMAGES;android.permission.WRITE_EXTERNAL_STORAGE,TRUE,android.permission.ACCESS_FINE_LOCATION;android.permission.READ_EXTERNAL_STORAGE;android.permission.READ_MEDIA_IMAGES;android.permission.WRITE_EXTERNAL_STORAGE
/data/olawalea/LoanApps/NigeriaApproved/Vendor Credit.apk,,ng.vendorcredit.app,3.2.0,62,,,Nigeria/Approved,android.permission.INTERNET;android.permission.READ_EXTERNAL_STORAGE;android.permission.WAKE_LOCK;android.permission.WRITE_EXTERNAL_STORAGE;ng.vendorcredit.app.DYNAMIC_RECEIVER_NOT_EXPORTED_PERMISSION,No,No,No,No,No,No,No,Yes,No,No,No,No,No,No,No,No,No,Yes,N/A,,N/A,,TRUE,android.permission.READ_EXTERNAL_STORAGE;android.permission.WRITE_EXTERNAL_STORAGE,N/A,,N/A,,TRUE,android.permission.READ_EXTERNAL_STORAGE;android.permission.WRITE_EXTERNAL_STORAGE,TRUE,android.permission.READ_EXTERNAL_STORAGE;android.permission.WRITE_EXTERNAL_STORAGE
/data/olawalea/LoanApps/NigeriaApproved/Lilycash.apk,Lilycash,ng.personal.loan.lily.cash,Li1.0.8,108,21,33,Nigeria/Approved,android.permission.ACCESS_COARSE_LOCATION;android.permission.ACCESS_NETWORK_STATE;android.permission.ACCESS_WIFI_STATE;android.permission.BLUETOOTH;android.permission.BLUETOOTH_CONNECT;android.permission.CAMERA;android.permission.INTERNET;android.permission.POST_NOTIFICATIONS;android.permission.READ_CALENDAR;android.permission.READ_CALL_LOG;android.permission.READ_PHONE_STATE;android.permission.READ_SMS;android.permission.WAKE_LOCK;android.permission.WRITE_CALENDAR;com.google.android.c2dm.permission.RECEIVE;com.google.android.finsky.permission.BIND_GET_INSTALL_REFERRER_SERVICE;com.google.android.gms.permission.ACTIVITY_RECOGNITION;com.google.android.gms.permission.AD_ID;ng.personal.loan.lily.cash.DYNAMIC_RECEIVER_NOT_EXPORTED_PERMISSION,No,No,No,No,No,Yes,No,No,No,No,No,No,Yes,No,No,No,No,No,N/A,,N/A,,TRUE,android.permission.READ_CALL_LOG,N/A,,N/A,,FALSE,,TRUE,android.permission.READ_CALL_LOG;android.permission.READ_SMS
/data/olawalea/LoanApps/NigeriaApproved/SnappyCredit.apk,,com.ng.snappycredit,1.2.1,23,,,Nigeria/Approved,android.permission.ACCESS_COARSE_LOCATION;android.permission.ACCESS_NETWORK_STATE;android.permission.ACCESS_WIFI_STATE;android.permission.BLUETOOTH_CONNECT;android.permission.CHANGE_WIFI_STATE;android.permission.INTERNET;android.permission.LOCAL_MAC_ADDRESS;android.permission.READ_PHONE_STATE;android.permission.WAKE_LOCK;com.google.android.c2dm.permission.RECEIVE;com.google.android.finsky.permission.BIND_GET_INSTALL_REFERRER_SERVICE;com.google.android.gms.permission.AD_ID,No,No,No,No,No,No,No,No,No,No,No,No,No,No,No,No,No,No,N/A,,N/A,,FALSE,,N/A,,N/A,,FALSE,,FALSE,
/data/olawalea/LoanApps/NigeriaApproved/Go Cash.apk,,com.go.cash.cash.gocash,3.7,29,,,Nigeria/Approved,android.permission.ACCESS_COARSE_LOCATION;android.permission.ACCESS_NETWORK_STATE;android.permission.ACCESS_WIFI_STATE;android.permission.CAMERA;android.permission.INTERNET;android.permission.MOUNT_UNMOUNT_FILESYSTEMS;android.permission.POST_NOTIFICATIONS;android.permission.READ_CALENDAR;android.permission.READ_PHONE_STATE;android.permission.READ_PRECISE_PHONE_STATE;android.permission.READ_PRIVILEGED_PHONE_STATE;android.permission.READ_SMS;android.permission.WAKE_LOCK;android.permission.WRITE_CALENDAR;com.google.android.c2dm.permission.RECEIVE;com.google.android.finsky.permission.BIND_GET_INSTALL_REFERRER_SERVICE;com.google.android.gms.permission.AD_ID,No,No,No,No,No,No,No,No,No,No,No,No,Yes,No,No,No,No,No,N/A,,N/A,,FALSE,,N/A,,N/A,,FALSE,,TRUE,android.permission.READ_SMS
/data/olawalea/LoanApps/NigeriaApproved/Monee.apk,monee,com.nidcomsolutions.monee,0.10.13,73,20,33,Nigeria/Approved,android.permission.ACCESS_COARSE_LOCATION;android.permission.ACCESS_FINE_LOCATION;android.permission.ACCESS_NETWORK_STATE;android.permission.FOREGROUND_SERVICE;android.permission.INTERNET;android.permission.POST_NOTIFICATIONS;android.permission.READ_APP_BADGE;android.permission.RECEIVE_BOOT_COMPLETED;android.permission.USE_BIOMETRIC;android.permission.USE_FINGERPRINT;android.permission.VIBRATE;android.permission.WAKE_LOCK;com.anddoes.launcher.permission.UPDATE_COUNT;com.google.android.c2dm.permission.RECEIVE;com.htc.launcher.permission.READ_SETTINGS;com.htc.launcher.permission.UPDATE_SHORTCUT;com.huawei.android.launcher.permission.CHANGE_BADGE;com.huawei.android.launcher.permission.READ_SETTINGS;com.huawei.android.launcher.permission.WRITE_SETTINGS;com.majeur.launcher.permission.UPDATE_BADGE;com.nidcomsolutions.monee.DYNAMIC_RECEIVER_NOT_EXPORTED_PERMISSION;com.nidcomsolutions.monee.permission.C2D_MESSAGE;com.oppo.launcher.permission.READ_SETTINGS;com.oppo.launcher.permission.WRITE_SETTINGS;com.sec.android.provider.badge.permission.READ;com.sec.android.provider.badge.permission.WRITE;com.sonyericsson.home.permission.BROADCAST_BADGE;com.sonymobile.home.permission.PROVIDER_INSERT_BADGE;me.everything.badger.permission.BADGE_COUNT_READ;me.everything.badger.permission.BADGE_COUNT_WRITE,Yes,No,No,No,No,No,No,No,No,No,No,No,No,No,No,No,No,No,N/A,,N/A,,FALSE,,N/A,,N/A,,TRUE,android.permission.ACCESS_FINE_LOCATION,TRUE,android.permission.ACCESS_FINE_LOCATION
/data/olawalea/LoanApps/NigeriaApproved/Liberty Pay.apk,liberty-pay,com.libertyassured.libertypay,1.0.14,24,21,33,Nigeria/Approved,android.permission.ACCESS_COARSE_LOCATION;android.permission.ACCESS_NETWORK_STAT;android.permission.ACCESS_NETWORK_STATE;android.permission.ACCESS_WIFI_STATE;android.permission.BLUETOOTH;android.permission.CAMERA;android.permission.FOREGROUND_SERVICE;android.permission.GET_ACCOUNTS;android.permission.INTERNET;android.permission.READ_CALENDAR;android.permission.READ_CONTACTS;android.permission.READ_EXTERNAL_STORAGE;android.permission.READ_PHONE_STATE;android.permission.READ_SMS;android.permission.RECEIVE_BOOT_COMPLETED;android.permission.SYSTEM_ALERT_WINDOW;android.permission.USE_BIOMETRIC;android.permission.USE_FINGERPRINT;android.permission.VIBRATE;android.permission.WAKE_LOCK;android.permission.WRITE_EXTERNAL_STORAGE;com.android.vending.CHECK_LICENSE;com.google.android.c2dm.permission.RECEIVE;com.google.android.finsky.permission.BIND_GET_INSTALL_REFERRER_SERVICE;com.google.android.gms.permission.AD_ID,No,Yes,No,No,No,No,Yes,Yes,No,No,No,No,Yes,No,No,No,No,Yes,N/A,,N/A,,TRUE,android.permission.GET_ACCOUNTS;android.permission.READ_CONTACTS;android.permission.READ_EXTERNAL_STORAGE;android.permission.WRITE_EXTERNAL_STORAGE,N/A,,N/A,,TRUE,android.permission.READ_CONTACTS;android.permission.READ_EXTERNAL_STORAGE;android.permission.WRITE_EXTERNAL_STORAGE,TRUE,android.permission.GET_ACCOUNTS;android.permission.READ_CONTACTS;android.permission.READ_EXTERNAL_STORAGE;android.permission.READ_SMS;android.permission.WRITE_EXTERNAL_STORAGE
/data/olawalea/LoanApps/NigeriaApproved/YesCreditApp.apk,YesCreditApp,com.yescreditapp,1.0.5,25,21,33,Nigeria/Approved,android.permission.ACCESS_COARSE_LOCATION;android.permission.ACCESS_NETWORK_STATE;android.permission.CAMERA;android.permission.FOREGROUND_SERVICE;android.permission.INTERNET;android.permission.RECORD_AUDIO;android.permission.USE_BIOMETRIC;android.permission.USE_FINGERPRINT;android.permission.WAKE_LOCK;com.google.android.c2dm.permission.RECEIVE;com.google.android.finsky.permission.BIND_GET_INSTALL_REFERRER_SERVICE;com.google.android.gms.permission.ACTIVITY_RECOGNITION;com.google.android.providers.gsf.permission.READ_GSERVICES,No,No,No,No,No,No,No,No,No,No,No,No,No,No,No,No,No,No,N/A,,N/A,,FALSE,,N/A,,N/A,,FALSE,,FALSE,
/data/olawalea/LoanApps/NigeriaApproved/Palmcredit.apk,Palmcredit,com.transsnetfinancial.palmcredit,2.7.21,370,21,34,Nigeria/Approved,android.permission.ACCESS_COARSE_LOCATION;android.permission.ACCESS_LOCATION_EXTRA_COMMANDS;android.permission.ACCESS_NETWORK_STATE;android.permission.ACCESS_WIFI_STATE;android.permission.CAMERA;android.permission.CHANGE_WIFI_STATE;android.permission.FOREGROUND_SERVICE;android.permission.GET_TASKS;android.permission.HIGH_SAMPLING_RATE_SENSORS;android.permission.INTERNET;android.permission.POST_NOTIFICATIONS;android.permission.READ_CALENDAR;android.permission.READ_CALL_LOG;android.permission.READ_PHONE_STATE;android.permission.READ_SMS;android.permission.RECEIVE_BOOT_COMPLETED;android.permission.REORDER_TASKS;android.permission.SYSTEM_ALERT_WINDOW;android.permission.USE_BIOMETRIC;android.permission.USE_FINGERPRINT;android.permission.VIBRATE;android.permission.WAKE_LOCK;android.permission.WRITE_CALENDAR;com.android.vending.setup.PLAY_SETUP_SERVICE;com.google.android.c2dm.permission.RECEIVE;com.google.android.finsky.permission.BIND_GET_INSTALL_REFERRER_SERVICE;com.google.android.gms.permission.AD_ID;com.google.android.providers.gsf.permission.READ_GSERVICES,No,No,No,No,No,Yes,No,No,No,No,No,No,Yes,No,No,No,No,No,N/A,,N/A,,TRUE,android.permission.READ_CALL_LOG,N/A,,N/A,,FALSE,,TRUE,android.permission.READ_CALL_LOG;android.permission.READ_SMS
/data/olawalea/LoanApps/NigeriaApproved/Payhippo.apk,Payhippo,app.payhippo,3.5.9,205,22,34,Nigeria/Approved,android.permission.ACCESS_COARSE_LOCATION;android.permission.ACCESS_NETWORK_STATE;android.permission.CAMERA;android.permission.FOREGROUND_SERVICE;android.permission.INTERNET;android.permission.POST_NOTIFICATIONS;android.permission.READ_EXTERNAL_STORAGE;android.permission.RECEIVE_BOOT_COMPLETED;android.permission.USE_BIOMETRIC;android.permission.USE_FINGERPRINT;android.permission.VIBRATE;android.permission.WAKE_LOCK;android.permission.WRITE_EXTERNAL_STORAGE;app.payhippo.DYNAMIC_RECEIVER_NOT_EXPORTED_PERMISSION;com.google.android.c2dm.permission.RECEIVE;com.google.android.providers.gsf.permission.READ_GSERVICES,No,No,No,No,No,No,No,Yes,No,No,No,No,No,No,No,No,No,Yes,N/A,,N/A,,TRUE,android.permission.READ_EXTERNAL_STORAGE;android.permission.WRITE_EXTERNAL_STORAGE,N/A,,N/A,,TRUE,android.permission.READ_EXTERNAL_STORAGE;android.permission.WRITE_EXTERNAL_STORAGE,TRUE,android.permission.READ_EXTERNAL_STORAGE;android.permission.WRITE_EXTERNAL_STORAGE
/data/olawalea/LoanApps/NigeriaApproved/P2vest.apk,,com.p2vest,3.4,85,,,Nigeria/Approved,android.permission.ACCESS_ADSERVICES_AD_ID;android.permission.ACCESS_ADSERVICES_ATTRIBUTION;android.permission.ACCESS_NETWORK_STATE;android.permission.ACCESS_WIFI_STATE;android.permission.CAMERA;android.permission.INTERNET;android.permission.POST_NOTIFICATIONS;android.permission.READ_APP_BADGE;android.permission.READ_EXTERNAL_STORAGE;android.permission.RECEIVE_BOOT_COMPLETED;android.permission.USE_BIOMETRIC;android.permission.USE_FINGERPRINT;android.permission.VIBRATE;android.permission.WAKE_LOCK;android.permission.WRITE_EXTERNAL_STORAGE;com.anddoes.launcher.permission.UPDATE_COUNT;com.android.vending.CHECK_LICENSE;com.google.android.c2dm.permission.RECEIVE;com.google.android.finsky.permission.BIND_GET_INSTALL_REFERRER_SERVICE;com.google.android.gms.permission.AD_ID;com.htc.launcher.permission.READ_SETTINGS;com.htc.launcher.permission.UPDATE_SHORTCUT;com.huawei.android.launcher.permission.CHANGE_BADGE;com.huawei.android.launcher.permission.READ_SETTINGS;com.huawei.android.launcher.permission.WRITE_SETTINGS;com.majeur.launcher.permission.UPDATE_BADGE;com.oppo.launcher.permission.READ_SETTINGS;com.oppo.launcher.permission.WRITE_SETTINGS;com.p2vest.DYNAMIC_RECEIVER_NOT_EXPORTED_PERMISSION;com.sec.android.provider.badge.permission.READ;com.sec.android.provider.badge.permission.WRITE;com.sonyericsson.home.permission.BROADCAST_BADGE;com.sonymobile.home.permission.PROVIDER_INSERT_BADGE;me.everything.badger.permission.BADGE_COUNT_READ;me.everything.badger.permission.BADGE_COUNT_WRITE,No,No,No,No,No,No,No,Yes,No,No,No,No,No,No,No,No,No,Yes,N/A,,N/A,,TRUE,android.permission.READ_EXTERNAL_STORAGE;android.permission.WRITE_EXTERNAL_STORAGE,N/A,,N/A,,TRUE,android.permission.READ_EXTERNAL_STORAGE;android.permission.WRITE_EXTERNAL_STORAGE,TRUE,android.permission.READ_EXTERNAL_STORAGE;android.permission.WRITE_EXTERNAL_STORAGE
/data/olawalea/LoanApps/NigeriaApproved/AllCredit.apk,AllCredit,com.allcredit.ls,1.0.3.29,39,24,31,Nigeria/Approved,android.permission.ACCESS_COARSE_LOCATION;android.permission.ACCESS_LOCATION_EXTRA_COMMANDS;android.permission.ACCESS_NETWORK_STATE;android.permission.ACCESS_WIFI_STATE;android.permission.BLUETOOTH;android.permission.BLUETOOTH_ADMIN;android.permission.CAMERA;android.permission.CHANGE_NETWORK_STATE;android.permission.CHANGE_WIFI_STATE;android.permission.FOREGROUND_SERVICE;android.permission.HIGH_SAMPLING_RATE_SENSORS;android.permission.INTERNET;android.permission.READ_CALENDAR;android.permission.READ_PHONE_STATE;android.permission.READ_SMS;android.permission.RECEIVE_BOOT_COMPLETED;android.permission.RECEIVE_SMS;android.permission.REORDER_TASKS;android.permission.VIBRATE;android.permission.WAKE_LOCK;android.permission.WRITE_CALENDAR;com.android.vending.setup.PLAY_SETUP_SERVICE;com.google.android.c2dm.permission.RECEIVE;com.google.android.finsky.permission.BIND_GET_INSTALL_REFERRER_SERVICE,No,No,No,No,No,No,No,No,No,No,No,No,Yes,Yes,No,No,No,No,N/A,,N/A,,FALSE,,N/A,,N/A,,FALSE,,TRUE,android.permission.READ_SMS;android.permission.RECEIVE_SMS
/data/olawalea/LoanApps/NigeriaApproved/Credit Wallet.apk,Credit Wallet,com.credit.wallet,1.0.1,2,21,32,Nigeria/Approved,android.permission.ACCESS_COARSE_LOCATION;android.permission.ACCESS_FINE_LOCATION;android.permission.ACCESS_LOCATION_EXTRA_COMMANDS;android.permission.ACCESS_MEDIA_LOCATION;android.permission.ACCESS_NETWORK_STATE;android.permission.ACCESS_WIFI_STATE;android.permission.CAMERA;android.permission.CHANGE_WIFI_STATE;android.permission.FLASHLIGHT;android.permission.INTERNET;android.permission.READ_CALENDAR;android.permission.READ_CONTACTS;android.permission.READ_EXTERNAL_STORAGE;android.permission.READ_PHONE_STATE;android.permission.READ_SMS;com.google.android.finsky.permission.BIND_GET_INSTALL_REFERRER_SERVICE;com.google.android.gms.permission.AD_ID,Yes,No,No,No,No,No,Yes,Yes,No,No,No,No,Yes,No,No,No,No,No,N/A,,N/A,,TRUE,android.permission.READ_CONTACTS;android.permission.READ_EXTERNAL_STORAGE,N/A,,N/A,,TRUE,android.permission.ACCESS_FINE_LOCATION;android.permission.READ_CONTACTS;android.permission.READ_EXTERNAL_STORAGE,TRUE,android.permission.ACCESS_FINE_LOCATION;android.permission.READ_CONTACTS;android.permission.READ_EXTERNAL_STORAGE;android.permission.READ_SMS
/data/olawalea/LoanApps/NigeriaApproved/Allawee.apk,,com.allaweepersonal.mobile,1.2.1,117,,,Nigeria/Approved,android.permission.ACCESS_ADSERVICES_AD_ID;android.permission.ACCESS_ADSERVICES_ATTRIBUTION;android.permission.ACCESS_NETWORK_STATE;android.permission.CAMERA;android.permission.FOREGROUND_SERVICE;android.permission.INTERNET;android.permission.POST_NOTIFICATIONS;android.permission.READ_APP_BADGE;android.permission.READ_EXTERNAL_STORAGE;android.permission.RECEIVE_BOOT_COMPLETED;android.permission.USE_BIOMETRIC;android.permission.USE_FINGERPRINT;android.permission.VIBRATE;android.permission.WAKE_LOCK;android.permission.WRITE_EXTERNAL_STORAGE;com.allaweepersonal.mobile.DYNAMIC_RECEIVER_NOT_EXPORTED_PERMISSION;com.allaweepersonal.mobile.permission.C2D_MESSAGE;com.anddoes.launcher.permission.UPDATE_COUNT;com.google.android.c2dm.permission.RECEIVE;com.google.android.finsky.permission.BIND_GET_INSTALL_REFERRER_SERVICE;com.google.android.gms.permission.AD_ID;com.htc.launcher.permission.READ_SETTINGS;com.htc.launcher.permission.UPDATE_SHORTCUT;com.huawei.android.launcher.permission.CHANGE_BADGE;com.huawei.android.launcher.permission.READ_SETTINGS;com.huawei.android.launcher.permission.WRITE_SETTINGS;com.majeur.launcher.permission.UPDATE_BADGE;com.oppo.launcher.permission.READ_SETTINGS;com.oppo.launcher.permission.WRITE_SETTINGS;com.sec.android.provider.badge.permission.READ;com.sec.android.provider.badge.permission.WRITE;com.sonyericsson.home.permission.BROADCAST_BADGE;com.sonymobile.home.permission.PROVIDER_INSERT_BADGE;me.everything.badger.permission.BADGE_COUNT_READ;me.everything.badger.permission.BADGE_COUNT_WRITE,No,No,No,No,No,No,No,Yes,No,No,No,No,No,No,No,No,No,Yes,N/A,,N/A,,TRUE,android.permission.READ_EXTERNAL_STORAGE;android.permission.WRITE_EXTERNAL_STORAGE,N/A,,N/A,,TRUE,android.permission.READ_EXTERNAL_STORAGE;android.permission.WRITE_EXTERNAL_STORAGE,TRUE,android.permission.READ_EXTERNAL_STORAGE;android.permission.WRITE_EXTERNAL_STORAGE
/data/olawalea/LoanApps/NigeriaApproved/Paypoint.apk,Paypoint,com.paypoint.app.ng,1.4.2,76,23,34,Nigeria/Approved,android.permission.ACCESS_NETWORK_STATE;android.permission.CAMERA;android.permission.INTERNET;android.permission.POST_NOTIFICATIONS;android.permission.RECORD_AUDIO;android.permission.USE_BIOMETRIC;android.permission.USE_FINGERPRINT;android.permission.VIBRATE;android.permission.WAKE_LOCK;com.google.android.c2dm.permission.RECEIVE;com.google.android.finsky.permission.BIND_GET_INSTALL_REFERRER_SERVICE;com.google.android.gms.permission.AD_ID;com.paypoint.app.ng.DYNAMIC_RECEIVER_NOT_EXPORTED_PERMISSION,No,No,No,No,No,No,No,No,No,No,No,No,No,No,No,No,No,No,N/A,,N/A,,FALSE,,N/A,,N/A,,FALSE,,FALSE,
/data/olawalea/LoanApps/NigeriaApproved/NaijaEase.apk,NaijaEase,com.summit.naijaease,1.0.0,9,26,35,Nigeria/Approved,android.permission.ACCESS_COARSE_LOCATION;android.permission.ACCESS_NETWORK_STATE;android.permission.ACCESS_WIFI_STATE;android.permission.CAMERA;android.permission.INTERNET;android.permission.READ_PHONE_STATE;android.permission.READ_SMS;com.android.vending.CHECK_LICENSE;com.google.android.finsky.permission.BIND_GET_INSTALL_REFERRER_SERVICE;com.google.android.gms.permission.AD_ID;com.summit.naijaease.DYNAMIC_RECEIVER_NOT_EXPORTED_PERMISSION,No,No,No,No,No,No,No,No,No,No,No,No,Yes,No,No,No,No,No,N/A,,N/A,,FALSE,,N/A,,N/A,,FALSE,,TRUE,android.permission.READ_SMS
/data/olawalea/LoanApps/NigeriaApproved/Newcredit.apk,Newcredit,com.pbank.newcredit,1.1.13,79,21,34,Nigeria/Approved,android.permission.ACCESS_COARSE_LOCATION;android.permission.ACCESS_LOCATION_EXTRA_COMMANDS;android.permission.ACCESS_NETWORK_STATE;android.permission.ACCESS_WIFI_STATE;android.permission.CAMERA;android.permission.CHANGE_WIFI_STATE;android.permission.FOREGROUND_SERVICE;android.permission.GET_TASKS;android.permission.HIGH_SAMPLING_RATE_SENSORS;android.permission.INTERNET;android.permission.POST_NOTIFICATIONS;android.permission.READ_CALENDAR;android.permission.READ_CALL_LOG;android.permission.READ_PHONE_STATE;android.permission.READ_SMS;android.permission.RECEIVE_BOOT_COMPLETED;android.permission.REORDER_TASKS;android.permission.SYSTEM_ALERT_WINDOW;android.permission.USE_BIOMETRIC;android.permission.USE_FINGERPRINT;android.permission.VIBRATE;android.permission.WAKE_LOCK;android.permission.WRITE_CALENDAR;com.android.vending.setup.PLAY_SETUP_SERVICE;com.google.android.c2dm.permission.RECEIVE;com.google.android.finsky.permission.BIND_GET_INSTALL_REFERRER_SERVICE;com.google.android.gms.permission.AD_ID;com.google.android.providers.gsf.permission.READ_GSERVICES,No,No,No,No,No,Yes,No,No,No,No,No,No,Yes,No,No,No,No,No,N/A,,N/A,,TRUE,android.permission.READ_CALL_LOG,N/A,,N/A,,FALSE,,TRUE,android.permission.READ_CALL_LOG;android.permission.READ_SMS
/data/olawalea/LoanApps/NigeriaApproved/FastCent.apk,,com.ng.FastCent,1.3.3,10303,,,Nigeria/Approved,android.permission.ACCESS_COARSE_LOCATION;android.permission.ACCESS_LOCATION_EXTRA_COMMANDS;android.permission.ACCESS_NETWORK_STATE;android.permission.ACCESS_WIFI_STATE;android.permission.CAMERA;android.permission.CHANGE_NETWORK_STATE;android.permission.CHANGE_WIFI_STATE;android.permission.INTERNET;android.permission.READ_CALENDAR;android.permission.READ_CALL_LOG;android.permission.READ_PHONE_STATE;android.permission.RECORD_AUDIO;android.permission.WAKE_LOCK;android.permission.WRITE_CALENDAR;com.google.android.finsky.permission.BIND_GET_INSTALL_REFERRER_SERVICE;com.google.android.gms.permission.AD_ID,No,No,No,No,No,Yes,No,No,No,No,No,No,No,No,No,No,No,No,N/A,,N/A,,TRUE,android.permission.READ_CALL_LOG,N/A,,N/A,,FALSE,,TRUE,android.permission.READ_CALL_LOG
/data/olawalea/LoanApps/NigeriaApproved/LinkCredit.apk,,linkcredit.credit,3.1.0,301000,,,Nigeria/Approved,android.permission.ACCESS_COARSE_LOCATION;android.permission.ACCESS_NETWORK_STATE;android.permission.ACCESS_WIFI_STATE;android.permission.CHANGE_NETWORK_STATE;android.permission.FOREGROUND_SERVICE;android.permission.INTERNET;android.permission.KILL_BACKGROUND_PROCESSES;android.permission.READ_PHONE_STATE;android.permission.READ_PRIVILEGED_PHONE_STATE;android.permission.RECEIVE_BOOT_COMPLETED;android.permission.VIBRATE;android.permission.WAKE_LOCK;com.google.android.c2dm.permission.RECEIVE;com.google.android.finsky.permission.BIND_GET_INSTALL_REFERRER_SERVICE;com.google.android.gms.permission.AD_ID,No,No,No,No,No,No,No,No,No,No,No,No,No,No,No,No,No,No,N/A,,N/A,,FALSE,,N/A,,N/A,,FALSE,,FALSE,
/data/olawalea/LoanApps/NigeriaApproved/LoanNaira.apk,,com.loan.naira.cash.ng9,1.2.4,24,,,Nigeria/Approved,android.permission.ACCESS_COARSE_LOCATION;android.permission.ACCESS_LOCATION_EXTRA_COMMANDS;android.permission.ACCESS_NETWORK_STATE;android.permission.ACCESS_WIFI_STATE;android.permission.BLUETOOTH;android.permission.CAMERA;android.permission.CHANGE_NETWORK_STATE;android.permission.CHANGE_WIFI_STATE;android.permission.FOREGROUND_SERVICE;android.permission.INTERNET;android.permission.MOUNT_UNMOUNT_FILESYSTEMS;android.permission.READ_PHONE_STATE;android.permission.READ_SMS;android.permission.RECEIVE_USER_PRESENT;android.permission.SYSTEM_ALERT_WINDOW;android.permission.VIBRATE;android.permission.WAKE_LOCK;com.google.android.c2dm.permission.RECEIVE;com.google.android.finsky.permission.BIND_GET_INSTALL_REFERRER_SERVICE;com.google.android.gms.permission.AD_ID,No,No,No,No,No,No,No,No,No,No,No,No,Yes,No,No,No,No,No,N/A,,N/A,,FALSE,,N/A,,N/A,,FALSE,,TRUE,android.permission.READ_SMS
/data/olawalea/LoanApps/NigeriaApproved/Xcrosscash.apk,Xcrosscash,com.xcash.xcrosscash,1.1.22,59,21,34,Nigeria/Approved,android.permission.ACCESS_COARSE_LOCATION;android.permission.ACCESS_LOCATION_EXTRA_COMMANDS;android.permission.ACCESS_NETWORK_STATE;android.permission.ACCESS_WIFI_STATE;android.permission.CAMERA;android.permission.CHANGE_WIFI_STATE;android.permission.FOREGROUND_SERVICE;android.permission.GET_TASKS;android.permission.HIGH_SAMPLING_RATE_SENSORS;android.permission.INTERNET;android.permission.POST_NOTIFICATIONS;android.permission.READ_CALENDAR;android.permission.READ_CALL_LOG;android.permission.READ_PHONE_STATE;android.permission.READ_SMS;android.permission.RECEIVE_BOOT_COMPLETED;android.permission.REORDER_TASKS;android.permission.SYSTEM_ALERT_WINDOW;android.permission.USE_BIOMETRIC;android.permission.USE_FINGERPRINT;android.permission.VIBRATE;android.permission.WAKE_LOCK;android.permission.WRITE_CALENDAR;com.android.vending.setup.PLAY_SETUP_SERVICE;com.google.android.c2dm.permission.RECEIVE;com.google.android.finsky.permission.BIND_GET_INSTALL_REFERRER_SERVICE;com.google.android.gms.permission.AD_ID;com.google.android.providers.gsf.permission.READ_GSERVICES,No,No,No,No,No,Yes,No,No,No,No,No,No,Yes,No,No,No,No,No,N/A,,N/A,,TRUE,android.permission.READ_CALL_LOG,N/A,,N/A,,FALSE,,TRUE,android.permission.READ_CALL_LOG;android.permission.READ_SMS
/data/olawalea/LoanApps/NigeriaApproved/Irorun.apk,,com.irorun,24.6,139,,,Nigeria/Approved,android.permission.ACCESS_ADSERVICES_AD_ID;android.permission.ACCESS_ADSERVICES_ATTRIBUTION;android.permission.ACCESS_COARSE_LOCATION;android.permission.ACCESS_NETWORK_STATE;android.permission.ACCESS_WIFI_STATE;android.permission.CAMERA;android.permission.DOWNLOAD_WITHOUT_NOTIFICATION;android.permission.FOREGROUND_SERVICE;android.permission.INTERNET;android.permission.MANAGE_DOCUMENTS;android.permission.MODIFY_AUDIO_SETTINGS;android.permission.POST_NOTIFICATIONS;android.permission.READ_CALENDAR;android.permission.READ_INTERNAL_STORAGE;android.permission.READ_PHONE_STATE;android.permission.READ_SMS;android.permission.RECEIVE_BOOT_COMPLETED;android.permission.RECORD_AUDIO;android.permission.SYSTEM_ALERT_WINDOW;android.permission.USE_BIOMETRIC;android.permission.USE_FINGERPRINT;android.permission.VIBRATE;android.permission.WAKE_LOCK;android.permission.WRITE_CALENDAR;android.permission.WRITE_EXTERNAL_STORAGE;android.permission.WRITE_SETTINGS;com.google.android.c2dm.permission.RECEIVE;com.google.android.finsky.permission.BIND_GET_INSTALL_REFERRER_SERVICE;com.irorun.DYNAMIC_RECEIVER_NOT_EXPORTED_PERMISSION,No,No,No,No,No,No,No,No,No,No,No,No,Yes,No,No,No,No,Yes,N/A,,N/A,,TRUE,android.permission.WRITE_EXTERNAL_STORAGE,N/A,,N/A,,TRUE,android.permission.WRITE_EXTERNAL_STORAGE,TRUE,android.permission.READ_SMS;android.permission.WRITE_EXTERNAL_STORAGE
/data/olawalea/LoanApps/NigeriaApproved/VoiceMoney.apk,VoiceMoney,com.voicemoney.vmey,1.0.2,3,21,34,Nigeria/Approved,android.permission.ACCESS_COARSE_LOCATION;android.permission.ACCESS_NETWORK_STATE;android.permission.ACCESS_WIFI_STATE;android.permission.CAMERA;android.permission.CHANGE_WIFI_STATE;android.permission.FOREGROUND_SERVICE;android.permission.HIGH_SAMPLING_RATE_SENSORS;android.permission.INTERNET;android.permission.READ_CALL_LOG;android.permission.READ_PHONE_STATE;android.permission.READ_SMS;android.permission.RECEIVE_BOOT_COMPLETED;android.permission.REQUIRE_SECURE_ENV;android.permission.VIBRATE;android.permission.WAKE_LOCK;com.android.vending.CHECK_LICENSE;com.google.android.c2dm.permission.RECEIVE;com.google.android.finsky.permission.BIND_GET_INSTALL_REFERRER_SERVICE;com.google.android.gms.permission.AD_ID;com.google.android.providers.gsf.permission.READ_GSERVICES;com.voicemoney.vmey.DYNAMIC_RECEIVER_NOT_EXPORTED_PERMISSION,No,No,No,No,No,Yes,No,No,No,No,No,No,Yes,No,No,No,No,No,N/A,,N/A,,TRUE,android.permission.READ_CALL_LOG,N/A,,N/A,,FALSE,,TRUE,android.permission.READ_CALL_LOG;android.permission.READ_SMS
/data/olawalea/LoanApps/NigeriaApproved/CashX.apk,CashX,ixosft.cashx_ng,2.0.0,602861,21,34,Nigeria/Approved,android.permission.ACCESS_ADSERVICES_AD_ID;android.permission.ACCESS_ADSERVICES_ATTRIBUTION;android.permission.ACCESS_COARSE_LOCATION;android.permission.ACCESS_DOWNLOAD_MANAGER;android.permission.ACCESS_NETWORK_STATE;android.permission.ACCESS_WIFI_STATE;android.permission.CAMERA;android.permission.FOREGROUND_SERVICE;android.permission.INTERNET;android.permission.POST_NOTIFICATIONS;android.permission.READ_MEDIA_VISUAL_USER_SELECTED;android.permission.RECEIVE_BOOT_COMPLETED;android.permission.USE_BIOMETRIC;android.permission.USE_FINGERPRINT;android.permission.WAKE_LOCK;com.google.android.c2dm.permission.RECEIVE;com.google.android.finsky.permission.BIND_GET_INSTALL_REFERRER_SERVICE;com.google.android.gms.permission.AD_ID;ixosft.cashx_ng.DYNAMIC_RECEIVER_NOT_EXPORTED_PERMISSION,No,No,No,No,No,No,No,No,No,No,No,No,No,No,No,No,No,No,N/A,,N/A,,FALSE,,N/A,,N/A,,FALSE,,FALSE,
/data/olawalea/LoanApps/NigeriaApproved/Apex loan.apk,Apex Loan,com.apex.loan.ng.app,1.0.3,3,26,34,Nigeria/Approved,android.permission.ACCESS_ADSERVICES_AD_ID;android.permission.ACCESS_ADSERVICES_ATTRIBUTION;android.permission.ACCESS_COARSE_LOCATION;android.permission.ACCESS_NETWORK_STATE;android.permission.ACCESS_WIFI_STATE;android.permission.CAMERA;android.permission.INTERNET;android.permission.LOCAL_MAC_ADDRESS;android.permission.READ_PHONE_STATE;android.permission.READ_SMS;com.android.vending.CHECK_LICENSE;com.apex.loan.ng.app.DYNAMIC_RECEIVER_NOT_EXPORTED_PERMISSION;com.google.android.finsky.permission.BIND_GET_INSTALL_REFERRER_SERVICE;com.google.android.gms.permission.AD_ID;com.huawei.appmarket.service.commondata.permission.GET_COMMON_DATA;com.samsung.android.mapsagent.permission.READ_APP_INFO,No,No,No,No,No,No,No,No,No,No,No,No,Yes,No,No,No,No,No,N/A,,N/A,,FALSE,,N/A,,N/A,,FALSE,,TRUE,android.permission.READ_SMS
/data/olawalea/LoanApps/NigeriaApproved/Iustus.apk,,com.loan.iustus,1.1.6,16,,,Nigeria/Approved,android.permission.ACCESS_COARSE_LOCATION;android.permission.ACCESS_NETWORK_STATE;android.permission.ACCESS_WIFI_STATE;android.permission.BLUETOOTH;android.permission.CHANGE_WIFI_STATE;android.permission.INTERNET;android.permission.MOUNT_UNMOUNT_FILESYSTEMS;android.permission.READ_PHONE_STATE;android.permission.RECEIVE_USER_PRESENT;android.permission.VIBRATE;android.permission.WAKE_LOCK;com.google.android.c2dm.permission.RECEIVE;com.google.android.finsky.permission.BIND_GET_INSTALL_REFERRER_SERVICE;com.google.android.gms.permission.AD_ID,No,No,No,No,No,No,No,No,No,No,No,No,No,No,No,No,No,No,N/A,,N/A,,FALSE,,N/A,,N/A,,FALSE,,FALSE,
/data/olawalea/LoanApps/NigeriaApproved/SeedFi.apk,SeedFi,com.theseedfi.app,1.2.1,25,26,34,Nigeria/Approved,android.permission.ACCESS_ADSERVICES_AD_ID;android.permission.ACCESS_ADSERVICES_ATTRIBUTION;android.permission.ACCESS_ADSERVICES_CUSTOM_AUDIENCE;android.permission.ACCESS_NETWORK_STATE;android.permission.ACCESS_WIFI_STATE;android.permission.CAMERA;android.permission.FOREGROUND_SERVICE;android.permission.INTERNET;android.permission.POST_NOTIFICATIONS;android.permission.RECEIVE_BOOT_COMPLETED;android.permission.USE_BIOMETRIC;android.permission.USE_FINGERPRINT;android.permission.VIBRATE;android.permission.WAKE_LOCK;com.google.android.c2dm.permission.RECEIVE;com.google.android.finsky.permission.BIND_GET_INSTALL_REFERRER_SERVICE;com.google.android.gms.permission.AD_ID;com.google.android.providers.gsf.permission.READ_GSERVICES;com.theseedfi.app.DYNAMIC_RECEIVER_NOT_EXPORTED_PERMISSION;com.theseedfi.app.permission.WRITE_SCHEDULE,No,No,No,No,No,No,No,No,No,No,No,No,No,No,No,No,No,No,N/A,,N/A,,FALSE,,N/A,,N/A,,FALSE,,FALSE,
/data/olawalea/LoanApps/NigeriaApproved/Kash Loan.apk,Kash Loan,com.kash.loan.money.cash.rupee,1.0.4,4,21,30,Nigeria/Approved,android.permission.ACCESS_NETWORK_STATE;android.permission.FOREGROUND_SERVICE;android.permission.INTERNET;android.permission.WAKE_LOCK;com.google.android.c2dm.permission.RECEIVE;com.google.android.finsky.permission.BIND_GET_INSTALL_REFERRER_SERVICE,No,No,No,No,No,No,No,No,No,No,No,No,No,No,No,No,No,No,N/A,,N/A,,FALSE,,N/A,,N/A,,FALSE,,FALSE,
/data/olawalea/LoanApps/NigeriaApproved/HadiFinance.apk,HadiFinance,com.hadifinance.hadifinanceapp,2.0.0,12,21,34,Nigeria/Approved,android.permission.ACCESS_ADSERVICES_AD_ID;android.permission.ACCESS_ADSERVICES_ATTRIBUTION;android.permission.ACCESS_COARSE_LOCATION;android.permission.ACCESS_FINE_LOCATION;android.permission.ACCESS_NETWORK_STATE;android.permission.ACCESS_WIFI_STATE;android.permission.CAMERA;android.permission.FOREGROUND_SERVICE;android.permission.INTERNET;android.permission.POST_NOTIFICATIONS;android.permission.READ_EXTERNAL_STORAGE;android.permission.READ_SMS;android.permission.RECEIVE_BOOT_COMPLETED;android.permission.RECORD_AUDIO;android.permission.WAKE_LOCK;android.permission.WRITE_EXTERNAL_STORAGE;com.google.android.c2dm.permission.RECEIVE;com.google.android.finsky.permission.BIND_GET_INSTALL_REFERRER_SERVICE;com.google.android.gms.permission.AD_ID;com.hadifinance.hadifinanceapp.DYNAMIC_RECEIVER_NOT_EXPORTED_PERMISSION,Yes,No,No,No,No,No,No,Yes,No,No,No,No,Yes,No,No,No,No,Yes,N/A,,N/A,,TRUE,android.permission.READ_EXTERNAL_STORAGE;android.permission.WRITE_EXTERNAL_STORAGE,N/A,,N/A,,TRUE,android.permission.ACCESS_FINE_LOCATION;android.permission.READ_EXTERNAL_STORAGE;android.permission.WRITE_EXTERNAL_STORAGE,TRUE,android.permission.ACCESS_FINE_LOCATION;android.permission.READ_EXTERNAL_STORAGE;android.permission.READ_SMS;android.permission.WRITE_EXTERNAL_STORAGE
/data/olawalea/LoanApps/NigeriaApproved/HiFund.apk,,com.hifund.money.kash.loan,4.0,33,,,Nigeria/Approved,android.permission.ACCESS_COARSE_LOCATION;android.permission.ACCESS_NETWORK_STATE;android.permission.ACCESS_WIFI_STATE;android.permission.CAMERA;android.permission.CHANGE_WIFI_STATE;android.permission.INTERNET;android.permission.READ_CALENDAR;android.permission.READ_PHONE_STATE;android.permission.READ_PRIVILEGED_PHONE_STATE;android.permission.READ_SMS;android.permission.WAKE_LOCK;android.permission.WRITE_CALENDAR;com.google.android.c2dm.permission.RECEIVE;com.google.android.finsky.permission.BIND_GET_INSTALL_REFERRER_SERVICE;com.google.android.gms.permission.AD_ID,No,No,No,No,No,No,No,No,No,No,No,No,Yes,No,No,No,No,No,N/A,,N/A,,FALSE,,N/A,,N/A,,FALSE,,TRUE,android.permission.READ_SMS
/data/olawalea/LoanApps/NigeriaApproved/OmniKash.apk,,com.omnikash.xxko,1.0.0,1,,,Nigeria/Approved,android.permission.ACCESS_COARSE_LOCATION;android.permission.ACCESS_NETWORK_STATE;android.permission.ACCESS_WIFI_STATE;android.permission.CAMERA;android.permission.INTERNET;android.permission.READ_CALENDAR;android.permission.READ_CALL_LOG;android.permission.READ_PHONE_STATE;android.permission.READ_PRIVILEGED_PHONE_STATE;android.permission.READ_SMS;android.permission.WAKE_LOCK;com.coloros.permission.READ_COLOROS_CALENDAR;com.google.android.finsky.permission.BIND_GET_INSTALL_REFERRER_SERVICE;com.google.android.gms.permission.AD_ID;com.omnikash.xxko.DYNAMIC_RECEIVER_NOT_EXPORTED_PERMISSION,No,No,No,No,No,Yes,No,No,No,No,No,No,Yes,No,No,No,No,No,N/A,,N/A,,TRUE,android.permission.READ_CALL_LOG,N/A,,N/A,,FALSE,,TRUE,android.permission.READ_CALL_LOG;android.permission.READ_SMS
/data/olawalea/LoanApps/NigeriaApproved/Easy Money Loan.apk,Easy Money Loan,com.cash.loan.personal.kash.cash9ja.xcredit.payday.credit9.money,1.1.7,18,21,33,Nigeria/Approved,android.permission.ACCESS_COARSE_LOCATION;android.permission.ACCESS_COARSE_UPDATES;android.permission.ACCESS_LOCATION_EXTRA_COMMANDS;android.permission.ACCESS_NETWORK_STATE;android.permission.ACCESS_WIFI_STATE;android.permission.BATTERY_STATS;android.permission.BLUETOOTH;android.permission.BROADCAST_STICKY;android.permission.CAMERA;android.permission.CHANGE_WIFI_STATE;android.permission.FOREGROUND_SERVICE;android.permission.GET_ACCOUNTS;android.permission.INTERNET;android.permission.PACKAGE_USAGE_STATS;android.permission.READ_CALENDAR;android.permission.READ_PHONE_STATE;android.permission.READ_PRIVILEGED_PHONE_STATE;android.permission.READ_SMS;android.permission.RECEIVE_BOOT_COMPLETED;android.permission.RECORD_AUDIO;android.permission.REPLACE_EXISTING_PACKAGE;android.permission.VIBRATE;android.permission.WAKE_LOCK;android.permission.WRITE_CALENDAR;android.permission.WRITE_SETTINGS;com.cash.loan.personal.kash.cash9ja.xcredit.payday.credit9.money.DYNAMIC_RECEIVER_NOT_EXPORTED_PERMISSION;com.google.android.finsky.permission.BIND_GET_INSTALL_REFERRER_SERVICE;com.google.android.gms.permission.AD_ID,No,Yes,No,No,No,No,No,No,No,No,No,No,Yes,No,No,No,No,No,N/A,,N/A,,TRUE,android.permission.GET_ACCOUNTS,N/A,,N/A,,FALSE,,TRUE,android.permission.GET_ACCOUNTS;android.permission.READ_SMS
/data/olawalea/LoanApps/NigeriaApproved/Yanzu.apk,,com.yanzu.app,1.0.9,9,,,Nigeria/Approved,android.permission.INTERNET;android.permission.USE_BIOMETRIC;android.permission.USE_FINGERPRINT;android.permission.VIBRATE;com.yanzu.app.DYNAMIC_RECEIVER_NOT_EXPORTED_PERMISSION,No,No,No,No,No,No,No,No,No,No,No,No,No,No,No,No,No,No,N/A,,N/A,,FALSE,,N/A,,N/A,,FALSE,,FALSE,
/data/olawalea/LoanApps/NigeriaApproved/CredPal.apk,,com.credpal.loan,0.18.9,600,,,Nigeria/Approved,ANDROID.PERMISSION.READ_EXTERNAL_STORAGE;android.permission.ACCESS_ADSERVICES_AD_ID;android.permission.ACCESS_ADSERVICES_ATTRIBUTION;android.permission.ACCESS_COARSE_LOCATION;android.permission.ACCESS_FINE_LOCATION;android.permission.ACCESS_NETWORK_STATE;android.permission.BIND_NOTIFICATION_LISTENER_SERVICE;android.permission.BROADCAST_CLOSE_SYSTEM_DIALOGS;android.permission.CAMERA;android.permission.INTERNET;android.permission.POST_NOTIFICATIONS;android.permission.READ_APP_BADGE;android.permission.READ_CONTACTS;android.permission.READ_EXTERNAL_STORAGE;android.permission.RECORD_AUDIO;android.permission.SCHEDULE_EXACT_ALARM;android.permission.USE_BIOMETRIC;android.permission.USE_FINGERPRINT;android.permission.VIBRATE;android.permission.WAKE_LOCK;android.permission.WRITE_EXTERNAL_STORAGE;com.anddoes.launcher.permission.UPDATE_COUNT;com.credpal.loan.DYNAMIC_RECEIVER_NOT_EXPORTED_PERMISSION;com.google.android.c2dm.permission.RECEIVE;com.google.android.finsky.permission.BIND_GET_INSTALL_REFERRER_SERVICE;com.google.android.gms.permission.AD_ID;com.htc.launcher.permission.READ_SETTINGS;com.htc.launcher.permission.UPDATE_SHORTCUT;com.huawei.android.launcher.permission.CHANGE_BADGE;com.huawei.android.launcher.permission.READ_SETTINGS;com.huawei.android.launcher.permission.WRITE_SETTINGS;com.huawei.appmarket.service.commondata.permission.GET_COMMON_DATA;com.majeur.launcher.permission.UPDATE_BADGE;com.oppo.launcher.permission.READ_SETTINGS;com.oppo.launcher.permission.WRITE_SETTINGS;com.sec.android.provider.badge.permission.READ;com.sec.android.provider.badge.permission.WRITE;com.sonyericsson.home.permission.BROADCAST_BADGE;com.sonymobile.home.permission.PROVIDER_INSERT_BADGE;me.everything.badger.permission.BADGE_COUNT_READ;me.everything.badger.permission.BADGE_COUNT_WRITE,Yes,No,No,No,No,No,Yes,Yes,No,No,No,No,No,No,No,No,No,Yes,N/A,,N/A,,TRUE,android.permission.READ_CONTACTS;android.permission.READ_EXTERNAL_STORAGE;android.permission.WRITE_EXTERNAL_STORAGE,N/A,,N/A,,TRUE,android.permission.ACCESS_FINE_LOCATION;android.permission.READ_CONTACTS;android.permission.READ_EXTERNAL_STORAGE;android.permission.WRITE_EXTERNAL_STORAGE,TRUE,android.permission.ACCESS_FINE_LOCATION;android.permission.READ_CONTACTS;android.permission.READ_EXTERNAL_STORAGE;android.permission.WRITE_EXTERNAL_STORAGE
/data/olawalea/LoanApps/NigeriaApproved/KashLoan.apk,,com.principal.loan.cash.principalloan,1.0.6,6,,,Nigeria/Approved,android.permission.ACCESS_ADSERVICES_AD_ID;android.permission.ACCESS_COARSE_LOCATION;android.permission.ACCESS_NETWORK_STATE;android.permission.ACCESS_WIFI_STATE;android.permission.CAMERA;android.permission.INTERNET;android.permission.READ_CALENDAR;android.permission.READ_PHONE_STATE;android.permission.READ_SMS;android.permission.WAKE_LOCK;android.permission.WRITE_CALENDAR;android.permission.WRITE_SETTINGS;com.google.android.c2dm.permission.RECEIVE;com.google.android.finsky.permission.BIND_GET_INSTALL_REFERRER_SERVICE;com.google.android.gms.permission.AD_ID,No,No,No,No,No,No,No,No,No,No,No,No,Yes,No,No,No,No,No,N/A,,N/A,,FALSE,,N/A,,N/A,,FALSE,,TRUE,android.permission.READ_SMS
/data/olawalea/LoanApps/NigeriaApproved/nextpayday.apk,nextpayday,com.paynextday.payday,1.1,2,26,31,Nigeria/Approved,android.permission.ACCESS_NETWORK_STATE;android.permission.INTERNET,No,No,No,No,No,No,No,No,No,No,No,No,No,No,No,No,No,No,N/A,,N/A,,FALSE,,N/A,,N/A,,FALSE,,FALSE,
/data/olawalea/LoanApps/NigeriaApproved/AIRMONI.apk,,com.commercemen.airmoni,1.0.8,14,,,Nigeria/Approved,android.permission.ACCESS_COARSE_LOCATION;android.permission.ACCESS_NETWORK_STATE;android.permission.ACCESS_WIFI_STATE;android.permission.BLUETOOTH;android.permission.BLUETOOTH_CONNECT;android.permission.CAMERA;android.permission.INTERNET;android.permission.READ_CALENDAR;android.permission.READ_PHONE_STATE;android.permission.READ_PRIVILEGED_PHONE_STATE;android.permission.READ_SMS;android.permission.WAKE_LOCK;com.google.android.finsky.permission.BIND_GET_INSTALL_REFERRER_SERVICE;com.google.android.gms.permission.AD_ID,No,No,No,No,No,No,No,No,No,No,No,No,Yes,No,No,No,No,No,N/A,,N/A,,FALSE,,N/A,,N/A,,FALSE,,TRUE,android.permission.READ_SMS
/data/olawalea/LoanApps/NigeriaApproved/Bold.apk,,com.dodo_mobile,78.0.0,78,,,Nigeria/Approved,android.permission.ACCESS_NETWORK_STATE;android.permission.ACCESS_WIFI_STATE;android.permission.CAMERA;android.permission.INTERNET;android.permission.POST_NOTIFICATIONS;android.permission.READ_APP_BADGE;android.permission.READ_CONTACTS;android.permission.READ_EXTERNAL_STORAGE;android.permission.READ_MEDIA_AUDIO;android.permission.READ_MEDIA_IMAGES;android.permission.READ_MEDIA_VIDEO;android.permission.READ_MEDIA_VISUAL_USER_SELECTED;android.permission.RECEIVE_BOOT_COMPLETED;android.permission.RECORD_AUDIO;android.permission.SYSTEM_ALERT_WINDOW;android.permission.USE_BIOMETRIC;android.permission.USE_FINGERPRINT;android.permission.VIBRATE;android.permission.WAKE_LOCK;android.permission.WRITE_CONTACTS;android.permission.WRITE_EXTERNAL_STORAGE;com.anddoes.launcher.permission.UPDATE_COUNT;com.dodo_mobile.DYNAMIC_RECEIVER_NOT_EXPORTED_PERMISSION;com.google.android.c2dm.permission.RECEIVE;com.google.android.finsky.permission.BIND_GET_INSTALL_REFERRER_SERVICE;com.htc.launcher.permission.READ_SETTINGS;com.htc.launcher.permission.UPDATE_SHORTCUT;com.huawei.android.launcher.permission.CHANGE_BADGE;com.huawei.android.launcher.permission.READ_SETTINGS;com.huawei.android.launcher.permission.WRITE_SETTINGS;com.majeur.launcher.permission.UPDATE_BADGE;com.oppo.launcher.permission.READ_SETTINGS;com.oppo.launcher.permission.WRITE_SETTINGS;com.sec.android.provider.badge.permission.READ;com.sec.android.provider.badge.permission.WRITE;com.sonyericsson.home.permission.BROADCAST_BADGE;com.sonymobile.home.permission.PROVIDER_INSERT_BADGE;me.everything.badger.permission.BADGE_COUNT_READ;me.everything.badger.permission.BADGE_COUNT_WRITE,No,No,No,No,No,No,Yes,Yes,Yes,Yes,Yes,No,No,No,No,No,Yes,Yes,N/A,,N/A,,TRUE,android.permission.READ_CONTACTS;android.permission.READ_EXTERNAL_STORAGE;android.permission.READ_MEDIA_AUDIO;android.permission.READ_MEDIA_IMAGES;android.permission.READ_MEDIA_VIDEO;android.permission.WRITE_CONTACTS;android.permission.WRITE_EXTERNAL_STORAGE,N/A,,N/A,,TRUE,android.permission.READ_CONTACTS;android.permission.READ_EXTERNAL_STORAGE;android.permission.READ_MEDIA_IMAGES;android.permission.READ_MEDIA_VIDEO;android.permission.WRITE_EXTERNAL_STORAGE,TRUE,android.permission.READ_CONTACTS;android.permission.READ_EXTERNAL_STORAGE;android.permission.READ_MEDIA_AUDIO;android.permission.READ_MEDIA_IMAGES;android.permission.READ_MEDIA_VIDEO;android.permission.WRITE_CONTACTS;android.permission.WRITE_EXTERNAL_STORAGE
/data/olawalea/LoanApps/NigeriaApproved/Lend Me.apk,,co.mylendme.mobile,3.2.6,30206,,,Nigeria/Approved,android.permission.ACCESS_COARSE_LOCATION;android.permission.ACCESS_FINE_LOCATION;android.permission.ACCESS_NETWORK_STATE;android.permission.ACCESS_WIFI_STATE;android.permission.BLUETOOTH;android.permission.CALL_PHONE;android.permission.CAMERA;android.permission.FOREGROUND_SERVICE;android.permission.GET_ACCOUNTS;android.permission.GET_ACCOUNTS_PRIVILEGED;android.permission.INTERNET;android.permission.POST_NOTIFICATIONS;android.permission.READ_APP_BADGE;android.permission.READ_CALENDAR;android.permission.READ_CONTACTS;android.permission.READ_EXTERNAL_STORAGE;android.permission.READ_PHONE_STATE;android.permission.READ_PRIVILEGED_PHONE_STATE;android.permission.RECEIVE_BOOT_COMPLETED;android.permission.RECORD_AUDIO;android.permission.VIBRATE;android.permission.WAKE_LOCK;android.permission.WRITE_CALENDAR;android.permission.WRITE_CONTACTS;android.permission.WRITE_EXTERNAL_STORAGE;co.mylendme.mobile.permission.C2D_MESSAGE;com.anddoes.launcher.permission.UPDATE_COUNT;com.google.android.c2dm.permission.RECEIVE;com.google.android.finsky.permission.BIND_GET_INSTALL_REFERRER_SERVICE;com.google.android.gms.permission.AD_ID;com.htc.launcher.permission.READ_SETTINGS;com.htc.launcher.permission.UPDATE_SHORTCUT;com.huawei.android.launcher.permission.CHANGE_BADGE;com.huawei.android.launcher.permission.READ_SETTINGS;com.huawei.android.launcher.permission.WRITE_SETTINGS;com.majeur.launcher.permission.UPDATE_BADGE;com.oppo.launcher.permission.READ_SETTINGS;com.oppo.launcher.permission.WRITE_SETTINGS;com.sec.android.provider.badge.permission.READ;com.sec.android.provider.badge.permission.WRITE;com.sonyericsson.home.permission.BROADCAST_BADGE;com.sonymobile.home.permission.PROVIDER_INSERT_BADGE;me.everything.badger.permission.BADGE_COUNT_READ;me.everything.badger.permission.BADGE_COUNT_WRITE,Yes,Yes,No,No,No,No,Yes,Yes,No,No,No,No,No,No,No,No,Yes,Yes,N/A,,N/A,,TRUE,android.permission.GET_ACCOUNTS;android.permission.READ_CONTACTS;android.permission.READ_EXTERNAL_STORAGE;android.permission.WRITE_CONTACTS;android.permission.WRITE_EXTERNAL_STORAGE,N/A,,N/A,,TRUE,android.permission.ACCESS_FINE_LOCATION;android.permission.READ_CONTACTS;android.permission.READ_EXTERNAL_STORAGE;android.permission.WRITE_EXTERNAL_STORAGE,TRUE,android.permission.ACCESS_FINE_LOCATION;android.permission.GET_ACCOUNTS;android.permission.READ_CONTACTS;android.permission.READ_EXTERNAL_STORAGE;android.permission.WRITE_CONTACTS;android.permission.WRITE_EXTERNAL_STORAGE
/data/olawalea/LoanApps/NigeriaApproved/TrustLoan.apk,,com.trustloan.finserve.nigeria.creditline.xpress,1.0.3,3,,,Nigeria/Approved,android.permission.ACCESS_ADSERVICES_AD_ID;android.permission.ACCESS_ADSERVICES_ATTRIBUTION;android.permission.ACCESS_NETWORK_STATE;android.permission.CAMERA;android.permission.INTERNET;android.permission.POST_NOTIFICATIONS;android.permission.READ_CALENDAR;android.permission.READ_CALL_LOG;android.permission.READ_PHONE_STATE;android.permission.READ_PROFILE;android.permission.READ_SMS;android.permission.WAKE_LOCK;com.android.vending.CHECK_LICENSE;com.google.android.c2dm.permission.RECEIVE;com.google.android.finsky.permission.BIND_GET_INSTALL_REFERRER_SERVICE;com.google.android.gms.permission.AD_ID;com.trustloan.finserve.nigeria.creditline.xpress.DYNAMIC_RECEIVER_NOT_EXPORTED_PERMISSION,No,No,No,No,No,Yes,No,No,No,No,No,No,Yes,No,No,No,No,No,N/A,,N/A,,TRUE,android.permission.READ_CALL_LOG,N/A,,N/A,,FALSE,,TRUE,android.permission.READ_CALL_LOG;android.permission.READ_SMS
/data/olawalea/LoanApps/NigeriaApproved/NairaGo.apk,NairaGo,com.muska.tech.nairago,1.0.3,1030,23,32,Nigeria/Approved,android.permission.ACCESS_COARSE_LOCATION;android.permission.ACCESS_NETWORK_STATE;android.permission.ACCESS_WIFI_STATE;android.permission.BLUETOOTH;android.permission.BLUETOOTH_ADMIN;android.permission.BLUETOOTH_ADVERTISE;android.permission.BLUETOOTH_CONNECT;android.permission.BLUETOOTH_SCAN;android.permission.CAMERA;android.permission.INTERNET;android.permission.LOCAL_MAC_ADDRESS;android.permission.READ_PHONE_STATE;android.permission.READ_SMS;com.google.android.gms.permission.AD_ID,No,No,No,No,No,No,No,No,No,No,No,No,Yes,No,No,No,No,No,N/A,,N/A,,FALSE,,N/A,,N/A,,FALSE,,TRUE,android.permission.READ_SMS
/data/olawalea/LoanApps/NigeriaApproved/KashCash.apk,KashCash,ng.kashcash.kash,1.0.12,37,21,33,Nigeria/Approved,android.permission.ACCESS_COARSE_LOCATION;android.permission.ACCESS_LOCATION_EXTRA_COMMANDS;android.permission.ACCESS_NETWORK_STATE;android.permission.ACCESS_WIFI_STATE;android.permission.BLUETOOTH;android.permission.BLUETOOTH_ADMIN;android.permission.CAMERA;android.permission.CHANGE_WIFI_STATE;android.permission.FOREGROUND_SERVICE;android.permission.GET_TASKS;android.permission.HIGH_SAMPLING_RATE_SENSORS;android.permission.INTERNET;android.permission.READ_CALENDAR;android.permission.READ_PHONE_STATE;android.permission.READ_SMS;android.permission.RECEIVE_BOOT_COMPLETED;android.permission.RECEIVE_SMS;android.permission.REORDER_TASKS;android.permission.SYSTEM_ALERT_WINDOW;android.permission.USE_BIOMETRIC;android.permission.USE_FINGERPRINT;android.permission.VIBRATE;android.permission.WAKE_LOCK;android.permission.WRITE_CALENDAR;com.android.browser.permission.READ_HISTORY_BOOKMARKS;com.android.vending.setup.PLAY_SETUP_SERVICE;com.google.android.c2dm.permission.RECEIVE;com.google.android.finsky.permission.BIND_GET_INSTALL_REFERRER_SERVICE;com.google.android.gms.permission.AD_ID;com.google.android.providers.gsf.permission.READ_GSERVICES,No,No,No,No,No,No,No,No,No,No,No,No,Yes,Yes,No,No,No,No,N/A,,N/A,,FALSE,,N/A,,N/A,,FALSE,,TRUE,android.permission.READ_SMS;android.permission.RECEIVE_SMS
/data/olawalea/LoanApps/NigeriaApproved/Frimoni.apk,Frimoni,com.nigeria.frimoni,1.1.4,11400,21,34,Nigeria/Approved,android.permission.ACCESS_COARSE_LOCATION;android.permission.ACCESS_NETWORK_STATE;android.permission.ACCESS_WIFI_STATE;android.permission.CAMERA;android.permission.INTERNET;android.permission.POST_NOTIFICATIONS;android.permission.WAKE_LOCK;android.permission.WRITE_CALENDAR;com.google.android.c2dm.permission.RECEIVE;com.google.android.finsky.permission.BIND_GET_INSTALL_REFERRER_SERVICE;com.google.android.gms.permission.AD_ID;com.nigeria.frimoni.DYNAMIC_RECEIVER_NOT_EXPORTED_PERMISSION;com.nigeria.frimoni.other_temp1,No,No,No,No,No,No,No,No,No,No,No,No,No,No,No,No,No,No,N/A,,N/A,,FALSE,,N/A,,N/A,,FALSE,,FALSE,
/data/olawalea/LoanApps/NigeriaApproved/Rockshield MFB.apk,,com.fintellia.rockshieldmfb,1.0.6,7,,,Nigeria/Approved,android.permission.ACCESS_NETWORK_STATE;android.permission.ACCESS_WIFI_STATE;android.permission.DOWNLOAD_WITHOUT_NOTIFICATION;android.permission.FOREGROUND_SERVICE;android.permission.INTERNET;android.permission.POST_NOTIFICATIONS;android.permission.READ_APP_BADGE;android.permission.READ_CONTACTS;android.permission.READ_EXTERNAL_STORAGE;android.permission.RECEIVE_BOOT_COMPLETED;android.permission.USE_BIOMETRIC;android.permission.USE_FINGERPRINT;android.permission.VIBRATE;android.permission.WAKE_LOCK;android.permission.WRITE_EXTERNAL_STORAGE;com.anddoes.launcher.permission.UPDATE_COUNT;com.fintellia.rockshieldmfb.DYNAMIC_RECEIVER_NOT_EXPORTED_PERMISSION;com.fintellia.rockshieldmfb.permission.C2D_MESSAGE;com.google.android.c2dm.permission.RECEIVE;com.google.android.finsky.permission.BIND_GET_INSTALL_REFERRER_SERVICE;com.google.android.providers.gsf.permission.READ_GSERVICES;com.htc.launcher.permission.READ_SETTINGS;com.htc.launcher.permission.UPDATE_SHORTCUT;com.huawei.android.launcher.permission.CHANGE_BADGE;com.huawei.android.launcher.permission.READ_SETTINGS;com.huawei.android.launcher.permission.WRITE_SETTINGS;com.majeur.launcher.permission.UPDATE_BADGE;com.oppo.launcher.permission.READ_SETTINGS;com.oppo.launcher.permission.WRITE_SETTINGS;com.sec.android.provider.badge.permission.READ;com.sec.android.provider.badge.permission.WRITE;com.sonyericsson.home.permission.BROADCAST_BADGE;com.sonymobile.home.permission.PROVIDER_INSERT_BADGE;me.everything.badger.permission.BADGE_COUNT_READ;me.everything.badger.permission.BADGE_COUNT_WRITE,No,No,No,No,No,No,Yes,Yes,No,No,No,No,No,No,No,No,No,Yes,N/A,,N/A,,TRUE,android.permission.READ_CONTACTS;android.permission.READ_EXTERNAL_STORAGE;android.permission.WRITE_EXTERNAL_STORAGE,N/A,,N/A,,TRUE,android.permission.READ_CONTACTS;android.permission.READ_EXTERNAL_STORAGE;android.permission.WRITE_EXTERNAL_STORAGE,TRUE,android.permission.READ_CONTACTS;android.permission.READ_EXTERNAL_STORAGE;android.permission.WRITE_EXTERNAL_STORAGE
/data/olawalea/LoanApps/NigeriaApproved/Easyfund.apk,,com.loan.easyfund,1.0.8,9,,,Nigeria/Approved,android.permission.ACCESS_COARSE_LOCATION;android.permission.ACCESS_NETWORK_STATE;android.permission.ACCESS_WIFI_STATE;android.permission.BLUETOOTH;android.permission.BLUETOOTH_CONNECT;android.permission.CAMERA;android.permission.CHANGE_NETWORK_STATE;android.permission.CHANGE_WIFI_STATE;android.permission.INTERNET;android.permission.LOCAL_MAC_ADDRESS;android.permission.READ_PHONE_STATE;android.permission.READ_PRIVILEGED_PHONE_STATE;android.permission.READ_SMS;android.permission.WAKE_LOCK;com.google.android.c2dm.permission.RECEIVE;com.google.android.finsky.permission.BIND_GET_INSTALL_REFERRER_SERVICE;com.google.android.gms.permission.AD_ID,No,No,No,No,No,No,No,No,No,No,No,No,Yes,No,No,No,No,No,N/A,,N/A,,FALSE,,N/A,,N/A,,FALSE,,TRUE,android.permission.READ_SMS
/data/olawalea/LoanApps/NigeriaApproved/Care Finance.apk,Care Finance,care.finance,1.1.7,117,21,33,Nigeria/Approved,android.permission.ACCESS_COARSE_LOCATION;android.permission.ACCESS_NETWORK_STATE;android.permission.ACCESS_WIFI_STATE;android.permission.BLUETOOTH;android.permission.BLUETOOTH_CONNECT;android.permission.CAMERA;android.permission.INTERNET;android.permission.PACKAGE_USAGE_STATS;android.permission.READ_CALENDAR;android.permission.READ_PHONE_STATE;android.permission.READ_SMS;android.permission.WRITE_CALENDAR;com.google.android.finsky.permission.BIND_GET_INSTALL_REFERRER_SERVICE;com.google.android.gms.permission.ACTIVITY_RECOGNITION;com.google.android.gms.permission.AD_ID;com.google.android.providers.gsf.permission.READ_GSERVICES,No,No,No,No,No,No,No,No,No,No,No,No,Yes,No,No,No,No,No,N/A,,N/A,,FALSE,,N/A,,N/A,,FALSE,,TRUE,android.permission.READ_SMS
/data/olawalea/LoanApps/NigeriaApproved/KwikPay Credit.apk,KwikPay Credit,com.kwikpay,1.2.7,30,23,34,Nigeria/Approved,android.permission.ACCESS_NETWORK_STATE;android.permission.CAMERA;android.permission.INTERNET;com.android.vending.CHECK_LICENSE;com.google.android.providers.gsf.permission.READ_GSERVICES;com.kwikpay.DYNAMIC_RECEIVER_NOT_EXPORTED_PERMISSION,No,No,No,No,No,No,No,No,No,No,No,No,No,No,No,No,No,No,N/A,,N/A,,FALSE,,N/A,,N/A,,FALSE,,FALSE,
/data/olawalea/LoanApps/NigeriaApproved/Carbon.apk,,com.lenddo.mobile.paylater,9.7.4,242,,,Nigeria/Approved,android.permission.ACCESS_ADSERVICES_AD_ID;android.permission.ACCESS_ADSERVICES_ATTRIBUTION;android.permission.ACCESS_COARSE_LOCATION;android.permission.ACCESS_FINE_LOCATION;android.permission.ACCESS_NETWORK_STATE;android.permission.ACCESS_NOTIFICATION_POLICY;android.permission.ACCESS_WIFI_STATE;android.permission.CALL_PHONE;android.permission.CAMERA;android.permission.FOREGROUND_SERVICE;android.permission.FOREGROUND_SERVICE_DATA_SYNC;android.permission.FOREGROUND_SERVICE_REMOTE_MESSAGING;android.permission.INTERNET;android.permission.POST_NOTIFICATIONS;android.permission.READ_CALENDAR;android.permission.READ_CONTACTS;android.permission.READ_EXTERNAL_STORAGE;android.permission.READ_PHONE_STATE;android.permission.RECEIVE_BOOT_COMPLETED;android.permission.RECORD_AUDIO;android.permission.REORDER_TASKS;android.permission.SCHEDULE_EXACT_ALARM;android.permission.SYSTEM_ALERT_WINDOW;android.permission.USE_BIOMETRIC;android.permission.USE_FINGERPRINT;android.permission.VIBRATE;android.permission.WAKE_LOCK;android.permission.WRITE_EXTERNAL_STORAGE;com.android.launcher.permission.INSTALL_SHORTCUT;com.google.android.c2dm.permission.RECEIVE;com.google.android.finsky.permission.BIND_GET_INSTALL_REFERRER_SERVICE;com.google.android.gms.permission.AD_ID;com.google.android.providers.gsf.permission.READ_GSERVICES;com.lenddo.mobile.paylater.DYNAMIC_RECEIVER_NOT_EXPORTED_PERMISSION;com.lenddo.mobile.paylater.permission.WRITE_SCHEDULE,Yes,No,No,No,No,No,Yes,Yes,No,No,No,No,No,No,No,No,No,Yes,N/A,,N/A,,TRUE,android.permission.READ_CONTACTS;android.permission.READ_EXTERNAL_STORAGE;android.permission.WRITE_EXTERNAL_STORAGE,N/A,,N/A,,TRUE,android.permission.ACCESS_FINE_LOCATION;android.permission.READ_CONTACTS;android.permission.READ_EXTERNAL_STORAGE;android.permission.WRITE_EXTERNAL_STORAGE,TRUE,android.permission.ACCESS_FINE_LOCATION;android.permission.READ_CONTACTS;android.permission.READ_EXTERNAL_STORAGE;android.permission.WRITE_EXTERNAL_STORAGE
/data/olawalea/LoanApps/NigeriaApproved/Rapaid.apk,Rapaid,com.rapaidv1,2.0.0,2,21,33,Nigeria/Approved,android.permission.ACCESS_NETWORK_STATE;android.permission.ACCESS_WIFI_STATE;android.permission.FOREGROUND_SERVICE;android.permission.INTERNET;android.permission.POST_NOTIFICATIONS;android.permission.READ_APP_BADGE;android.permission.READ_CALENDAR;android.permission.READ_CONTACTS;android.permission.READ_EXTERNAL_STORAGE;android.permission.RECEIVE_BOOT_COMPLETED;android.permission.USE_BIOMETRIC;android.permission.USE_FINGERPRINT;android.permission.VIBRATE;android.permission.WAKE_LOCK;android.permission.WRITE_CALENDAR;android.permission.WRITE_CONTACTS;android.permission.WRITE_EXTERNAL_STORAGE;com.anddoes.launcher.permission.UPDATE_COUNT;com.google.android.c2dm.permission.RECEIVE;com.google.android.finsky.permission.BIND_GET_INSTALL_REFERRER_SERVICE;com.htc.launcher.permission.READ_SETTINGS;com.htc.launcher.permission.UPDATE_SHORTCUT;com.huawei.android.launcher.permission.CHANGE_BADGE;com.huawei.android.launcher.permission.READ_SETTINGS;com.huawei.android.launcher.permission.WRITE_SETTINGS;com.majeur.launcher.permission.UPDATE_BADGE;com.oppo.launcher.permission.READ_SETTINGS;com.oppo.launcher.permission.WRITE_SETTINGS;com.rapaidv1.permission.C2D_MESSAGE;com.sec.android.provider.badge.permission.READ;com.sec.android.provider.badge.permission.WRITE;com.sonyericsson.home.permission.BROADCAST_BADGE;com.sonymobile.home.permission.PROVIDER_INSERT_BADGE;me.everything.badger.permission.BADGE_COUNT_READ;me.everything.badger.permission.BADGE_COUNT_WRITE,No,No,No,No,No,No,Yes,Yes,No,No,No,No,No,No,No,No,Yes,Yes,N/A,,N/A,,TRUE,android.permission.READ_CONTACTS;android.permission.READ_EXTERNAL_STORAGE;android.permission.WRITE_CONTACTS;android.permission.WRITE_EXTERNAL_STORAGE,N/A,,N/A,,TRUE,android.permission.READ_CONTACTS;android.permission.READ_EXTERNAL_STORAGE;android.permission.WRITE_EXTERNAL_STORAGE,TRUE,android.permission.READ_CONTACTS;android.permission.READ_EXTERNAL_STORAGE;android.permission.WRITE_CONTACTS;android.permission.WRITE_EXTERNAL_STORAGE
/data/olawalea/LoanApps/NigeriaApproved/TradeCredit.apk,TradeCredit,com.trade.ca.credit,1.0.7,8,21,34,Nigeria/Approved,android.permission.ACCESS_COARSE_LOCATION;android.permission.ACCESS_NETWORK_STATE;android.permission.ACCESS_WIFI_STATE;android.permission.CAMERA;android.permission.CHANGE_WIFI_STATE;android.permission.FOREGROUND_SERVICE;android.permission.HIGH_SAMPLING_RATE_SENSORS;android.permission.INTERNET;android.permission.READ_CALL_LOG;android.permission.READ_PHONE_STATE;android.permission.READ_SMS;android.permission.RECEIVE_BOOT_COMPLETED;android.permission.REQUIRE_SECURE_ENV;android.permission.VIBRATE;android.permission.WAKE_LOCK;com.google.android.c2dm.permission.RECEIVE;com.google.android.finsky.permission.BIND_GET_INSTALL_REFERRER_SERVICE;com.google.android.gms.permission.AD_ID;com.google.android.providers.gsf.permission.READ_GSERVICES;com.trade.ca.credit.DYNAMIC_RECEIVER_NOT_EXPORTED_PERMISSION,No,No,No,No,No,Yes,No,No,No,No,No,No,Yes,No,No,No,No,No,N/A,,N/A,,TRUE,android.permission.READ_CALL_LOG,N/A,,N/A,,FALSE,,TRUE,android.permission.READ_CALL_LOG;android.permission.READ_SMS
/data/olawalea/LoanApps/NigeriaApproved/Edike.apk,,com.edikemobile,2.9.1,22,,,Nigeria/Approved,android.permission.ACCESS_ADSERVICES_AD_ID;android.permission.ACCESS_ADSERVICES_ATTRIBUTION;android.permission.ACCESS_NETWORK_STATE;android.permission.ACCESS_WIFI_STATE;android.permission.DOWNLOAD_WITHOUT_NOTIFICATION;android.permission.FOREGROUND_SERVICE;android.permission.INTERNET;android.permission.POST_NOTIFICATIONS;android.permission.READ_APP_BADGE;android.permission.READ_EXTERNAL_STORAGE;android.permission.RECEIVE_BOOT_COMPLETED;android.permission.USE_BIOMETRIC;android.permission.USE_FINGERPRINT;android.permission.VIBRATE;android.permission.WAKE_LOCK;android.permission.WRITE_EXTERNAL_STORAGE;com.anddoes.launcher.permission.UPDATE_COUNT;com.android.vending.CHECK_LICENSE;com.edikemobile.DYNAMIC_RECEIVER_NOT_EXPORTED_PERMISSION;com.edikemobile.permission.C2D_MESSAGE;com.google.android.c2dm.permission.RECEIVE;com.google.android.finsky.permission.BIND_GET_INSTALL_REFERRER_SERVICE;com.google.android.gms.permission.AD_ID;com.htc.launcher.permission.READ_SETTINGS;com.htc.launcher.permission.UPDATE_SHORTCUT;com.huawei.android.launcher.permission.CHANGE_BADGE;com.huawei.android.launcher.permission.READ_SETTINGS;com.huawei.android.launcher.permission.WRITE_SETTINGS;com.majeur.launcher.permission.UPDATE_BADGE;com.oppo.launcher.permission.READ_SETTINGS;com.oppo.launcher.permission.WRITE_SETTINGS;com.sec.android.provider.badge.permission.READ;com.sec.android.provider.badge.permission.WRITE;com.sonyericsson.home.permission.BROADCAST_BADGE;com.sonymobile.home.permission.PROVIDER_INSERT_BADGE;me.everything.badger.permission.BADGE_COUNT_READ;me.everything.badger.permission.BADGE_COUNT_WRITE,No,No,No,No,No,No,No,Yes,No,No,No,No,No,No,No,No,No,Yes,N/A,,N/A,,TRUE,android.permission.READ_EXTERNAL_STORAGE;android.permission.WRITE_EXTERNAL_STORAGE,N/A,,N/A,,TRUE,android.permission.READ_EXTERNAL_STORAGE;android.permission.WRITE_EXTERNAL_STORAGE,TRUE,android.permission.READ_EXTERNAL_STORAGE;android.permission.WRITE_EXTERNAL_STORAGE
/data/olawalea/LoanApps/NigeriaApproved/OurPass.apk,,co.our.pass.stg,3.0.5,144,,,Nigeria/Approved,android.permission.ACCESS_ADSERVICES_AD_ID;android.permission.ACCESS_ADSERVICES_ATTRIBUTION;android.permission.ACCESS_COARSE_LOCATION;android.permission.ACCESS_FINE_LOCATION;android.permission.ACCESS_NETWORK_STATE;android.permission.ACCESS_WIFI_STATE;android.permission.CAMERA;android.permission.GET_ACCOUNTS;android.permission.INTERNET;android.permission.POST_NOTIFICATIONS;android.permission.READ_CONTACTS;android.permission.READ_EXTERNAL_STORAGE;android.permission.RECORD_AUDIO;android.permission.USE_BIOMETRIC;android.permission.USE_FINGERPRINT;android.permission.VIBRATE;android.permission.WAKE_LOCK;android.permission.WRITE_CONTACTS;android.permission.WRITE_EXTERNAL_STORAGE;co.our.pass.stg.DYNAMIC_RECEIVER_NOT_EXPORTED_PERMISSION;co.our.pass.stg.permission.WRITE_SCHEDULE;com.android.vending.CHECK_LICENSE;com.google.android.c2dm.permission.RECEIVE;com.google.android.finsky.permission.BIND_GET_INSTALL_REFERRER_SERVICE;com.google.android.gms.permission.AD_ID,Yes,Yes,No,No,No,No,Yes,Yes,No,No,No,No,No,No,No,No,Yes,Yes,N/A,,N/A,,TRUE,android.permission.GET_ACCOUNTS;android.permission.READ_CONTACTS;android.permission.READ_EXTERNAL_STORAGE;android.permission.WRITE_CONTACTS;android.permission.WRITE_EXTERNAL_STORAGE,N/A,,N/A,,TRUE,android.permission.ACCESS_FINE_LOCATION;android.permission.READ_CONTACTS;android.permission.READ_EXTERNAL_STORAGE;android.permission.WRITE_EXTERNAL_STORAGE,TRUE,android.permission.ACCESS_FINE_LOCATION;android.permission.GET_ACCOUNTS;android.permission.READ_CONTACTS;android.permission.READ_EXTERNAL_STORAGE;android.permission.WRITE_CONTACTS;android.permission.WRITE_EXTERNAL_STORAGE
/data/olawalea/LoanApps/NigeriaApproved/CashRun.apk,CashRun,cash.run.credit.easy.loan,1.0.18,18,26,34,Nigeria/Approved,android.permission.ACCESS_ADSERVICES_AD_ID;android.permission.ACCESS_ADSERVICES_ATTRIBUTION;android.permission.ACCESS_COARSE_LOCATION;android.permission.ACCESS_NETWORK_STATE;android.permission.ACCESS_WIFI_STATE;android.permission.CAMERA;android.permission.INTERNET;android.permission.LOCAL_MAC_ADDRESS;android.permission.READ_PHONE_STATE;android.permission.READ_SMS;cash.run.credit.easy.loan.DYNAMIC_RECEIVER_NOT_EXPORTED_PERMISSION;com.google.android.finsky.permission.BIND_GET_INSTALL_REFERRER_SERVICE;com.google.android.gms.permission.AD_ID;com.samsung.android.mapsagent.permission.READ_APP_INFO,No,No,No,No,No,No,No,No,No,No,No,No,Yes,No,No,No,No,No,N/A,,N/A,,FALSE,,N/A,,N/A,,FALSE,,TRUE,android.permission.READ_SMS
/data/olawalea/LoanApps/NigeriaApproved/Lendigo.apk,Lendigo,com.lendigo.app,2.2,99004,21,33,Nigeria/Approved,android.permission.ACCESS_COARSE_LOCATION;android.permission.ACCESS_NETWORK_STATE;android.permission.ACCESS_WIFI_STATE;android.permission.CAMERA;android.permission.FOREGROUND_SERVICE;android.permission.INTERNET;android.permission.READ_INTERNAL_STORAGE;android.permission.VIBRATE;android.permission.WAKE_LOCK;android.permission.WRITE_EXTERNAL_STORAGE;com.google.android.c2dm.permission.RECEIVE;com.google.android.finsky.permission.BIND_GET_INSTALL_REFERRER_SERVICE;com.google.android.gms.permission.AD_ID,No,No,No,No,No,No,No,No,No,No,No,No,No,No,No,No,No,Yes,N/A,,N/A,,TRUE,android.permission.WRITE_EXTERNAL_STORAGE,N/A,,N/A,,TRUE,android.permission.WRITE_EXTERNAL_STORAGE,TRUE,android.permission.WRITE_EXTERNAL_STORAGE
/data/olawalea/LoanApps/NigeriaApproved/Dot.apk,,com.digicore.dot,2.16.2,187,,,Nigeria/Approved,android.permission.ACCESS_NETWORK_STATE;android.permission.ACCESS_NOTIFICATION_POLICY;android.permission.BROADCAST_CLOSE_SYSTEM_DIALOGS;android.permission.CAMERA;android.permission.FOREGROUND_SERVICE;android.permission.INTERNET;android.permission.POST_NOTIFICATIONS;android.permission.READ_CONTACTS;android.permission.READ_EXTERNAL_STORAGE;android.permission.RECEIVE_BOOT_COMPLETED;android.permission.SCHEDULE_EXACT_ALARM;android.permission.USE_FINGERPRINT;android.permission.USE_FULL_SCREEN_INTENT;android.permission.VIBRATE;android.permission.WAKE_LOCK;android.permission.WRITE_EXTERNAL_STORAGE;com.digicore.dot.DYNAMIC_RECEIVER_NOT_EXPORTED_PERMISSION;com.google.android.c2dm.permission.RECEIVE;com.google.android.finsky.permission.BIND_GET_INSTALL_REFERRER_SERVICE,No,No,No,No,No,No,Yes,Yes,No,No,No,No,No,No,No,No,No,Yes,N/A,,N/A,,TRUE,android.permission.READ_CONTACTS;android.permission.READ_EXTERNAL_STORAGE;android.permission.WRITE_EXTERNAL_STORAGE,N/A,,N/A,,TRUE,android.permission.READ_CONTACTS;android.permission.READ_EXTERNAL_STORAGE;android.permission.WRITE_EXTERNAL_STORAGE,TRUE,android.permission.READ_CONTACTS;android.permission.READ_EXTERNAL_STORAGE;android.permission.WRITE_EXTERNAL_STORAGE
/data/olawalea/LoanApps/NigeriaApproved/LetsGo.apk,,com.letshego.dasdigital,2025.2.27-132409-master,132409,,,Nigeria/Approved,android.permission.ACCESS_ADSERVICES_AD_ID;android.permission.ACCESS_ADSERVICES_ATTRIBUTION;android.permission.ACCESS_NETWORK_STATE;android.permission.CAMERA;android.permission.INTERNET;android.permission.POST_NOTIFICATIONS;android.permission.RECORD_AUDIO;android.permission.WAKE_LOCK;com.google.android.c2dm.permission.RECEIVE;com.google.android.finsky.permission.BIND_GET_INSTALL_REFERRER_SERVICE;com.letshego.dasdigital.DYNAMIC_RECEIVER_NOT_EXPORTED_PERMISSION,No,No,No,No,No,No,No,No,No,No,No,No,No,No,No,No,No,No,N/A,,N/A,,FALSE,,N/A,,N/A,,FALSE,,FALSE,
/data/olawalea/LoanApps/NigeriaApproved/PayLater.apk,PayLater,com.paylaterapp.paylater,1.0.7,101,23,34,Nigeria/Approved,android.permission.ACCESS_ADSERVICES_AD_ID;android.permission.ACCESS_ADSERVICES_ATTRIBUTION;android.permission.ACCESS_COARSE_LOCATION;android.permission.ACCESS_FINE_LOCATION;android.permission.ACCESS_NETWORK_STATE;android.permission.CALL_PHONE;android.permission.CAMERA;android.permission.FOREGROUND_SERVICE;android.permission.INTERNET;android.permission.POST_NOTIFICATIONS;android.permission.READ_APP_BADGE;android.permission.READ_EXTERNAL_STORAGE;android.permission.RECEIVE_BOOT_COMPLETED;android.permission.REQUEST_IGNORE_BATTERY_OPTIMIZATIONS;android.permission.USE_BIOMETRIC;android.permission.USE_FINGERPRINT;android.permission.VIBRATE;android.permission.WAKE_LOCK;com.anddoes.launcher.permission.UPDATE_COUNT;com.android.vending.CHECK_LICENSE;com.google.android.c2dm.permission.RECEIVE;com.google.android.finsky.permission.BIND_GET_INSTALL_REFERRER_SERVICE;com.google.android.gms.permission.AD_ID;com.google.android.providers.gsf.permission.READ_GSERVICES;com.htc.launcher.permission.READ_SETTINGS;com.htc.launcher.permission.UPDATE_SHORTCUT;com.huawei.android.launcher.permission.CHANGE_BADGE;com.huawei.android.launcher.permission.READ_SETTINGS;com.huawei.android.launcher.permission.WRITE_SETTINGS;com.majeur.launcher.permission.UPDATE_BADGE;com.oppo.launcher.permission.READ_SETTINGS;com.oppo.launcher.permission.WRITE_SETTINGS;com.paylaterapp.paylater.DYNAMIC_RECEIVER_NOT_EXPORTED_PERMISSION;com.paylaterapp.paylater.permission.C2D_MESSAGE;com.sec.android.provider.badge.permission.READ;com.sec.android.provider.badge.permission.WRITE;com.sonyericsson.home.permission.BROADCAST_BADGE;com.sonymobile.home.permission.PROVIDER_INSERT_BADGE;me.everything.badger.permission.BADGE_COUNT_READ;me.everything.badger.permission.BADGE_COUNT_WRITE,Yes,No,No,No,No,No,No,Yes,No,No,No,No,No,No,No,No,No,No,N/A,,N/A,,TRUE,android.permission.READ_EXTERNAL_STORAGE,N/A,,N/A,,TRUE,android.permission.ACCESS_FINE_LOCATION;android.permission.READ_EXTERNAL_STORAGE,TRUE,android.permission.ACCESS_FINE_LOCATION;android.permission.READ_EXTERNAL_STORAGE
/data/olawalea/LoanApps/NigeriaApproved/TopChance.apk,,com.nigeria.android.mooncard,1.2.1,121,,,Nigeria/Approved,android.permission.ACCESS_COARSE_LOCATION;android.permission.ACCESS_NETWORK_STATE;android.permission.ACCESS_WIFI_STATE;android.permission.BLUETOOTH;android.permission.BLUETOOTH_CONNECT;android.permission.INTERNET;android.permission.PACKAGE_USAGE_STATS;android.permission.READ_CALENDAR;android.permission.READ_CALL_LOG;android.permission.READ_PHONE_STATE;android.permission.READ_PRECISE_PHONE_STATE;android.permission.READ_SMS;android.permission.WRITE_CALENDAR;com.google.android.finsky.permission.BIND_GET_INSTALL_REFERRER_SERVICE;com.google.android.gms.permission.AD_ID,No,No,No,No,No,Yes,No,No,No,No,No,No,Yes,No,No,No,No,No,N/A,,N/A,,TRUE,android.permission.READ_CALL_LOG,N/A,,N/A,,FALSE,,TRUE,android.permission.READ_CALL_LOG;android.permission.READ_SMS
/data/olawalea/LoanApps/NigeriaApproved/9Credit Go.apk,9Credit Go,com.ted.ng.ninecreditgo.credit.loans,1.0.5,5,21,33,Nigeria/Approved,android.permission.ACCESS_COARSE_LOCATION;android.permission.ACCESS_COARSE_UPDATES;android.permission.ACCESS_LOCATION_EXTRA_COMMANDS;android.permission.ACCESS_NETWORK_STATE;android.permission.ACCESS_ORIENTATION;android.permission.ACCESS_WIFI_STATE;android.permission.BATTERY_STATS;android.permission.BLUETOOTH;android.permission.BLUETOOTH_CONNECT;android.permission.BROADCAST_STICKY;android.permission.CAMERA;android.permission.CHANGE_WIFI_STATE;android.permission.FOREGROUND_SERVICE;android.permission.GET_ACCOUNTS;android.permission.INTERNET;android.permission.KILL_BACKGROUND_PROCESSES;android.permission.LOCAL_MAC_ADDRESS;android.permission.PACKAGE_USAGE_STATS;android.permission.READ_CALENDAR;android.permission.READ_CALL_LOG;android.permission.READ_PHONE_STATE;android.permission.READ_PRIVILEGED_PHONE_STATE;android.permission.READ_SMS;android.permission.RECEIVE_BOOT_COMPLETED;android.permission.RECORD_AUDIO;android.permission.REPLACE_EXISTING_PACKAGE;android.permission.VIBRATE;android.permission.WAKE_LOCK;android.permission.WRITE_CALENDAR;android.permission.WRITE_SETTINGS;com.google.android.finsky.permission.BIND_GET_INSTALL_REFERRER_SERVICE;com.google.android.gms.permission.AD_ID,No,Yes,No,No,No,Yes,No,No,No,No,No,No,Yes,No,No,No,No,No,N/A,,N/A,,TRUE,android.permission.GET_ACCOUNTS;android.permission.READ_CALL_LOG,N/A,,N/A,,FALSE,,TRUE,android.permission.GET_ACCOUNTS;android.permission.READ_CALL_LOG;android.permission.READ_SMS
/data/olawalea/LoanApps/NigeriaApproved/Sycamore.apk,,ng.sycamore.app2,2.1.6,1736337866,,,Nigeria/Approved,android.permission.ACCESS_ADSERVICES_AD_ID;android.permission.ACCESS_ADSERVICES_ATTRIBUTION;android.permission.ACCESS_NETWORK_STATE;android.permission.ACCESS_WIFI_STATE;android.permission.CAMERA;android.permission.FOREGROUND_SERVICE;android.permission.FOREGROUND_SERVICE_SPECIAL_USE;android.permission.INTERNET;android.permission.POST_NOTIFICATIONS;android.permission.READ_EXTERNAL_STORAGE;android.permission.READ_MEDIA_IMAGES;android.permission.READ_PHONE_STATE;android.permission.RECEIVE_BOOT_COMPLETED;android.permission.RECORD_AUDIO;android.permission.SCHEDULE_EXACT_ALARM;android.permission.USE_BIOMETRIC;android.permission.USE_FINGERPRINT;android.permission.VIBRATE;android.permission.WAKE_LOCK;android.permission.WRITE_EXTERNAL_STORAGE;com.google.android.c2dm.permission.RECEIVE;com.google.android.finsky.permission.BIND_GET_INSTALL_REFERRER_SERVICE;com.google.android.gms.permission.AD_ID;com.huawei.appmarket.service.commondata.permission.GET_COMMON_DATA;ng.sycamore.app2.DYNAMIC_RECEIVER_NOT_EXPORTED_PERMISSION,No,No,No,No,No,No,No,Yes,No,Yes,No,No,No,No,No,No,No,Yes,N/A,,N/A,,TRUE,android.permission.READ_EXTERNAL_STORAGE;android.permission.READ_MEDIA_IMAGES;android.permission.WRITE_EXTERNAL_STORAGE,N/A,,N/A,,TRUE,android.permission.READ_EXTERNAL_STORAGE;android.permission.READ_MEDIA_IMAGES;android.permission.WRITE_EXTERNAL_STORAGE,TRUE,android.permission.READ_EXTERNAL_STORAGE;android.permission.READ_MEDIA_IMAGES;android.permission.WRITE_EXTERNAL_STORAGE
/data/olawalea/LoanApps/NigeriaApproved/FinPadi.apk,,com.finpadimobile,1.0.0,1,,,Nigeria/Approved,android.permission.ACCESS_NETWORK_STATE;android.permission.INTERNET;android.permission.POST_NOTIFICATIONS;android.permission.READ_APP_BADGE;android.permission.READ_EXTERNAL_STORAGE;android.permission.RECEIVE_BOOT_COMPLETED;android.permission.SYSTEM_ALERT_WINDOW;android.permission.USE_BIOMETRIC;android.permission.USE_FINGERPRINT;android.permission.VIBRATE;android.permission.WAKE_LOCK;android.permission.WRITE_EXTERNAL_STORAGE;com.anddoes.launcher.permission.UPDATE_COUNT;com.finpadimobile.DYNAMIC_RECEIVER_NOT_EXPORTED_PERMISSION;com.google.android.c2dm.permission.RECEIVE;com.google.android.finsky.permission.BIND_GET_INSTALL_REFERRER_SERVICE;com.htc.launcher.permission.READ_SETTINGS;com.htc.launcher.permission.UPDATE_SHORTCUT;com.huawei.android.launcher.permission.CHANGE_BADGE;com.huawei.android.launcher.permission.READ_SETTINGS;com.huawei.android.launcher.permission.WRITE_SETTINGS;com.majeur.launcher.permission.UPDATE_BADGE;com.oppo.launcher.permission.READ_SETTINGS;com.oppo.launcher.permission.WRITE_SETTINGS;com.sec.android.provider.badge.permission.READ;com.sec.android.provider.badge.permission.WRITE;com.sonyericsson.home.permission.BROADCAST_BADGE;com.sonymobile.home.permission.PROVIDER_INSERT_BADGE;me.everything.badger.permission.BADGE_COUNT_READ;me.everything.badger.permission.BADGE_COUNT_WRITE,No,No,No,No,No,No,No,Yes,No,No,No,No,No,No,No,No,No,Yes,N/A,,N/A,,TRUE,android.permission.READ_EXTERNAL_STORAGE;android.permission.WRITE_EXTERNAL_STORAGE,N/A,,N/A,,TRUE,android.permission.READ_EXTERNAL_STORAGE;android.permission.WRITE_EXTERNAL_STORAGE,TRUE,android.permission.READ_EXTERNAL_STORAGE;android.permission.WRITE_EXTERNAL_STORAGE
/data/olawalea/LoanApps/NigeriaApproved/Oyescredit.apk,,com.end.wall.week,1.0.5,6,,,Nigeria/Approved,android.permission.ACCESS_COARSE_LOCATION;android.permission.ACCESS_NETWORK_STATE;android.permission.ACCESS_WIFI_STATE;android.permission.CALL_PHONE;android.permission.CAMERA;android.permission.CHANGE_NETWORK_STATE;android.permission.CHANGE_WIFI_STATE;android.permission.FOREGROUND_SERVICE;android.permission.INTERNET;android.permission.READ_PHONE_STATE;android.permission.READ_SMS;android.permission.WAKE_LOCK;com.google.android.finsky.permission.BIND_GET_INSTALL_REFERRER_SERVICE,No,No,No,No,No,No,No,No,No,No,No,No,Yes,No,No,No,No,No,N/A,,N/A,,FALSE,,N/A,,N/A,,FALSE,,TRUE,android.permission.READ_SMS
/data/olawalea/LoanApps/NigeriaApproved/MenaCred.apk,MenaCred,com.menamobile,2.2.4,119,21,33,Nigeria/Approved,android.permission.ACCESS_NETWORK_STATE;android.permission.ACCESS_WIFI_STATE;android.permission.CAMERA;android.permission.DOWNLOAD_WITHOUT_NOTIFICATION;android.permission.FOREGROUND_SERVICE;android.permission.INTERNET;android.permission.POST_NOTIFICATIONS;android.permission.READ_APP_BADGE;android.permission.READ_EXTERNAL_STORAGE;android.permission.READ_SMS;android.permission.RECEIVE_BOOT_COMPLETED;android.permission.USE_BIOMETRIC;android.permission.USE_FINGERPRINT;android.permission.VIBRATE;android.permission.WAKE_LOCK;android.permission.WRITE_EXTERNAL_STORAGE;com.anddoes.launcher.permission.UPDATE_COUNT;com.google.android.c2dm.permission.RECEIVE;com.google.android.finsky.permission.BIND_GET_INSTALL_REFERRER_SERVICE;com.google.android.gms.permission.AD_ID;com.htc.launcher.permission.READ_SETTINGS;com.htc.launcher.permission.UPDATE_SHORTCUT;com.huawei.android.launcher.permission.CHANGE_BADGE;com.huawei.android.launcher.permission.READ_SETTINGS;com.huawei.android.launcher.permission.WRITE_SETTINGS;com.majeur.launcher.permission.UPDATE_BADGE;com.menamobile.permission.C2D_MESSAGE;com.oppo.launcher.permission.READ_SETTINGS;com.oppo.launcher.permission.WRITE_SETTINGS;com.sec.android.provider.badge.permission.READ;com.sec.android.provider.badge.permission.WRITE;com.sonyericsson.home.permission.BROADCAST_BADGE;com.sonymobile.home.permission.PROVIDER_INSERT_BADGE;me.everything.badger.permission.BADGE_COUNT_READ;me.everything.badger.permission.BADGE_COUNT_WRITE,No,No,No,No,No,No,No,Yes,No,No,No,No,Yes,No,No,No,No,Yes,N/A,,N/A,,TRUE,android.permission.READ_EXTERNAL_STORAGE;android.permission.WRITE_EXTERNAL_STORAGE,N/A,,N/A,,TRUE,android.permission.READ_EXTERNAL_STORAGE;android.permission.WRITE_EXTERNAL_STORAGE,TRUE,android.permission.READ_EXTERNAL_STORAGE;android.permission.READ_SMS;android.permission.WRITE_EXTERNAL_STORAGE
/data/olawalea/LoanApps/NigeriaApproved/Hometown.apk,Hometown,com.hometown.app,1.2.2,64,23,33,Nigeria/Approved,android.permission.ACCESS_NETWORK_STATE;android.permission.CAMERA;android.permission.FOREGROUND_SERVICE;android.permission.INTERNET;android.permission.POST_NOTIFICATIONS;android.permission.READ_CONTACTS;android.permission.RECEIVE_BOOT_COMPLETED;android.permission.USE_BIOMETRIC;android.permission.USE_FINGERPRINT;android.permission.WAKE_LOCK;android.permission.WRITE_CONTACTS;com.google.android.c2dm.permission.RECEIVE;com.google.android.finsky.permission.BIND_GET_INSTALL_REFERRER_SERVICE;com.google.android.gms.permission.AD_ID;com.hometown.app.DYNAMIC_RECEIVER_NOT_EXPORTED_PERMISSION,No,No,No,No,No,No,Yes,No,No,No,No,No,No,No,No,No,Yes,No,N/A,,N/A,,TRUE,android.permission.READ_CONTACTS;android.permission.WRITE_CONTACTS,N/A,,N/A,,TRUE,android.permission.READ_CONTACTS,TRUE,android.permission.READ_CONTACTS;android.permission.WRITE_CONTACTS
/data/olawalea/LoanApps/NigeriaApproved/Credlock Business.apk,,app.credlockng.merchant,1.19.0,19,,,Nigeria/Approved,android.permission.ACCESS_COARSE_LOCATION;android.permission.ACCESS_FINE_LOCATION;android.permission.ACCESS_NETWORK_STATE;android.permission.ACCESS_WIFI_STATE;android.permission.CAMERA;android.permission.INTERNET;android.permission.POST_NOTIFICATIONS;android.permission.READ_EXTERNAL_STORAGE;android.permission.RECORD_AUDIO;android.permission.SYSTEM_ALERT_WINDOW;android.permission.USE_BIOMETRIC;android.permission.USE_FINGERPRINT;android.permission.VIBRATE;android.permission.WAKE_LOCK;android.permission.WRITE_EXTERNAL_STORAGE;app.credlockng.merchant.DYNAMIC_RECEIVER_NOT_EXPORTED_PERMISSION;com.google.android.c2dm.permission.RECEIVE;com.google.android.finsky.permission.BIND_GET_INSTALL_REFERRER_SERVICE;com.google.android.gms.permission.ACTIVITY_RECOGNITION;com.google.android.providers.gsf.permission.READ_GSERVICES,Yes,No,No,No,No,No,No,Yes,No,No,No,No,No,No,No,No,No,Yes,N/A,,N/A,,TRUE,android.permission.READ_EXTERNAL_STORAGE;android.permission.WRITE_EXTERNAL_STORAGE,N/A,,N/A,,TRUE,android.permission.ACCESS_FINE_LOCATION;android.permission.READ_EXTERNAL_STORAGE;android.permission.WRITE_EXTERNAL_STORAGE,TRUE,android.permission.ACCESS_FINE_LOCATION;android.permission.READ_EXTERNAL_STORAGE;android.permission.WRITE_EXTERNAL_STORAGE
/data/olawalea/LoanApps/NigeriaApproved/Swiftnaira.apk,,nr.loan.swift.naira,1.0.1,10003,,,Nigeria/Approved,android.permission.ACCESS_ADSERVICES_ATTRIBUTION;android.permission.ACCESS_LOCATION_EXTRA_COMMANDS;android.permission.ACCESS_NETWORK_STATE;android.permission.ACCESS_WIFI_STATE;android.permission.CALL_PHONE;android.permission.CAMERA;android.permission.CHANGE_NETWORK_STATE;android.permission.CHANGE_WIFI_STATE;android.permission.FOREGROUND_SERVICE;android.permission.INTERNET;android.permission.POST_NOTIFICATIONS;android.permission.READ_PHONE_STATE;android.permission.READ_PRIVILEGED_PHONE_STATE;android.permission.REAL_GET_TASKS;android.permission.RECEIVE_BOOT_COMPLETED;android.permission.RECEIVE_USER_PRESENT;android.permission.SYSTEM_ALERT_WINDOW;android.permission.VIBRATE;android.permission.WAKE_LOCK;android.permission.WRITE_SETTINGS;com.google.android.c2dm.permission.RECEIVE;com.google.android.finsky.permission.BIND_GET_INSTALL_REFERRER_SERVICE;com.google.android.gms.permission.AD_ID;com.google.android.providers.gsf.permission.READ_GSERVICES;com.huawei.appmarket.service.commondata.permission.GET_COMMON_DATA,No,No,No,No,No,No,No,No,No,No,No,No,No,No,No,No,No,No,N/A,,N/A,,FALSE,,N/A,,N/A,,FALSE,,FALSE,
/data/olawalea/LoanApps/NigeriaApproved/Quickash.apk,Quickash,com.nigeria.quickash,1.0.3,10300,21,34,Nigeria/Approved,android.permission.ACCESS_COARSE_LOCATION;android.permission.ACCESS_NETWORK_STATE;android.permission.ACCESS_WIFI_STATE;android.permission.CAMERA;android.permission.INTERNET;android.permission.POST_NOTIFICATIONS;android.permission.WAKE_LOCK;android.permission.WRITE_CALENDAR;com.google.android.c2dm.permission.RECEIVE;com.google.android.finsky.permission.BIND_GET_INSTALL_REFERRER_SERVICE;com.google.android.gms.permission.AD_ID;com.nigeria.quickash.DYNAMIC_RECEIVER_NOT_EXPORTED_PERMISSION;com.nigeria.quickash.other_temp1;com.nigeria.quickash.other_temp5,No,No,No,No,No,No,No,No,No,No,No,No,No,No,No,No,No,No,N/A,,N/A,,FALSE,,N/A,,N/A,,FALSE,,FALSE,
/data/olawalea/LoanApps/NigeriaApproved/Kash Now.apk,Kash Now,com.cascade.kashnow,5.0,5,16,30,Nigeria/Approved,android.permission.ACCESS_NETWORK_STATE;android.permission.ACCESS_WIFI_STATE;android.permission.INTERNET;com.google.android.gms.permission.AD_ID,No,No,No,No,No,No,No,No,No,No,No,No,No,No,No,No,No,No,N/A,,N/A,,FALSE,,N/A,,N/A,,FALSE,,FALSE,
/data/olawalea/LoanApps/NigeriaApproved/OKCash.apk,OKCash,com.falcon.teer.baro.cash,1.0.2,10002,21,33,Nigeria/Approved,android.permission.ACCESS_COARSE_LOCATION;android.permission.ACCESS_NETWORK_STATE;android.permission.ACCESS_WIFI_STATE;android.permission.CAMERA;android.permission.CHANGE_NETWORK_STATE;android.permission.CHANGE_WIFI_STATE;android.permission.HIGH_SAMPLING_RATE_SENSORS;android.permission.INTERNET;android.permission.READ_SMS;android.permission.VIBRATE;android.permission.WAKE_LOCK;com.falcon.teer.baro.cash.DYNAMIC_RECEIVER_NOT_EXPORTED_PERMISSION;com.google.android.finsky.permission.BIND_GET_INSTALL_REFERRER_SERVICE;com.google.android.gms.permission.AD_ID,No,No,No,No,No,No,No,No,No,No,No,No,Yes,No,No,No,No,No,N/A,,N/A,,FALSE,,N/A,,N/A,,FALSE,,TRUE,android.permission.READ_SMS
/data/olawalea/LoanApps/NigeriaApproved/Tloan.apk,Tloan,com.tingo.credit.money.nigeria,2.3.2,23200,21,34,Nigeria/Approved,android.permission.ACCESS_COARSE_LOCATION;android.permission.ACCESS_NETWORK_STATE;android.permission.ACCESS_WIFI_STATE;android.permission.CAMERA;android.permission.INTERNET;android.permission.POST_NOTIFICATIONS;android.permission.WAKE_LOCK;android.permission.WRITE_CALENDAR;com.google.android.c2dm.permission.RECEIVE;com.google.android.finsky.permission.BIND_GET_INSTALL_REFERRER_SERVICE;com.google.android.gms.permission.AD_ID;com.tingo.credit.money.nigeria.DYNAMIC_RECEIVER_NOT_EXPORTED_PERMISSION,No,No,No,No,No,No,No,No,No,No,No,No,No,No,No,No,No,No,N/A,,N/A,,FALSE,,N/A,,N/A,,FALSE,,FALSE,
/data/olawalea/LoanApps/NigeriaApproved/Cash9ja.apk,Cash9ja,com.samued.cashnaija,1.0.4,5,21,34,Nigeria/Approved,android.permission.ACCESS_ADSERVICES_AD_ID;android.permission.ACCESS_ADSERVICES_ATTRIBUTION;android.permission.ACCESS_COARSE_LOCATION;android.permission.ACCESS_NETWORK_STATE;android.permission.ACCESS_WIFI_STATE;android.permission.BLUETOOTH;android.permission.INTERNET;android.permission.PACKAGE_USAGE_STATS;android.permission.READ_CALENDAR;android.permission.READ_PHONE_STATE;android.permission.READ_SMS;android.permission.WAKE_LOCK;android.permission.WRITE_CALENDAR;com.google.android.finsky.permission.BIND_GET_INSTALL_REFERRER_SERVICE;com.google.android.gms.permission.AD_ID;com.google.android.providers.gsf.permission.READ_GSERVICES;com.samued.cashnaija.DYNAMIC_RECEIVER_NOT_EXPORTED_PERMISSION,No,No,No,No,No,No,No,No,No,No,No,No,Yes,No,No,No,No,No,N/A,,N/A,,FALSE,,N/A,,N/A,,FALSE,,TRUE,android.permission.READ_SMS
/data/olawalea/LoanApps/NigeriaApproved/OxLoan Pro.apk,,com.oxloanpro.cash.credit.nigeria,1.1.1,12,,,Nigeria/Approved,android.permission.ACCESS_COARSE_LOCATION;android.permission.ACCESS_NETWORK_STATE;android.permission.ACCESS_WIFI_STATE;android.permission.BLUETOOTH;android.permission.BLUETOOTH_ADMIN;android.permission.CAMERA;android.permission.CHANGE_WIFI_STATE;android.permission.INTERNET;android.permission.POST_NOTIFICATIONS;android.permission.READ_PHONE_STATE;android.permission.READ_SMS;android.permission.WAKE_LOCK;com.google.android.c2dm.permission.RECEIVE;com.google.android.finsky.permission.BIND_GET_INSTALL_REFERRER_SERVICE;com.google.android.gms.permission.AD_ID;com.oxloanpro.cash.credit.nigeria.DYNAMIC_RECEIVER_NOT_EXPORTED_PERMISSION,No,No,No,No,No,No,No,No,No,No,No,No,Yes,No,No,No,No,No,N/A,,N/A,,FALSE,,N/A,,N/A,,FALSE,,TRUE,android.permission.READ_SMS
/data/olawalea/LoanApps/NigeriaApproved/Cashpaddie.apk,Cashpaddie,com.lucky.cashpaddie,1.3.3,13300,21,34,Nigeria/Approved,android.permission.ACCESS_COARSE_LOCATION;android.permission.ACCESS_NETWORK_STATE;android.permission.ACCESS_WIFI_STATE;android.permission.CAMERA;android.permission.DOWNLOAD_WITHOUT_NOTIFICATION;android.permission.INTERNET;android.permission.POST_NOTIFICATIONS;android.permission.READ_CALENDAR;android.permission.READ_PHONE_STATE;android.permission.READ_SMS;android.permission.WAKE_LOCK;com.google.android.c2dm.permission.RECEIVE;com.google.android.finsky.permission.BIND_GET_INSTALL_REFERRER_SERVICE;com.google.android.gms.permission.AD_ID,No,No,No,No,No,No,No,No,No,No,No,No,Yes,No,No,No,No,No,N/A,,N/A,,FALSE,,N/A,,N/A,,FALSE,,TRUE,android.permission.READ_SMS
/data/olawalea/LoanApps/NigeriaApproved/Swift naira.apk,,swift.loan.naira.app,1.0.5,13,,,Nigeria/Approved,android.permission.ACCESS_ADSERVICES_ATTRIBUTION;android.permission.ACCESS_LOCATION_EXTRA_COMMANDS;android.permission.ACCESS_NETWORK_STATE;android.permission.ACCESS_WIFI_STATE;android.permission.CALL_PHONE;android.permission.CAMERA;android.permission.CHANGE_NETWORK_STATE;android.permission.CHANGE_WIFI_STATE;android.permission.FOREGROUND_SERVICE;android.permission.INTERNET;android.permission.POST_NOTIFICATIONS;android.permission.READ_PHONE_STATE;android.permission.READ_PRIVILEGED_PHONE_STATE;android.permission.READ_SMS;android.permission.REAL_GET_TASKS;android.permission.RECEIVE_BOOT_COMPLETED;android.permission.RECEIVE_USER_PRESENT;android.permission.SYSTEM_ALERT_WINDOW;android.permission.VIBRATE;android.permission.WAKE_LOCK;android.permission.WRITE_SETTINGS;com.google.android.c2dm.permission.RECEIVE;com.google.android.finsky.permission.BIND_GET_INSTALL_REFERRER_SERVICE;com.google.android.gms.permission.AD_ID;com.google.android.providers.gsf.permission.READ_GSERVICES;com.huawei.appmarket.service.commondata.permission.GET_COMMON_DATA,No,No,No,No,No,No,No,No,No,No,No,No,Yes,No,No,No,No,No,N/A,,N/A,,FALSE,,N/A,,N/A,,FALSE,,TRUE,android.permission.READ_SMS
/data/olawalea/LoanApps/NigeriaApproved/Hermoney.apk,,com.hermoney.app,1.0,10,,,Nigeria/Approved,android.permission.ACCESS_COARSE_LOCATION;android.permission.ACCESS_FINE_LOCATION;android.permission.ACCESS_NETWORK_STATE;android.permission.ACCESS_WIFI_STATE;android.permission.CALL_PHONE;android.permission.CAMERA;android.permission.DOWNLOAD_WITHOUT_NOTIFICATION;android.permission.FOREGROUND_SERVICE;android.permission.INTERNET;android.permission.READ_EXTERNAL_STORAGE;android.permission.RECEIVE_BOOT_COMPLETED;android.permission.USE_BIOMETRIC;android.permission.USE_FINGERPRINT;android.permission.WAKE_LOCK;android.permission.WRITE_EXTERNAL_STORAGE;com.google.android.c2dm.permission.RECEIVE;com.google.android.finsky.permission.BIND_GET_INSTALL_REFERRER_SERVICE;com.hermoney.app.DYNAMIC_RECEIVER_NOT_EXPORTED_PERMISSION,Yes,No,No,No,No,No,No,Yes,No,No,No,No,No,No,No,No,No,Yes,N/A,,N/A,,TRUE,android.permission.READ_EXTERNAL_STORAGE;android.permission.WRITE_EXTERNAL_STORAGE,N/A,,N/A,,TRUE,android.permission.ACCESS_FINE_LOCATION;android.permission.READ_EXTERNAL_STORAGE;android.permission.WRITE_EXTERNAL_STORAGE,TRUE,android.permission.ACCESS_FINE_LOCATION;android.permission.READ_EXTERNAL_STORAGE;android.permission.WRITE_EXTERNAL_STORAGE
/data/olawalea/LoanApps/NigeriaApproved/MoreCash.apk,,com.loan.credit.new.morecash,1.6.9,39169,,,Nigeria/Approved,android.permission.ACCESS_COARSE_LOCATION;android.permission.ACCESS_NETWORK_STATE;android.permission.ACCESS_WIFI_STATE;android.permission.BROADCAST_STICKY;android.permission.CAMERA;android.permission.INTERNET;android.permission.MOUNT_UNMOUNT_FILESYSTEMS;android.permission.READ_PHONE_STATE;android.permission.READ_PRIVILEGED_PHONE_STATE;android.permission.READ_SMS;android.permission.WAKE_LOCK;com.android.vending.CHECK_LICENSE;com.google.android.finsky.permission.BIND_GET_INSTALL_REFERRER_SERVICE;com.google.android.gms.permission.AD_ID,No,No,No,No,No,No,No,No,No,No,No,No,Yes,No,No,No,No,No,N/A,,N/A,,FALSE,,N/A,,N/A,,FALSE,,TRUE,android.permission.READ_SMS
/data/olawalea/LoanApps/NigeriaApproved/Fewchore Mobile.apk,Fewchore Mobile,com.exolve.fewchorepay,2.6.0,38,21,34,Nigeria/Approved,android.permission.ACCESS_NETWORK_STATE;android.permission.BLUETOOTH;android.permission.BLUETOOTH_CONNECT;android.permission.CAMERA;android.permission.INTERNET;android.permission.POST_NOTIFICATIONS;android.permission.READ_EXTERNAL_STORAGE;android.permission.READ_MEDIA_AUDIO;android.permission.READ_MEDIA_IMAGES;android.permission.READ_MEDIA_VIDEO;android.permission.RECORD_AUDIO;android.permission.USE_BIOMETRIC;android.permission.USE_FINGERPRINT;android.permission.WAKE_LOCK;android.permission.WRITE_EXTERNAL_STORAGE;com.exolve.fewchorepay.DYNAMIC_RECEIVER_NOT_EXPORTED_PERMISSION;com.google.android.c2dm.permission.RECEIVE,No,No,No,No,No,No,No,Yes,Yes,Yes,Yes,No,No,No,No,No,No,Yes,N/A,,N/A,,TRUE,android.permission.READ_EXTERNAL_STORAGE;android.permission.READ_MEDIA_AUDIO;android.permission.READ_MEDIA_IMAGES;android.permission.READ_MEDIA_VIDEO;android.permission.WRITE_EXTERNAL_STORAGE,N/A,,N/A,,TRUE,android.permission.READ_EXTERNAL_STORAGE;android.permission.READ_MEDIA_IMAGES;android.permission.READ_MEDIA_VIDEO;android.permission.WRITE_EXTERNAL_STORAGE,TRUE,android.permission.READ_EXTERNAL_STORAGE;android.permission.READ_MEDIA_AUDIO;android.permission.READ_MEDIA_IMAGES;android.permission.READ_MEDIA_VIDEO;android.permission.WRITE_EXTERNAL_STORAGE
/data/olawalea/LoanApps/NigeriaApproved/Vybecash.apk,,com.vybecash.app,2.1.0,78,,,Nigeria/Approved,android.permission.ACCESS_ADSERVICES_AD_ID;android.permission.ACCESS_ADSERVICES_ATTRIBUTION;android.permission.ACCESS_COARSE_LOCATION;android.permission.ACCESS_FINE_LOCATION;android.permission.ACCESS_NETWORK_STATE;android.permission.ACCESS_WIFI_STATE;android.permission.CAMERA;android.permission.FOREGROUND_SERVICE;android.permission.INTERNET;android.permission.MODIFY_AUDIO_SETTINGS;android.permission.POST_NOTIFICATIONS;android.permission.READ_APP_BADGE;android.permission.READ_CONTACTS;android.permission.READ_EXTERNAL_STORAGE;android.permission.READ_INTERNAL_STORAGE;android.permission.RECEIVE_BOOT_COMPLETED;android.permission.RECORD_AUDIO;android.permission.SCHEDULE_EXACT_ALARM;android.permission.USE_BIOMETRIC;android.permission.USE_FINGERPRINT;android.permission.USE_FULL_SCREEN_INTENT;android.permission.VIBRATE;android.permission.VIDEO_CAPTURE;android.permission.WAKE_LOCK;android.permission.WRITE_CONTACTS;android.permission.WRITE_EXTERNAL_STORAGE;com.anddoes.launcher.permission.UPDATE_COUNT;com.google.android.c2dm.permission.RECEIVE;com.google.android.finsky.permission.BIND_GET_INSTALL_REFERRER_SERVICE;com.google.android.gms.permission.AD_ID;com.htc.launcher.permission.READ_SETTINGS;com.htc.launcher.permission.UPDATE_SHORTCUT;com.huawei.android.launcher.permission.CHANGE_BADGE;com.huawei.android.launcher.permission.READ_SETTINGS;com.huawei.android.launcher.permission.WRITE_SETTINGS;com.majeur.launcher.permission.UPDATE_BADGE;com.oppo.launcher.permission.READ_SETTINGS;com.oppo.launcher.permission.WRITE_SETTINGS;com.sec.android.provider.badge.permission.READ;com.sec.android.provider.badge.permission.WRITE;com.sonyericsson.home.permission.BROADCAST_BADGE;com.sonymobile.home.permission.PROVIDER_INSERT_BADGE;com.vybecash.app.DYNAMIC_RECEIVER_NOT_EXPORTED_PERMISSION;com.vybecash.app.permission.C2D_MESSAGE;me.everything.badger.permission.BADGE_COUNT_READ;me.everything.badger.permission.BADGE_COUNT_WRITE,Yes,No,No,No,No,No,Yes,Yes,No,No,No,No,No,No,No,No,Yes,Yes,N/A,,N/A,,TRUE,android.permission.READ_CONTACTS;android.permission.READ_EXTERNAL_STORAGE;android.permission.WRITE_CONTACTS;android.permission.WRITE_EXTERNAL_STORAGE,N/A,,N/A,,TRUE,android.permission.ACCESS_FINE_LOCATION;android.permission.READ_CONTACTS;android.permission.READ_EXTERNAL_STORAGE;android.permission.WRITE_EXTERNAL_STORAGE,TRUE,android.permission.ACCESS_FINE_LOCATION;android.permission.READ_CONTACTS;android.permission.READ_EXTERNAL_STORAGE;android.permission.WRITE_CONTACTS;android.permission.WRITE_EXTERNAL_STORAGE
/data/olawalea/LoanApps/NigeriaApproved/KashOn.apk,KashOn,com.kashon,3.0.8,300080,21,33,Nigeria/Approved,android.permission.ACCESS_COARSE_LOCATION;android.permission.ACCESS_NETWORK_STATE;android.permission.ACCESS_WIFI_STATE;android.permission.CHANGE_NETWORK_STATE;android.permission.FOREGROUND_SERVICE;android.permission.INTERNET;android.permission.KILL_BACKGROUND_PROCESSES;android.permission.READ_CALENDAR;android.permission.READ_PHONE_STATE;android.permission.READ_PRIVILEGED_PHONE_STATE;android.permission.RECEIVE_BOOT_COMPLETED;android.permission.VIBRATE;android.permission.WAKE_LOCK;android.permission.WRITE_CALENDAR;com.google.android.c2dm.permission.RECEIVE;com.google.android.finsky.permission.BIND_GET_INSTALL_REFERRER_SERVICE;com.google.android.gms.permission.AD_ID,No,No,No,No,No,No,No,No,No,No,No,No,No,No,No,No,No,No,N/A,,N/A,,FALSE,,N/A,,N/A,,FALSE,,FALSE,
/data/olawalea/LoanApps/NigeriaApproved/Ellimoney.apk,Ellimoney,com.airopay.agents,2.0.9,33,23,34,Nigeria/Approved,android.permission.ACCESS_NETWORK_STATE;android.permission.FOREGROUND_SERVICE;android.permission.INTERNET;android.permission.NFC;android.permission.READ_EXTERNAL_STORAGE;android.permission.READ_PHONE_STATE;android.permission.READ_PRIVILEGED_PHONE_STATE;android.permission.RECEIVE_BOOT_COMPLETED;android.permission.WAKE_LOCK;com.airopay.agents.DYNAMIC_RECEIVER_NOT_EXPORTED_PERMISSION;com.google.android.c2dm.permission.RECEIVE;com.google.android.gms.permission.AD_ID,No,No,No,No,No,No,No,Yes,No,No,No,No,No,No,No,No,No,No,N/A,,N/A,,TRUE,android.permission.READ_EXTERNAL_STORAGE,N/A,,N/A,,TRUE,android.permission.READ_EXTERNAL_STORAGE,TRUE,android.permission.READ_EXTERNAL_STORAGE
/data/olawalea/LoanApps/NigeriaApproved/Koins.apk,,com.primerabank.primera_mobile,1.0.14,29,,,Nigeria/Approved,android.permission.ACCESS_NETWORK_STATE;android.permission.CAMERA;android.permission.FLASHLIGHT;android.permission.INTERNET;android.permission.POST_NOTIFICATIONS;android.permission.READ_EXTERNAL_STORAGE;android.permission.READ_PHONE_STATE;android.permission.USE_BIOMETRIC;android.permission.USE_FINGERPRINT;android.permission.VIBRATE;android.permission.WAKE_LOCK;android.permission.WRITE_EXTERNAL_STORAGE;com.google.android.c2dm.permission.RECEIVE;com.google.android.finsky.permission.BIND_GET_INSTALL_REFERRER_SERVICE;com.google.android.gms.permission.AD_ID;com.primerabank.primera_mobile.DYNAMIC_RECEIVER_NOT_EXPORTED_PERMISSION,No,No,No,No,No,No,No,Yes,No,No,No,No,No,No,No,No,No,Yes,N/A,,N/A,,TRUE,android.permission.READ_EXTERNAL_STORAGE;android.permission.WRITE_EXTERNAL_STORAGE,N/A,,N/A,,TRUE,android.permission.READ_EXTERNAL_STORAGE;android.permission.WRITE_EXTERNAL_STORAGE,TRUE,android.permission.READ_EXTERNAL_STORAGE;android.permission.WRITE_EXTERNAL_STORAGE
/data/olawalea/LoanApps/NigeriaApproved/E4Moni.apk,E4moni,com.e4moni.loan,1.0.1,2,23,34,Nigeria/Approved,android.permission.ACCESS_NETWORK_STATE;android.permission.CAMERA;android.permission.INTERNET;android.permission.READ_PHONE_STATE;android.permission.WAKE_LOCK;com.e4moni.loan.DYNAMIC_RECEIVER_NOT_EXPORTED_PERMISSION;com.google.android.finsky.permission.BIND_GET_INSTALL_REFERRER_SERVICE;com.google.android.gms.permission.AD_ID,No,No,No,No,No,No,No,No,No,No,No,No,No,No,No,No,No,No,N/A,,N/A,,FALSE,,N/A,,N/A,,FALSE,,FALSE,
/data/olawalea/LoanApps/NigeriaApproved/Urgent10k.apk,,ng.urgent10k.app,2.8,114,,,Nigeria/Approved,android.permission.ACCESS_COARSE_LOCATION;android.permission.ACCESS_NETWORK_STATE;android.permission.ACCESS_WIFI_STATE;android.permission.CAMERA;android.permission.INTERNET;android.permission.MANAGE_DOCUMENTS;android.permission.MODIFY_AUDIO_SETTINGS;android.permission.POST_NOTIFICATIONS;android.permission.READ_INTERNAL_STORAGE;android.permission.READ_PHONE_STATE;android.permission.RECORD_AUDIO;android.permission.SYSTEM_ALERT_WINDOW;android.permission.USE_BIOMETRIC;android.permission.USE_FINGERPRINT;android.permission.VIBRATE;android.permission.WAKE_LOCK;android.permission.WRITE_CALENDAR;android.permission.WRITE_SETTINGS;com.google.android.c2dm.permission.RECEIVE;com.google.android.finsky.permission.BIND_GET_INSTALL_REFERRER_SERVICE,No,No,No,No,No,No,No,No,No,No,No,No,No,No,No,No,No,No,N/A,,N/A,,FALSE,,N/A,,N/A,,FALSE,,FALSE,
/data/olawalea/LoanApps/NigeriaApproved/GetNaira.apk,GetNaira,com.getnaira.online.loan.instant.credit,1.0.5,6,23,31,Nigeria/Approved,android.permission.ACCESS_COARSE_LOCATION;android.permission.ACCESS_COARSE_UPDATES;android.permission.ACCESS_LOCATION_EXTRA_COMMANDS;android.permission.ACCESS_NETWORK_STATE;android.permission.ACCESS_WIFI_STATE;android.permission.BATTERY_STATS;android.permission.BLUETOOTH;android.permission.BROADCAST_STICKY;android.permission.CAMERA;android.permission.CHANGE_WIFI_STATE;android.permission.FOREGROUND_SERVICE;android.permission.GET_ACCOUNTS;android.permission.INTERNET;android.permission.PACKAGE_USAGE_STATS;android.permission.READ_CALENDAR;android.permission.READ_PHONE_STATE;android.permission.READ_PRIVILEGED_PHONE_STATE;android.permission.READ_SMS;android.permission.RECEIVE_BOOT_COMPLETED;android.permission.RECORD_AUDIO;android.permission.REPLACE_EXISTING_PACKAGE;android.permission.VIBRATE;android.permission.WAKE_LOCK;android.permission.WRITE_CALENDAR;android.permission.WRITE_SETTINGS;com.google.android.finsky.permission.BIND_GET_INSTALL_REFERRER_SERVICE;com.google.android.gms.permission.AD_ID,No,Yes,No,No,No,No,No,No,No,No,No,No,Yes,No,No,No,No,No,N/A,,N/A,,TRUE,android.permission.GET_ACCOUNTS,N/A,,N/A,,FALSE,,TRUE,android.permission.GET_ACCOUNTS;android.permission.READ_SMS
/data/olawalea/LoanApps/NigeriaApproved/oxymon.apk,oxymon,com.oxymon,1.0.1,17,21,33,Nigeria/Approved,android.permission.INTERNET,No,No,No,No,No,No,No,No,No,No,No,No,No,No,No,No,No,No,N/A,,N/A,,FALSE,,N/A,,N/A,,FALSE,,FALSE,
/data/olawalea/LoanApps/NigeriaApproved/PoCash.apk,PoCash,com.ivy.pocash,1.7.0,1701,21,35,Nigeria/Approved,android.permission.ACCESS_COARSE_LOCATION;android.permission.CAMERA;android.permission.INTERNET;android.permission.RECORD_AUDIO;android.permission.USE_BIOMETRIC;android.permission.USE_FINGERPRINT;com.ivy.pocash.DYNAMIC_RECEIVER_NOT_EXPORTED_PERMISSION,No,No,No,No,No,No,No,No,No,No,No,No,No,No,No,No,No,No,N/A,,N/A,,FALSE,,N/A,,N/A,,FALSE,,FALSE,
/data/olawalea/LoanApps/NigeriaApproved/Adashe.apk,,com.adashe.app.adashe,2.0.2,192,,,Nigeria/Approved,android.permission.ACCESS_FINE_LOCATION;android.permission.ACCESS_NETWORK_STATE;android.permission.CAMERA;android.permission.FOREGROUND_SERVICE;android.permission.INTERNET;android.permission.POST_NOTIFICATIONS;android.permission.READ_APP_BADGE;android.permission.READ_EXTERNAL_STORAGE;android.permission.READ_PHONE_NUMBERS;android.permission.READ_PHONE_STATE;android.permission.RECEIVE_BOOT_COMPLETED;android.permission.RECORD_AUDIO;android.permission.USE_BIOMETRIC;android.permission.USE_FINGERPRINT;android.permission.VIBRATE;android.permission.WAKE_LOCK;android.permission.WRITE_EXTERNAL_STORAGE;com.adashe.app.adashe.DYNAMIC_RECEIVER_NOT_EXPORTED_PERMISSION;com.adashe.app.adashe.permission.C2D_MESSAGE;com.anddoes.launcher.permission.UPDATE_COUNT;com.google.android.c2dm.permission.RECEIVE;com.htc.launcher.permission.READ_SETTINGS;com.htc.launcher.permission.UPDATE_SHORTCUT;com.huawei.android.launcher.permission.CHANGE_BADGE;com.huawei.android.launcher.permission.READ_SETTINGS;com.huawei.android.launcher.permission.WRITE_SETTINGS;com.majeur.launcher.permission.UPDATE_BADGE;com.oppo.launcher.permission.READ_SETTINGS;com.oppo.launcher.permission.WRITE_SETTINGS;com.sec.android.provider.badge.permission.READ;com.sec.android.provider.badge.permission.WRITE;com.sonyericsson.home.permission.BROADCAST_BADGE;com.sonymobile.home.permission.PROVIDER_INSERT_BADGE;me.everything.badger.permission.BADGE_COUNT_READ;me.everything.badger.permission.BADGE_COUNT_WRITE,Yes,No,No,No,No,No,No,Yes,No,No,No,Yes,No,No,No,No,No,Yes,N/A,,N/A,,TRUE,android.permission.READ_EXTERNAL_STORAGE;android.permission.WRITE_EXTERNAL_STORAGE,N/A,,N/A,,TRUE,android.permission.ACCESS_FINE_LOCATION;android.permission.READ_EXTERNAL_STORAGE;android.permission.READ_PHONE_NUMBERS;android.permission.WRITE_EXTERNAL_STORAGE,TRUE,android.permission.ACCESS_FINE_LOCATION;android.permission.READ_EXTERNAL_STORAGE;android.permission.READ_PHONE_NUMBERS;android.permission.WRITE_EXTERNAL_STORAGE
/data/olawalea/LoanApps/NigeriaApproved/PrimePay.apk,,com.client.primepay,2.1.9,20014,,,Nigeria/Approved,android.permission.ACCESS_COARSE_LOCATION;android.permission.ACCESS_NETWORK_STATE;android.permission.ACCESS_WIFI_STATE;android.permission.CAMERA;android.permission.CHANGE_NETWORK_STATE;android.permission.CHANGE_WIFI_STATE;android.permission.INTERNET;android.permission.READ_CALENDAR;android.permission.READ_CALL_LOG;android.permission.READ_PHONE_STATE;android.permission.WAKE_LOCK;android.permission.WRITE_CALENDAR;com.google.android.finsky.permission.BIND_GET_INSTALL_REFERRER_SERVICE;com.google.android.gms.permission.AD_ID,No,No,No,No,No,Yes,No,No,No,No,No,No,No,No,No,No,No,No,N/A,,N/A,,TRUE,android.permission.READ_CALL_LOG,N/A,,N/A,,FALSE,,TRUE,android.permission.READ_CALL_LOG
/data/olawalea/LoanApps/NigeriaApproved/Tradelenda.apk,,com.tradelenda.app,3.13.0,64,,,Nigeria/Approved,android.permission.ACCESS_ADSERVICES_AD_ID;android.permission.ACCESS_ADSERVICES_ATTRIBUTION;android.permission.ACCESS_ADSERVICES_CUSTOM_AUDIENCE;android.permission.ACCESS_NETWORK_STATE;android.permission.ACCESS_NOTIFICATION_POLICY;android.permission.ACCESS_WIFI_STATE;android.permission.BROADCAST_CLOSE_SYSTEM_DIALOGS;android.permission.CAMERA;android.permission.DOWNLOAD_WITHOUT_NOTIFICATION;android.permission.FOREGROUND_SERVICE;android.permission.INTERNET;android.permission.POST_NOTIFICATIONS;android.permission.READ_APP_BADGE;android.permission.READ_EXTERNAL_STORAGE;android.permission.READ_PHONE_STATE;android.permission.RECEIVE_BOOT_COMPLETED;android.permission.RECORD_AUDIO;android.permission.SCHEDULE_EXACT_ALARM;android.permission.SYSTEM_ALERT_WINDOW;android.permission.USE_BIOMETRIC;android.permission.USE_FINGERPRINT;android.permission.USE_FULL_SCREEN_INTENT;android.permission.VIBRATE;android.permission.WAKE_LOCK;android.permission.WRITE_EXTERNAL_STORAGE;com.anddoes.launcher.permission.UPDATE_COUNT;com.fingerprints.service.ACCESS_FINGERPRINT_MANAGER;com.google.android.c2dm.permission.RECEIVE;com.google.android.finsky.permission.BIND_GET_INSTALL_REFERRER_SERVICE;com.google.android.gms.permission.AD_ID;com.google.android.providers.gsf.permission.READ_GSERVICES;com.htc.launcher.permission.READ_SETTINGS;com.htc.launcher.permission.UPDATE_SHORTCUT;com.huawei.android.launcher.permission.CHANGE_BADGE;com.huawei.android.launcher.permission.READ_SETTINGS;com.huawei.android.launcher.permission.WRITE_SETTINGS;com.majeur.launcher.permission.UPDATE_BADGE;com.oppo.launcher.permission.READ_SETTINGS;com.oppo.launcher.permission.WRITE_SETTINGS;com.samsung.android.providers.context.permission.WRITE_USE_APP_FEATURE_SURVEY;com.sec.android.provider.badge.permission.READ;com.sec.android.provider.badge.permission.WRITE;com.sonyericsson.home.permission.BROADCAST_BADGE;com.sonymobile.home.permission.PROVIDER_INSERT_BADGE;com.tradelenda.app.DYNAMIC_RECEIVER_NOT_EXPORTED_PERMISSION;com.tradelenda.app.permission.C2D_MESSAGE;me.everything.badger.permission.BADGE_COUNT_READ;me.everything.badger.permission.BADGE_COUNT_WRITE,No,No,No,No,No,No,No,Yes,No,No,No,No,No,No,No,No,No,Yes,N/A,,N/A,,TRUE,android.permission.READ_EXTERNAL_STORAGE;android.permission.WRITE_EXTERNAL_STORAGE,N/A,,N/A,,TRUE,android.permission.READ_EXTERNAL_STORAGE;android.permission.WRITE_EXTERNAL_STORAGE,TRUE,android.permission.READ_EXTERNAL_STORAGE;android.permission.WRITE_EXTERNAL_STORAGE
/data/olawalea/LoanApps/NigeriaApproved/Rubi Moni.apk,,com.rubimoni,12,20,,,Nigeria/Approved,android.permission.ACCESS_NETWORK_STATE;android.permission.ACCESS_WIFI_STATE;android.permission.INTERNET;android.permission.RECEIVE_BOOT_COMPLETED;android.permission.VIBRATE;android.permission.WAKE_LOCK;com.google.android.finsky.permission.BIND_GET_INSTALL_REFERRER_SERVICE;com.google.android.gms.permission.AD_ID,No,No,No,No,No,No,No,No,No,No,No,No,No,No,No,No,No,No,N/A,,N/A,,FALSE,,N/A,,N/A,,FALSE,,FALSE,
/data/olawalea/LoanApps/NigeriaApproved/Vkash Pro.apk,,safe.vkashpro.loan,1.0.0.5,5,,,Nigeria/Approved,android.permission.ACCESS_COARSE_LOCATION;android.permission.ACCESS_NETWORK_STATE;android.permission.ACCESS_WIFI_STATE;android.permission.BLUETOOTH;android.permission.BLUETOOTH_CONNECT;android.permission.CHANGE_NETWORK_STATE;android.permission.CHANGE_WIFI_STATE;android.permission.FOREGROUND_SERVICE;android.permission.INTERNET;android.permission.POST_NOTIFICATIONS;android.permission.READ_CALENDAR;android.permission.READ_PHONE_STATE;android.permission.READ_SMS;android.permission.WRITE_CALENDAR;android.permission.WRITE_SETTINGS;com.asus.msa.SupplementaryDID.ACCESS;com.google.android.finsky.permission.BIND_GET_INSTALL_REFERRER_SERVICE;com.google.android.gms.permission.AD_ID;freemme.permission.msa,No,No,No,No,No,No,No,No,No,No,No,No,Yes,No,No,No,No,No,N/A,,N/A,,FALSE,,N/A,,N/A,,FALSE,,TRUE,android.permission.READ_SMS
/data/olawalea/LoanApps/NigeriaApproved/FuelCredit.apk,,com.fuelcredit,1.9,10,,,Nigeria/Approved,android.permission.CAMERA;android.permission.INTERNET,No,No,No,No,No,No,No,No,No,No,No,No,No,No,No,No,No,No,N/A,,N/A,,FALSE,,N/A,,N/A,,FALSE,,FALSE,
/data/olawalea/LoanApps/NigeriaApproved/Renmoney.apk,Renmoney,com.renmoney.android,4.1.31,431,24,34,Nigeria/Approved,android.permission.ACCESS_ADSERVICES_AD_ID;android.permission.ACCESS_ADSERVICES_ATTRIBUTION;android.permission.ACCESS_COARSE_LOCATION;android.permission.ACCESS_FINE_LOCATION;android.permission.ACCESS_NETWORK_STATE;android.permission.ACCESS_WIFI_STATE;android.permission.BLUETOOTH;android.permission.BLUETOOTH_ADMIN;android.permission.CALL_PHONE;android.permission.CAMERA;android.permission.FOREGROUND_SERVICE;android.permission.GET_ACCOUNTS;android.permission.INTERNET;android.permission.PACKAGE_USAGE_STATS;android.permission.POST_NOTIFICATIONS;android.permission.READ_BASIC_PHONE_STATE;android.permission.READ_CALENDAR;android.permission.READ_CONTACTS;android.permission.READ_EXTERNAL_STORAGE;android.permission.READ_MEDIA_AUDIO;android.permission.READ_MEDIA_IMAGES;android.permission.READ_MEDIA_VIDEO;android.permission.READ_PHONE_NUMBERS;android.permission.READ_PHONE_STATE;android.permission.READ_PRIVILEGED_PHONE_STATE;android.permission.READ_SMS;android.permission.RECEIVE_BOOT_COMPLETED;android.permission.RECORD_AUDIO;android.permission.REORDER_TASKS;android.permission.USE_BIOMETRIC;android.permission.USE_FINGERPRINT;android.permission.VIBRATE;android.permission.WAKE_LOCK;android.permission.WRITE_CALENDAR;android.permission.WRITE_EXTERNAL_STORAGE;com.google.android.c2dm.permission.RECEIVE;com.google.android.finsky.permission.BIND_GET_INSTALL_REFERRER_SERVICE;com.google.android.gms.permission.AD_ID;com.huawei.appmarket.service.commondata.permission.GET_COMMON_DATA;com.renmoney.android.DYNAMIC_RECEIVER_NOT_EXPORTED_PERMISSION;com.samsung.android.mapsagent.permission.READ_APP_INFO,Yes,Yes,No,No,No,No,Yes,Yes,Yes,Yes,Yes,Yes,Yes,No,No,No,No,Yes,N/A,,N/A,,TRUE,android.permission.GET_ACCOUNTS;android.permission.READ_CONTACTS;android.permission.READ_EXTERNAL_STORAGE;android.permission.READ_MEDIA_AUDIO;android.permission.READ_MEDIA_IMAGES;android.permission.READ_MEDIA_VIDEO;android.permission.WRITE_EXTERNAL_STORAGE,N/A,,N/A,,TRUE,android.permission.ACCESS_FINE_LOCATION;android.permission.READ_CONTACTS;android.permission.READ_EXTERNAL_STORAGE;android.permission.READ_MEDIA_IMAGES;android.permission.READ_MEDIA_VIDEO;android.permission.READ_PHONE_NUMBERS;android.permission.WRITE_EXTERNAL_STORAGE,TRUE,android.permission.ACCESS_FINE_LOCATION;android.permission.GET_ACCOUNTS;android.permission.READ_CONTACTS;android.permission.READ_EXTERNAL_STORAGE;android.permission.READ_MEDIA_AUDIO;android.permission.READ_MEDIA_IMAGES;android.permission.READ_MEDIA_VIDEO;android.permission.READ_PHONE_NUMBERS;android.permission.READ_SMS;android.permission.WRITE_EXTERNAL_STORAGE
/data/olawalea/LoanApps/NigeriaApproved/PaseClub.apk,,com.pase.club,1.0.0,1,,,Nigeria/Approved,android.permission.ACCESS_COARSE_LOCATION;android.permission.ACCESS_NETWORK_STATE;android.permission.ACCESS_WIFI_STATE;android.permission.BLUETOOTH_CONNECT;android.permission.CHANGE_WIFI_STATE;android.permission.INTERNET;android.permission.LOCAL_MAC_ADDRESS;android.permission.READ_PHONE_STATE;android.permission.WAKE_LOCK;com.android.vending.CHECK_LICENSE;com.google.android.c2dm.permission.RECEIVE;com.google.android.finsky.permission.BIND_GET_INSTALL_REFERRER_SERVICE;com.google.android.gms.permission.AD_ID,No,No,No,No,No,No,No,No,No,No,No,No,No,No,No,No,No,No,N/A,,N/A,,FALSE,,N/A,,N/A,,FALSE,,FALSE,
/data/olawalea/LoanApps/NigeriaApproved/Plenty Cash.apk,Plenty Cash,ng.com.plentycash,1.0.6,16,19,33,Nigeria/Approved,android.permission.ACCESS_COARSE_LOCATION;android.permission.ACCESS_LOCATION_EXTRA_COMMANDS;android.permission.ACCESS_NETWORK_STATE;android.permission.ACCESS_WIFI_STATE;android.permission.CALL_PHONE;android.permission.CAMERA;android.permission.CHANGE_NETWORK_STATE;android.permission.CHANGE_WIFI_STATE;android.permission.FOREGROUND_SERVICE;android.permission.INTERNET;android.permission.POST_NOTIFICATIONS;android.permission.READ_PHONE_STATE;android.permission.READ_SMS;android.permission.RECEIVE_BOOT_COMPLETED;android.permission.WAKE_LOCK;com.google.android.c2dm.permission.RECEIVE;com.google.android.finsky.permission.BIND_GET_INSTALL_REFERRER_SERVICE;com.google.android.gms.permission.AD_ID;com.google.android.providers.gsf.permission.READ_GSERVICES,No,No,No,No,No,No,No,No,No,No,No,No,Yes,No,No,No,No,No,N/A,,N/A,,FALSE,,N/A,,N/A,,FALSE,,TRUE,android.permission.READ_SMS
/data/olawalea/LoanApps/NigeriaApproved/MiniCredit.apk,,com.kash.money.palm.minicredit.new.naira.loan,1.6.5,39165,,,Nigeria/Approved,android.permission.ACCESS_COARSE_LOCATION;android.permission.ACCESS_NETWORK_STATE;android.permission.ACCESS_WIFI_STATE;android.permission.BROADCAST_STICKY;android.permission.CAMERA;android.permission.INTERNET;android.permission.MOUNT_UNMOUNT_FILESYSTEMS;android.permission.READ_PHONE_STATE;android.permission.READ_PRIVILEGED_PHONE_STATE;android.permission.READ_SMS;android.permission.WAKE_LOCK;com.google.android.finsky.permission.BIND_GET_INSTALL_REFERRER_SERVICE;com.google.android.gms.permission.AD_ID,No,No,No,No,No,No,No,No,No,No,No,No,Yes,No,No,No,No,No,N/A,,N/A,,FALSE,,N/A,,N/A,,FALSE,,TRUE,android.permission.READ_SMS
/data/olawalea/LoanApps/NigeriaApproved/MoneyInMinutes.apk,MoneyInMinutes,ng.com.moneyinminutes.mim,2.1.5,35,23,34,Nigeria/Approved,android.permission.ACCESS_COARSE_LOCATION;android.permission.ACCESS_NETWORK_STATE;android.permission.CAMERA;android.permission.INTERNET;android.permission.POST_NOTIFICATIONS;android.permission.READ_PHONE_STATE;android.permission.USE_BIOMETRIC;android.permission.USE_FINGERPRINT;android.permission.WAKE_LOCK;com.google.android.c2dm.permission.RECEIVE;com.google.android.finsky.permission.BIND_GET_INSTALL_REFERRER_SERVICE;com.google.android.gms.permission.AD_ID;ng.com.moneyinminutes.mim.DYNAMIC_RECEIVER_NOT_EXPORTED_PERMISSION,No,No,No,No,No,No,No,No,No,No,No,No,No,No,No,No,No,No,N/A,,N/A,,FALSE,,N/A,,N/A,,FALSE,,FALSE,
/data/olawalea/LoanApps/NigeriaApproved/Trusty.apk,,com.trusty.app,ng-1.3.27,160,,,Nigeria/Approved,android.permission.ACCESS_ADSERVICES_AD_ID;android.permission.ACCESS_ADSERVICES_ATTRIBUTION;android.permission.ACCESS_ADSERVICES_CUSTOM_AUDIENCE;android.permission.ACCESS_COARSE_LOCATION;android.permission.ACCESS_NETWORK_STATE;android.permission.CAMERA;android.permission.FOREGROUND_SERVICE;android.permission.INTERNET;android.permission.POST_NOTIFICATIONS;android.permission.READ_APP_BADGE;android.permission.RECEIVE_BOOT_COMPLETED;android.permission.VIBRATE;android.permission.WAKE_LOCK;com.anddoes.launcher.permission.UPDATE_COUNT;com.google.android.c2dm.permission.RECEIVE;com.google.android.finsky.permission.BIND_GET_INSTALL_REFERRER_SERVICE;com.google.android.gms.permission.AD_ID;com.htc.launcher.permission.READ_SETTINGS;com.htc.launcher.permission.UPDATE_SHORTCUT;com.huawei.android.launcher.permission.CHANGE_BADGE;com.huawei.android.launcher.permission.READ_SETTINGS;com.huawei.android.launcher.permission.WRITE_SETTINGS;com.majeur.launcher.permission.UPDATE_BADGE;com.oppo.launcher.permission.READ_SETTINGS;com.oppo.launcher.permission.WRITE_SETTINGS;com.sec.android.provider.badge.permission.READ;com.sec.android.provider.badge.permission.WRITE;com.sonyericsson.home.permission.BROADCAST_BADGE;com.sonymobile.home.permission.PROVIDER_INSERT_BADGE;com.trusty.app.DYNAMIC_RECEIVER_NOT_EXPORTED_PERMISSION;com.trusty.app.permission.C2D_MESSAGE;me.everything.badger.permission.BADGE_COUNT_READ;me.everything.badger.permission.BADGE_COUNT_WRITE,No,No,No,No,No,No,No,No,No,No,No,No,No,No,No,No,No,No,N/A,,N/A,,FALSE,,N/A,,N/A,,FALSE,,FALSE,
/data/olawalea/LoanApps/NigeriaApproved/Pasa.apk,,com.pride.pasa,1.1.3,18,,,Nigeria/Approved,android.permission.ACCESS_COARSE_LOCATION;android.permission.ACCESS_NETWORK_STATE;android.permission.ACCESS_WIFI_STATE;android.permission.BLUETOOTH_CONNECT;android.permission.CAMERA;android.permission.CHANGE_WIFI_STATE;android.permission.INTERNET;android.permission.LOCAL_MAC_ADDRESS;android.permission.READ_PHONE_STATE;android.permission.READ_SMS;android.permission.WAKE_LOCK;com.google.android.c2dm.permission.RECEIVE;com.google.android.finsky.permission.BIND_GET_INSTALL_REFERRER_SERVICE;com.google.android.gms.permission.AD_ID,No,No,No,No,No,No,No,No,No,No,No,No,Yes,No,No,No,No,No,N/A,,N/A,,FALSE,,N/A,,N/A,,FALSE,,TRUE,android.permission.READ_SMS
/data/olawalea/LoanApps/NigeriaApproved/Nicenaira Plus.apk,Nicenaira Plus,com.credit.nicenaira,2.0.2,20200,21,34,Nigeria/Approved,android.permission.ACCESS_COARSE_LOCATION;android.permission.ACCESS_NETWORK_STATE;android.permission.ACCESS_WIFI_STATE;android.permission.CAMERA;android.permission.INTERNET;android.permission.POST_NOTIFICATIONS;android.permission.READ_SMS;android.permission.WAKE_LOCK;android.permission.WRITE_CALENDAR;com.credit.nicenaira.DYNAMIC_RECEIVER_NOT_EXPORTED_PERMISSION;com.credit.nicenaira.other_temp5;com.google.android.c2dm.permission.RECEIVE;com.google.android.finsky.permission.BIND_GET_INSTALL_REFERRER_SERVICE;com.google.android.gms.permission.AD_ID,No,No,No,No,No,No,No,No,No,No,No,No,Yes,No,No,No,No,No,N/A,,N/A,,FALSE,,N/A,,N/A,,FALSE,,TRUE,android.permission.READ_SMS
/data/olawalea/LoanApps/NigeriaApproved/Xcash.apk,Xcash,com.loanx.cashloan,1.1.21,61,21,34,Nigeria/Approved,android.permission.ACCESS_COARSE_LOCATION;android.permission.ACCESS_LOCATION_EXTRA_COMMANDS;android.permission.ACCESS_NETWORK_STATE;android.permission.ACCESS_WIFI_STATE;android.permission.CAMERA;android.permission.CHANGE_WIFI_STATE;android.permission.FOREGROUND_SERVICE;android.permission.GET_TASKS;android.permission.HIGH_SAMPLING_RATE_SENSORS;android.permission.INTERNET;android.permission.POST_NOTIFICATIONS;android.permission.READ_CALENDAR;android.permission.READ_CALL_LOG;android.permission.READ_PHONE_STATE;android.permission.READ_SMS;android.permission.RECEIVE_BOOT_COMPLETED;android.permission.REORDER_TASKS;android.permission.SYSTEM_ALERT_WINDOW;android.permission.USE_BIOMETRIC;android.permission.USE_FINGERPRINT;android.permission.VIBRATE;android.permission.WAKE_LOCK;android.permission.WRITE_CALENDAR;com.android.vending.setup.PLAY_SETUP_SERVICE;com.google.android.c2dm.permission.RECEIVE;com.google.android.finsky.permission.BIND_GET_INSTALL_REFERRER_SERVICE;com.google.android.gms.permission.AD_ID;com.google.android.providers.gsf.permission.READ_GSERVICES,No,No,No,No,No,Yes,No,No,No,No,No,No,Yes,No,No,No,No,No,N/A,,N/A,,TRUE,android.permission.READ_CALL_LOG,N/A,,N/A,,FALSE,,TRUE,android.permission.READ_CALL_LOG;android.permission.READ_SMS
/data/olawalea/LoanApps/NigeriaApproved/ZoomCash.apk,,com.zoomcash.app.financial.services.mobilepay,1.0.7,7,,,Nigeria/Approved,android.permission.ACCESS_ADSERVICES_AD_ID;android.permission.ACCESS_ADSERVICES_ATTRIBUTION;android.permission.ACCESS_NETWORK_STATE;android.permission.CAMERA;android.permission.INTERNET;android.permission.POST_NOTIFICATIONS;android.permission.READ_CALENDAR;android.permission.READ_CALL_LOG;android.permission.READ_PHONE_STATE;android.permission.READ_PROFILE;android.permission.READ_SMS;android.permission.WAKE_LOCK;com.google.android.c2dm.permission.RECEIVE;com.google.android.finsky.permission.BIND_GET_INSTALL_REFERRER_SERVICE;com.google.android.gms.permission.AD_ID;com.zoomcash.app.financial.services.mobilepay.DYNAMIC_RECEIVER_NOT_EXPORTED_PERMISSION,No,No,No,No,No,Yes,No,No,No,No,No,No,Yes,No,No,No,No,No,N/A,,N/A,,TRUE,android.permission.READ_CALL_LOG,N/A,,N/A,,FALSE,,TRUE,android.permission.READ_CALL_LOG;android.permission.READ_SMS
/data/olawalea/LoanApps/NigeriaApproved/Hiwallet.apk,,nigeria.cash.loan.hiwallet,1.0.4,6,,,Nigeria/Approved,android.permission.ACCESS_COARSE_LOCATION;android.permission.ACCESS_LOCATION_EXTRA_COMMANDS;android.permission.ACCESS_NETWORK_STATE;android.permission.ACCESS_WIFI_STATE;android.permission.CAMERA;android.permission.CHANGE_NETWORK_STATE;android.permission.CHANGE_WIFI_STATE;android.permission.INTERNET;android.permission.READ_CALENDAR;android.permission.READ_CALL_LOG;android.permission.READ_PHONE_STATE;android.permission.RECORD_AUDIO;android.permission.WAKE_LOCK;android.permission.WRITE_CALENDAR;com.google.android.finsky.permission.BIND_GET_INSTALL_REFERRER_SERVICE;com.google.android.gms.permission.AD_ID,No,No,No,No,No,Yes,No,No,No,No,No,No,No,No,No,No,No,No,N/A,,N/A,,TRUE,android.permission.READ_CALL_LOG,N/A,,N/A,,FALSE,,TRUE,android.permission.READ_CALL_LOG
/data/olawalea/LoanApps/NigeriaApproved/Regxta.apk,Regxta,com.info.regxta,2.0.0,2,21,31,Nigeria/Approved,android.permission.ACCESS_NETWORK_STATE;android.permission.CAMERA;android.permission.INTERNET;android.permission.READ_EXTERNAL_STORAGE;android.permission.RECORD_AUDIO;android.permission.SYSTEM_ALERT_WINDOW;android.permission.VIBRATE;android.permission.WRITE_EXTERNAL_STORAGE;com.google.android.finsky.permission.BIND_GET_INSTALL_REFERRER_SERVICE,No,No,No,No,No,No,No,Yes,No,No,No,No,No,No,No,No,No,Yes,N/A,,N/A,,TRUE,android.permission.READ_EXTERNAL_STORAGE;android.permission.WRITE_EXTERNAL_STORAGE,N/A,,N/A,,TRUE,android.permission.READ_EXTERNAL_STORAGE;android.permission.WRITE_EXTERNAL_STORAGE,TRUE,android.permission.READ_EXTERNAL_STORAGE;android.permission.WRITE_EXTERNAL_STORAGE
/data/olawalea/LoanApps/NigeriaApproved/UltraCash.apk,UltraCash,ultracash.fast.loan,1.1.1,11,26,33,Nigeria/Approved,android.permission.ACCESS_COARSE_LOCATION;android.permission.ACCESS_NETWORK_STATE;android.permission.ACCESS_WIFI_STATE;android.permission.CAMERA;android.permission.CHANGE_WIFI_STATE;android.permission.INTERNET;android.permission.LOCAL_MAC_ADDRESS;android.permission.READ_CALL_LOG;android.permission.READ_PHONE_STATE;android.permission.READ_SMS;com.google.android.finsky.permission.BIND_GET_INSTALL_REFERRER_SERVICE;com.google.android.gms.permission.AD_ID;com.google.android.providers.gsf.permission.READ_GSERVICES;com.google.android.providers.gsf.permission.WRITE_GSERVICES;ultracash.fast.loan.DYNAMIC_RECEIVER_NOT_EXPORTED_PERMISSION,No,No,No,No,No,Yes,No,No,No,No,No,No,Yes,No,No,No,No,No,N/A,,N/A,,TRUE,android.permission.READ_CALL_LOG,N/A,,N/A,,FALSE,,TRUE,android.permission.READ_CALL_LOG;android.permission.READ_SMS
/data/olawalea/LoanApps/NigeriaApproved/Vibecredit.apk,Vibecredit,com.vibecredit,1.0.2,3,21,33,Nigeria/Approved,android.permission.ACCESS_COARSE_LOCATION;android.permission.ACCESS_NETWORK_STATE;android.permission.ACCESS_WIFI_STATE;android.permission.CAMERA;android.permission.CHANGE_WIFI_STATE;android.permission.INTERNET;android.permission.LOCAL_MAC_ADDRESS;android.permission.POST_NOTIFICATIONS;android.permission.READ_CALENDAR;android.permission.READ_PHONE_STATE;android.permission.READ_SMS;android.permission.VIBRATE;android.permission.WAKE_LOCK;com.google.android.c2dm.permission.RECEIVE;com.google.android.finsky.permission.BIND_GET_INSTALL_REFERRER_SERVICE;com.google.android.gms.permission.AD_ID,No,No,No,No,No,No,No,No,No,No,No,No,Yes,No,No,No,No,No,N/A,,N/A,,FALSE,,N/A,,N/A,,FALSE,,TRUE,android.permission.READ_SMS
/data/olawalea/LoanApps/NigeriaApproved/Lendnow-Online safe laon.apk,,com.cash.lnonline,1.1.3,113,,,Nigeria/Approved,android.permission.ACCESS_ADSERVICES_AD_ID;android.permission.ACCESS_ADSERVICES_ATTRIBUTION;android.permission.ACCESS_NETWORK_STATE;android.permission.ACCESS_WIFI_STATE;android.permission.BATTERY_STATS;android.permission.CAMERA;android.permission.CHANGE_NETWORK_STATE;android.permission.INTERNET;android.permission.KILL_BACKGROUND_PROCESSES;android.permission.PACKAGE_USAGE_STATS;android.permission.POST_NOTIFICATIONS;android.permission.READ_PHONE_STATE;android.permission.READ_PRIVILEGED_PHONE_STATE;android.permission.READ_SMS;android.permission.WAKE_LOCK;com.cash.lnonline.DYNAMIC_RECEIVER_NOT_EXPORTED_PERMISSION;com.google.android.c2dm.permission.RECEIVE;com.google.android.finsky.permission.BIND_GET_INSTALL_REFERRER_SERVICE;com.google.android.gms.permission.AD_ID,No,No,No,No,No,No,No,No,No,No,No,No,Yes,No,No,No,No,No,N/A,,N/A,,FALSE,,N/A,,N/A,,FALSE,,TRUE,android.permission.READ_SMS
/data/olawalea/LoanApps/NigeriaApproved/KK Cash.apk,KK Cash,kkcash.loan.credit.fast,1.2.1,21,24,34,Nigeria/Approved,android.permission.ACCESS_ADSERVICES_AD_ID;android.permission.ACCESS_ADSERVICES_ATTRIBUTION;android.permission.ACCESS_COARSE_LOCATION;android.permission.ACCESS_NETWORK_STATE;android.permission.ACCESS_WIFI_STATE;android.permission.CAMERA;android.permission.CHANGE_NETWORK_STATE;android.permission.CHANGE_WIFI_STATE;android.permission.INTERNET;android.permission.LOCAL_MAC_ADDRESS;android.permission.READ_PHONE_STATE;android.permission.READ_PRIVILEGED_PHONE_STATE;com.google.android.finsky.permission.BIND_GET_INSTALL_REFERRER_SERVICE;com.google.android.gms.permission.AD_ID;com.huawei.appmarket.service.commondata.permission.GET_COMMON_DATA;kkcash.loan.credit.fast.DYNAMIC_RECEIVER_NOT_EXPORTED_PERMISSION,No,No,No,No,No,No,No,No,No,No,No,No,No,No,No,No,No,No,N/A,,N/A,,FALSE,,N/A,,N/A,,FALSE,,FALSE,
/data/olawalea/LoanApps/NigeriaApproved/PhastMoney.apk,,com.phastmoney,1.0.13,49,,,Nigeria/Approved,android.permission.ACCESS_NETWORK_STATE;android.permission.ACCESS_WIFI_STATE;android.permission.CAMERA;android.permission.INTERNET;android.permission.VIBRATE;android.permission.WAKE_LOCK;android.permission.WRITE_EXTERNAL_STORAGE;com.android.vending.CHECK_LICENSE;com.google.android.c2dm.permission.RECEIVE;com.google.android.finsky.permission.BIND_GET_INSTALL_REFERRER_SERVICE,No,No,No,No,No,No,No,No,No,No,No,No,No,No,No,No,No,Yes,N/A,,N/A,,TRUE,android.permission.WRITE_EXTERNAL_STORAGE,N/A,,N/A,,TRUE,android.permission.WRITE_EXTERNAL_STORAGE,TRUE,android.permission.WRITE_EXTERNAL_STORAGE
/data/olawalea/LoanApps/NigeriaApproved/Raiz.apk,,com.raiz.application,2.0.5,53,,,Nigeria/Approved,android.permission.ACCESS_NETWORK_STATE;android.permission.ACCESS_WIFI_STATE;android.permission.CAMERA;android.permission.INTERNET;android.permission.POST_NOTIFICATIONS;android.permission.READ_APP_BADGE;android.permission.READ_EXTERNAL_STORAGE;android.permission.READ_MEDIA_AUDIO;android.permission.RECEIVE_BOOT_COMPLETED;android.permission.RECORD_AUDIO;android.permission.SYSTEM_ALERT_WINDOW;android.permission.USE_BIOMETRIC;android.permission.USE_FINGERPRINT;android.permission.VIBRATE;android.permission.WAKE_LOCK;android.permission.WRITE_EXTERNAL_STORAGE;com.anddoes.launcher.permission.UPDATE_COUNT;com.android.vending.CHECK_LICENSE;com.google.android.c2dm.permission.RECEIVE;com.google.android.finsky.permission.BIND_GET_INSTALL_REFERRER_SERVICE;com.htc.launcher.permission.READ_SETTINGS;com.htc.launcher.permission.UPDATE_SHORTCUT;com.huawei.android.launcher.permission.CHANGE_BADGE;com.huawei.android.launcher.permission.READ_SETTINGS;com.huawei.android.launcher.permission.WRITE_SETTINGS;com.majeur.launcher.permission.UPDATE_BADGE;com.oppo.launcher.permission.READ_SETTINGS;com.oppo.launcher.permission.WRITE_SETTINGS;com.raiz.application.DYNAMIC_RECEIVER_NOT_EXPORTED_PERMISSION;com.sec.android.provider.badge.permission.READ;com.sec.android.provider.badge.permission.WRITE;com.sonyericsson.home.permission.BROADCAST_BADGE;com.sonymobile.home.permission.PROVIDER_INSERT_BADGE;me.everything.badger.permission.BADGE_COUNT_READ;me.everything.badger.permission.BADGE_COUNT_WRITE,No,No,No,No,No,No,No,Yes,Yes,No,No,No,No,No,No,No,No,Yes,N/A,,N/A,,TRUE,android.permission.READ_EXTERNAL_STORAGE;android.permission.READ_MEDIA_AUDIO;android.permission.WRITE_EXTERNAL_STORAGE,N/A,,N/A,,TRUE,android.permission.READ_EXTERNAL_STORAGE;android.permission.WRITE_EXTERNAL_STORAGE,TRUE,android.permission.READ_EXTERNAL_STORAGE;android.permission.READ_MEDIA_AUDIO;android.permission.WRITE_EXTERNAL_STORAGE
/data/olawalea/LoanApps/NigeriaApproved/O2 Finance.apk,O2 Finance,com.o2intlfin.loans,1.2.6,13,23,34,Nigeria/Approved,android.permission.ACCESS_COARSE_LOCATION;android.permission.ACCESS_FINE_LOCATION;android.permission.ACCESS_NETWORK_STATE;android.permission.GET_ACCOUNTS;android.permission.INTERNET;android.permission.POST_NOTIFICATIONS;android.permission.READ_CONTACTS;android.permission.READ_EXTERNAL_STORAGE;android.permission.WAKE_LOCK;android.permission.WRITE_CONTACTS;android.permission.WRITE_EXTERNAL_STORAGE;com.google.android.c2dm.permission.RECEIVE;com.o2intlfin.loans.DYNAMIC_RECEIVER_NOT_EXPORTED_PERMISSION,Yes,Yes,No,No,No,No,Yes,Yes,No,No,No,No,No,No,No,No,Yes,Yes,N/A,,N/A,,TRUE,android.permission.GET_ACCOUNTS;android.permission.READ_CONTACTS;android.permission.READ_EXTERNAL_STORAGE;android.permission.WRITE_CONTACTS;android.permission.WRITE_EXTERNAL_STORAGE,N/A,,N/A,,TRUE,android.permission.ACCESS_FINE_LOCATION;android.permission.READ_CONTACTS;android.permission.READ_EXTERNAL_STORAGE;android.permission.WRITE_EXTERNAL_STORAGE,TRUE,android.permission.ACCESS_FINE_LOCATION;android.permission.GET_ACCOUNTS;android.permission.READ_CONTACTS;android.permission.READ_EXTERNAL_STORAGE;android.permission.WRITE_CONTACTS;android.permission.WRITE_EXTERNAL_STORAGE
/data/olawalea/LoanApps/NigeriaApproved/MoneyPal.apk,MoneyPal,com.zedvance.moneypal,2.4.2,33,21,33,Nigeria/Approved,android.permission.ACCESS_COARSE_LOCATION;android.permission.ACCESS_NETWORK_STATE;android.permission.ACCESS_WIFI_STATE;android.permission.CAMERA;android.permission.FOREGROUND_SERVICE;android.permission.INTERNET;android.permission.POST_NOTIFICATIONS;android.permission.READ_APP_BADGE;android.permission.RECEIVE_BOOT_COMPLETED;android.permission.USE_BIOMETRIC;android.permission.USE_FINGERPRINT;android.permission.USE_FULL_SCREEN_INTENT;android.permission.VIBRATE;android.permission.WAKE_LOCK;com.anddoes.launcher.permission.UPDATE_COUNT;com.google.android.c2dm.permission.RECEIVE;com.htc.launcher.permission.READ_SETTINGS;com.htc.launcher.permission.UPDATE_SHORTCUT;com.huawei.android.launcher.permission.CHANGE_BADGE;com.huawei.android.launcher.permission.READ_SETTINGS;com.huawei.android.launcher.permission.WRITE_SETTINGS;com.majeur.launcher.permission.UPDATE_BADGE;com.oppo.launcher.permission.READ_SETTINGS;com.oppo.launcher.permission.WRITE_SETTINGS;com.sec.android.provider.badge.permission.READ;com.sec.android.provider.badge.permission.WRITE;com.sonyericsson.home.permission.BROADCAST_BADGE;com.sonymobile.home.permission.PROVIDER_INSERT_BADGE;com.zedvance.moneypal.DYNAMIC_RECEIVER_NOT_EXPORTED_PERMISSION;com.zedvance.moneypal.permission.C2D_MESSAGE;me.everything.badger.permission.BADGE_COUNT_READ;me.everything.badger.permission.BADGE_COUNT_WRITE,No,No,No,No,No,No,No,No,No,No,No,No,No,No,No,No,No,No,N/A,,N/A,,FALSE,,N/A,,N/A,,FALSE,,FALSE,
/data/olawalea/LoanApps/NigeriaApproved/Loanmate.apk,Loanmate,com.bwfoxlending.nigeria,1.0.7,7,21,33,Nigeria/Approved,android.permission.ACCESS_COARSE_LOCATION;android.permission.ACCESS_NETWORK_STATE;android.permission.ACCESS_WIFI_STATE;android.permission.BLUETOOTH;android.permission.CAMERA;android.permission.CHANGE_WIFI_STATE;android.permission.INTERNET;android.permission.POST_NOTIFICATION;android.permission.POST_NOTIFICATIONS;android.permission.READ_PHONE_STATE;android.permission.READ_SMS;android.permission.RECEIVE_BOOT_COMPLETED;android.permission.SCHEDULE_EXACT_ALARM;android.permission.USE_FULL_SCREEN_INTENT;android.permission.VIBRATE;android.permission.WAKE_LOCK;com.bwfoxlending.nigeria.DYNAMIC_RECEIVER_NOT_EXPORTED_PERMISSION;com.google.android.c2dm.permission.RECEIVE;com.google.android.finsky.permission.BIND_GET_INSTALL_REFERRER_SERVICE;com.google.android.gms.permission.AD_ID,No,No,No,No,No,No,No,No,No,No,No,No,Yes,No,No,No,No,No,N/A,,N/A,,FALSE,,N/A,,N/A,,FALSE,,TRUE,android.permission.READ_SMS
/data/olawalea/LoanApps/NigeriaApproved/TradeDepot.apk,,co.tradedepot.shop,7.1.8,2000369,,,Nigeria/Approved,android.permission.ACCESS_COARSE_LOCATION;android.permission.ACCESS_FINE_LOCATION;android.permission.ACCESS_NETWORK_STATE;android.permission.CAMERA;android.permission.FOREGROUND_SERVICE;android.permission.INTERNET;android.permission.POST_NOTIFICATIONS;android.permission.READ_CONTACTS;android.permission.READ_EXTERNAL_STORAGE;android.permission.READ_PHONE_STATE;android.permission.RECEIVE_BOOT_COMPLETED;android.permission.RECORD_AUDIO;android.permission.SYSTEM_ALERT_WINDOW;android.permission.USE_BIOMETRIC;android.permission.USE_FINGERPRINT;android.permission.VIBRATE;android.permission.VIDEO_CAPTURE;android.permission.WAKE_LOCK;android.permission.WRITE_CONTACTS;android.permission.WRITE_EXTERNAL_STORAGE;co.tradedepot.shop.DYNAMIC_RECEIVER_NOT_EXPORTED_PERMISSION;com.google.android.c2dm.permission.RECEIVE;com.google.android.finsky.permission.BIND_GET_INSTALL_REFERRER_SERVICE;com.google.android.gms.permission.AD_ID;com.google.android.providers.gsf.permission.READ_GSERVICES,Yes,No,No,No,No,No,Yes,Yes,No,No,No,No,No,No,No,No,Yes,Yes,N/A,,N/A,,TRUE,android.permission.READ_CONTACTS;android.permission.READ_EXTERNAL_STORAGE;android.permission.WRITE_CONTACTS;android.permission.WRITE_EXTERNAL_STORAGE,N/A,,N/A,,TRUE,android.permission.ACCESS_FINE_LOCATION;android.permission.READ_CONTACTS;android.permission.READ_EXTERNAL_STORAGE;android.permission.WRITE_EXTERNAL_STORAGE,TRUE,android.permission.ACCESS_FINE_LOCATION;android.permission.READ_CONTACTS;android.permission.READ_EXTERNAL_STORAGE;android.permission.WRITE_CONTACTS;android.permission.WRITE_EXTERNAL_STORAGE
/data/olawalea/LoanApps/NigeriaApproved/HerVest.apk,HerVest,com.hervest,8.4.04,100040004,23,34,Nigeria/Approved,android.permission.ACCESS_NETWORK_STATE;android.permission.CAMERA;android.permission.INTERNET;android.permission.POST_NOTIFICATIONS;android.permission.READ_EXTERNAL_STORAGE;android.permission.RECORD_AUDIO;android.permission.USE_BIOMETRIC;android.permission.USE_FINGERPRINT;android.permission.VIBRATE;android.permission.WAKE_LOCK;android.permission.WRITE_EXTERNAL_STORAGE;com.google.android.c2dm.permission.RECEIVE;com.google.android.finsky.permission.BIND_GET_INSTALL_REFERRER_SERVICE;com.google.android.gms.permission.AD_ID;com.hervest.DYNAMIC_RECEIVER_NOT_EXPORTED_PERMISSION,No,No,No,No,No,No,No,Yes,No,No,No,No,No,No,No,No,No,Yes,N/A,,N/A,,TRUE,android.permission.READ_EXTERNAL_STORAGE;android.permission.WRITE_EXTERNAL_STORAGE,N/A,,N/A,,TRUE,android.permission.READ_EXTERNAL_STORAGE;android.permission.WRITE_EXTERNAL_STORAGE,TRUE,android.permission.READ_EXTERNAL_STORAGE;android.permission.WRITE_EXTERNAL_STORAGE
/data/olawalea/LoanApps/NigeriaApproved/OgaCash.apk,,com.ogacash.app,1.0,1,,,Nigeria/Approved,android.permission.ACCESS_ADSERVICES_AD_ID;android.permission.ACCESS_ADSERVICES_ATTRIBUTION;android.permission.ACCESS_COARSE_LOCATION;android.permission.ACCESS_NETWORK_STATE;android.permission.ACCESS_WIFI_STATE;android.permission.CAMERA;android.permission.DOWNLOAD_WITHOUT_NOTIFICATION;android.permission.FOREGROUND_SERVICE;android.permission.FOREGROUND_SERVICE_DATA_SYNC;android.permission.INTERNET;android.permission.MANAGE_DOCUMENTS;android.permission.MODIFY_AUDIO_SETTINGS;android.permission.POST_NOTIFICATIONS;android.permission.READ_INTERNAL_STORAGE;android.permission.READ_PHONE_STATE;android.permission.RECEIVE_BOOT_COMPLETED;android.permission.RECORD_AUDIO;android.permission.SYSTEM_ALERT_WINDOW;android.permission.USE_BIOMETRIC;android.permission.USE_FINGERPRINT;android.permission.VIBRATE;android.permission.WAKE_LOCK;android.permission.WRITE_SETTINGS;com.google.android.c2dm.permission.RECEIVE;com.google.android.finsky.permission.BIND_GET_INSTALL_REFERRER_SERVICE;com.ogacash.app.DYNAMIC_RECEIVER_NOT_EXPORTED_PERMISSION,No,No,No,No,No,No,No,No,No,No,No,No,No,No,No,No,No,No,N/A,,N/A,,FALSE,,N/A,,N/A,,FALSE,,FALSE,
/data/olawalea/LoanApps/NigeriaApproved/Rocket loan Plus.apk,,com.silver.gooseplus.wallet.goosewallet,1.0.2,2,,,Nigeria/Approved,android.permission.ACCESS_ADSERVICES_AD_ID;android.permission.ACCESS_ADSERVICES_ATTRIBUTION;android.permission.ACCESS_COARSE_LOCATION;android.permission.ACCESS_NETWORK_STATE;android.permission.ACCESS_WIFI_STATE;android.permission.CAMERA;android.permission.CHANGE_WIFI_STATE;android.permission.INTERNET;android.permission.POST_NOTIFICATIONS;android.permission.READ_CALENDAR;android.permission.READ_PHONE_STATE;android.permission.READ_PRECISE_PHONE_STATE;android.permission.READ_PRIVILEGED_PHONE_STATE;android.permission.READ_SMS;android.permission.WAKE_LOCK;android.permission.WRITE_CALENDAR;com.google.android.c2dm.permission.RECEIVE;com.google.android.finsky.permission.BIND_GET_INSTALL_REFERRER_SERVICE;com.google.android.gms.permission.AD_ID;com.silver.gooseplus.wallet.goosewallet.DYNAMIC_RECEIVER_NOT_EXPORTED_PERMISSION,No,No,No,No,No,No,No,No,No,No,No,No,Yes,No,No,No,No,No,N/A,,N/A,,FALSE,,N/A,,N/A,,FALSE,,TRUE,android.permission.READ_SMS
/data/olawalea/LoanApps/NigeriaApproved/LCredit Max.apk,LCredit Max,cashigo.loan.lcreditmax,1.0.0.1,1001,21,33,Nigeria/Approved,android.permission.ACCESS_COARSE_LOCATION;android.permission.ACCESS_NETWORK_STATE;android.permission.ACCESS_WIFI_STATE;android.permission.BLUETOOTH;android.permission.BLUETOOTH_CONNECT;android.permission.CHANGE_NETWORK_STATE;android.permission.CHANGE_WIFI_STATE;android.permission.FOREGROUND_SERVICE;android.permission.INTERNET;android.permission.POST_NOTIFICATIONS;android.permission.READ_CALENDAR;android.permission.READ_PHONE_STATE;android.permission.READ_SMS;android.permission.WAKE_LOCK;android.permission.WRITE_CALENDAR;android.permission.WRITE_SETTINGS;cashigo.loan.lcreditmax.DYNAMIC_RECEIVER_NOT_EXPORTED_PERMISSION;com.asus.msa.SupplementaryDID.ACCESS;com.google.android.c2dm.permission.RECEIVE;com.google.android.finsky.permission.BIND_GET_INSTALL_REFERRER_SERVICE;com.google.android.gms.permission.AD_ID;freemme.permission.msa,No,No,No,No,No,No,No,No,No,No,No,No,Yes,No,No,No,No,No,N/A,,N/A,,FALSE,,N/A,,N/A,,FALSE,,TRUE,android.permission.READ_SMS
/data/olawalea/LoanApps/NigeriaApproved/Urgent Money.apk,,com.smart.loan.money.smartloan,1.0.8,8,,,Nigeria/Approved,android.permission.ACCESS_ADSERVICES_AD_ID;android.permission.ACCESS_COARSE_LOCATION;android.permission.ACCESS_NETWORK_STATE;android.permission.ACCESS_WIFI_STATE;android.permission.CAMERA;android.permission.INTERNET;android.permission.READ_CALENDAR;android.permission.READ_PHONE_STATE;android.permission.READ_SMS;android.permission.WAKE_LOCK;android.permission.WRITE_CALENDAR;com.google.android.c2dm.permission.RECEIVE;com.google.android.finsky.permission.BIND_GET_INSTALL_REFERRER_SERVICE;com.google.android.gms.permission.AD_ID,No,No,No,No,No,No,No,No,No,No,No,No,Yes,No,No,No,No,No,N/A,,N/A,,FALSE,,N/A,,N/A,,FALSE,,TRUE,android.permission.READ_SMS
/data/olawalea/LoanApps/NigeriaApproved/Klump.apk,Klump,com.klump.inc.mobile,1.2.54,54,21,34,Nigeria/Approved,android.permission.ACCESS_ADSERVICES_AD_ID;android.permission.ACCESS_ADSERVICES_ATTRIBUTION;android.permission.ACCESS_NETWORK_STATE;android.permission.CAMERA;android.permission.INTERNET;android.permission.POST_NOTIFICATIONS;android.permission.READ_EXTERNAL_STORAGE;android.permission.RECORD_AUDIO;android.permission.WAKE_LOCK;android.permission.WRITE_EXTERNAL_STORAGE;com.google.android.c2dm.permission.RECEIVE;com.google.android.finsky.permission.BIND_GET_INSTALL_REFERRER_SERVICE;com.google.android.gms.permission.AD_ID;com.klump.inc.mobile.DYNAMIC_RECEIVER_NOT_EXPORTED_PERMISSION,No,No,No,No,No,No,No,Yes,No,No,No,No,No,No,No,No,No,Yes,N/A,,N/A,,TRUE,android.permission.READ_EXTERNAL_STORAGE;android.permission.WRITE_EXTERNAL_STORAGE,N/A,,N/A,,TRUE,android.permission.READ_EXTERNAL_STORAGE;android.permission.WRITE_EXTERNAL_STORAGE,TRUE,android.permission.READ_EXTERNAL_STORAGE;android.permission.WRITE_EXTERNAL_STORAGE
/data/olawalea/LoanApps/NigeriaApproved/WayaCredit.apk,WayaCredit,com.mycrat.wayacreditng,1.1.7,9,21,34,Nigeria/Approved,android.permission.ACCESS_COARSE_LOCATION;android.permission.ACCESS_NETWORK_STATE;android.permission.ACCESS_WIFI_STATE;android.permission.CAMERA;android.permission.CHANGE_WIFI_STATE;android.permission.FOREGROUND_SERVICE;android.permission.HIGH_SAMPLING_RATE_SENSORS;android.permission.INTERNET;android.permission.READ_CALL_LOG;android.permission.READ_PHONE_STATE;android.permission.READ_SMS;android.permission.RECEIVE_BOOT_COMPLETED;android.permission.REQUIRE_SECURE_ENV;android.permission.VIBRATE;android.permission.WAKE_LOCK;com.google.android.c2dm.permission.RECEIVE;com.google.android.finsky.permission.BIND_GET_INSTALL_REFERRER_SERVICE;com.google.android.gms.permission.AD_ID;com.google.android.providers.gsf.permission.READ_GSERVICES;com.mycrat.wayacreditng.DYNAMIC_RECEIVER_NOT_EXPORTED_PERMISSION,No,No,No,No,No,Yes,No,No,No,No,No,No,Yes,No,No,No,No,No,N/A,,N/A,,TRUE,android.permission.READ_CALL_LOG,N/A,,N/A,,FALSE,,TRUE,android.permission.READ_CALL_LOG;android.permission.READ_SMS
/data/olawalea/LoanApps/NigeriaApproved/PearlCash.apk,PearlCash,com.nigeria.app.vsnaira,8.1.2,80012,21,33,Nigeria/Approved,android.permission.ACCESS_COARSE_LOCATION;android.permission.ACCESS_NETWORK_STATE;android.permission.ACCESS_WIFI_STATE;android.permission.CAMERA;android.permission.CHANGE_NETWORK_STATE;android.permission.CHANGE_WIFI_STATE;android.permission.HIGH_SAMPLING_RATE_SENSORS;android.permission.INTERNET;android.permission.POST_NOTIFICATIONS;android.permission.READ_SMS;android.permission.VIBRATE;android.permission.WAKE_LOCK;com.google.android.c2dm.permission.RECEIVE;com.google.android.finsky.permission.BIND_GET_INSTALL_REFERRER_SERVICE;com.google.android.gms.permission.AD_ID;com.nigeria.app.vsnaira.DYNAMIC_RECEIVER_NOT_EXPORTED_PERMISSION,No,No,No,No,No,No,No,No,No,No,No,No,Yes,No,No,No,No,No,N/A,,N/A,,FALSE,,N/A,,N/A,,FALSE,,TRUE,android.permission.READ_SMS
/data/olawalea/LoanApps/NigeriaApproved/Pilla.apk,Pilla,com.investment.pilla,1.0.5,8,24,34,Nigeria/Approved,android.permission.ACCESS_ADSERVICES_AD_ID;android.permission.ACCESS_ADSERVICES_ATTRIBUTION;android.permission.ACCESS_NETWORK_STATE;android.permission.INTERNET;android.permission.POST_NOTIFICATIONS;android.permission.READ_EXTERNAL_STORAGE;android.permission.USE_BIOMETRIC;android.permission.USE_FINGERPRINT;android.permission.VIBRATE;android.permission.WAKE_LOCK;com.google.android.c2dm.permission.RECEIVE;com.google.android.finsky.permission.BIND_GET_INSTALL_REFERRER_SERVICE;com.investment.pilla.DYNAMIC_RECEIVER_NOT_EXPORTED_PERMISSION,No,No,No,No,No,No,No,Yes,No,No,No,No,No,No,No,No,No,No,N/A,,N/A,,TRUE,android.permission.READ_EXTERNAL_STORAGE,N/A,,N/A,,TRUE,android.permission.READ_EXTERNAL_STORAGE,TRUE,android.permission.READ_EXTERNAL_STORAGE
/data/olawalea/LoanApps/NigeriaApproved/Payfimobile.apk,,com.otoreport.apkpayfimobile,6.1.0,31,,,Nigeria/Approved,android.permission.ACCESS_COARSE_LOCATION;android.permission.ACCESS_FINE_LOCATION;android.permission.ACCESS_NETWORK_STATE;android.permission.BLUETOOTH;android.permission.BLUETOOTH_ADMIN;android.permission.BLUETOOTH_CONNECT;android.permission.BLUETOOTH_SCAN;android.permission.CAMERA;android.permission.GET_ACCOUNTS;android.permission.INTERNET;android.permission.NFC;android.permission.POST_NOTIFICATIONS;android.permission.READ_CONTACTS;android.permission.READ_EXTERNAL_STORAGE;android.permission.READ_PHONE_STATE;android.permission.READ_PRIVILEGED_PHONE_STATE;android.permission.VIBRATE;android.permission.WAKE_LOCK;com.google.android.c2dm.permission.RECEIVE;com.google.android.finsky.permission.BIND_GET_INSTALL_REFERRER_SERVICE;com.google.android.gms.permission.AD_ID;com.otoreport.apkpayfimobile.DYNAMIC_RECEIVER_NOT_EXPORTED_PERMISSION;com.otoreport.apkpayfimobile.permission.C2D_MESSAGE,Yes,Yes,No,No,No,No,Yes,Yes,No,No,No,No,No,No,No,No,No,No,N/A,,N/A,,TRUE,android.permission.GET_ACCOUNTS;android.permission.READ_CONTACTS;android.permission.READ_EXTERNAL_STORAGE,N/A,,N/A,,TRUE,android.permission.ACCESS_FINE_LOCATION;android.permission.READ_CONTACTS;android.permission.READ_EXTERNAL_STORAGE,TRUE,android.permission.ACCESS_FINE_LOCATION;android.permission.GET_ACCOUNTS;android.permission.READ_CONTACTS;android.permission.READ_EXTERNAL_STORAGE
/data/olawalea/LoanApps/NigeriaApproved/Payfi.apk,Payfi,com.payfi.ng,4.5.2,60,23,33,Nigeria/Approved,android.permission.ACCESS_BACKGROUND_LOCATION;android.permission.ACCESS_COARSE_LOCATION;android.permission.ACCESS_FINE_LOCATION;android.permission.ACCESS_NETWORK_STATE;android.permission.ACCESS_WIFI_STATE;android.permission.AUDIO_CAPTURE;android.permission.CAMERA;android.permission.FOREGROUND_SERVICE;android.permission.INTERNET;android.permission.MODIFY_AUDIO_SETTINGS;android.permission.POST_NOTIFICATIONS;android.permission.READ_CONTACTS;android.permission.READ_EXTERNAL_STORAGE;android.permission.RECEIVE_BOOT_COMPLETED;android.permission.RECORD_AUDIO;android.permission.SCHEDULE_EXACT_ALARM;android.permission.USE_BIOMETRIC;android.permission.USE_FINGERPRINT;android.permission.VIDEO_CAPTURE;android.permission.WAKE_LOCK;android.permission.WRITE_EXTERNAL_STORAGE;com.google.android.c2dm.permission.RECEIVE;com.google.android.finsky.permission.BIND_GET_INSTALL_REFERRER_SERVICE;com.google.android.gms.permission.AD_ID,Yes,No,No,No,No,No,Yes,Yes,No,No,No,No,No,No,No,No,No,Yes,N/A,,N/A,,TRUE,android.permission.READ_CONTACTS;android.permission.READ_EXTERNAL_STORAGE;android.permission.WRITE_EXTERNAL_STORAGE,N/A,,N/A,,TRUE,android.permission.ACCESS_FINE_LOCATION;android.permission.READ_CONTACTS;android.permission.READ_EXTERNAL_STORAGE;android.permission.WRITE_EXTERNAL_STORAGE,TRUE,android.permission.ACCESS_FINE_LOCATION;android.permission.READ_CONTACTS;android.permission.READ_EXTERNAL_STORAGE;android.permission.WRITE_EXTERNAL_STORAGE
/data/olawalea/LoanApps/NigeriaApproved/PayCredit.apk,,com.paycredit.app,2.1.0.17,92,,,Nigeria/Approved,android.permission.ACCESS_NETWORK_STATE;android.permission.CAMERA;android.permission.FOREGROUND_SERVICE;android.permission.INTERNET;android.permission.POST_NOTIFICATIONS;android.permission.READ_APP_BADGE;android.permission.READ_PHONE_STATE;android.permission.RECEIVE_BOOT_COMPLETED;android.permission.VIBRATE;android.permission.WAKE_LOCK;com.anddoes.launcher.permission.UPDATE_COUNT;com.google.android.c2dm.permission.RECEIVE;com.htc.launcher.permission.READ_SETTINGS;com.htc.launcher.permission.UPDATE_SHORTCUT;com.huawei.android.launcher.permission.CHANGE_BADGE;com.huawei.android.launcher.permission.READ_SETTINGS;com.huawei.android.launcher.permission.WRITE_SETTINGS;com.majeur.launcher.permission.UPDATE_BADGE;com.oppo.launcher.permission.READ_SETTINGS;com.oppo.launcher.permission.WRITE_SETTINGS;com.paycredit.app.permission.C2D_MESSAGE;com.sec.android.provider.badge.permission.READ;com.sec.android.provider.badge.permission.WRITE;com.sonyericsson.home.permission.BROADCAST_BADGE;com.sonymobile.home.permission.PROVIDER_INSERT_BADGE;me.everything.badger.permission.BADGE_COUNT_READ;me.everything.badger.permission.BADGE_COUNT_WRITE,No,No,No,No,No,No,No,No,No,No,No,No,No,No,No,No,No,No,N/A,,N/A,,FALSE,,N/A,,N/A,,FALSE,,FALSE,
/data/olawalea/LoanApps/NigeriaApproved/Branch.apk,,com.branch_international.branch.branch_demo_android,5.9.1,718,,,Nigeria/Approved,BIND_GET_INSTALL_REFERRER_SERVICE;android.permission.ACCESS_ADSERVICES_AD_ID;android.permission.ACCESS_ADSERVICES_ATTRIBUTION;android.permission.ACCESS_COARSE_LOCATION;android.permission.ACCESS_NETWORK_STATE;android.permission.ACCESS_WIFI_STATE;android.permission.CAMERA;android.permission.FOREGROUND_SERVICE;android.permission.INTERNET;android.permission.NFC;android.permission.POST_NOTIFICATIONS;android.permission.READ_APP_BADGE;android.permission.READ_CALENDAR;android.permission.READ_CONTACTS;android.permission.READ_OWNER_DATA;android.permission.READ_SMS;android.permission.RECEIVE_BOOT_COMPLETED;android.permission.SYSTEM_ALERT_WINDOW;android.permission.USE_BIOMETRIC;android.permission.USE_FINGERPRINT;android.permission.VIBRATE;android.permission.WAKE_LOCK;android.permission.WRITE_CALENDAR;com.anddoes.launcher.permission.UPDATE_COUNT;com.android.vending.CHECK_LICENSE;com.branch_international.branch.branch_demo_android.DYNAMIC_RECEIVER_NOT_EXPORTED_PERMISSION;com.google.android.c2dm.permission.RECEIVE;com.google.android.finsky.permission.BIND_GET_INSTALL_REFERRER_SERVICE;com.google.android.gms.permission.AD_ID;com.google.android.providers.gsf.permission.READ_GSERVICES;com.htc.launcher.permission.READ_SETTINGS;com.htc.launcher.permission.UPDATE_SHORTCUT;com.huawei.android.launcher.permission.CHANGE_BADGE;com.huawei.android.launcher.permission.READ_SETTINGS;com.huawei.android.launcher.permission.WRITE_SETTINGS;com.majeur.launcher.permission.UPDATE_BADGE;com.oppo.launcher.permission.READ_SETTINGS;com.oppo.launcher.permission.WRITE_SETTINGS;com.sec.android.provider.badge.permission.READ;com.sec.android.provider.badge.permission.WRITE;com.sonyericsson.home.permission.BROADCAST_BADGE;com.sonymobile.home.permission.PROVIDER_INSERT_BADGE;me.everything.badger.permission.BADGE_COUNT_READ;me.everything.badger.permission.BADGE_COUNT_WRITE,No,No,No,No,No,No,Yes,No,No,No,No,No,Yes,No,No,No,No,No,N/A,,N/A,,TRUE,android.permission.READ_CONTACTS,N/A,,N/A,,TRUE,android.permission.READ_CONTACTS,TRUE,android.permission.READ_CONTACTS;android.permission.READ_SMS
/data/olawalea/LoanApps/NigeriaApproved/Aladdin Digital.apk,,com.aladdin.digital,1.4.2,42,,,Nigeria/Approved,android.permission.ACCESS_ADSERVICES_ATTRIBUTION;android.permission.ACCESS_NETWORK_STATE;android.permission.CAMERA;android.permission.INTERNET;android.permission.MODIFY_AUDIO_SETTINGS;android.permission.POST_NOTIFICATIONS;android.permission.READ_APP_BADGE;android.permission.READ_CONTACTS;android.permission.READ_EXTERNAL_STORAGE;android.permission.READ_MEDIA_IMAGES;android.permission.READ_MEDIA_VIDEO;android.permission.RECEIVE_BOOT_COMPLETED;android.permission.RECORD_AUDIO;android.permission.SYSTEM_ALERT_WINDOW;android.permission.USE_BIOMETRIC;android.permission.USE_FINGERPRINT;android.permission.VIBRATE;android.permission.WAKE_LOCK;android.permission.WRITE_CONTACTS;android.permission.WRITE_EXTERNAL_STORAGE;com.aladdin.digital.DYNAMIC_RECEIVER_NOT_EXPORTED_PERMISSION;com.anddoes.launcher.permission.UPDATE_COUNT;com.google.android.c2dm.permission.RECEIVE;com.google.android.finsky.permission.BIND_GET_INSTALL_REFERRER_SERVICE;com.google.android.gms.permission.AD_ID;com.htc.launcher.permission.READ_SETTINGS;com.htc.launcher.permission.UPDATE_SHORTCUT;com.huawei.android.launcher.permission.CHANGE_BADGE;com.huawei.android.launcher.permission.READ_SETTINGS;com.huawei.android.launcher.permission.WRITE_SETTINGS;com.huawei.appmarket.service.commondata.permission.GET_COMMON_DATA;com.majeur.launcher.permission.UPDATE_BADGE;com.oppo.launcher.permission.READ_SETTINGS;com.oppo.launcher.permission.WRITE_SETTINGS;com.sec.android.provider.badge.permission.READ;com.sec.android.provider.badge.permission.WRITE;com.sonyericsson.home.permission.BROADCAST_BADGE;com.sonymobile.home.permission.PROVIDER_INSERT_BADGE;me.everything.badger.permission.BADGE_COUNT_READ;me.everything.badger.permission.BADGE_COUNT_WRITE,No,No,No,No,No,No,Yes,Yes,No,Yes,Yes,No,No,No,No,No,Yes,Yes,N/A,,N/A,,TRUE,android.permission.READ_CONTACTS;android.permission.READ_EXTERNAL_STORAGE;android.permission.READ_MEDIA_IMAGES;android.permission.READ_MEDIA_VIDEO;android.permission.WRITE_CONTACTS;android.permission.WRITE_EXTERNAL_STORAGE,N/A,,N/A,,TRUE,android.permission.READ_CONTACTS;android.permission.READ_EXTERNAL_STORAGE;android.permission.READ_MEDIA_IMAGES;android.permission.READ_MEDIA_VIDEO;android.permission.WRITE_EXTERNAL_STORAGE,TRUE,android.permission.READ_CONTACTS;android.permission.READ_EXTERNAL_STORAGE;android.permission.READ_MEDIA_IMAGES;android.permission.READ_MEDIA_VIDEO;android.permission.WRITE_CONTACTS;android.permission.WRITE_EXTERNAL_STORAGE
/data/olawalea/LoanApps/NigeriaApproved/Moni.apk,Moni,com.rank.moni,2.2.2,530,23,34,Nigeria/Approved,android.permission.ACCESS_ADSERVICES_AD_ID;android.permission.ACCESS_ADSERVICES_ATTRIBUTION;android.permission.ACCESS_COARSE_LOCATION;android.permission.ACCESS_FINE_LOCATION;android.permission.ACCESS_MEDIA_LOCATION;android.permission.ACCESS_NETWORK_STATE;android.permission.ACTION_MANAGE_ALL_FILES_ACCESS_PERMISSION;android.permission.CAMERA;android.permission.FOREGROUND_SERVICE;android.permission.INTERNET;android.permission.MODIFY_AUDIO_SETTINGS;android.permission.NFC;android.permission.POST_NOTIFICATIONS;android.permission.READ_CONTACTS;android.permission.READ_EXTERNAL_STORAGE;android.permission.RECORD_AUDIO;android.permission.USE_BIOMETRIC;android.permission.USE_FINGERPRINT;android.permission.VIBRATE;android.permission.WAKE_LOCK;android.permission.WRITE_CONTACTS;android.permission.WRITE_EXTERNAL_STORAGE;com.google.android.c2dm.permission.RECEIVE;com.google.android.finsky.permission.BIND_GET_INSTALL_REFERRER_SERVICE;com.google.android.gms.permission.AD_ID;com.rank.moni.DYNAMIC_RECEIVER_NOT_EXPORTED_PERMISSION;com.rank.moni.permission.WRITE_SCHEDULE,Yes,No,No,No,No,No,Yes,Yes,No,No,No,No,No,No,No,No,Yes,Yes,N/A,,N/A,,TRUE,android.permission.READ_CONTACTS;android.permission.READ_EXTERNAL_STORAGE;android.permission.WRITE_CONTACTS;android.permission.WRITE_EXTERNAL_STORAGE,N/A,,N/A,,TRUE,android.permission.ACCESS_FINE_LOCATION;android.permission.READ_CONTACTS;android.permission.READ_EXTERNAL_STORAGE;android.permission.WRITE_EXTERNAL_STORAGE,TRUE,android.permission.ACCESS_FINE_LOCATION;android.permission.READ_CONTACTS;android.permission.READ_EXTERNAL_STORAGE;android.permission.WRITE_CONTACTS;android.permission.WRITE_EXTERNAL_STORAGE
/data/olawalea/LoanApps/NigeriaApproved/Lairaplus.apk,,com.lairaplus.naira.loan.nigeria,1.0.3.6,1036,,,Nigeria/Approved,android.permission.ACCESS_ADSERVICES_ATTRIBUTION;android.permission.ACCESS_COARSE_LOCATION;android.permission.ACCESS_NETWORK_STATE;android.permission.BLUETOOTH;android.permission.CAMERA;android.permission.INTERNET;android.permission.READ_SMS;android.permission.WAKE_LOCK;com.android.vending.CHECK_LICENSE;com.google.android.finsky.permission.BIND_GET_INSTALL_REFERRER_SERVICE;com.google.android.gms.permission.AD_ID;com.huawei.appmarket.service.commondata.permission.GET_COMMON_DATA;com.lairaplus.naira.loan.nigeria.DYNAMIC_RECEIVER_NOT_EXPORTED_PERMISSION;com.samsung.android.mapsagent.permission.READ_APP_INFO,No,No,No,No,No,No,No,No,No,No,No,No,Yes,No,No,No,No,No,N/A,,N/A,,FALSE,,N/A,,N/A,,FALSE,,TRUE,android.permission.READ_SMS
/data/olawalea/LoanApps/NigeriaApproved/NCash.apk,NCASH,com.ng.product.ncash,1.2.4,3,21,33,Nigeria/Approved,android.permission.ACCESS_COARSE_LOCATION;android.permission.ACCESS_NETWORK_STATE;android.permission.ACCESS_WIFI_STATE;android.permission.AUTHENTICATE_ACCOUNTS;android.permission.BATTERY_STATS;android.permission.CAMERA;android.permission.CHANGE_WIFI_STATE;android.permission.GET_ACCOUNTS;android.permission.GET_PACKAGE_SIZE;android.permission.GET_TASKS;android.permission.INTERNET;android.permission.PACKAGE_USAGE_STATS;android.permission.POST_NOTIFICATIONS;android.permission.READ_CALENDAR;android.permission.READ_PHONE_STATE;android.permission.READ_SMS;android.permission.RESTART_PACKAGES;android.permission.VIBRATE;android.permission.WAKE_LOCK;android.permission.WRITE_SETTINGS;com.google.android.c2dm.permission.RECEIVE;com.google.android.finsky.permission.BIND_GET_INSTALL_REFERRER_SERVICE;com.google.android.gms.permission.AD_ID,No,Yes,No,No,No,No,No,No,No,No,No,No,Yes,No,No,No,No,No,N/A,,N/A,,TRUE,android.permission.GET_ACCOUNTS,N/A,,N/A,,FALSE,,TRUE,android.permission.GET_ACCOUNTS;android.permission.READ_SMS
/data/olawalea/LoanApps/NigeriaApproved/ivy Credit.apk,ivy Credit,com.ivy.cred,1.1.0,1101,21,34,Nigeria/Approved,android.permission.ACCESS_COARSE_LOCATION;android.permission.INTERNET;com.android.vending.CHECK_LICENSE;com.ivy.cred.DYNAMIC_RECEIVER_NOT_EXPORTED_PERMISSION,No,No,No,No,No,No,No,No,No,No,No,No,No,No,No,No,No,No,N/A,,N/A,,FALSE,,N/A,,N/A,,FALSE,,FALSE,
/data/olawalea/LoanApps/NigeriaApproved/Ajeloan.apk,AjeLoan,ng.com.ajeloan,1.4.1,41,16,34,Nigeria/Approved,android.permission.ACCESS_COARSE_LOCATION;android.permission.ACCESS_NETWORK_STATE;android.permission.ACCESS_WIFI_STATE;android.permission.BLUETOOTH;android.permission.BLUETOOTH_CONNECT;android.permission.CAMERA;android.permission.CHANGE_WIFI_STATE;android.permission.INTERNET;android.permission.LOCAL_MAC_ADDRESS;android.permission.MOUNT_UNMOUNT_FILESYSTEMS;android.permission.READ_PHONE_STATE;android.permission.READ_SMS;android.permission.WAKE_LOCK;com.google.android.c2dm.permission.RECEIVE;com.google.android.finsky.permission.BIND_GET_INSTALL_REFERRER_SERVICE;com.google.android.gms.permission.AD_ID;ng.com.ajeloan.permission.JPUSH_MESSAGE;ng.com.ajeloan.permission.RECEIVE_USER_PRESENT,No,No,No,No,No,No,No,No,No,No,No,No,Yes,No,No,No,No,No,N/A,,N/A,,FALSE,,N/A,,N/A,,FALSE,,TRUE,android.permission.READ_SMS
/data/olawalea/LoanApps/NigeriaApproved/Nicekash.apk,,com.loan.nicekash,1.1.1,88111,,,Nigeria/Approved,android.permission.ACCESS_COARSE_LOCATION;android.permission.ACCESS_NETWORK_STATE;android.permission.ACCESS_WIFI_STATE;android.permission.BROADCAST_STICKY;android.permission.CAMERA;android.permission.INTERNET;android.permission.MOUNT_UNMOUNT_FILESYSTEMS;android.permission.READ_PHONE_STATE;android.permission.READ_PRIVILEGED_PHONE_STATE;android.permission.READ_SMS;android.permission.WAKE_LOCK;com.google.android.finsky.permission.BIND_GET_INSTALL_REFERRER_SERVICE;com.google.android.gms.permission.AD_ID,No,No,No,No,No,No,No,No,No,No,No,No,Yes,No,No,No,No,No,N/A,,N/A,,FALSE,,N/A,,N/A,,FALSE,,TRUE,android.permission.READ_SMS
/data/olawalea/LoanApps/NigeriaApproved/Floatr.apk,Floatr,com.floatr.app,1.0.2,12,23,33,Nigeria/Approved,android.permission.ACCESS_NETWORK_STATE;android.permission.CAMERA;android.permission.INTERNET;android.permission.POST_NOTIFICATIONS;android.permission.RECEIVE_BOOT_COMPLETED;android.permission.RECORD_AUDIO;android.permission.SCHEDULE_EXACT_ALARM;android.permission.USE_BIOMETRIC;android.permission.USE_FINGERPRINT;android.permission.USE_FULL_SCREEN_INTENT;android.permission.VIBRATE;android.permission.WAKE_LOCK;com.floatr.app.DYNAMIC_RECEIVER_NOT_EXPORTED_PERMISSION;com.google.android.c2dm.permission.RECEIVE,No,No,No,No,No,No,No,No,No,No,No,No,No,No,No,No,No,No,N/A,,N/A,,FALSE,,N/A,,N/A,,FALSE,,FALSE,
/data/olawalea/LoanApps/NigeriaApproved/Riverbank.apk,,io.ionic.riverbank,1.0,6,,,Nigeria/Approved,android.permission.ACCESS_BACKGROOUND_LOCATION;android.permission.ACCESS_COARSE_LOCATION;android.permission.ACCESS_FINE_LOCATION;android.permission.ACCESS_NETWORK_STATE;android.permission.CAMERA;android.permission.FOREGROUND_SERVICE;android.permission.INTERNET;android.permission.MODIFY_AUDIO_SETTINGS;android.permission.POST_NOTIFICATIONS;android.permission.READ_EXTERNAL_STORAGE;android.permission.READ_MEDIA_IMAGES;android.permission.RECEIVE_BOOT_COMPLETED;android.permission.VIBRATE;android.permission.WAKE_LOCK;android.permission.WRITE_EXTERNAL_STORAGE;com.google.android.c2dm.permission.RECEIVE;io.ionic.riverbank.DYNAMIC_RECEIVER_NOT_EXPORTED_PERMISSION,Yes,No,No,No,No,No,No,Yes,No,Yes,No,No,No,No,No,No,No,Yes,N/A,,N/A,,TRUE,android.permission.READ_EXTERNAL_STORAGE;android.permission.READ_MEDIA_IMAGES;android.permission.WRITE_EXTERNAL_STORAGE,N/A,,N/A,,TRUE,android.permission.ACCESS_FINE_LOCATION;android.permission.READ_EXTERNAL_STORAGE;android.permission.READ_MEDIA_IMAGES;android.permission.WRITE_EXTERNAL_STORAGE,TRUE,android.permission.ACCESS_FINE_LOCATION;android.permission.READ_EXTERNAL_STORAGE;android.permission.READ_MEDIA_IMAGES;android.permission.WRITE_EXTERNAL_STORAGE
/data/olawalea/LoanApps/NigeriaApproved/Shara.apk,,co.shara.lite,0.2.87,17312,,,Nigeria/Approved,android.permission.ACCESS_COARSE_LOCATION;android.permission.ACCESS_FINE_LOCATION;android.permission.ACCESS_NETWORK_STATE;android.permission.ACCESS_WIFI_STATE;android.permission.CAMERA;android.permission.FOREGROUND_SERVICE;android.permission.INTERNET;android.permission.READ_APP_BADGE;android.permission.READ_CONTACTS;android.permission.READ_EXTERNAL_STORAGE;android.permission.READ_PROFILE;android.permission.RECEIVE_BOOT_COMPLETED;android.permission.RECORD_AUDIO;android.permission.VIBRATE;android.permission.WAKE_LOCK;android.permission.WRITE_CONTACTS;android.permission.WRITE_EXTERNAL_STORAGE;android.permission.WRITE_PROFILE;co.shara.lite.DYNAMIC_RECEIVER_NOT_EXPORTED_PERMISSION;co.shara.lite.permission.C2D_MESSAGE;co.shara.lite.permission.WRITE_SCHEDULE;com.anddoes.launcher.permission.UPDATE_COUNT;com.android.vending.CHECK_LICENSE;com.google.android.c2dm.permission.RECEIVE;com.google.android.finsky.permission.BIND_GET_INSTALL_REFERRER_SERVICE;com.google.android.gms.permission.AD_ID;com.google.android.providers.gsf.permission.READ_GSERVICES;com.htc.launcher.permission.READ_SETTINGS;com.htc.launcher.permission.UPDATE_SHORTCUT;com.huawei.android.launcher.permission.CHANGE_BADGE;com.huawei.android.launcher.permission.READ_SETTINGS;com.huawei.android.launcher.permission.WRITE_SETTINGS;com.majeur.launcher.permission.UPDATE_BADGE;com.oppo.launcher.permission.READ_SETTINGS;com.oppo.launcher.permission.WRITE_SETTINGS;com.sec.android.provider.badge.permission.READ;com.sec.android.provider.badge.permission.WRITE;com.sonyericsson.home.permission.BROADCAST_BADGE;com.sonymobile.home.permission.PROVIDER_INSERT_BADGE;me.everything.badger.permission.BADGE_COUNT_READ;me.everything.badger.permission.BADGE_COUNT_WRITE,Yes,No,No,No,No,No,Yes,Yes,No,No,No,No,No,No,No,No,Yes,Yes,N/A,,N/A,,TRUE,android.permission.READ_CONTACTS;android.permission.READ_EXTERNAL_STORAGE;android.permission.WRITE_CONTACTS;android.permission.WRITE_EXTERNAL_STORAGE,N/A,,N/A,,TRUE,android.permission.ACCESS_FINE_LOCATION;android.permission.READ_CONTACTS;android.permission.READ_EXTERNAL_STORAGE;android.permission.WRITE_EXTERNAL_STORAGE,TRUE,android.permission.ACCESS_FINE_LOCATION;android.permission.READ_CONTACTS;android.permission.READ_EXTERNAL_STORAGE;android.permission.WRITE_CONTACTS;android.permission.WRITE_EXTERNAL_STORAGE
/data/olawalea/LoanApps/NigeriaApproved/Credlock Pay.apk,,apptwo.credlockng.com,1.21.0,21,,,Nigeria/Approved,android.permission.ACCESS_NETWORK_STATE;android.permission.INTERNET;apptwo.credlockng.com.DYNAMIC_RECEIVER_NOT_EXPORTED_PERMISSION,No,No,No,No,No,No,No,No,No,No,No,No,No,No,No,No,No,No,N/A,,N/A,,FALSE,,N/A,,N/A,,FALSE,,FALSE,
/data/olawalea/LoanApps/NigeriaApproved/Palmpay.apk,,com.transsnet.palmpay,6.2.0,702251837,,,Nigeria/Approved,android.permission.ACCESS_ADSERVICES_ATTRIBUTION;android.permission.ACCESS_COARSE_LOCATION;android.permission.ACCESS_NETWORK_STATE;android.permission.ACCESS_WIFI_STATE;android.permission.BLUETOOTH;android.permission.BLUETOOTH_ADMIN;android.permission.BLUETOOTH_ADVERTISE;android.permission.BLUETOOTH_CONNECT;android.permission.BLUETOOTH_SCAN;android.permission.CALL_PHONE;android.permission.CAMERA;android.permission.CHANGE_WIFI_STATE;android.permission.DETECT_SCREEN_CAPTURE;android.permission.FLASHLIGHT;android.permission.FOREGROUND_SERVICE;android.permission.FOREGROUND_SERVICE_MEDIA_PLAYBACK;android.permission.INTERNET;android.permission.KILL_BACKGROUND_PROCESSES;android.permission.POST_NOTIFICATIONS;android.permission.READ_PHONE_STATE;android.permission.RECEIVE_BOOT_COMPLETED;android.permission.SYSTEM_ALERT_WINDOW;android.permission.USE_BIOMETRIC;android.permission.USE_FINGERPRINT;android.permission.VIBRATE;android.permission.WAKE_LOCK;com.google.android.c2dm.permission.RECEIVE;com.google.android.finsky.permission.BIND_GET_INSTALL_REFERRER_SERVICE;com.google.android.gms.permission.AD_ID;com.google.android.providers.gsf.permission.READ_GSERVICES;com.huawei.appmarket.service.commondata.permission.GET_COMMON_DATA;com.transsion.dataservice.permission.READ;com.transsion.dataservice.permission.WRITE;com.transsion.tpush.permission.READ_PROVIDER;com.transsion.tpush.permission.WRITE_PROVIDER;com.transsnet.palmpay.DYNAMIC_RECEIVER_NOT_EXPORTED_PERMISSION,No,No,No,No,No,No,No,No,No,No,No,No,No,No,No,No,No,No,N/A,,N/A,,FALSE,,N/A,,N/A,,FALSE,,FALSE,
/data/olawalea/LoanApps/NigeriaApproved/Hcwallet.apk,Hcwallet,com.ng.haloocredit,2.4.8,20408,16,33,Nigeria/Approved,android.permission.ACCESS_COARSE_LOCATION;android.permission.ACCESS_LOCATION_EXTRA_COMMANDS;android.permission.ACCESS_NETWORK_STATE;android.permission.ACCESS_WIFI_STATE;android.permission.CAMERA;android.permission.CHANGE_NETWORK_STATE;android.permission.CHANGE_WIFI_STATE;android.permission.INTERNET;android.permission.READ_CALENDAR;android.permission.READ_CALL_LOG;android.permission.READ_PHONE_STATE;android.permission.RECORD_AUDIO;android.permission.WAKE_LOCK;android.permission.WRITE_CALENDAR;com.google.android.finsky.permission.BIND_GET_INSTALL_REFERRER_SERVICE;com.google.android.gms.permission.AD_ID,No,No,No,No,No,Yes,No,No,No,No,No,No,No,No,No,No,No,No,N/A,,N/A,,TRUE,android.permission.READ_CALL_LOG,N/A,,N/A,,FALSE,,TRUE,android.permission.READ_CALL_LOG
/data/olawalea/LoanApps/NigeriaApproved/CreditBox.apk,CreditBox,com.box.creditt,1.0.3,4,21,32,Nigeria/Approved,android.permission.ACCESS_COARSE_LOCATION;android.permission.ACCESS_NETWORK_STATE;android.permission.ACCESS_WIFI_STATE;android.permission.CAMERA;android.permission.CHANGE_WIFI_STATE;android.permission.INTERNET;android.permission.READ_PHONE_STATE;android.permission.WAKE_LOCK,No,No,No,No,No,No,No,No,No,No,No,No,No,No,No,No,No,No,N/A,,N/A,,FALSE,,N/A,,N/A,,FALSE,,FALSE,
/data/olawalea/LoanApps/NigeriaApproved/Pennee.apk,Pennee,com.pennee.tech,2.6.6,82,21,33,Nigeria/Approved,android.permission.ACCESS_COARSE_LOCATION;android.permission.ACCESS_FINE_LOCATION;android.permission.ACCESS_NETWORK_STATE;android.permission.ACCESS_WIFI_STATE;android.permission.CAMERA;android.permission.FOREGROUND_SERVICE;android.permission.INTERNET;android.permission.MODIFY_AUDIO_SETTINGS;android.permission.POST_NOTIFICATIONS;android.permission.READ_EXTERNAL_STORAGE;android.permission.READ_PHONE_STATE;android.permission.RECORD_AUDIO;android.permission.USE_BIOMETRIC;android.permission.USE_FINGERPRINT;android.permission.VIBRATE;android.permission.WAKE_LOCK;android.permission.WRITE_EXTERNAL_STORAGE;com.google.android.c2dm.permission.RECEIVE;com.google.android.finsky.permission.BIND_GET_INSTALL_REFERRER_SERVICE;com.google.android.gms.permission.AD_ID,Yes,No,No,No,No,No,No,Yes,No,No,No,No,No,No,No,No,No,Yes,N/A,,N/A,,TRUE,android.permission.READ_EXTERNAL_STORAGE;android.permission.WRITE_EXTERNAL_STORAGE,N/A,,N/A,,TRUE,android.permission.ACCESS_FINE_LOCATION;android.permission.READ_EXTERNAL_STORAGE;android.permission.WRITE_EXTERNAL_STORAGE,TRUE,android.permission.ACCESS_FINE_LOCATION;android.permission.READ_EXTERNAL_STORAGE;android.permission.WRITE_EXTERNAL_STORAGE
/data/olawalea/LoanApps/NigeriaApproved/Incash.apk,Incash,com.nig.incash.org,1.0.4,10,21,33,Nigeria/Approved,android.permission.ACCESS_NETWORK_STATE;android.permission.FOREGROUND_SERVICE;android.permission.INTERNET;android.permission.POST_NOTIFICATIONS;android.permission.READ_EXTERNAL_STORAGE;android.permission.RECEIVE_BOOT_COMPLETED;android.permission.SCHEDULE_EXACT_ALARM;android.permission.USE_BIOMETRIC;android.permission.USE_FINGERPRINT;android.permission.USE_FULL_SCREEN_INTENT;android.permission.VIBRATE;android.permission.WAKE_LOCK;android.permission.WRITE_EXTERNAL_STORAGE;com.google.android.c2dm.permission.RECEIVE;com.google.android.finsky.permission.BIND_GET_INSTALL_REFERRER_SERVICE;com.google.android.gms.permission.AD_ID;com.nig.incash.org.DYNAMIC_RECEIVER_NOT_EXPORTED_PERMISSION,No,No,No,No,No,No,No,Yes,No,No,No,No,No,No,No,No,No,Yes,N/A,,N/A,,TRUE,android.permission.READ_EXTERNAL_STORAGE;android.permission.WRITE_EXTERNAL_STORAGE,N/A,,N/A,,TRUE,android.permission.READ_EXTERNAL_STORAGE;android.permission.WRITE_EXTERNAL_STORAGE,TRUE,android.permission.READ_EXTERNAL_STORAGE;android.permission.WRITE_EXTERNAL_STORAGE
/data/olawalea/LoanApps/NigeriaApproved/Flashcredit.apk,FlashCredit,com.loan.aceloan,1.0.2,10200,21,34,Nigeria/Approved,android.permission.ACCESS_COARSE_LOCATION;android.permission.ACCESS_NETWORK_STATE;android.permission.ACCESS_WIFI_STATE;android.permission.CAMERA;android.permission.INTERNET;android.permission.POST_NOTIFICATIONS;android.permission.WAKE_LOCK;android.permission.WRITE_CALENDAR;com.google.android.c2dm.permission.RECEIVE;com.google.android.finsky.permission.BIND_GET_INSTALL_REFERRER_SERVICE;com.google.android.gms.permission.AD_ID;com.loan.aceloan.DYNAMIC_RECEIVER_NOT_EXPORTED_PERMISSION;com.loan.aceloan.other_temp1;com.loan.aceloan.other_temp5,No,No,No,No,No,No,No,No,No,No,No,No,No,No,No,No,No,No,N/A,,N/A,,FALSE,,N/A,,N/A,,FALSE,,FALSE,
/data/olawalea/LoanApps/NigeriaApproved/Kiakia Finance.apk,,com.kiakiafinance.app,1.0.48,93,,,Nigeria/Approved,android.permission.ACCESS_ADSERVICES_AD_ID;android.permission.ACCESS_ADSERVICES_ATTRIBUTION;android.permission.ACCESS_NETWORK_STATE;android.permission.CAMERA;android.permission.INTERNET;android.permission.MODIFY_AUDIO_SETTINGS;android.permission.POST_NOTIFICATIONS;android.permission.READ_CONTACTS;android.permission.READ_EXTERNAL_STORAGE;android.permission.RECORD_AUDIO;android.permission.USE_BIOMETRIC;android.permission.USE_FINGERPRINT;android.permission.VIBRATE;android.permission.VIDEO_CAPTURE;android.permission.WAKE_LOCK;android.permission.WRITE_CONTACTS;android.permission.WRITE_EXTERNAL_STORAGE;com.google.android.c2dm.permission.RECEIVE;com.google.android.finsky.permission.BIND_GET_INSTALL_REFERRER_SERVICE;com.google.android.gms.permission.AD_ID;com.kiakiafinance.app.DYNAMIC_RECEIVER_NOT_EXPORTED_PERMISSION;com.kiakiafinance.app.permission.WRITE_SCHEDULE,No,No,No,No,No,No,Yes,Yes,No,No,No,No,No,No,No,No,Yes,Yes,N/A,,N/A,,TRUE,android.permission.READ_CONTACTS;android.permission.READ_EXTERNAL_STORAGE;android.permission.WRITE_CONTACTS;android.permission.WRITE_EXTERNAL_STORAGE,N/A,,N/A,,TRUE,android.permission.READ_CONTACTS;android.permission.READ_EXTERNAL_STORAGE;android.permission.WRITE_EXTERNAL_STORAGE,TRUE,android.permission.READ_CONTACTS;android.permission.READ_EXTERNAL_STORAGE;android.permission.WRITE_CONTACTS;android.permission.WRITE_EXTERNAL_STORAGE
/data/olawalea/LoanApps/NigeriaApproved/FairMoney.apk,,ng.com.fairmoney.fairmoney,9.98.0,500,,,Nigeria/Approved,android.permission.ACCESS_ADSERVICES_AD_ID;android.permission.ACCESS_ADSERVICES_ATTRIBUTION;android.permission.ACCESS_BACKGROUND_LOCATION;android.permission.ACCESS_COARSE_LOCATION;android.permission.ACCESS_FINE_LOCATION;android.permission.ACCESS_NETWORK_STATE;android.permission.ACCESS_WIFI_STATE;android.permission.BLUETOOTH;android.permission.CAMERA;android.permission.FOREGROUND_SERVICE;android.permission.FOREGROUND_SERVICE_LOCATION;android.permission.GET_ACCOUNTS;android.permission.INTERNET;android.permission.POST_NOTIFICATIONS;android.permission.QUERY_ALL_PACKAGES;android.permission.READ_CALENDAR;android.permission.READ_CONTACTS;android.permission.READ_EXTERNAL_STORAGE;android.permission.READ_MEDIA_AUDIO;android.permission.READ_MEDIA_IMAGES;android.permission.READ_MEDIA_VIDEO;android.permission.READ_MEDIA_VISUAL_USER_SELECTED;android.permission.READ_PHONE_STATE;android.permission.READ_SMS;android.permission.RECEIVE_BOOT_COMPLETED;android.permission.REORDER_TASKS;android.permission.USE_BIOMETRIC;android.permission.USE_FINGERPRINT;android.permission.VIBRATE;android.permission.WAKE_LOCK;android.permission.WRITE_EXTERNAL_STORAGE;com.google.android.c2dm.permission.RECEIVE;com.google.android.finsky.permission.BIND_GET_INSTALL_REFERRER_SERVICE;com.google.android.gms.permission.AD_ID;ng.com.fairmoney.fairmoney.DYNAMIC_RECEIVER_NOT_EXPORTED_PERMISSION,Yes,Yes,No,No,Yes,No,Yes,Yes,Yes,Yes,Yes,No,Yes,No,No,No,No,Yes,N/A,,N/A,,TRUE,android.permission.GET_ACCOUNTS;android.permission.READ_CONTACTS;android.permission.READ_EXTERNAL_STORAGE;android.permission.READ_MEDIA_AUDIO;android.permission.READ_MEDIA_IMAGES;android.permission.READ_MEDIA_VIDEO;android.permission.WRITE_EXTERNAL_STORAGE,N/A,,N/A,,TRUE,android.permission.ACCESS_FINE_LOCATION;android.permission.QUERY_ALL_PACKAGES;android.permission.READ_CONTACTS;android.permission.READ_EXTERNAL_STORAGE;android.permission.READ_MEDIA_IMAGES;android.permission.READ_MEDIA_VIDEO;android.permission.WRITE_EXTERNAL_STORAGE,TRUE,android.permission.ACCESS_FINE_LOCATION;android.permission.GET_ACCOUNTS;android.permission.QUERY_ALL_PACKAGES;android.permission.READ_CONTACTS;android.permission.READ_EXTERNAL_STORAGE;android.permission.READ_MEDIA_AUDIO;android.permission.READ_MEDIA_IMAGES;android.permission.READ_MEDIA_VIDEO;android.permission.READ_SMS;android.permission.WRITE_EXTERNAL_STORAGE
/data/olawalea/LoanApps/NigeriaApproved/Maxmoni.apk,,com.loan.new.maxmoni,1.1.1,88111,,,Nigeria/Approved,android.permission.ACCESS_COARSE_LOCATION;android.permission.ACCESS_NETWORK_STATE;android.permission.ACCESS_WIFI_STATE;android.permission.BROADCAST_STICKY;android.permission.CAMERA;android.permission.INTERNET;android.permission.MOUNT_UNMOUNT_FILESYSTEMS;android.permission.READ_PHONE_STATE;android.permission.READ_PRIVILEGED_PHONE_STATE;android.permission.READ_SMS;android.permission.WAKE_LOCK;com.google.android.finsky.permission.BIND_GET_INSTALL_REFERRER_SERVICE;com.google.android.gms.permission.AD_ID,No,No,No,No,No,No,No,No,No,No,No,No,Yes,No,No,No,No,No,N/A,,N/A,,FALSE,,N/A,,N/A,,FALSE,,TRUE,android.permission.READ_SMS
/data/olawalea/LoanApps/NigeriaApproved/Naira Now.apk,,com.loan.naira.now,1.6.6,39166,,,Nigeria/Approved,android.permission.ACCESS_COARSE_LOCATION;android.permission.ACCESS_NETWORK_STATE;android.permission.ACCESS_WIFI_STATE;android.permission.BROADCAST_STICKY;android.permission.CAMERA;android.permission.INTERNET;android.permission.MOUNT_UNMOUNT_FILESYSTEMS;android.permission.READ_PHONE_STATE;android.permission.READ_PRIVILEGED_PHONE_STATE;android.permission.READ_SMS;android.permission.WAKE_LOCK;com.google.android.finsky.permission.BIND_GET_INSTALL_REFERRER_SERVICE;com.google.android.gms.permission.AD_ID,No,No,No,No,No,No,No,No,No,No,No,No,Yes,No,No,No,No,No,N/A,,N/A,,FALSE,,N/A,,N/A,,FALSE,,TRUE,android.permission.READ_SMS
/data/olawalea/LoanApps/NigeriaApproved/Swifund.apk,,com.ng.swifund,1.0.18,121,,,Nigeria/Approved,android.permission.ACCESS_BACKGROUND_LOCATION;android.permission.ACCESS_COARSE_LOCATION;android.permission.ACCESS_NETWORK_STATE;android.permission.ACCESS_WIFI_STATE;android.permission.CAMERA;android.permission.CHANGE_NETWORK_STATE;android.permission.CHANGE_WIFI_STATE;android.permission.INTERNET;android.permission.READ_CALENDAR;android.permission.READ_CALL_LOG;android.permission.READ_PHONE_STATE;android.permission.WAKE_LOCK;android.permission.WRITE_CALENDAR;com.google.android.finsky.permission.BIND_GET_INSTALL_REFERRER_SERVICE;com.google.android.gms.permission.AD_ID,No,No,No,No,No,Yes,No,No,No,No,No,No,No,No,No,No,No,No,N/A,,N/A,,TRUE,android.permission.READ_CALL_LOG,N/A,,N/A,,FALSE,,TRUE,android.permission.READ_CALL_LOG
/data/olawalea/LoanApps/NigeriaApproved/CayCredit.apk,,credit.caycredit.finance.loan.money,1.1.3,10103,,,Nigeria/Approved,android.gms.permission.AD_ID;android.permission.ACCESS_COARSE_LOCATION;android.permission.ACCESS_NETWORK_STATE;android.permission.ACCESS_WIFI_STATE;android.permission.BLUETOOTH;android.permission.BLUETOOTH_ADMIN;android.permission.CAMERA;android.permission.CHANGE_NETWORK_STATE;android.permission.CHANGE_WIFI_STATE;android.permission.INTERNET;android.permission.READ_PHONE_STATE;android.permission.READ_SMS;android.permission.WAKE_LOCK;com.google.android.finsky.permission.BIND_GET_INSTALL_REFERRER_SERVICE;com.google.android.gms.permission.AD_ID;credit.caycredit.finance.loan.money.DYNAMIC_RECEIVER_NOT_EXPORTED_PERMISSION,No,No,No,No,No,No,No,No,No,No,No,No,Yes,No,No,No,No,No,N/A,,N/A,,FALSE,,N/A,,N/A,,FALSE,,TRUE,android.permission.READ_SMS
/data/olawalea/LoanApps/NigeriaApproved/iCredit.apk,,com.loan.icredit.creditng,4.0.2,40002,,,Nigeria/Approved,android.permission.ACCESS_ADSERVICES_AD_ID;android.permission.ACCESS_ADSERVICES_ATTRIBUTION;android.permission.ACCESS_COARSE_LOCATION;android.permission.ACCESS_NETWORK_STATE;android.permission.ACCESS_WIFI_STATE;android.permission.CAMERA;android.permission.CHANGE_WIFI_STATE;android.permission.EXPAND_STATUS_BAR;android.permission.FLASHLIGHT;android.permission.INTERNET;android.permission.POST_NOTIFICATIONS;android.permission.READ_SMS;android.permission.VIBRATE;android.permission.WAKE_LOCK;com.android.launcher.permission.INSTALL_SHORTCUT;com.android.launcher.permission.UNINSTALL_SHORTCUT;com.google.android.c2dm.permission.RECEIVE;com.google.android.finsky.permission.BIND_GET_INSTALL_REFERRER_SERVICE;com.google.android.gms.permission.AD_ID;com.loan.icredit.creditng.DYNAMIC_RECEIVER_NOT_EXPORTED_PERMISSION,No,No,No,No,No,No,No,No,No,No,No,No,Yes,No,No,No,No,No,N/A,,N/A,,FALSE,,N/A,,N/A,,FALSE,,TRUE,android.permission.READ_SMS
/data/olawalea/LoanApps/NigeriaApproved/Eazipay.apk,,com.myeazipay.business,1.47,47,,,Nigeria/Approved,android.permission.ACCESS_NETWORK_STATE;android.permission.CAMERA;android.permission.INTERNET;android.permission.POST_NOTIFICATIONS;android.permission.READ_EXTERNAL_STORAGE;android.permission.USE_BIOMETRIC;android.permission.USE_FINGERPRINT;android.permission.VIBRATE;android.permission.WAKE_LOCK;android.permission.WRITE_EXTERNAL_STORAGE;com.google.android.c2dm.permission.RECEIVE;com.google.android.gms.permission.AD_ID;com.myeazipay.business.DYNAMIC_RECEIVER_NOT_EXPORTED_PERMISSION,No,No,No,No,No,No,No,Yes,No,No,No,No,No,No,No,No,No,Yes,N/A,,N/A,,TRUE,android.permission.READ_EXTERNAL_STORAGE;android.permission.WRITE_EXTERNAL_STORAGE,N/A,,N/A,,TRUE,android.permission.READ_EXTERNAL_STORAGE;android.permission.WRITE_EXTERNAL_STORAGE,TRUE,android.permission.READ_EXTERNAL_STORAGE;android.permission.WRITE_EXTERNAL_STORAGE
/data/olawalea/LoanApps/NigeriaApproved/UnlockCash.apk,UnlockCash,com.boyu.luans,0.1.3,8,21,33,Nigeria/Approved,android.permission.ACCESS_COARSE_LOCATION;android.permission.ACCESS_NETWORK_STATE;android.permission.ACCESS_WIFI_STATE;android.permission.BLUETOOTH;android.permission.BLUETOOTH_ADMIN;android.permission.BLUETOOTH_CONNECT;android.permission.CALL_PHONE;android.permission.CHANGE_WIFI_STATE;android.permission.FOREGROUND_SERVICE;android.permission.INTERNET;android.permission.READ_PHONE_STATE;android.permission.READ_SMS;android.permission.RECEIVE_BOOT_COMPLETED;android.permission.WAKE_LOCK;com.boyu.luans.DYNAMIC_RECEIVER_NOT_EXPORTED_PERMISSION;com.google.android.finsky.permission.BIND_GET_INSTALL_REFERRER_SERVICE;com.google.android.gms.permission.AD_ID,No,No,No,No,No,No,No,No,No,No,No,No,Yes,No,No,No,No,No,N/A,,N/A,,FALSE,,N/A,,N/A,,FALSE,,TRUE,android.permission.READ_SMS
/data/olawalea/LoanApps/NigeriaApproved/Hi Credit.apk,,com.may.android.hicredit,3.0.1,301,,,Nigeria/Approved,android.permission.ACCESS_ADSERVICES_AD_ID;android.permission.ACCESS_ADSERVICES_ATTRIBUTION;android.permission.ACCESS_NETWORK_STATE;android.permission.ACCESS_WIFI_STATE;android.permission.BLUETOOTH;android.permission.BLUETOOTH_CONNECT;android.permission.INTERNET;android.permission.POST_NOTIFICATIONS;android.permission.READ_PHONE_STATE;android.permission.READ_SMS;android.permission.WAKE_LOCK;com.google.android.c2dm.permission.RECEIVE;com.google.android.finsky.permission.BIND_GET_INSTALL_REFERRER_SERVICE;com.google.android.gms.permission.AD_ID;com.may.android.hicredit.DYNAMIC_RECEIVER_NOT_EXPORTED_PERMISSION,No,No,No,No,No,No,No,No,No,No,No,No,Yes,No,No,No,No,No,N/A,,N/A,,FALSE,,N/A,,N/A,,FALSE,,TRUE,android.permission.READ_SMS
/data/olawalea/LoanApps/NigeriaApproved/Newlending.apk,Newlending,com.loan.newlending.through,1.0,1,17,31,Nigeria/Approved,android.permission.ACCESS_COARSE_LOCATION;android.permission.ACCESS_FINE_LOCATION;android.permission.ACCESS_NETWORK_STATE;android.permission.ACCESS_WIFI_STATE;android.permission.CAMERA;android.permission.CHANGE_NETWORK_STATE;android.permission.CHANGE_WIFI_STATE;android.permission.GET_ACCOUNTS;android.permission.INTERNET;android.permission.PERMISSION_GRANTED;android.permission.READ_CALENDAR;android.permission.READ_CONTACTS;android.permission.READ_EXTERNAL_STORAGE;android.permission.READ_PHONE_STATE;android.permission.VIBRATE;android.permission.WAKE_LOCK;android.permission.WRITE_CALENDAR;android.permission.WRITE_CONTACTS;android.permission.WRITE_EXTERNAL_STORAGE;com.android.alarm.permission.SET_ALARM;com.google.android.c2dm.permission.RECEIVE;com.google.android.finsky.permission.BIND_GET_INSTALL_REFERRER_SERVICE,Yes,Yes,No,No,No,No,Yes,Yes,No,No,No,No,No,No,No,No,Yes,Yes,N/A,,N/A,,TRUE,android.permission.GET_ACCOUNTS;android.permission.READ_CONTACTS;android.permission.READ_EXTERNAL_STORAGE;android.permission.WRITE_CONTACTS;android.permission.WRITE_EXTERNAL_STORAGE,N/A,,N/A,,TRUE,android.permission.ACCESS_FINE_LOCATION;android.permission.READ_CONTACTS;android.permission.READ_EXTERNAL_STORAGE;android.permission.WRITE_EXTERNAL_STORAGE,TRUE,android.permission.ACCESS_FINE_LOCATION;android.permission.GET_ACCOUNTS;android.permission.READ_CONTACTS;android.permission.READ_EXTERNAL_STORAGE;android.permission.WRITE_CONTACTS;android.permission.WRITE_EXTERNAL_STORAGE
/data/olawalea/LoanApps/NigeriaApproved/Growly.apk,Growly,com.tpdn.growly.mobile,1.0.9,10,21,31,Nigeria/Approved,android.permission.INTERNET;android.permission.WRITE_EXTERNAL_STORAGE,No,No,No,No,No,No,No,No,No,No,No,No,No,No,No,No,No,Yes,N/A,,N/A,,TRUE,android.permission.WRITE_EXTERNAL_STORAGE,N/A,,N/A,,TRUE,android.permission.WRITE_EXTERNAL_STORAGE,TRUE,android.permission.WRITE_EXTERNAL_STORAGE
/data/olawalea/LoanApps/NigeriaApproved/PonyCash.apk,PonyCash,com.ponycash.poca.nysh,1.0.2,3,21,34,Nigeria/Approved,android.permission.ACCESS_COARSE_LOCATION;android.permission.ACCESS_NETWORK_STATE;android.permission.ACCESS_WIFI_STATE;android.permission.CAMERA;android.permission.CHANGE_WIFI_STATE;android.permission.FOREGROUND_SERVICE;android.permission.HIGH_SAMPLING_RATE_SENSORS;android.permission.INTERNET;android.permission.READ_CALL_LOG;android.permission.READ_PHONE_STATE;android.permission.READ_SMS;android.permission.RECEIVE_BOOT_COMPLETED;android.permission.REQUIRE_SECURE_ENV;android.permission.VIBRATE;android.permission.WAKE_LOCK;com.google.android.c2dm.permission.RECEIVE;com.google.android.finsky.permission.BIND_GET_INSTALL_REFERRER_SERVICE;com.google.android.gms.permission.AD_ID;com.google.android.providers.gsf.permission.READ_GSERVICES;com.ponycash.poca.nysh.DYNAMIC_RECEIVER_NOT_EXPORTED_PERMISSION,No,No,No,No,No,Yes,No,No,No,No,No,No,Yes,No,No,No,No,No,N/A,,N/A,,TRUE,android.permission.READ_CALL_LOG,N/A,,N/A,,FALSE,,TRUE,android.permission.READ_CALL_LOG;android.permission.READ_SMS
/data/olawalea/LoanApps/NigeriaApproved/CreditWise.apk,CreditWise,ng.wise.creditwise,1.0.7,9,21,33,Nigeria/Approved,android.permission.ACCESS_COARSE_LOCATION;android.permission.ACCESS_LOCATION_EXTRA_COMMANDS;android.permission.ACCESS_NETWORK_STATE;android.permission.ACCESS_WIFI_STATE;android.permission.BLUETOOTH;android.permission.BLUETOOTH_ADMIN;android.permission.CAMERA;android.permission.CHANGE_WIFI_STATE;android.permission.FOREGROUND_SERVICE;android.permission.GET_TASKS;android.permission.HIGH_SAMPLING_RATE_SENSORS;android.permission.INTERNET;android.permission.READ_CALENDAR;android.permission.READ_PHONE_STATE;android.permission.READ_SMS;android.permission.RECEIVE_BOOT_COMPLETED;android.permission.RECEIVE_SMS;android.permission.REORDER_TASKS;android.permission.SYSTEM_ALERT_WINDOW;android.permission.USE_BIOMETRIC;android.permission.USE_FINGERPRINT;android.permission.VIBRATE;android.permission.WAKE_LOCK;android.permission.WRITE_CALENDAR;com.android.browser.permission.READ_HISTORY_BOOKMARKS;com.android.vending.setup.PLAY_SETUP_SERVICE;com.google.android.c2dm.permission.RECEIVE;com.google.android.finsky.permission.BIND_GET_INSTALL_REFERRER_SERVICE;com.google.android.gms.permission.AD_ID;com.google.android.providers.gsf.permission.READ_GSERVICES,No,No,No,No,No,No,No,No,No,No,No,No,Yes,Yes,No,No,No,No,N/A,,N/A,,FALSE,,N/A,,N/A,,FALSE,,TRUE,android.permission.READ_SMS;android.permission.RECEIVE_SMS
/data/olawalea/LoanApps/NigeriaApproved/Supreme MFB.apk,,com.fintellia.suprememfbs,1.0.6,7,,,Nigeria/Approved,android.permission.ACCESS_NETWORK_STATE;android.permission.ACCESS_WIFI_STATE;android.permission.CAMERA;android.permission.DOWNLOAD_WITHOUT_NOTIFICATION;android.permission.FOREGROUND_SERVICE;android.permission.INTERNET;android.permission.POST_NOTIFICATIONS;android.permission.READ_APP_BADGE;android.permission.READ_CONTACTS;android.permission.READ_EXTERNAL_STORAGE;android.permission.RECEIVE_BOOT_COMPLETED;android.permission.USE_BIOMETRIC;android.permission.USE_FINGERPRINT;android.permission.VIBRATE;android.permission.WAKE_LOCK;android.permission.WRITE_EXTERNAL_STORAGE;com.anddoes.launcher.permission.UPDATE_COUNT;com.fintellia.suprememfbs.DYNAMIC_RECEIVER_NOT_EXPORTED_PERMISSION;com.fintellia.suprememfbs.permission.C2D_MESSAGE;com.google.android.c2dm.permission.RECEIVE;com.google.android.finsky.permission.BIND_GET_INSTALL_REFERRER_SERVICE;com.google.android.providers.gsf.permission.READ_GSERVICES;com.htc.launcher.permission.READ_SETTINGS;com.htc.launcher.permission.UPDATE_SHORTCUT;com.huawei.android.launcher.permission.CHANGE_BADGE;com.huawei.android.launcher.permission.READ_SETTINGS;com.huawei.android.launcher.permission.WRITE_SETTINGS;com.majeur.launcher.permission.UPDATE_BADGE;com.oppo.launcher.permission.READ_SETTINGS;com.oppo.launcher.permission.WRITE_SETTINGS;com.sec.android.provider.badge.permission.READ;com.sec.android.provider.badge.permission.WRITE;com.sonyericsson.home.permission.BROADCAST_BADGE;com.sonymobile.home.permission.PROVIDER_INSERT_BADGE;me.everything.badger.permission.BADGE_COUNT_READ;me.everything.badger.permission.BADGE_COUNT_WRITE,No,No,No,No,No,No,Yes,Yes,No,No,No,No,No,No,No,No,No,Yes,N/A,,N/A,,TRUE,android.permission.READ_CONTACTS;android.permission.READ_EXTERNAL_STORAGE;android.permission.WRITE_EXTERNAL_STORAGE,N/A,,N/A,,TRUE,android.permission.READ_CONTACTS;android.permission.READ_EXTERNAL_STORAGE;android.permission.WRITE_EXTERNAL_STORAGE,TRUE,android.permission.READ_CONTACTS;android.permission.READ_EXTERNAL_STORAGE;android.permission.WRITE_EXTERNAL_STORAGE
/data/olawalea/LoanApps/NigeriaApproved/retailboosters.apk,retailboosters,com.retailboosters,1.0.2,23,19,33,Nigeria/Approved,android.permission.ACCESS_NETWORK_STATE;android.permission.INTERNET;android.permission.READ_EXTERNAL_STORAGE;android.permission.WAKE_LOCK;com.retailboosters.DYNAMIC_RECEIVER_NOT_EXPORTED_PERMISSION,No,No,No,No,No,No,No,Yes,No,No,No,No,No,No,No,No,No,No,N/A,,N/A,,TRUE,android.permission.READ_EXTERNAL_STORAGE,N/A,,N/A,,TRUE,android.permission.READ_EXTERNAL_STORAGE,TRUE,android.permission.READ_EXTERNAL_STORAGE
/data/olawalea/LoanApps/NigeriaApproved/ClanPay.apk,ClanPay,com.repay.com,1.0.0,1,21,31,Nigeria/Approved,android.permission.ACCESS_COARSE_LOCATION;android.permission.ACCESS_FINE_LOCATION;android.permission.ACCESS_NETWORK_STATE;android.permission.ACCESS_NOTIFICATION_POLICY;android.permission.FOREGROUND_SERVICE;android.permission.GET_TASKS;android.permission.INTERNET;android.permission.POST_NOTIFICATIONS;android.permission.READ_APP_BADGE;android.permission.RECEIVE_BOOT_COMPLETED;android.permission.SCHEDULE_EXACT_ALARM;android.permission.WAKE_LOCK;com.anddoes.launcher.permission.UPDATE_COUNT;com.google.android.c2dm.permission.RECEIVE;com.google.android.finsky.permission.BIND_GET_INSTALL_REFERRER_SERVICE;com.google.android.gms.permission.AD_ID;com.htc.launcher.permission.READ_SETTINGS;com.htc.launcher.permission.UPDATE_SHORTCUT;com.huawei.android.launcher.permission.CHANGE_BADGE;com.huawei.android.launcher.permission.READ_SETTINGS;com.huawei.android.launcher.permission.WRITE_SETTINGS;com.majeur.launcher.permission.UPDATE_BADGE;com.oppo.launcher.permission.READ_SETTINGS;com.oppo.launcher.permission.WRITE_SETTINGS;com.sec.android.provider.badge.permission.READ;com.sec.android.provider.badge.permission.WRITE;com.sonyericsson.home.permission.BROADCAST_BADGE;com.sonymobile.home.permission.PROVIDER_INSERT_BADGE;me.everything.badger.permission.BADGE_COUNT_READ;me.everything.badger.permission.BADGE_COUNT_WRITE,Yes,No,No,No,No,No,No,No,No,No,No,No,No,No,No,No,No,No,N/A,,N/A,,FALSE,,N/A,,N/A,,TRUE,android.permission.ACCESS_FINE_LOCATION,TRUE,android.permission.ACCESS_FINE_LOCATION
/data/olawalea/LoanApps/NigeriaDelisted/YoYi.apk,YoYi,com.sxsydai.yoyi,1.2.1,21,23,33,Nigeria/Delisted,android.permission.ACCESS_COARSE_LOCATION;android.permission.ACCESS_NETWORK_STATE;android.permission.ACCESS_WIFI_STATE;android.permission.CHANGE_NETWORK_STATE;android.permission.CHANGE_WIFI_STATE;android.permission.INTERNET;android.permission.READ_PHONE_STATE;android.permission.READ_PRIVILEGED_PHONE_STATE;android.permission.READ_SMS;android.permission.RECEIVE_SMS;android.permission.SYSTEM_ALERT_WINDOW;com.google.android.finsky.permission.BIND_GET_INSTALL_REFERRER_SERVICE;com.google.android.gms.permission.AD_ID,No,No,No,No,No,No,No,No,No,No,No,No,Yes,Yes,No,No,No,No,N/A,,N/A,,FALSE,,N/A,,N/A,,FALSE,,TRUE,android.permission.READ_SMS;android.permission.RECEIVE_SMS
/data/olawalea/LoanApps/NigeriaDelisted/MoneyEstate.apk,MoneyEstate,com.loancloud.nigeria.moneyestate,1.0.0,100,21,29,Nigeria/Delisted,android.permission.ACCESS_COARSE_LOCATION;android.permission.ACCESS_FINE_LOCATION;android.permission.ACCESS_NETWORK_STATE;android.permission.ACCESS_WIFI_STATE;android.permission.CAMERA;android.permission.CHANGE_WIFI_STATE;android.permission.INTERNET;android.permission.MOUNT_UNMOUNT_FILESYSTEMS;android.permission.QUERY_ALL_PACKAGES;android.permission.READ_CONTACTS;android.permission.READ_EXTERNAL_STORAGE;android.permission.READ_PHONE_STATE;android.permission.READ_PRIVILEGED_PHONE_STAT;android.permission.READ_SMS;android.permission.READ_SYNC_SETTINGS;android.permission.WAKE_LOCK;android.permission.WRITE_EXTERNAL_STORAGE;com.google.android.c2dm.permission.RECEIVE;com.google.android.finsky.permission.BIND_GET_INSTALL_REFERRER_SERVICE,Yes,No,No,No,Yes,No,Yes,Yes,No,No,No,No,Yes,No,No,No,No,Yes,N/A,,N/A,,TRUE,android.permission.READ_CONTACTS;android.permission.READ_EXTERNAL_STORAGE;android.permission.WRITE_EXTERNAL_STORAGE,N/A,,N/A,,TRUE,android.permission.ACCESS_FINE_LOCATION;android.permission.QUERY_ALL_PACKAGES;android.permission.READ_CONTACTS;android.permission.READ_EXTERNAL_STORAGE;android.permission.WRITE_EXTERNAL_STORAGE,TRUE,android.permission.ACCESS_FINE_LOCATION;android.permission.QUERY_ALL_PACKAGES;android.permission.READ_CONTACTS;android.permission.READ_EXTERNAL_STORAGE;android.permission.READ_SMS;android.permission.WRITE_EXTERNAL_STORAGE
/data/olawalea/LoanApps/NigeriaDelisted/LCredit.apk,LCredit,ni.lcredit.money.cash,1.2.8,29,16,29,Nigeria/Delisted,android.permission.ACCESS_COARSE_LOCATION;android.permission.ACCESS_FINE_LOCATION;android.permission.ACCESS_LOCATION_EXTRA_COMMANDS;android.permission.ACCESS_NETWORK_STATE;android.permission.ACCESS_WIFI_STATE;android.permission.CAMERA;android.permission.CHANGE_CONFIGURATION;android.permission.CHANGE_NETWORK_STATE;android.permission.CHANGE_WIFI_STATE;android.permission.FOREGROUND_SERVICE;android.permission.GET_TASKS;android.permission.INTERACT_ACROSS_USERS;android.permission.INTERNET;android.permission.MANAGE_ACCOUNTS;android.permission.READ_APP_BADGE;android.permission.READ_CALENDAR;android.permission.READ_CONTACTS;android.permission.READ_PHONE_STATE;android.permission.READ_SMS;android.permission.RECEIVE_USER_PRESENT;android.permission.VIBRATE;android.permission.WAKE_LOCK;android.permission.WRITE_CALENDAR;android.permission.WRITE_EXTERNAL_STORAGE;android.permission.WRITE_SETTINGS;com.anddoes.launcher.permission.UPDATE_COUNT;com.google.android.c2dm.permission.RECEIVE;com.google.android.finsky.permission.BIND_GET_INSTALL_REFERRER_SERVICE;com.htc.launcher.permission.READ_SETTINGS;com.htc.launcher.permission.UPDATE_SHORTCUT;com.huawei.android.launcher.permission.CHANGE_BADGE;com.huawei.android.launcher.permission.READ_SETTINGS;com.huawei.android.launcher.permission.WRITE_SETTINGS;com.majeur.launcher.permission.UPDATE_BADGE;com.oppo.launcher.permission.READ_SETTINGS;com.oppo.launcher.permission.WRITE_SETTINGS;com.sec.android.provider.badge.permission.READ;com.sec.android.provider.badge.permission.WRITE;com.sonyericsson.home.permission.BROADCAST_BADGE;com.sonymobile.home.permission.PROVIDER_INSERT_BADGE;me.everything.badger.permission.BADGE_COUNT_READ;me.everything.badger.permission.BADGE_COUNT_WRITE,Yes,No,No,No,No,No,Yes,No,No,No,No,No,Yes,No,No,No,No,Yes,N/A,,N/A,,TRUE,android.permission.READ_CONTACTS;android.permission.WRITE_EXTERNAL_STORAGE,N/A,,N/A,,TRUE,android.permission.ACCESS_FINE_LOCATION;android.permission.READ_CONTACTS;android.permission.WRITE_EXTERNAL_STORAGE,TRUE,android.permission.ACCESS_FINE_LOCATION;android.permission.READ_CONTACTS;android.permission.READ_SMS;android.permission.WRITE_EXTERNAL_STORAGE
/data/olawalea/LoanApps/NigeriaDelisted/FlexiCash.apk,Flexi Cash,com.legend.cash,1.0.5,509131730,23,33,Nigeria/Delisted,android.permission.ACCESS_COARSE_LOCATION;android.permission.ACCESS_NETWORK_STATE;android.permission.ACCESS_WIFI_STATE;android.permission.BLUETOOTH;android.permission.CAMERA;android.permission.FLASHLIGHT;android.permission.FOREGROUND_SERVICE;android.permission.INTERNET;android.permission.READ_PHONE_STATE;android.permission.RECEIVE_BOOT_COMPLETED;android.permission.SYSTEM_ALERT_WINDOW;android.permission.USE_FINGERPRINT;android.permission.VIBRATE;android.permission.WAKE_LOCK;com.google.android.c2dm.permission.RECEIVE;com.google.android.finsky.permission.BIND_GET_INSTALL_REFERRER_SERVICE;com.google.android.gms.permission.AD_ID;com.legend.cash.DYNAMIC_RECEIVER_NOT_EXPORTED_PERMISSION;com.legend.cash.manual.dump;com.legend.cash.matrix.permission.PROCESS_SUPERVISOR,No,No,No,No,No,No,No,No,No,No,No,No,No,No,No,No,No,No,N/A,,N/A,,FALSE,,N/A,,N/A,,FALSE,,FALSE,
/data/olawalea/LoanApps/NigeriaDelisted/ThankUCash.apk,ThankUCash,com.hm.thankucard,2.0.3,20004,19,31,Nigeria/Delisted,android.permission.ACCESS_COARSE_LOCATION;android.permission.ACCESS_FINE_LOCATION;android.permission.ACCESS_NETWORK_STATE;android.permission.ACCESS_WIFI_STATE;android.permission.CALL_PHONE;android.permission.CAMERA;android.permission.INTERNET;android.permission.READ_PHONE_STATE;android.permission.USE_FINGERPRINT;android.permission.WRITE_EXTERNAL_STORAGE,Yes,No,No,No,No,No,No,No,No,No,No,No,No,No,No,No,No,Yes,N/A,,N/A,,TRUE,android.permission.WRITE_EXTERNAL_STORAGE,N/A,,N/A,,TRUE,android.permission.ACCESS_FINE_LOCATION;android.permission.WRITE_EXTERNAL_STORAGE,TRUE,android.permission.ACCESS_FINE_LOCATION;android.permission.WRITE_EXTERNAL_STORAGE
/data/olawalea/LoanApps/NigeriaDelisted/NairaLand.apk,NairaLand,com.cash.loan.credit9.kash.plamcredit.naira.payday.money.xcredit,1.0.7,7,19,30,Nigeria/Delisted,android.permission.ACCESS_COARSE_LOCATION;android.permission.ACCESS_FINE_LOCATION;android.permission.ACCESS_NETWORK_STATE;android.permission.ACCESS_WIFI_STATE;android.permission.CAMERA;android.permission.CHANGE_WIFI_STATE;android.permission.GET_ACCOUNTS;android.permission.INTERNET;android.permission.READ_CALENDAR;android.permission.READ_CONTACTS;android.permission.READ_EXTERNAL_STORAGE;android.permission.READ_PHONE_STATE;android.permission.READ_PROFILE;android.permission.READ_SMS;android.permission.RECEIVE_BOOT_COMPLETED;android.permission.RECEIVE_SMS;android.permission.WAKE_LOCK;android.permission.WRITE_EXTERNAL_STORAGE;com.google.android.c2dm.permission.RECEIVE;com.google.android.finsky.permission.BIND_GET_INSTALL_REFERRER_SERVICE,Yes,Yes,No,No,No,No,Yes,Yes,No,No,No,No,Yes,Yes,No,No,No,Yes,N/A,,N/A,,TRUE,android.permission.GET_ACCOUNTS;android.permission.READ_CONTACTS;android.permission.READ_EXTERNAL_STORAGE;android.permission.WRITE_EXTERNAL_STORAGE,N/A,,N/A,,TRUE,android.permission.ACCESS_FINE_LOCATION;android.permission.READ_CONTACTS;android.permission.READ_EXTERNAL_STORAGE;android.permission.WRITE_EXTERNAL_STORAGE,TRUE,android.permission.ACCESS_FINE_LOCATION;android.permission.GET_ACCOUNTS;android.permission.READ_CONTACTS;android.permission.READ_EXTERNAL_STORAGE;android.permission.READ_SMS;android.permission.RECEIVE_SMS;android.permission.WRITE_EXTERNAL_STORAGE
/data/olawalea/LoanApps/NigeriaDelisted/QuickLoan.apk,Quick Loan,com.indiaquickloan.quickloan,1.1.7,11,22,30,Nigeria/Delisted,android.permission.ACCESS_BACKGROUND_LOCATION;android.permission.ACCESS_COARSE_LOCATION;android.permission.ACCESS_FINE_LOCATION;android.permission.ACCESS_NETWORK_STATE;android.permission.ACCESS_WIFI_STATE;android.permission.CAMERA;android.permission.CHANGE_WIFI_STATE;android.permission.INTERNET;android.permission.QUERY_ALL_PACKAGES;android.permission.READ_CALL_LOG;android.permission.READ_CONTACTS;android.permission.READ_EXTERNAL_STORAGE;android.permission.READ_PHONE_STATE;android.permission.READ_SMS;android.permission.WAKE_LOCK;android.permission.WRITE_EXTERNAL_STORAGE;com.google.android.finsky.permission.BIND_GET_INSTALL_REFERRER_SERVICE,Yes,No,No,No,Yes,Yes,Yes,Yes,No,No,No,No,Yes,No,No,No,No,Yes,N/A,,N/A,,TRUE,android.permission.READ_CALL_LOG;android.permission.READ_CONTACTS;android.permission.READ_EXTERNAL_STORAGE;android.permission.WRITE_EXTERNAL_STORAGE,N/A,,N/A,,TRUE,android.permission.ACCESS_FINE_LOCATION;android.permission.QUERY_ALL_PACKAGES;android.permission.READ_CONTACTS;android.permission.READ_EXTERNAL_STORAGE;android.permission.WRITE_EXTERNAL_STORAGE,TRUE,android.permission.ACCESS_FINE_LOCATION;android.permission.QUERY_ALL_PACKAGES;android.permission.READ_CALL_LOG;android.permission.READ_CONTACTS;android.permission.READ_EXTERNAL_STORAGE;android.permission.READ_SMS;android.permission.WRITE_EXTERNAL_STORAGE
/data/olawalea/LoanApps/NigeriaDelisted/MOCredit.apk,MOCredit,com.loancloud.nigeria.mocredit,1.0.0,100,21,29,Nigeria/Delisted,android.permission.ACCESS_COARSE_LOCATION;android.permission.ACCESS_FINE_LOCATION;android.permission.ACCESS_NETWORK_STATE;android.permission.ACCESS_WIFI_STATE;android.permission.CAMERA;android.permission.CHANGE_WIFI_STATE;android.permission.INTERNET;android.permission.MOUNT_UNMOUNT_FILESYSTEMS;android.permission.QUERY_ALL_PACKAGES;android.permission.READ_CONTACTS;android.permission.READ_EXTERNAL_STORAGE;android.permission.READ_PHONE_STATE;android.permission.READ_PRIVILEGED_PHONE_STAT;android.permission.READ_SMS;android.permission.READ_SYNC_SETTINGS;android.permission.WAKE_LOCK;android.permission.WRITE_EXTERNAL_STORAGE;com.google.android.c2dm.permission.RECEIVE;com.google.android.finsky.permission.BIND_GET_INSTALL_REFERRER_SERVICE,Yes,No,No,No,Yes,No,Yes,Yes,No,No,No,No,Yes,No,No,No,No,Yes,N/A,,N/A,,TRUE,android.permission.READ_CONTACTS;android.permission.READ_EXTERNAL_STORAGE;android.permission.WRITE_EXTERNAL_STORAGE,N/A,,N/A,,TRUE,android.permission.ACCESS_FINE_LOCATION;android.permission.QUERY_ALL_PACKAGES;android.permission.READ_CONTACTS;android.permission.READ_EXTERNAL_STORAGE;android.permission.WRITE_EXTERNAL_STORAGE,TRUE,android.permission.ACCESS_FINE_LOCATION;android.permission.QUERY_ALL_PACKAGES;android.permission.READ_CONTACTS;android.permission.READ_EXTERNAL_STORAGE;android.permission.READ_SMS;android.permission.WRITE_EXTERNAL_STORAGE
/data/olawalea/LoanApps/NigeriaDelisted/CashDoor.apk,CashDoor,com.cd.cashdoor,1.0.2,3,23,33,Nigeria/Delisted,android.permission.ACCESS_COARSE_LOCATION;android.permission.ACCESS_FINE_LOCATION;android.permission.ACCESS_NETWORK_STATE;android.permission.ACCESS_WIFI_STATE;android.permission.CAMERA;android.permission.INTERNET;android.permission.LOCAL_MAC_ADDRESS;android.permission.READ_CONTACTS;android.permission.READ_EXTERNAL_STORAGE;android.permission.READ_MEDIA_IMAGES;android.permission.READ_PHONE_STATE;android.permission.READ_PRIVILEGED_PHONE_STATE;android.permission.READ_SMS;android.permission.RECEIVE_SMS;android.permission.WRITE_EXTERNAL_STORAGE;com.google.android.finsky.permission.BIND_GET_INSTALL_REFERRER_SERVICE;com.google.android.gms.permission.AD_ID,Yes,No,No,No,No,No,Yes,Yes,No,Yes,No,No,Yes,Yes,No,No,No,Yes,N/A,,N/A,,TRUE,android.permission.READ_CONTACTS;android.permission.READ_EXTERNAL_STORAGE;android.permission.READ_MEDIA_IMAGES;android.permission.WRITE_EXTERNAL_STORAGE,N/A,,N/A,,TRUE,android.permission.ACCESS_FINE_LOCATION;android.permission.READ_CONTACTS;android.permission.READ_EXTERNAL_STORAGE;android.permission.READ_MEDIA_IMAGES;android.permission.WRITE_EXTERNAL_STORAGE,TRUE,android.permission.ACCESS_FINE_LOCATION;android.permission.READ_CONTACTS;android.permission.READ_EXTERNAL_STORAGE;android.permission.READ_MEDIA_IMAGES;android.permission.READ_SMS;android.permission.RECEIVE_SMS;android.permission.WRITE_EXTERNAL_STORAGE
/data/olawalea/LoanApps/NigeriaDelisted/CashCredit.apk,CashCredit,com.instant.cash.loan.payday.money.nigeria.new.credit,1.0.7,7,19,31,Nigeria/Delisted,android.permission.ACCESS_NETWORK_STATE;android.permission.ACCESS_WIFI_STATE;android.permission.CAMERA;android.permission.CHANGE_WIFI_STATE;android.permission.GET_ACCOUNTS;android.permission.INTERNET;android.permission.READ_CALENDAR;android.permission.READ_CONTACTS;android.permission.READ_EXTERNAL_STORAGE;android.permission.READ_PHONE_STATE;android.permission.READ_PROFILE;android.permission.READ_SMS;android.permission.RECEIVE_BOOT_COMPLETED;android.permission.RECEIVE_SMS;android.permission.WAKE_LOCK;android.permission.WRITE_EXTERNAL_STORAGE;com.google.android.c2dm.permission.RECEIVE;com.google.android.finsky.permission.BIND_GET_INSTALL_REFERRER_SERVICE,No,Yes,No,No,No,No,Yes,Yes,No,No,No,No,Yes,Yes,No,No,No,Yes,N/A,,N/A,,TRUE,android.permission.GET_ACCOUNTS;android.permission.READ_CONTACTS;android.permission.READ_EXTERNAL_STORAGE;android.permission.WRITE_EXTERNAL_STORAGE,N/A,,N/A,,TRUE,android.permission.READ_CONTACTS;android.permission.READ_EXTERNAL_STORAGE;android.permission.WRITE_EXTERNAL_STORAGE,TRUE,android.permission.GET_ACCOUNTS;android.permission.READ_CONTACTS;android.permission.READ_EXTERNAL_STORAGE;android.permission.READ_SMS;android.permission.RECEIVE_SMS;android.permission.WRITE_EXTERNAL_STORAGE
/data/olawalea/LoanApps/NigeriaDelisted/Joycash.apk,JoyCash,joycash.mobile.online.quick.loan.money.cash.app,1.1.1,20230614,21,33,Nigeria/Delisted,android.permission.ACCESS_COARSE_LOCATION;android.permission.ACCESS_NETWORK_STATE;android.permission.ACCESS_WIFI_STATE;android.permission.CAMERA;android.permission.CHANGE_WIFI_STATE;android.permission.FOREGROUND_SERVICE;android.permission.INTERNET;android.permission.POST_NOTIFICATIONS;android.permission.READ_CALL_LOG;android.permission.READ_PHONE_STATE;android.permission.READ_SMS;android.permission.RECEIVE_BOOT_COMPLETED;android.permission.SYSTEM_ALERT_WINDOW;android.permission.VIBRATE;android.permission.WAKE_LOCK;com.google.android.c2dm.permission.RECEIVE;com.google.android.finsky.permission.BIND_GET_INSTALL_REFERRER_SERVICE;com.google.android.gms.permission.AD_ID;joycash.mobile.online.quick.loan.money.cash.app.DYNAMIC_RECEIVER_NOT_EXPORTED_PERMISSION,No,No,No,No,No,Yes,No,No,No,No,No,No,Yes,No,No,No,No,No,N/A,,N/A,,TRUE,android.permission.READ_CALL_LOG,N/A,,N/A,,FALSE,,TRUE,android.permission.READ_CALL_LOG;android.permission.READ_SMS
/data/olawalea/LoanApps/NigeriaDelisted/EasyNaira.apk,Easynaira,com.positiveslice.easynaira,2.0.41,2020410,19,29,Nigeria/Delisted,android.permission.ACCESS_NETWORK_STATE;android.permission.INTERNET;android.permission.READ_APP_BADGE;android.permission.VIBRATE;android.permission.WAKE_LOCK;com.anddoes.launcher.permission.UPDATE_COUNT;com.google.android.c2dm.permission.RECEIVE;com.htc.launcher.permission.READ_SETTINGS;com.htc.launcher.permission.UPDATE_SHORTCUT;com.huawei.android.launcher.permission.CHANGE_BADGE;com.huawei.android.launcher.permission.READ_SETTINGS;com.huawei.android.launcher.permission.WRITE_SETTINGS;com.majeur.launcher.permission.UPDATE_BADGE;com.oppo.launcher.permission.READ_SETTINGS;com.oppo.launcher.permission.WRITE_SETTINGS;com.positiveslice.easynaira.permission.C2D_MESSAGE;com.sec.android.provider.badge.permission.READ;com.sec.android.provider.badge.permission.WRITE;com.sonyericsson.home.permission.BROADCAST_BADGE;com.sonymobile.home.permission.PROVIDER_INSERT_BADGE;me.everything.badger.permission.BADGE_COUNT_READ;me.everything.badger.permission.BADGE_COUNT_WRITE,No,No,No,No,No,No,No,No,No,No,No,No,No,No,No,No,No,No,N/A,,N/A,,FALSE,,N/A,,N/A,,FALSE,,FALSE,
/data/olawalea/LoanApps/NigeriaDelisted/EagleCash.apk,Eagle Cash,com.eagle.cash,1.5,6,14,22,Nigeria/Delisted,android.permission.ACCESS_NETWORK_STATE;android.permission.ACCESS_WIFI_STATE;android.permission.INTERNET;android.permission.READ_EXTERNAL_STORAGE,No,No,No,No,No,No,No,Yes,No,No,No,No,No,No,No,No,No,No,N/A,,N/A,,TRUE,android.permission.READ_EXTERNAL_STORAGE,N/A,,N/A,,TRUE,android.permission.READ_EXTERNAL_STORAGE,TRUE,android.permission.READ_EXTERNAL_STORAGE
/data/olawalea/LoanApps/NigeriaDelisted/CashMe.apk,CashMe,com.cash.me.online.loan.app,1.0.1,1,21,31,Nigeria/Delisted,android.permission.ACCESS_NETWORK_STATE;android.permission.ACCESS_WIFI_STATE;android.permission.CAMERA;android.permission.CHANGE_WIFI_STATE;android.permission.GET_ACCOUNTS;android.permission.INTERNET;android.permission.READ_CALENDAR;android.permission.READ_CONTACTS;android.permission.READ_EXTERNAL_STORAGE;android.permission.READ_PHONE_STATE;android.permission.READ_PROFILE;android.permission.READ_SMS;android.permission.RECEIVE_BOOT_COMPLETED;android.permission.RECEIVE_SMS;android.permission.WAKE_LOCK;android.permission.WRITE_EXTERNAL_STORAGE;com.google.android.c2dm.permission.RECEIVE;com.google.android.finsky.permission.BIND_GET_INSTALL_REFERRER_SERVICE,No,Yes,No,No,No,No,Yes,Yes,No,No,No,No,Yes,Yes,No,No,No,Yes,N/A,,N/A,,TRUE,android.permission.GET_ACCOUNTS;android.permission.READ_CONTACTS;android.permission.READ_EXTERNAL_STORAGE;android.permission.WRITE_EXTERNAL_STORAGE,N/A,,N/A,,TRUE,android.permission.READ_CONTACTS;android.permission.READ_EXTERNAL_STORAGE;android.permission.WRITE_EXTERNAL_STORAGE,TRUE,android.permission.GET_ACCOUNTS;android.permission.READ_CONTACTS;android.permission.READ_EXTERNAL_STORAGE;android.permission.READ_SMS;android.permission.RECEIVE_SMS;android.permission.WRITE_EXTERNAL_STORAGE
/data/olawalea/LoanApps/NigeriaDelisted/CashMall.apk,Cash Mall,com.cashmallet.app,1.0.11,11,19,30,Nigeria/Delisted,android.permission.ACCESS_COARSE_LOCATION;android.permission.ACCESS_FINE_LOCATION;android.permission.ACCESS_NETWORK_STATE;android.permission.ACCESS_WIFI_STATE;android.permission.CAMERA;android.permission.CHANGE_WIFI_STATE;android.permission.GET_ACCOUNTS;android.permission.INTERNET;android.permission.READ_CALENDAR;android.permission.READ_CONTACTS;android.permission.READ_EXTERNAL_STORAGE;android.permission.READ_PHONE_STATE;android.permission.READ_PROFILE;android.permission.READ_SMS;android.permission.RECEIVE_BOOT_COMPLETED;android.permission.RECEIVE_SMS;android.permission.WAKE_LOCK;android.permission.WRITE_EXTERNAL_STORAGE;com.google.android.c2dm.permission.RECEIVE;com.google.android.finsky.permission.BIND_GET_INSTALL_REFERRER_SERVICE,Yes,Yes,No,No,No,No,Yes,Yes,No,No,No,No,Yes,Yes,No,No,No,Yes,N/A,,N/A,,TRUE,android.permission.GET_ACCOUNTS;android.permission.READ_CONTACTS;android.permission.READ_EXTERNAL_STORAGE;android.permission.WRITE_EXTERNAL_STORAGE,N/A,,N/A,,TRUE,android.permission.ACCESS_FINE_LOCATION;android.permission.READ_CONTACTS;android.permission.READ_EXTERNAL_STORAGE;android.permission.WRITE_EXTERNAL_STORAGE,TRUE,android.permission.ACCESS_FINE_LOCATION;android.permission.GET_ACCOUNTS;android.permission.READ_CONTACTS;android.permission.READ_EXTERNAL_STORAGE;android.permission.READ_SMS;android.permission.RECEIVE_SMS;android.permission.WRITE_EXTERNAL_STORAGE
/data/olawalea/LoanApps/NigeriaDelisted/SmartCash.apk,SmartCash,com.loancloud.nigeria.smartcash,1.0.1,101,21,29,Nigeria/Delisted,android.permission.ACCESS_COARSE_LOCATION;android.permission.ACCESS_FINE_LOCATION;android.permission.ACCESS_NETWORK_STATE;android.permission.ACCESS_WIFI_STATE;android.permission.CAMERA;android.permission.CHANGE_WIFI_STATE;android.permission.INTERNET;android.permission.MOUNT_UNMOUNT_FILESYSTEMS;android.permission.QUERY_ALL_PACKAGES;android.permission.READ_CONTACTS;android.permission.READ_EXTERNAL_STORAGE;android.permission.READ_PHONE_STATE;android.permission.READ_PRIVILEGED_PHONE_STAT;android.permission.READ_SMS;android.permission.READ_SYNC_SETTINGS;android.permission.WAKE_LOCK;android.permission.WRITE_EXTERNAL_STORAGE;com.google.android.c2dm.permission.RECEIVE;com.google.android.finsky.permission.BIND_GET_INSTALL_REFERRER_SERVICE,Yes,No,No,No,Yes,No,Yes,Yes,No,No,No,No,Yes,No,No,No,No,Yes,N/A,,N/A,,TRUE,android.permission.READ_CONTACTS;android.permission.READ_EXTERNAL_STORAGE;android.permission.WRITE_EXTERNAL_STORAGE,N/A,,N/A,,TRUE,android.permission.ACCESS_FINE_LOCATION;android.permission.QUERY_ALL_PACKAGES;android.permission.READ_CONTACTS;android.permission.READ_EXTERNAL_STORAGE;android.permission.WRITE_EXTERNAL_STORAGE,TRUE,android.permission.ACCESS_FINE_LOCATION;android.permission.QUERY_ALL_PACKAGES;android.permission.READ_CONTACTS;android.permission.READ_EXTERNAL_STORAGE;android.permission.READ_SMS;android.permission.WRITE_EXTERNAL_STORAGE
/data/olawalea/LoanApps/NigeriaDelisted/Xcredit.apk,XCredit,com.xcredit.loan.nigeria,1.5.6,43,19,30,Nigeria/Delisted,android.permission.ACCESS_COARSE_LOCATION;android.permission.ACCESS_FINE_LOCATION;android.permission.ACCESS_NETWORK_STATE;android.permission.ACCESS_WIFI_STATE;android.permission.CAMERA;android.permission.CHANGE_WIFI_STATE;android.permission.INTERNET;android.permission.QUERY_ALL_PACKAGES;android.permission.READ_CALL_LOG;android.permission.READ_CONTACTS;android.permission.READ_EXTERNAL_STORAGE;android.permission.READ_PHONE_STATE;android.permission.READ_SMS;android.permission.RECEIVE_BOOT_COMPLETED;android.permission.REQUEST_INSTALL_PACKAGES;android.permission.SYSTEM_ALERT_WINDOW;android.permission.VIBRATE;android.permission.WAKE_LOCK;android.permission.WRITE_CONTACTS;android.permission.WRITE_EXTERNAL_STORAGE;com.google.android.c2dm.permission.RECEIVE;com.google.android.finsky.permission.BIND_GET_INSTALL_REFERRER_SERVICE,Yes,No,No,No,Yes,Yes,Yes,Yes,No,No,No,No,Yes,No,No,No,Yes,Yes,N/A,,N/A,,TRUE,android.permission.READ_CALL_LOG;android.permission.READ_CONTACTS;android.permission.READ_EXTERNAL_STORAGE;android.permission.WRITE_CONTACTS;android.permission.WRITE_EXTERNAL_STORAGE,N/A,,N/A,,TRUE,android.permission.ACCESS_FINE_LOCATION;android.permission.QUERY_ALL_PACKAGES;android.permission.READ_CONTACTS;android.permission.READ_EXTERNAL_STORAGE;android.permission.WRITE_EXTERNAL_STORAGE,TRUE,android.permission.ACCESS_FINE_LOCATION;android.permission.QUERY_ALL_PACKAGES;android.permission.READ_CALL_LOG;android.permission.READ_CONTACTS;android.permission.READ_EXTERNAL_STORAGE;android.permission.READ_SMS;android.permission.WRITE_CONTACTS;android.permission.WRITE_EXTERNAL_STORAGE
/data/olawalea/LoanApps/NigeriaDelisted/Gomoni.apk,Gomoni,ng.moni.gomoni,1.0.7.4,14,18,31,Nigeria/Delisted,android.permission.ACCESS_COARSE_LOCATION;android.permission.ACCESS_LOCATION_EXTRA_COMMANDS;android.permission.ACCESS_NETWORK_STATE;android.permission.ACCESS_WIFI_STATE;android.permission.BLUETOOTH;android.permission.BLUETOOTH_ADMIN;android.permission.CAMERA;android.permission.CHANGE_NETWORK_STATE;android.permission.CHANGE_WIFI_STATE;android.permission.FOREGROUND_SERVICE;android.permission.GET_TASKS;android.permission.HIGH_SAMPLING_RATE_SENSORS;android.permission.INTERNET;android.permission.READ_CALENDAR;android.permission.READ_PHONE_STATE;android.permission.READ_SMS;android.permission.RECEIVE_BOOT_COMPLETED;android.permission.RECEIVE_SMS;android.permission.REORDER_TASKS;android.permission.SYSTEM_ALERT_WINDOW;android.permission.VIBRATE;android.permission.WAKE_LOCK;android.permission.WRITE_CALENDAR;com.android.browser.permission.READ_HISTORY_BOOKMARKS;com.android.vending.setup.PLAY_SETUP_SERVICE;com.google.android.c2dm.permission.RECEIVE;com.google.android.finsky.permission.BIND_GET_INSTALL_REFERRER_SERVICE;com.google.android.gms.permission.AD_ID,No,No,No,No,No,No,No,No,No,No,No,No,Yes,Yes,No,No,No,No,N/A,,N/A,,FALSE,,N/A,,N/A,,FALSE,,TRUE,android.permission.READ_SMS;android.permission.RECEIVE_SMS
/data/olawalea/LoanApps/NigeriaDelisted/UCredit.apk,UCredit,com.ucreditapp.app.cash.loan.carbon.jumia.pay,1.0.3,3,19,30,Nigeria/Delisted,android.permission.ACCESS_COARSE_LOCATION;android.permission.ACCESS_FINE_LOCATION;android.permission.ACCESS_NETWORK_STATE;android.permission.ACCESS_WIFI_STATE;android.permission.CAMERA;android.permission.CHANGE_WIFI_STATE;android.permission.GET_ACCOUNTS;android.permission.INTERNET;android.permission.READ_CALENDAR;android.permission.READ_CONTACTS;android.permission.READ_EXTERNAL_STORAGE;android.permission.READ_PHONE_STATE;android.permission.READ_PROFILE;android.permission.READ_SMS;android.permission.RECEIVE_BOOT_COMPLETED;android.permission.RECEIVE_SMS;android.permission.WAKE_LOCK;android.permission.WRITE_EXTERNAL_STORAGE;com.google.android.c2dm.permission.RECEIVE;com.google.android.finsky.permission.BIND_GET_INSTALL_REFERRER_SERVICE,Yes,Yes,No,No,No,No,Yes,Yes,No,No,No,No,Yes,Yes,No,No,No,Yes,N/A,,N/A,,TRUE,android.permission.GET_ACCOUNTS;android.permission.READ_CONTACTS;android.permission.READ_EXTERNAL_STORAGE;android.permission.WRITE_EXTERNAL_STORAGE,N/A,,N/A,,TRUE,android.permission.ACCESS_FINE_LOCATION;android.permission.READ_CONTACTS;android.permission.READ_EXTERNAL_STORAGE;android.permission.WRITE_EXTERNAL_STORAGE,TRUE,android.permission.ACCESS_FINE_LOCATION;android.permission.GET_ACCOUNTS;android.permission.READ_CONTACTS;android.permission.READ_EXTERNAL_STORAGE;android.permission.READ_SMS;android.permission.RECEIVE_SMS;android.permission.WRITE_EXTERNAL_STORAGE
/data/olawalea/LoanApps/NigeriaDelisted/Hcash.apk,Hcash,com.nigeria.cashkj.hcash,1.2.1,121,21,33,Nigeria/Delisted,android.permission.ACCESS_COARSE_LOCATION;android.permission.ACCESS_NETWORK_STATE;android.permission.ACCESS_WIFI_STATE;android.permission.CAMERA;android.permission.CHANGE_WIFI_STATE;android.permission.INTERNET;android.permission.LOCAL_MAC_ADDRESS;android.permission.READ_PHONE_STATE;android.permission.READ_PRIVILEGED_PHONE_STATE;android.permission.READ_SMS;android.permission.READ_SYNC_SETTINGS;android.permission.RECORD_AUDIO;android.permission.WAKE_LOCK;com.google.android.finsky.permission.BIND_GET_INSTALL_REFERRER_SERVICE;com.google.android.gms.permission.AD_ID,No,No,No,No,No,No,No,No,No,No,No,No,Yes,No,No,No,No,No,N/A,,N/A,,FALSE,,N/A,,N/A,,FALSE,,TRUE,android.permission.READ_SMS
/data/olawalea/LoanApps/NigeriaDelisted/Cashdey.apk,CashDey,ng.dey.cashdey,1.0.7,10,18,31,Nigeria/Delisted,android.permission.ACCESS_COARSE_LOCATION;android.permission.ACCESS_LOCATION_EXTRA_COMMANDS;android.permission.ACCESS_NETWORK_STATE;android.permission.ACCESS_WIFI_STATE;android.permission.BLUETOOTH;android.permission.BLUETOOTH_ADMIN;android.permission.CAMERA;android.permission.CHANGE_NETWORK_STATE;android.permission.CHANGE_WIFI_STATE;android.permission.FOREGROUND_SERVICE;android.permission.GET_TASKS;android.permission.HIGH_SAMPLING_RATE_SENSORS;android.permission.INTERNET;android.permission.READ_CALENDAR;android.permission.READ_PHONE_STATE;android.permission.READ_SMS;android.permission.RECEIVE_BOOT_COMPLETED;android.permission.RECEIVE_SMS;android.permission.REORDER_TASKS;android.permission.SYSTEM_ALERT_WINDOW;android.permission.VIBRATE;android.permission.WAKE_LOCK;android.permission.WRITE_CALENDAR;com.android.browser.permission.READ_HISTORY_BOOKMARKS;com.android.vending.setup.PLAY_SETUP_SERVICE;com.google.android.c2dm.permission.RECEIVE;com.google.android.finsky.permission.BIND_GET_INSTALL_REFERRER_SERVICE;com.google.android.gms.permission.AD_ID,No,No,No,No,No,No,No,No,No,No,No,No,Yes,Yes,No,No,No,No,N/A,,N/A,,FALSE,,N/A,,N/A,,FALSE,,TRUE,android.permission.READ_SMS;android.permission.RECEIVE_SMS
/data/olawalea/LoanApps/NigeriaDelisted/Swiftkash.apk,Swiftkash,swiftkash.safe.go,1.0.0.1,2,21,31,Nigeria/Delisted,android.permission.ACCESS_COARSE_LOCATION;android.permission.ACCESS_FINE_LOCATION;android.permission.ACCESS_LOCATION_EXTRA_COMMANDS;android.permission.ACCESS_NETWORK_STATE;android.permission.ACCESS_WIFI_STATE;android.permission.BLUETOOTH;android.permission.BLUETOOTH_CONNECT;android.permission.CHANGE_NETWORK_STATE;android.permission.CHANGE_WIFI_STATE;android.permission.FOREGROUND_SERVICE;android.permission.INTERNET;android.permission.READ_CALENDAR;android.permission.READ_CONTACTS;android.permission.READ_EXTERNAL_STORAGE;android.permission.READ_PHONE_STATE;android.permission.READ_SMS;android.permission.WRITE_EXTERNAL_STORAGE;com.google.android.finsky.permission.BIND_GET_INSTALL_REFERRER_SERVICE;com.google.android.gms.permission.AD_ID,Yes,No,No,No,No,No,Yes,Yes,No,No,No,No,Yes,No,No,No,No,Yes,N/A,,N/A,,TRUE,android.permission.READ_CONTACTS;android.permission.READ_EXTERNAL_STORAGE;android.permission.WRITE_EXTERNAL_STORAGE,N/A,,N/A,,TRUE,android.permission.ACCESS_FINE_LOCATION;android.permission.READ_CONTACTS;android.permission.READ_EXTERNAL_STORAGE;android.permission.WRITE_EXTERNAL_STORAGE,TRUE,android.permission.ACCESS_FINE_LOCATION;android.permission.READ_CONTACTS;android.permission.READ_EXTERNAL_STORAGE;android.permission.READ_SMS;android.permission.WRITE_EXTERNAL_STORAGE
/data/olawalea/LoanApps/NigeriaDelisted/Cashlawn.apk,Cashlawn,com.grew.sw.cashlawn,1.0.15,20,21,32,Nigeria/Delisted,android.permission.ACCESS_COARSE_LOCATION;android.permission.ACCESS_FINE_LOCATION;android.permission.ACCESS_NETWORK_STATE;android.permission.ACCESS_WIFI_STATE;android.permission.CALL_PHONE;android.permission.CAMERA;android.permission.CHANGE_NETWORK_STATE;android.permission.CHANGE_WIFI_STATE;android.permission.GET_ACCOUNTS;android.permission.GET_PACKAGE_SIZE;android.permission.INTERNET;android.permission.LOCAL_MAC_ADDRESS;android.permission.READ_CONTACTS;android.permission.READ_EXTERNAL_STORAGE;android.permission.READ_PHONE_STATE;android.permission.READ_SMS;android.permission.WRITE_CONTACTS;android.permission.WRITE_EXTERNAL_STORAGE;com.google.android.finsky.permission.BIND_GET_INSTALL_REFERRER_SERVICE;com.google.android.providers.gsf.permission.READ_GSERVICES;com.google.android.providers.gsf.permission.WRITE_GSERVICES,Yes,Yes,No,No,No,No,Yes,Yes,No,No,No,No,Yes,No,No,No,Yes,Yes,N/A,,N/A,,TRUE,android.permission.GET_ACCOUNTS;android.permission.READ_CONTACTS;android.permission.READ_EXTERNAL_STORAGE;android.permission.WRITE_CONTACTS;android.permission.WRITE_EXTERNAL_STORAGE,N/A,,N/A,,TRUE,android.permission.ACCESS_FINE_LOCATION;android.permission.READ_CONTACTS;android.permission.READ_EXTERNAL_STORAGE;android.permission.WRITE_EXTERNAL_STORAGE,TRUE,android.permission.ACCESS_FINE_LOCATION;android.permission.GET_ACCOUNTS;android.permission.READ_CONTACTS;android.permission.READ_EXTERNAL_STORAGE;android.permission.READ_SMS;android.permission.WRITE_CONTACTS;android.permission.WRITE_EXTERNAL_STORAGE
/data/olawalea/LoanApps/NigeriaDelisted/EasyCash.apk,EasyCash,com.loancloud.nigeria.easycash,1.0.1,101,21,29,Nigeria/Delisted,android.permission.ACCESS_COARSE_LOCATION;android.permission.ACCESS_FINE_LOCATION;android.permission.ACCESS_NETWORK_STATE;android.permission.ACCESS_WIFI_STATE;android.permission.CAMERA;android.permission.CHANGE_WIFI_STATE;android.permission.FOREGROUND_SERVICE;android.permission.INTERNET;android.permission.MOUNT_UNMOUNT_FILESYSTEMS;android.permission.QUERY_ALL_PACKAGES;android.permission.READ_CONTACTS;android.permission.READ_EXTERNAL_STORAGE;android.permission.READ_PHONE_STATE;android.permission.READ_PRIVILEGED_PHONE_STAT;android.permission.READ_SMS;android.permission.READ_SYNC_SETTINGS;android.permission.SYSTEM_ALERT_WINDOW;android.permission.WAKE_LOCK;android.permission.WRITE_EXTERNAL_STORAGE;com.google.android.c2dm.permission.RECEIVE;com.google.android.finsky.permission.BIND_GET_INSTALL_REFERRER_SERVICE,Yes,No,No,No,Yes,No,Yes,Yes,No,No,No,No,Yes,No,No,No,No,Yes,N/A,,N/A,,TRUE,android.permission.READ_CONTACTS;android.permission.READ_EXTERNAL_STORAGE;android.permission.WRITE_EXTERNAL_STORAGE,N/A,,N/A,,TRUE,android.permission.ACCESS_FINE_LOCATION;android.permission.QUERY_ALL_PACKAGES;android.permission.READ_CONTACTS;android.permission.READ_EXTERNAL_STORAGE;android.permission.WRITE_EXTERNAL_STORAGE,TRUE,android.permission.ACCESS_FINE_LOCATION;android.permission.QUERY_ALL_PACKAGES;android.permission.READ_CONTACTS;android.permission.READ_EXTERNAL_STORAGE;android.permission.READ_SMS;android.permission.WRITE_EXTERNAL_STORAGE
/data/olawalea/LoanApps/NigeriaDelisted/CashLoan.apk,Cash Loan,com.cash.loan.lending.cash.credit,3.3,24,21,33,Nigeria/Delisted,android.permission.ACCESS_COARSE_LOCATION;android.permission.ACCESS_FINE_LOCATION;android.permission.ACCESS_NETWORK_STATE;android.permission.ACCESS_WIFI_STATE;android.permission.CHANGE_WIFI_STATE;android.permission.INTERNET;android.permission.LOCAL_MAC_ADDRESS;android.permission.QUERY_ALL_PACKAGES;android.permission.READ_CALENDAR;android.permission.READ_CONTACTS;android.permission.READ_EXTERNAL_STORAGE;android.permission.READ_PHONE_STATE;android.permission.READ_PRIVILEGED_PHONE_STATE;android.permission.READ_SMS;android.permission.WAKE_LOCK;android.permission.WRITE_CALENDAR;android.permission.WRITE_EXTERNAL_STORAGE;com.cash.loan.lending.cash.credit.DYNAMIC_RECEIVER_NOT_EXPORTED_PERMISSION;com.google.android.c2dm.permission.RECEIVE;com.google.android.finsky.permission.BIND_GET_INSTALL_REFERRER_SERVICE;com.google.android.gms.permission.AD_ID,Yes,No,No,No,Yes,No,Yes,Yes,No,No,No,No,Yes,No,No,No,No,Yes,N/A,,N/A,,TRUE,android.permission.READ_CONTACTS;android.permission.READ_EXTERNAL_STORAGE;android.permission.WRITE_EXTERNAL_STORAGE,N/A,,N/A,,TRUE,android.permission.ACCESS_FINE_LOCATION;android.permission.QUERY_ALL_PACKAGES;android.permission.READ_CONTACTS;android.permission.READ_EXTERNAL_STORAGE;android.permission.WRITE_EXTERNAL_STORAGE,TRUE,android.permission.ACCESS_FINE_LOCATION;android.permission.QUERY_ALL_PACKAGES;android.permission.READ_CONTACTS;android.permission.READ_EXTERNAL_STORAGE;android.permission.READ_SMS;android.permission.WRITE_EXTERNAL_STORAGE
/data/olawalea/LoanApps/NigeriaDelisted/Cash9ja.apk,Cash9ja,com.cash9ja.credit.cash.loan.naira,1.0.6,7,21,31,Nigeria/Delisted,android.permission.ACCESS_COARSE_LOCATION;android.permission.ACCESS_COARSE_UPDATES;android.permission.ACCESS_FINE_LOCATION;android.permission.ACCESS_LOCATION_EXTRA_COMMANDS;android.permission.ACCESS_NETWORK_STATE;android.permission.ACCESS_WIFI_STATE;android.permission.BATTERY_STATS;android.permission.BLUETOOTH;android.permission.BROADCAST_STICKY;android.permission.CAMERA;android.permission.CHANGE_WIFI_STATE;android.permission.FOREGROUND_SERVICE;android.permission.GET_ACCOUNTS;android.permission.INTERNET;android.permission.PACKAGE_USAGE_STATS;android.permission.READ_CALENDAR;android.permission.READ_CONTACTS;android.permission.READ_EXTERNAL_STORAGE;android.permission.READ_PHONE_STATE;android.permission.READ_PRIVILEGED_PHONE_STATE;android.permission.READ_SMS;android.permission.RECEIVE_BOOT_COMPLETED;android.permission.RECORD_AUDIO;android.permission.REPLACE_EXISTING_PACKAGE;android.permission.VIBRATE;android.permission.WAKE_LOCK;android.permission.WRITE_CALENDAR;android.permission.WRITE_EXTERNAL_STORAGE;android.permission.WRITE_SETTINGS;com.google.android.finsky.permission.BIND_GET_INSTALL_REFERRER_SERVICE;com.google.android.gms.permission.AD_ID,Yes,Yes,No,No,No,No,Yes,Yes,No,No,No,No,Yes,No,No,No,No,Yes,N/A,,N/A,,TRUE,android.permission.GET_ACCOUNTS;android.permission.READ_CONTACTS;android.permission.READ_EXTERNAL_STORAGE;android.permission.WRITE_EXTERNAL_STORAGE,N/A,,N/A,,TRUE,android.permission.ACCESS_FINE_LOCATION;android.permission.READ_CONTACTS;android.permission.READ_EXTERNAL_STORAGE;android.permission.WRITE_EXTERNAL_STORAGE,TRUE,android.permission.ACCESS_FINE_LOCATION;android.permission.GET_ACCOUNTS;android.permission.READ_CONTACTS;android.permission.READ_EXTERNAL_STORAGE;android.permission.READ_SMS;android.permission.WRITE_EXTERNAL_STORAGE
/data/olawalea/LoanApps/NigeriaDelisted/SharpCredit.apk,SharpCredit,com.sharp.credit.app,1.0.1,1,21,31,Nigeria/Delisted,android.permission.ACCESS_NETWORK_STATE;android.permission.ACCESS_WIFI_STATE;android.permission.CAMERA;android.permission.CHANGE_WIFI_STATE;android.permission.GET_ACCOUNTS;android.permission.INTERNET;android.permission.READ_CALENDAR;android.permission.READ_CONTACTS;android.permission.READ_EXTERNAL_STORAGE;android.permission.READ_PHONE_STATE;android.permission.READ_PROFILE;android.permission.READ_SMS;android.permission.RECEIVE_BOOT_COMPLETED;android.permission.RECEIVE_SMS;android.permission.WAKE_LOCK;android.permission.WRITE_EXTERNAL_STORAGE;com.google.android.c2dm.permission.RECEIVE;com.google.android.finsky.permission.BIND_GET_INSTALL_REFERRER_SERVICE,No,Yes,No,No,No,No,Yes,Yes,No,No,No,No,Yes,Yes,No,No,No,Yes,N/A,,N/A,,TRUE,android.permission.GET_ACCOUNTS;android.permission.READ_CONTACTS;android.permission.READ_EXTERNAL_STORAGE;android.permission.WRITE_EXTERNAL_STORAGE,N/A,,N/A,,TRUE,android.permission.READ_CONTACTS;android.permission.READ_EXTERNAL_STORAGE;android.permission.WRITE_EXTERNAL_STORAGE,TRUE,android.permission.GET_ACCOUNTS;android.permission.READ_CONTACTS;android.permission.READ_EXTERNAL_STORAGE;android.permission.READ_SMS;android.permission.RECEIVE_SMS;android.permission.WRITE_EXTERNAL_STORAGE
/data/olawalea/LoanApps/NigeriaDelisted/QuickCredit.apk,QuickCredit,com.cash.loan.credit.quick.kash.cash9ja.mobile9.mkopo.instant.online.gocash,1.0.5,5,19,29,Nigeria/Delisted,android.permission.ACCESS_COARSE_LOCATION;android.permission.ACCESS_FINE_LOCATION;android.permission.ACCESS_NETWORK_STATE;android.permission.ACCESS_WIFI_STATE;android.permission.CAMERA;android.permission.CHANGE_WIFI_STATE;android.permission.GET_ACCOUNTS;android.permission.INTERNET;android.permission.READ_CALENDAR;android.permission.READ_CONTACTS;android.permission.READ_EXTERNAL_STORAGE;android.permission.READ_PHONE_STATE;android.permission.READ_PROFILE;android.permission.READ_SMS;android.permission.RECEIVE_BOOT_COMPLETED;android.permission.RECEIVE_SMS;android.permission.WAKE_LOCK;android.permission.WRITE_EXTERNAL_STORAGE;com.google.android.c2dm.permission.RECEIVE;com.google.android.finsky.permission.BIND_GET_INSTALL_REFERRER_SERVICE,Yes,Yes,No,No,No,No,Yes,Yes,No,No,No,No,Yes,Yes,No,No,No,Yes,N/A,,N/A,,TRUE,android.permission.GET_ACCOUNTS;android.permission.READ_CONTACTS;android.permission.READ_EXTERNAL_STORAGE;android.permission.WRITE_EXTERNAL_STORAGE,N/A,,N/A,,TRUE,android.permission.ACCESS_FINE_LOCATION;android.permission.READ_CONTACTS;android.permission.READ_EXTERNAL_STORAGE;android.permission.WRITE_EXTERNAL_STORAGE,TRUE,android.permission.ACCESS_FINE_LOCATION;android.permission.GET_ACCOUNTS;android.permission.READ_CONTACTS;android.permission.READ_EXTERNAL_STORAGE;android.permission.READ_SMS;android.permission.RECEIVE_SMS;android.permission.WRITE_EXTERNAL_STORAGE
/data/olawalea/LoanApps/NigeriaDelisted/LuckyLoan.apk,Lucky Loan,com.sx.luckyloan,1.1.2,13,21,32,Nigeria/Delisted,android.permission.ACCESS_COARSE_LOCATION;android.permission.ACCESS_MEDIA_LOCATION;android.permission.ACCESS_NETWORK_STATE;android.permission.ACCESS_NOTIFICATION_POLICY;android.permission.ACCESS_WIFI_STATE;android.permission.CAMERA;android.permission.FOREGROUND_SERVICE;android.permission.INTERNET;android.permission.MOUNT_UNMOUNT_FILESYSTEMS;android.permission.POST_NOTIFICATIONS;android.permission.READ_CALENDAR;android.permission.READ_PHONE_STATE;android.permission.READ_PRIVILEGED_PHONE_STATE;android.permission.READ_SMS;android.permission.WAKE_LOCK;com.google.android.c2dm.permission.RECEIVE;com.google.android.finsky.permission.BIND_GET_INSTALL_REFERRER_SERVICE;com.google.android.gms.permission.AD_ID,No,No,No,No,No,No,No,No,No,No,No,No,Yes,No,No,No,No,No,N/A,,N/A,,FALSE,,N/A,,N/A,,FALSE,,TRUE,android.permission.READ_SMS
/data/olawalea/LoanApps/NigeriaDelisted/Xcash.apk,Xcash,com.loanx.cashloan,1.1.10,50,19,33,Nigeria/Delisted,android.permission.ACCESS_COARSE_LOCATION;android.permission.ACCESS_LOCATION_EXTRA_COMMANDS;android.permission.ACCESS_NETWORK_STATE;android.permission.ACCESS_WIFI_STATE;android.permission.BLUETOOTH;android.permission.BLUETOOTH_ADMIN;android.permission.CAMERA;android.permission.CHANGE_NETWORK_STATE;android.permission.CHANGE_WIFI_STATE;android.permission.FOREGROUND_SERVICE;android.permission.GET_TASKS;android.permission.HIGH_SAMPLING_RATE_SENSORS;android.permission.INTERNET;android.permission.POST_NOTIFICATIONS;android.permission.READ_CALENDAR;android.permission.READ_PHONE_STATE;android.permission.READ_SMS;android.permission.RECEIVE_BOOT_COMPLETED;android.permission.RECEIVE_SMS;android.permission.REORDER_TASKS;android.permission.SYSTEM_ALERT_WINDOW;android.permission.VIBRATE;android.permission.WAKE_LOCK;android.permission.WRITE_CALENDAR;com.android.browser.permission.READ_HISTORY_BOOKMARKS;com.android.vending.setup.PLAY_SETUP_SERVICE;com.google.android.c2dm.permission.RECEIVE;com.google.android.finsky.permission.BIND_GET_INSTALL_REFERRER_SERVICE;com.google.android.gms.permission.AD_ID,No,No,No,No,No,No,No,No,No,No,No,No,Yes,Yes,No,No,No,No,N/A,,N/A,,FALSE,,N/A,,N/A,,FALSE,,TRUE,android.permission.READ_SMS;android.permission.RECEIVE_SMS
/data/olawalea/LoanApps/NigeriaDelisted/Kashpal.apk,Kashpal,com.kashpal.credit.money.cash.moni,1.9.2,192,19,30,Nigeria/Delisted,android.permission.ACCESS_COARSE_LOCATION;android.permission.ACCESS_FINE_LOCATION;android.permission.ACCESS_LOCATION_EXTRA_COMMANDS;android.permission.ACCESS_NETWORK_STATE;android.permission.ACCESS_WIFI_STATE;android.permission.CALL_PHONE;android.permission.CAMERA;android.permission.CHANGE_NETWORK_STATE;android.permission.CHANGE_WIFI_STATE;android.permission.FLASHLIGHT;android.permission.GET_ACCOUNTS;android.permission.INTERNET;android.permission.MODIFY_AUDIO_SETTINGS;android.permission.MOUNT_UNMOUNT_FILESYSTEMS;android.permission.READ_CALENDAR;android.permission.READ_CONTACTS;android.permission.READ_EXTERNAL_STORAGE;android.permission.READ_LOGS;android.permission.READ_PHONE_STATE;android.permission.READ_SMS;android.permission.RECORD_AUDIO;android.permission.VIBRATE;android.permission.WAKE_LOCK;android.permission.WRITE_CONTACTS;android.permission.WRITE_EXTERNAL_STORAGE;android.permission.WRITE_SETTINGS;com.huawei.android.launcher.permission.CHANGE_BADGE;com.vivo.notification.permission.BADGE_ICON,Yes,Yes,No,No,No,No,Yes,Yes,No,No,No,No,Yes,No,No,No,Yes,Yes,N/A,,N/A,,TRUE,android.permission.GET_ACCOUNTS;android.permission.READ_CONTACTS;android.permission.READ_EXTERNAL_STORAGE;android.permission.WRITE_CONTACTS;android.permission.WRITE_EXTERNAL_STORAGE,N/A,,N/A,,TRUE,android.permission.ACCESS_FINE_LOCATION;android.permission.READ_CONTACTS;android.permission.READ_EXTERNAL_STORAGE;android.permission.WRITE_EXTERNAL_STORAGE,TRUE,android.permission.ACCESS_FINE_LOCATION;android.permission.GET_ACCOUNTS;android.permission.READ_CONTACTS;android.permission.READ_EXTERNAL_STORAGE;android.permission.READ_SMS;android.permission.WRITE_CONTACTS;android.permission.WRITE_EXTERNAL_STORAGE
/data/olawalea/LoanApps/NigeriaDelisted/Naira9ja.apk,Naira9ja,com.naira9ja.loan.credit.cash.borrow,2.0.3,20230713,21,33,Nigeria/Delisted,android.permission.ACCESS_COARSE_LOCATION;android.permission.ACCESS_NETWORK_STATE;android.permission.ACCESS_WIFI_STATE;android.permission.CAMERA;android.permission.CHANGE_WIFI_STATE;android.permission.FOREGROUND_SERVICE;android.permission.INTERNET;android.permission.POST_NOTIFICATIONS;android.permission.READ_CALL_LOG;android.permission.READ_PHONE_STATE;android.permission.READ_SMS;android.permission.RECEIVE_BOOT_COMPLETED;android.permission.SYSTEM_ALERT_WINDOW;android.permission.VIBRATE;android.permission.WAKE_LOCK;com.google.android.c2dm.permission.RECEIVE;com.google.android.finsky.permission.BIND_GET_INSTALL_REFERRER_SERVICE;com.google.android.gms.permission.AD_ID;com.naira9ja.loan.credit.cash.borrow.DYNAMIC_RECEIVER_NOT_EXPORTED_PERMISSION,No,No,No,No,No,Yes,No,No,No,No,No,No,Yes,No,No,No,No,No,N/A,,N/A,,TRUE,android.permission.READ_CALL_LOG,N/A,,N/A,,FALSE,,TRUE,android.permission.READ_CALL_LOG;android.permission.READ_SMS
/data/olawalea/LoanApps/NigeriaDelisted/Moneytree-FinanceMadeEasy.apk,Moneytree,jp.moneytree.moneytree,1.14.8,1001,28,33,Nigeria/Delisted,android.permission.ACCESS_NETWORK_STATE;android.permission.ACCESS_WIFI_STATE;android.permission.CAMERA;android.permission.FOREGROUND_SERVICE;android.permission.INTERNET;android.permission.POST_NOTIFICATIONS;android.permission.READ_CALENDAR;android.permission.READ_MEDIA_AUDIO;android.permission.READ_MEDIA_IMAGES;android.permission.RECEIVE_BOOT_COMPLETED;android.permission.USE_BIOMETRIC;android.permission.USE_FINGERPRINT;android.permission.VIBRATE;android.permission.WAKE_LOCK;com.android.vending.BILLING;com.google.android.c2dm.permission.RECEIVE;com.google.android.finsky.permission.BIND_GET_INSTALL_REFERRER_SERVICE;com.google.android.gms.permission.AD_ID;jp.moneytree.moneytree.DYNAMIC_RECEIVER_NOT_EXPORTED_PERMISSION,No,No,No,No,No,No,No,No,Yes,Yes,No,No,No,No,No,No,No,No,N/A,,N/A,,TRUE,android.permission.READ_MEDIA_AUDIO;android.permission.READ_MEDIA_IMAGES,N/A,,N/A,,TRUE,android.permission.READ_MEDIA_IMAGES,TRUE,android.permission.READ_MEDIA_AUDIO;android.permission.READ_MEDIA_IMAGES
/data/olawalea/LoanApps/NigeriaDelisted/SoftNaira.apk,SoftNaira,com.sotifai.nai,1.1,11,22,30,Nigeria/Delisted,android.hardwre.location.gps;android.permission.ACCESS_COARSE_LOCATION;android.permission.ACCESS_FINE_LOCATION;android.permission.ACCESS_MEDIA_LOCATION;android.permission.ACCESS_NETWORK_STATE;android.permission.ACCESS_WIFI_STATE;android.permission.CAMERA;android.permission.CHANGE_WIFI_STATE;android.permission.FOREGROUND_SERVICE;android.permission.GET_ACCOUNTS;android.permission.INTERNET;android.permission.READ_CALENDAR;android.permission.READ_CONTACTS;android.permission.READ_EXTERNAL_STORAGE;android.permission.READ_PHONE_STATE;android.permission.READ_PRIVILEGED_PHONE_STATE;android.permission.READ_PROFILE;android.permission.READ_SMS;android.permission.RECEIVE_BOOT_COMPLETED;android.permission.REQUEST_INSTALL_PACKAGES;android.permission.VIBRATE;android.permission.WAKE_LOCK;android.permission.WRITE_CALENDAR;android.permission.WRITE_EXTERNAL_STORAGE;android.permission.WRITE_SETTINGS;com.google.android.c2dm.permission.RECEIVE;com.google.android.finsky.permission.BIND_GET_INSTALL_REFERRER_SERVICE;com.google.android.gms.permission.AD_ID,Yes,Yes,No,No,No,No,Yes,Yes,No,No,No,No,Yes,No,No,No,No,Yes,N/A,,N/A,,TRUE,android.permission.GET_ACCOUNTS;android.permission.READ_CONTACTS;android.permission.READ_EXTERNAL_STORAGE;android.permission.WRITE_EXTERNAL_STORAGE,N/A,,N/A,,TRUE,android.permission.ACCESS_FINE_LOCATION;android.permission.READ_CONTACTS;android.permission.READ_EXTERNAL_STORAGE;android.permission.WRITE_EXTERNAL_STORAGE,TRUE,android.permission.ACCESS_FINE_LOCATION;android.permission.GET_ACCOUNTS;android.permission.READ_CONTACTS;android.permission.READ_EXTERNAL_STORAGE;android.permission.READ_SMS;android.permission.WRITE_EXTERNAL_STORAGE
/data/olawalea/LoanApps/NigeriaDelisted/MoneyMart.apk,MoneyMart,com.lcloan.moneymart,1.0.0,100,21,30,Nigeria/Delisted,android.permission.ACCESS_COARSE_LOCATION;android.permission.ACCESS_FINE_LOCATION;android.permission.ACCESS_MEDIA_LOCATION;android.permission.ACCESS_NETWORK_STATE;android.permission.ACCESS_WIFI_STATE;android.permission.CAMERA;android.permission.CHANGE_WIFI_STATE;android.permission.INTERNET;android.permission.READ_CONTACTS;android.permission.READ_EXTERNAL_STORAGE;android.permission.READ_PHONE_STATE;android.permission.READ_SMS;android.permission.WAKE_LOCK;android.permission.WRITE_EXTERNAL_STORAGE;com.google.android.c2dm.permission.RECEIVE;com.google.android.finsky.permission.BIND_GET_INSTALL_REFERRER_SERVICE,Yes,No,No,No,No,No,Yes,Yes,No,No,No,No,Yes,No,No,No,No,Yes,N/A,,N/A,,TRUE,android.permission.READ_CONTACTS;android.permission.READ_EXTERNAL_STORAGE;android.permission.WRITE_EXTERNAL_STORAGE,N/A,,N/A,,TRUE,android.permission.ACCESS_FINE_LOCATION;android.permission.READ_CONTACTS;android.permission.READ_EXTERNAL_STORAGE;android.permission.WRITE_EXTERNAL_STORAGE,TRUE,android.permission.ACCESS_FINE_LOCATION;android.permission.READ_CONTACTS;android.permission.READ_EXTERNAL_STORAGE;android.permission.READ_SMS;android.permission.WRITE_EXTERNAL_STORAGE
/data/olawalea/LoanApps/NigeriaDelisted/Crancash.apk,,com.loan.crancash.cash,1.0.1.8,18,,,Nigeria/Delisted,android.permission.ACCESS_ADSERVICES_ATTRIBUTION;android.permission.ACCESS_COARSE_LOCATION;android.permission.ACCESS_NETWORK_STATE;android.permission.ACCESS_WIFI_STATE;android.permission.BLUETOOTH;android.permission.BLUETOOTH_ADMIN;android.permission.CAMERA;android.permission.CHANGE_NETWORK_STATE;android.permission.CHANGE_WIFI_STATE;android.permission.INTERNET;android.permission.READ_SMS;android.permission.WAKE_LOCK;com.android.vending.CHECK_LICENSE;com.google.android.c2dm.permission.RECEIVE;com.google.android.finsky.permission.BIND_GET_INSTALL_REFERRER_SERVICE;com.google.android.gms.permission.AD_ID;com.huawei.appmarket.service.commondata.permission.GET_COMMON_DATA;com.samsung.android.mapsagent.permission.READ_APP_INFO,No,No,No,No,No,No,No,No,No,No,No,No,Yes,No,No,No,No,No,N/A,,N/A,,FALSE,,N/A,,N/A,,FALSE,,TRUE,android.permission.READ_SMS
/data/olawalea/LoanApps/NigeriaDelisted/nutLoan.apk,nutLoan,xyz.niki.loan.nut,1.0.7,8,21,32,Nigeria/Delisted,android.permission.ACCESS_COARSE_LOCATION;android.permission.ACCESS_NETWORK_STATE;android.permission.ACCESS_WIFI_STATE;android.permission.CALL_PHONE;android.permission.CAMERA;android.permission.CHANGE_WIFI_STATE;android.permission.FOREGROUND_SERVICE;android.permission.INTERNET;android.permission.READ_PHONE_STATE;android.permission.READ_PRIVILEGED_PHONE_STATE;android.permission.READ_SMS;android.permission.WAKE_LOCK,No,No,No,No,No,No,No,No,No,No,No,No,Yes,No,No,No,No,No,N/A,,N/A,,FALSE,,N/A,,N/A,,FALSE,,TRUE,android.permission.READ_SMS
/data/olawalea/LoanApps/NigeriaDelisted/Camelloan.apk,Camelloan,com.cashniriql.camelloan,1.4.0,14,21,32,Nigeria/Delisted,android.permission.ACCESS_COARSE_LOCATION;android.permission.ACCESS_NETWORK_STATE;android.permission.ACCESS_WIFI_STATE;android.permission.BLUETOOTH_CONNECT;android.permission.CAMERA;android.permission.CHANGE_WIFI_STATE;android.permission.INTERNET;android.permission.LOCAL_MAC_ADDRESS;android.permission.READ_CALENDAR;android.permission.READ_CALL_LOG;android.permission.READ_PHONE_STATE;android.permission.READ_PRIVILEGED_PHONE_STATE;android.permission.READ_PROFILE;android.permission.READ_SMS,No,No,No,No,No,Yes,No,No,No,No,No,No,Yes,No,No,No,No,No,N/A,,N/A,,TRUE,android.permission.READ_CALL_LOG,N/A,,N/A,,FALSE,,TRUE,android.permission.READ_CALL_LOG;android.permission.READ_SMS
/data/olawalea/LoanApps/NigeriaDelisted/SureCredit.apk,SureCredit,ng.sure.surecredit,1.0.2,4,18,30,Nigeria/Delisted,android.permission.ACCESS_COARSE_LOCATION;android.permission.ACCESS_FINE_LOCATION;android.permission.ACCESS_LOCATION_EXTRA_COMMANDS;android.permission.ACCESS_NETWORK_STATE;android.permission.ACCESS_WIFI_STATE;android.permission.BLUETOOTH;android.permission.BLUETOOTH_ADMIN;android.permission.CAMERA;android.permission.CHANGE_NETWORK_STATE;android.permission.CHANGE_WIFI_STATE;android.permission.FOREGROUND_SERVICE;android.permission.GET_TASKS;android.permission.INTERNET;android.permission.READ_CALENDAR;android.permission.READ_CONTACTS;android.permission.READ_EXTERNAL_STORAGE;android.permission.READ_PHONE_NUMBERS;android.permission.READ_PHONE_STATE;android.permission.READ_SMS;android.permission.RECEIVE_BOOT_COMPLETED;android.permission.RECEIVE_SMS;android.permission.REORDER_TASKS;android.permission.SYSTEM_ALERT_WINDOW;android.permission.VIBRATE;android.permission.WAKE_LOCK;android.permission.WRITE_CALENDAR;android.permission.WRITE_EXTERNAL_STORAGE;com.android.browser.permission.READ_HISTORY_BOOKMARKS;com.android.systemui.phonelock.permission.READ_CONTENT;com.android.systemui.phonelock.permission.WRITE_CONTENT;com.android.vending.setup.PLAY_SETUP_SERVICE;com.google.android.c2dm.permission.RECEIVE;com.google.android.finsky.permission.BIND_GET_INSTALL_REFERRER_SERVICE,Yes,No,No,No,No,No,Yes,Yes,No,No,No,Yes,Yes,Yes,No,No,No,Yes,N/A,,N/A,,TRUE,android.permission.READ_CONTACTS;android.permission.READ_EXTERNAL_STORAGE;android.permission.WRITE_EXTERNAL_STORAGE,N/A,,N/A,,TRUE,android.permission.ACCESS_FINE_LOCATION;android.permission.READ_CONTACTS;android.permission.READ_EXTERNAL_STORAGE;android.permission.READ_PHONE_NUMBERS;android.permission.WRITE_EXTERNAL_STORAGE,TRUE,android.permission.ACCESS_FINE_LOCATION;android.permission.READ_CONTACTS;android.permission.READ_EXTERNAL_STORAGE;android.permission.READ_PHONE_NUMBERS;android.permission.READ_SMS;android.permission.RECEIVE_SMS;android.permission.WRITE_EXTERNAL_STORAGE
/data/olawalea/LoanApps/NigeriaDelisted/GGmoney.apk,GGmoney,com.ggmoney.money.online.loan.instant.credit.bank.app,1.0.7,7,19,30,Nigeria/Delisted,android.permission.ACCESS_COARSE_LOCATION;android.permission.ACCESS_FINE_LOCATION;android.permission.ACCESS_NETWORK_STATE;android.permission.ACCESS_WIFI_STATE;android.permission.CAMERA;android.permission.CHANGE_WIFI_STATE;android.permission.GET_ACCOUNTS;android.permission.INTERNET;android.permission.READ_CALENDAR;android.permission.READ_CONTACTS;android.permission.READ_EXTERNAL_STORAGE;android.permission.READ_PHONE_STATE;android.permission.READ_PROFILE;android.permission.READ_SMS;android.permission.RECEIVE_BOOT_COMPLETED;android.permission.RECEIVE_SMS;android.permission.WAKE_LOCK;android.permission.WRITE_EXTERNAL_STORAGE;com.google.android.c2dm.permission.RECEIVE;com.google.android.finsky.permission.BIND_GET_INSTALL_REFERRER_SERVICE,Yes,Yes,No,No,No,No,Yes,Yes,No,No,No,No,Yes,Yes,No,No,No,Yes,N/A,,N/A,,TRUE,android.permission.GET_ACCOUNTS;android.permission.READ_CONTACTS;android.permission.READ_EXTERNAL_STORAGE;android.permission.WRITE_EXTERNAL_STORAGE,N/A,,N/A,,TRUE,android.permission.ACCESS_FINE_LOCATION;android.permission.READ_CONTACTS;android.permission.READ_EXTERNAL_STORAGE;android.permission.WRITE_EXTERNAL_STORAGE,TRUE,android.permission.ACCESS_FINE_LOCATION;android.permission.GET_ACCOUNTS;android.permission.READ_CONTACTS;android.permission.READ_EXTERNAL_STORAGE;android.permission.READ_SMS;android.permission.RECEIVE_SMS;android.permission.WRITE_EXTERNAL_STORAGE
/data/olawalea/LoanApps/NigeriaDelisted/CMoney.apk,C Money,com.creditville,2.0.8,27,24,33,Nigeria/Delisted,android.permission.ACCESS_COARSE_LOCATION;android.permission.ACCESS_FINE_LOCATION;android.permission.ACCESS_NETWORK_STATE;android.permission.ACCESS_WIFI_STATE;android.permission.CAMERA;android.permission.FOREGROUND_SERVICE;android.permission.INTERNET;android.permission.READ_CONTACTS;android.permission.READ_EXTERNAL_STORAGE;android.permission.READ_INTERNAL_STORAGE;android.permission.READ_PHONE_STATE;android.permission.READ_PROFILE;android.permission.RECEIVE_BOOT_COMPLETED;android.permission.SYSTEM_ALERT_WINDOW;android.permission.USE_BIOMETRIC;android.permission.USE_FINGERPRINT;android.permission.VIBRATE;android.permission.WAKE_LOCK;android.permission.WRITE_EXTERNAL_STORAGE;com.google.android.c2dm.permission.RECEIVE;com.google.android.finsky.permission.BIND_GET_INSTALL_REFERRER_SERVICE;com.google.android.gms.permission.ACTIVITY_RECOGNITION;com.google.android.gms.permission.AD_ID;com.google.android.providers.gsf.permission.READ_GSERVICES,Yes,No,No,No,No,No,Yes,Yes,No,No,No,No,No,No,No,No,No,Yes,N/A,,N/A,,TRUE,android.permission.READ_CONTACTS;android.permission.READ_EXTERNAL_STORAGE;android.permission.WRITE_EXTERNAL_STORAGE,N/A,,N/A,,TRUE,android.permission.ACCESS_FINE_LOCATION;android.permission.READ_CONTACTS;android.permission.READ_EXTERNAL_STORAGE;android.permission.WRITE_EXTERNAL_STORAGE,TRUE,android.permission.ACCESS_FINE_LOCATION;android.permission.READ_CONTACTS;android.permission.READ_EXTERNAL_STORAGE;android.permission.WRITE_EXTERNAL_STORAGE
/data/olawalea/LoanApps/NigeriaDelisted/Ease Cash.apk,,com.ng.easecash,2.0.7,51,,,Nigeria/Delisted,android.permission.ACCESS_NETWORK_STATE;android.permission.ACCESS_WIFI_STATE;android.permission.CAMERA;android.permission.CHANGE_WIFI_STATE;android.permission.INTERNET;android.permission.POST_NOTIFICATIONS;android.permission.READ_PHONE_STATE;android.permission.READ_SMS;android.permission.RESTART_PACKAGES;android.permission.VIBRATE;com.google.android.c2dm.permission.RECEIVE;com.google.android.finsky.permission.BIND_GET_INSTALL_REFERRER_SERVICE;com.google.android.gms.permission.AD_ID,No,No,No,No,No,No,No,No,No,No,No,No,Yes,No,No,No,No,No,N/A,,N/A,,FALSE,,N/A,,N/A,,FALSE,,TRUE,android.permission.READ_SMS
/data/olawalea/LoanApps/NigeriaDelisted/HenLoan.apk,Henloan,com.nairacash.henloan,1.0.4,5,21,31,Nigeria/Delisted,android.permission.ACCESS_COARSE_LOCATION;android.permission.ACCESS_FINE_LOCATION;android.permission.ACCESS_NETWORK_STATE;android.permission.ACCESS_WIFI_STATE;android.permission.BLUETOOTH_CONNECT;android.permission.CAMERA;android.permission.CHANGE_NETWORK_STATE;android.permission.CHANGE_WIFI_STATE;android.permission.GET_ACCOUNTS;android.permission.INTERNET;android.permission.LOCAL_MAC_ADDRESS;android.permission.READ_CALENDAR;android.permission.READ_CONTACTS;android.permission.READ_EXTERNAL_STORAGE;android.permission.READ_PHONE_STATE;android.permission.READ_PRIVILEGED_PHONE_STATE;android.permission.READ_PROFILE;android.permission.READ_SMS;android.permission.WRITE_EXTERNAL_STORAGE,Yes,Yes,No,No,No,No,Yes,Yes,No,No,No,No,Yes,No,No,No,No,Yes,N/A,,N/A,,TRUE,android.permission.GET_ACCOUNTS;android.permission.READ_CONTACTS;android.permission.READ_EXTERNAL_STORAGE;android.permission.WRITE_EXTERNAL_STORAGE,N/A,,N/A,,TRUE,android.permission.ACCESS_FINE_LOCATION;android.permission.READ_CONTACTS;android.permission.READ_EXTERNAL_STORAGE;android.permission.WRITE_EXTERNAL_STORAGE,TRUE,android.permission.ACCESS_FINE_LOCATION;android.permission.GET_ACCOUNTS;android.permission.READ_CONTACTS;android.permission.READ_EXTERNAL_STORAGE;android.permission.READ_SMS;android.permission.WRITE_EXTERNAL_STORAGE
/data/olawalea/LoanApps/NigeriaDelisted/iMoney.apk,iMoney,com.elsner.imoney,2.4,12,19,33,Nigeria/Delisted,android.permission.ACCESS_NETWORK_STATE;android.permission.FOREGROUND_SERVICE;android.permission.INTERNET;android.permission.RECEIVE_BOOT_COMPLETED;android.permission.WAKE_LOCK;com.android.vending.BILLING;com.google.android.gms.permission.AD_ID,No,No,No,No,No,No,No,No,No,No,No,No,No,No,No,No,No,No,N/A,,N/A,,FALSE,,N/A,,N/A,,FALSE,,FALSE,
/data/olawalea/LoanApps/NigeriaDelisted/FlypayPro.apk,Flypay Pro,loan.flypaypro.ydysx,1.0.4.6,7,21,31,Nigeria/Delisted,android.permission.ACCESS_COARSE_LOCATION;android.permission.ACCESS_LOCATION_EXTRA_COMMANDS;android.permission.ACCESS_NETWORK_STATE;android.permission.ACCESS_WIFI_STATE;android.permission.BLUETOOTH;android.permission.BLUETOOTH_CONNECT;android.permission.CHANGE_NETWORK_STATE;android.permission.CHANGE_WIFI_STATE;android.permission.FOREGROUND_SERVICE;android.permission.INTERNET;android.permission.READ_CALENDAR;android.permission.READ_PHONE_STATE;android.permission.READ_SMS;android.permission.WRITE_CALENDAR;android.permission.WRITE_SETTINGS;com.asus.msa.SupplementaryDID.ACCESS;com.google.android.finsky.permission.BIND_GET_INSTALL_REFERRER_SERVICE;com.google.android.gms.permission.AD_ID;freemme.permission.msa,No,No,No,No,No,No,No,No,No,No,No,No,Yes,No,No,No,No,No,N/A,,N/A,,FALSE,,N/A,,N/A,,FALSE,,TRUE,android.permission.READ_SMS
/data/olawalea/LoanApps/NigeriaDelisted/CreditBox.apk,CreditBox,com.box.creditt,1.0.3,4,21,32,Nigeria/Delisted,android.permission.ACCESS_COARSE_LOCATION;android.permission.ACCESS_NETWORK_STATE;android.permission.ACCESS_WIFI_STATE;android.permission.CAMERA;android.permission.CHANGE_WIFI_STATE;android.permission.INTERNET;android.permission.READ_PHONE_STATE;android.permission.WAKE_LOCK,No,No,No,No,No,No,No,No,No,No,No,No,No,No,No,No,No,No,N/A,,N/A,,FALSE,,N/A,,N/A,,FALSE,,FALSE,
/data/olawalea/LoanApps/NigeriaDelisted/NigeriaLoan.apk,Nigeria Loan,com.nigeria.loan.credit.nigerialoan,1.2.1,24,21,34,Nigeria/Delisted,android.permission.ACCESS_COARSE_LOCATION;android.permission.ACCESS_NETWORK_STATE;android.permission.ACCESS_WIFI_STATE;android.permission.CAMERA;android.permission.INTERNET;android.permission.POST_NOTIFICATIONS;android.permission.READ_CALENDAR;android.permission.READ_PHONE_STATE;android.permission.READ_PRIVILEGED_PHONE_STATE;android.permission.READ_SMS;android.permission.WAKE_LOCK;com.google.android.c2dm.permission.RECEIVE;com.google.android.finsky.permission.BIND_GET_INSTALL_REFERRER_SERVICE;com.google.android.gms.permission.AD_ID;com.nigeria.loan.credit.nigerialoan.DYNAMIC_RECEIVER_NOT_EXPORTED_PERMISSION,No,No,No,No,No,No,No,No,No,No,No,No,Yes,No,No,No,No,No,N/A,,N/A,,FALSE,,N/A,,N/A,,FALSE,,TRUE,android.permission.READ_SMS
/data/olawalea/LoanApps/NigeriaDelisted/GetLoan.apk,Get Loan,com.qc.getloan,1.1.2,12,23,31,Nigeria/Delisted,android.permission.ACCESS_COARSE_LOCATION;android.permission.ACCESS_NETWORK_STATE;android.permission.ACCESS_WIFI_STATE;android.permission.CAMERA;android.permission.INTERNET;android.permission.READ_PHONE_STATE;android.permission.READ_PRIVILEGED_PHONE_STATE;android.permission.READ_SMS;com.google.android.finsky.permission.BIND_GET_INSTALL_REFERRER_SERVICE,No,No,No,No,No,No,No,No,No,No,No,No,Yes,No,No,No,No,No,N/A,,N/A,,FALSE,,N/A,,N/A,,FALSE,,TRUE,android.permission.READ_SMS
/data/olawalea/LoanApps/NigeriaDelisted/ApexLending.apk,Apex Lending,al.cash.easy.creditapp,1.1.1,111,26,31,Nigeria/Delisted,al.cash.easy.creditapp.DYNAMIC_RECEIVER_NOT_EXPORTED_PERMISSION;android.permission.ACCESS_COARSE_LOCATION;android.permission.ACCESS_NETWORK_STATE;android.permission.ACCESS_WIFI_STATE;android.permission.CAMERA;android.permission.CHANGE_NETWORK_STATE;android.permission.CHANGE_WIFI_STATE;android.permission.FOREGROUND_SERVICE;android.permission.INTERNET;android.permission.LOCAL_MAC_ADDRESS;android.permission.READ_CALL_LOG;android.permission.READ_PHONE_STATE;android.permission.READ_SMS;android.permission.RECORD_AUDIO;com.google.android.finsky.permission.BIND_GET_INSTALL_REFERRER_SERVICE,No,No,No,No,No,Yes,No,No,No,No,No,No,Yes,No,No,No,No,No,N/A,,N/A,,TRUE,android.permission.READ_CALL_LOG,N/A,,N/A,,FALSE,,TRUE,android.permission.READ_CALL_LOG;android.permission.READ_SMS
/data/olawalea/LoanApps/NigeriaDelisted/Secucash.apk,Secucash,com.ng.secucash,1.2.1,14,21,33,Nigeria/Delisted,android.permission.ACCESS_COARSE_LOCATION;android.permission.ACCESS_NETWORK_STATE;android.permission.ACCESS_WIFI_STATE;android.permission.BATTERY_STATS;android.permission.CAMERA;android.permission.CHANGE_WIFI_STATE;android.permission.GET_PACKAGE_SIZE;android.permission.INTERNET;android.permission.LOCAL_MAC_ADDRESS;android.permission.PACKAGE_USAGE_STATS;android.permission.POST_NOTIFICATIONS;android.permission.READ_CALENDAR;android.permission.READ_CALL_LOG;android.permission.READ_PHONE_STATE;android.permission.READ_SMS;android.permission.RESTART_PACKAGES;android.permission.VIBRATE;android.permission.WAKE_LOCK;android.permission.WRITE_SETTINGS;com.google.android.c2dm.permission.RECEIVE;com.google.android.finsky.permission.BIND_GET_INSTALL_REFERRER_SERVICE;com.google.android.gms.permission.AD_ID,No,No,No,No,No,Yes,No,No,No,No,No,No,Yes,No,No,No,No,No,N/A,,N/A,,TRUE,android.permission.READ_CALL_LOG,N/A,,N/A,,FALSE,,TRUE,android.permission.READ_CALL_LOG;android.permission.READ_SMS
/data/olawalea/LoanApps/NigeriaDelisted/GalaxyCredit.apk,Galaxy Credit,com.GalaxyCredit,1.0.9,109,19,31,Nigeria/Delisted,android.permission.ACCESS_CHECKIN_PROPERTIES;android.permission.ACCESS_NETWORK_STATE;android.permission.ACCESS_SURFACE_FLINGER;android.permission.ACCESS_WIFI_STATE;android.permission.ACCOUNT_MANAGER;android.permission.ADD_VOICEMAIL;android.permission.AUTHENTICATE_ACCOUNTS;android.permission.BATTERY_STATS;android.permission.CHANGE_NETWORK_STATE;android.permission.CHANGE_WIFI_STATE;android.permission.FLASHLIGHT;android.permission.INTERNET;android.permission.MODIFY_PHONE_STATE;android.permission.MOUNT_UNMOUNT_FILESYSTEMS;android.permission.READ_PHONE_STATE;android.permission.READ_SYNC_STATS;android.permission.VIBRATE;android.permission.WAKE_LOCK;android.permission.WRITE_SETTINGS;com.huawei.android.launcher.permission.CHANGE_BADGE;com.vivo.notification.permission.BADGE_ICON,No,No,No,No,No,No,No,No,No,No,No,No,No,No,No,No,No,No,N/A,,N/A,,FALSE,,N/A,,N/A,,FALSE,,FALSE,
/data/olawalea/LoanApps/NigeriaDelisted/WeCredit.apk,WeCredit,com.we.ng.credit,1.5,9,21,33,Nigeria/Delisted,android.permission.ACCESS_COARSE_LOCATION;android.permission.ACCESS_LOCATION_EXTRA_COMMANDS;android.permission.ACCESS_NETWORK_STATE;android.permission.ACCESS_WIFI_STATE;android.permission.CALL_PHONE;android.permission.CAMERA;android.permission.CHANGE_NETWORK_STATE;android.permission.CHANGE_WIFI_STATE;android.permission.FOREGROUND_SERVICE;android.permission.GET_TASKS;android.permission.INTERNET;android.permission.POST_NOTIFICATIONS;android.permission.READ_LOGS;android.permission.READ_PHONE_STATE;android.permission.READ_SMS;android.permission.RECEIVE_BOOT_COMPLETED;android.permission.SYSTEM_ALERT_WINDOW;android.permission.VIBRATE;android.permission.WAKE_LOCK;com.coloros.mcs.permission.RECIEVE_MCS_MESSAGE;com.google.android.c2dm.permission.RECEIVE;com.google.android.finsky.permission.BIND_GET_INSTALL_REFERRER_SERVICE;com.google.android.gms.permission.AD_ID;com.google.android.providers.gsf.permission.READ_GSERVICES;com.heytap.mcs.permission.RECIEVE_MCS_MESSAGE;com.we.ng.credit.permission.MIPUSH_RECEIVE,No,No,No,No,No,No,No,No,No,No,No,No,Yes,No,No,No,No,No,N/A,,N/A,,FALSE,,N/A,,N/A,,FALSE,,TRUE,android.permission.READ_SMS
/data/olawalea/LoanApps/NigeriaDelisted/CashMama.apk,CashMama,com.loancloud.nigeria.cashmama,1.0.4,104,21,29,Nigeria/Delisted,android.permission.ACCESS_COARSE_LOCATION;android.permission.ACCESS_FINE_LOCATION;android.permission.ACCESS_NETWORK_STATE;android.permission.ACCESS_WIFI_STATE;android.permission.CAMERA;android.permission.CHANGE_WIFI_STATE;android.permission.FOREGROUND_SERVICE;android.permission.INTERNET;android.permission.MOUNT_UNMOUNT_FILESYSTEMS;android.permission.QUERY_ALL_PACKAGES;android.permission.READ_CONTACTS;android.permission.READ_EXTERNAL_STORAGE;android.permission.READ_PHONE_STATE;android.permission.READ_PRIVILEGED_PHONE_STAT;android.permission.READ_SMS;android.permission.READ_SYNC_SETTINGS;android.permission.SYSTEM_ALERT_WINDOW;android.permission.WAKE_LOCK;android.permission.WRITE_EXTERNAL_STORAGE;com.google.android.c2dm.permission.RECEIVE;com.google.android.finsky.permission.BIND_GET_INSTALL_REFERRER_SERVICE,Yes,No,No,No,Yes,No,Yes,Yes,No,No,No,No,Yes,No,No,No,No,Yes,N/A,,N/A,,TRUE,android.permission.READ_CONTACTS;android.permission.READ_EXTERNAL_STORAGE;android.permission.WRITE_EXTERNAL_STORAGE,N/A,,N/A,,TRUE,android.permission.ACCESS_FINE_LOCATION;android.permission.QUERY_ALL_PACKAGES;android.permission.READ_CONTACTS;android.permission.READ_EXTERNAL_STORAGE;android.permission.WRITE_EXTERNAL_STORAGE,TRUE,android.permission.ACCESS_FINE_LOCATION;android.permission.QUERY_ALL_PACKAGES;android.permission.READ_CONTACTS;android.permission.READ_EXTERNAL_STORAGE;android.permission.READ_SMS;android.permission.WRITE_EXTERNAL_STORAGE
/data/olawalea/LoanApps/NigeriaDelisted/FINEKUDI.apk,FINE KUDI,cn.fk.fine.kudi,1.3,10,21,33,Nigeria/Delisted,android.permission.ACCESS_COARSE_LOCATION;android.permission.ACCESS_LOCATION_EXTRA_COMMANDS;android.permission.ACCESS_NETWORK_STATE;android.permission.ACCESS_WIFI_STATE;android.permission.CALL_PHONE;android.permission.CAMERA;android.permission.CHANGE_NETWORK_STATE;android.permission.CHANGE_WIFI_STATE;android.permission.FOREGROUND_SERVICE;android.permission.INTERNET;android.permission.POST_NOTIFICATIONS;android.permission.READ_PHONE_STATE;android.permission.READ_SMS;android.permission.RECEIVE_BOOT_COMPLETED;android.permission.WAKE_LOCK;com.google.android.c2dm.permission.RECEIVE;com.google.android.finsky.permission.BIND_GET_INSTALL_REFERRER_SERVICE;com.google.android.gms.permission.AD_ID;com.google.android.providers.gsf.permission.READ_GSERVICES,No,No,No,No,No,No,No,No,No,No,No,No,Yes,No,No,No,No,No,N/A,,N/A,,FALSE,,N/A,,N/A,,FALSE,,TRUE,android.permission.READ_SMS
/data/olawalea/LoanApps/PakistanApproved/Creditbook.apk,CreditBook,com.creditbookpk.creditbook,1.0.4,16,16,28,Pakistan/Approved,android.permission.ACCESS_NETWORK_STATE;android.permission.ACCESS_WIFI_STATE;android.permission.CAMERA;android.permission.INTERNET;android.permission.READ_CONTACTS;android.permission.READ_EXTERNAL_STORAGE;android.permission.READ_PROFILE;android.permission.WAKE_LOCK;android.permission.WRITE_EXTERNAL_STORAGE;com.google.android.c2dm.permission.RECEIVE;com.google.android.finsky.permission.BIND_GET_INSTALL_REFERRER_SERVICE,No,No,No,No,No,No,Yes,Yes,No,No,No,No,No,No,No,No,No,Yes,N/A,,N/A,,N/A,,TRUE,android.permission.READ_CONTACTS;android.permission.READ_EXTERNAL_STORAGE;android.permission.WRITE_EXTERNAL_STORAGE,N/A,,TRUE,android.permission.READ_CONTACTS;android.permission.READ_EXTERNAL_STORAGE;android.permission.WRITE_EXTERNAL_STORAGE,TRUE,android.permission.READ_CONTACTS;android.permission.READ_EXTERNAL_STORAGE;android.permission.WRITE_EXTERNAL_STORAGE
/data/olawalea/LoanApps/PakistanApproved/Qist Bazaar.xapk,Qist Bazaar,com.app.qistbazaar4,1.0,3,17,30,Pakistan/Approved,android.permission.ACCESS_FINE_LOCATION;android.permission.ACCESS_NETWORK_STATE;android.permission.AUDIO_CAPTURE;android.permission.CAMERA;android.permission.INTERNET;android.permission.MODIFY_AUDIO_SETTINGS;android.permission.READ_APP_BADGE;android.permission.READ_EXTERNAL_STORAGE;android.permission.RECEIVE_BOOT_COMPLETED;android.permission.RECORD_AUDIO;android.permission.VIBRATE;android.permission.VIDEO_CAPTURE;android.permission.WAKE_LOCK;android.permission.WRITE_EXTERNAL_STORAGE;com.anddoes.launcher.permission.UPDATE_COUNT;com.android.vending.BILLING;com.app.qistbazaar4.permission.C2D_MESSAGE;com.google.android.c2dm.permission.RECEIVE;com.google.android.finsky.permission.BIND_GET_INSTALL_REFERRER_SERVICE;com.htc.launcher.permission.READ_SETTINGS;com.htc.launcher.permission.UPDATE_SHORTCUT;com.huawei.android.launcher.permission.CHANGE_BADGE;com.huawei.android.launcher.permission.READ_SETTINGS;com.huawei.android.launcher.permission.WRITE_SETTINGS;com.majeur.launcher.permission.UPDATE_BADGE;com.oppo.launcher.permission.READ_SETTINGS;com.oppo.launcher.permission.WRITE_SETTINGS;com.sec.android.provider.badge.permission.READ;com.sec.android.provider.badge.permission.WRITE;com.sonyericsson.home.permission.BROADCAST_BADGE;com.sonymobile.home.permission.PROVIDER_INSERT_BADGE;me.everything.badger.permission.BADGE_COUNT_READ;me.everything.badger.permission.BADGE_COUNT_WRITE,Yes,No,No,No,No,No,No,Yes,No,No,No,No,No,No,No,No,No,Yes,N/A,,N/A,,N/A,,TRUE,android.permission.READ_EXTERNAL_STORAGE;android.permission.WRITE_EXTERNAL_STORAGE,N/A,,TRUE,android.permission.ACCESS_FINE_LOCATION;android.permission.READ_EXTERNAL_STORAGE;android.permission.WRITE_EXTERNAL_STORAGE,TRUE,android.permission.ACCESS_FINE_LOCATION;android.permission.READ_EXTERNAL_STORAGE;android.permission.WRITE_EXTERNAL_STORAGE
/data/olawalea/LoanApps/PakistanApproved/TaleemConnect.apk,Taleem,com.m7.taleem,1.1.7,17,23,32,Pakistan/Approved,android.permission.ACCESS_ASSISTED_GPS;android.permission.ACCESS_FINE_LOCATION;android.permission.ACCESS_GPS;android.permission.ACCESS_LOCATION;android.permission.ACCESS_NETWORK_STATE;android.permission.ACCESS_WIFI_STATE;android.permission.CALL_PHONE;android.permission.CAMERA;android.permission.FOREGROUND_SERVICE;android.permission.INTERNET;android.permission.READ_EXTERNAL_STORAGE;android.permission.WAKE_LOCK;android.permission.WRITE_EXTERNAL_STORAGE;com.google.android.c2dm.permission.RECEIVE;com.google.android.finsky.permission.BIND_GET_INSTALL_REFERRER_SERVICE;com.google.android.gms.permission.AD_ID,Yes,No,No,No,No,No,No,Yes,No,No,No,No,No,No,No,No,No,Yes,N/A,,N/A,,N/A,,TRUE,android.permission.READ_EXTERNAL_STORAGE;android.permission.WRITE_EXTERNAL_STORAGE,N/A,,TRUE,android.permission.ACCESS_FINE_LOCATION;android.permission.READ_EXTERNAL_STORAGE;android.permission.WRITE_EXTERNAL_STORAGE,TRUE,android.permission.ACCESS_FINE_LOCATION;android.permission.READ_EXTERNAL_STORAGE;android.permission.WRITE_EXTERNAL_STORAGE
/data/olawalea/LoanApps/PakistanApproved/MoneyTap.apk,MoneyTap,com.mycash.moneytap.app,4.3.8,426,21,31,Pakistan/Approved,android.permission.ACCESS_COARSE_LOCATION;android.permission.ACCESS_NETWORK_STATE;android.permission.ACCESS_WIFI_STATE;android.permission.CAMERA;android.permission.CHANGE_WIFI_STATE;android.permission.FOREGROUND_SERVICE;android.permission.GET_TASKS;android.permission.INTERNET;android.permission.POST_NOTIFICATIONS;android.permission.READ_PHONE_STATE;android.permission.READ_PRIVILEGED_PHONE_STATE;android.permission.READ_SMS;android.permission.RECEIVE_BOOT_COMPLETED;android.permission.RECEIVE_SMS;android.permission.RECORD_AUDIO;android.permission.SEND_SMS;android.permission.USE_BIOMETRIC;android.permission.USE_FINGERPRINT;android.permission.VIBRATE;android.permission.WAKE_LOCK;android.permission.WRITE_EXTERNAL_STORAGE;com.google.android.c2dm.permission.RECEIVE;com.google.android.finsky.permission.BIND_GET_INSTALL_REFERRER_SERVICE;com.google.android.gms.permission.AD_ID;com.mycash.moneytap.app.DYNAMIC_RECEIVER_NOT_EXPORTED_PERMISSION;com.mycash.moneytap.app.permission.MIPUSH_RECEIVE,No,No,No,No,No,No,No,No,No,No,No,No,Yes,Yes,Yes,No,No,Yes,N/A,,N/A,,N/A,,TRUE,android.permission.READ_SMS;android.permission.RECEIVE_SMS;android.permission.SEND_SMS;android.permission.WRITE_EXTERNAL_STORAGE,N/A,,TRUE,android.permission.WRITE_EXTERNAL_STORAGE,TRUE,android.permission.READ_SMS;android.permission.RECEIVE_SMS;android.permission.SEND_SMS;android.permission.WRITE_EXTERNAL_STORAGE
/data/olawalea/LoanApps/PakistanApproved/EduFi.xapk,,com.edufi.parent,3.2.1,121,,,Pakistan/Approved,android.permission.ACCESS_FINE_LOCATION;android.permission.ACCESS_NETWORK_STATE;android.permission.ACCESS_WIFI_STATE;android.permission.CHANGE_NETWORK_STATE;android.permission.CHANGE_WIFI_STATE;android.permission.INTERNET;android.permission.POST_NOTIFICATIONS;android.permission.RECEIVE_BOOT_COMPLETED;android.permission.VIBRATE;android.permission.WAKE_LOCK;android.permission.WRITE_EXTERNAL_STORAGE;com.google.android.c2dm.permission.RECEIVE,Yes,No,No,No,No,No,No,No,No,No,No,No,No,No,No,No,No,Yes,N/A,,N/A,,N/A,,TRUE,android.permission.WRITE_EXTERNAL_STORAGE,N/A,,TRUE,android.permission.ACCESS_FINE_LOCATION;android.permission.WRITE_EXTERNAL_STORAGE,TRUE,android.permission.ACCESS_FINE_LOCATION;android.permission.WRITE_EXTERNAL_STORAGE
/data/olawalea/LoanApps/PakistanApproved/Zood.apk,,com.zoodel.kz,6.0.3,479,,,Pakistan/Approved,android.permission.ACCESS_COARSE_LOCATION;android.permission.ACCESS_FINE_LOCATION;android.permission.ACCESS_NETWORK_STATE;android.permission.ACCESS_WIFI_STATE;android.permission.CALL_PHONE;android.permission.CAMERA;android.permission.CHANGE_NETWORK_STATE;android.permission.CHANGE_WIFI_STATE;android.permission.FOREGROUND_SERVICE;android.permission.INTERNET;android.permission.POST_NOTIFICATIONS;android.permission.READ_EXTERNAL_STORAGE;android.permission.READ_MEDIA_IMAGES;android.permission.READ_MEDIA_VIDEO;android.permission.RECEIVE_BOOT_COMPLETED;android.permission.SYSTEM_ALERT_WINDOW;android.permission.USE_BIOMETRIC;android.permission.USE_FINGERPRINT;android.permission.VIBRATE;android.permission.WAKE_LOCK;android.permission.WRITE_EXTERNAL_STORAGE;com.google.android.c2dm.permission.RECEIVE;com.google.android.finsky.permission.BIND_GET_INSTALL_REFERRER_SERVICE;com.google.android.gms.permission.AD_ID;com.zoodel.kz.DYNAMIC_RECEIVER_NOT_EXPORTED_PERMISSION,Yes,No,No,No,No,No,No,Yes,No,Yes,Yes,No,No,No,No,No,No,Yes,N/A,,N/A,,N/A,,TRUE,android.permission.READ_EXTERNAL_STORAGE;android.permission.READ_MEDIA_IMAGES;android.permission.READ_MEDIA_VIDEO;android.permission.WRITE_EXTERNAL_STORAGE,N/A,,TRUE,android.permission.ACCESS_FINE_LOCATION;android.permission.READ_EXTERNAL_STORAGE;android.permission.READ_MEDIA_IMAGES;android.permission.READ_MEDIA_VIDEO;android.permission.WRITE_EXTERNAL_STORAGE,TRUE,android.permission.ACCESS_FINE_LOCATION;android.permission.READ_EXTERNAL_STORAGE;android.permission.READ_MEDIA_IMAGES;android.permission.READ_MEDIA_VIDEO;android.permission.WRITE_EXTERNAL_STORAGE
/data/olawalea/LoanApps/PakistanApproved/JazzCash.apk,,com.techlogix.mobilinkcustomer,9.0.87,9087,,,Pakistan/Approved,android.permission.ACCESS_COARSE_LOCATION;android.permission.ACCESS_FINE_LOCATION;android.permission.ACCESS_NETWORK_STATE;android.permission.ACCESS_WIFI_STATE;android.permission.BLUETOOTH;android.permission.CAMERA;android.permission.CHANGE_WIFI_STATE;android.permission.FOREGROUND_SERVICE;android.permission.INTERNET;android.permission.NFC;android.permission.POST_NOTIFICATIONS;android.permission.QUERY_ALL_PACKAGES;android.permission.READ_CONTACTS;android.permission.READ_EXTERNAL_STORAGE;android.permission.READ_MEDIA_IMAGES;android.permission.RECEIVE_BOOT_COMPLETED;android.permission.USE_BIOMETRIC;android.permission.USE_FINGERPRINT;android.permission.VIBRATE;android.permission.WAKE_LOCK;android.permission.WRITE_EXTERNAL_STORAGE;com.example.manyexampleapp.c2dm.permission.RECEIVE;com.google.android.c2dm.permission.RECEIVE;com.google.android.finsky.permission.BIND_GET_INSTALL_REFERRER_SERVICE;com.google.android.gms.permission.AD_ID;com.samsung.android.providers.context.permission.WRITE_USE_APP_FEATURE_SURVEY;com.techlogix.mobilinkcustomer.DYNAMIC_RECEIVER_NOT_EXPORTED_PERMISSION;com.techlogix.mobilinkcustomer.permission.PROCESS_PUSH_MSG;com.techlogix.mobilinkcustomer.permission.PUSH_PROVIDER,Yes,No,No,No,Yes,No,Yes,Yes,No,Yes,No,No,No,No,No,No,No,Yes,N/A,,N/A,,N/A,,TRUE,android.permission.READ_CONTACTS;android.permission.READ_EXTERNAL_STORAGE;android.permission.READ_MEDIA_IMAGES;android.permission.WRITE_EXTERNAL_STORAGE,N/A,,TRUE,android.permission.ACCESS_FINE_LOCATION;android.permission.QUERY_ALL_PACKAGES;android.permission.READ_CONTACTS;android.permission.READ_EXTERNAL_STORAGE;android.permission.READ_MEDIA_IMAGES;android.permission.WRITE_EXTERNAL_STORAGE,TRUE,android.permission.ACCESS_FINE_LOCATION;android.permission.QUERY_ALL_PACKAGES;android.permission.READ_CONTACTS;android.permission.READ_EXTERNAL_STORAGE;android.permission.READ_MEDIA_IMAGES;android.permission.WRITE_EXTERNAL_STORAGE
/data/olawalea/LoanApps/PakistanApproved/Paisayaar.apk,Paisayaar,com.personale.credit.carry.cash.loan.paisaya,1.3.11,47,21,34,Pakistan/Approved,android.permission.ACCESS_COARSE_LOCATION;android.permission.ACCESS_NETWORK_STATE;android.permission.ACCESS_WIFI_STATE;android.permission.CAMERA;android.permission.FOREGROUND_SERVICE;android.permission.INTERNET;android.permission.PACKAGE_USAGE_STATS;android.permission.POST_NOTIFICATIONS;android.permission.READ_CALENDAR;android.permission.READ_PRIVILEGED_PHONE_STATE;android.permission.WAKE_LOCK;android.permission.WRITE_CALENDAR;com.google.android.c2dm.permission.RECEIVE;com.google.android.finsky.permission.BIND_GET_INSTALL_REFERRER_SERVICE;com.google.android.gms.permission.AD_ID,No,No,No,No,No,No,No,No,No,No,No,No,No,No,No,No,No,No,N/A,,N/A,,N/A,,FALSE,,N/A,,FALSE,,FALSE,
/data/olawalea/LoanApps/PakistanApproved/Abhifinance.apk,,com.abhifinance,5.3.2,175,,,Pakistan/Approved,android.permission.ACCESS_ADSERVICES_AD_ID;android.permission.ACCESS_ADSERVICES_ATTRIBUTION;android.permission.ACCESS_NETWORK_STATE;android.permission.ACCESS_WIFI_STATE;android.permission.FOREGROUND_SERVICE;android.permission.INTERNET;android.permission.POST_NOTIFICATIONS;android.permission.READ_EXTERNAL_STORAGE;android.permission.RECEIVE_BOOT_COMPLETED;android.permission.RECORD_AUDIO;android.permission.USE_BIOMETRIC;android.permission.USE_FINGERPRINT;android.permission.WAKE_LOCK;android.permission.WRITE_EXTERNAL_STORAGE;com.abhifinance.DYNAMIC_RECEIVER_NOT_EXPORTED_PERMISSION;com.android.vending.CHECK_LICENSE;com.google.android.c2dm.permission.RECEIVE;com.google.android.finsky.permission.BIND_GET_INSTALL_REFERRER_SERVICE;com.google.android.gms.permission.AD_ID,No,No,No,No,No,No,No,Yes,No,No,No,No,No,No,No,No,No,Yes,N/A,,N/A,,N/A,,TRUE,android.permission.READ_EXTERNAL_STORAGE;android.permission.WRITE_EXTERNAL_STORAGE,N/A,,TRUE,android.permission.READ_EXTERNAL_STORAGE;android.permission.WRITE_EXTERNAL_STORAGE,TRUE,android.permission.READ_EXTERNAL_STORAGE;android.permission.WRITE_EXTERNAL_STORAGE
/data/olawalea/LoanApps/PakistanApproved/Muawin.apk,Muawin,com.raqqam.monamitech,21.1.2,47,19,31,Pakistan/Approved,android.permission.ACCESS_COARSE_LOCATION;android.permission.ACCESS_FINE_LOCATION;android.permission.ACCESS_NETWORK_STATE;android.permission.ACCESS_WIFI_STATE;android.permission.BLUETOOTH;android.permission.CALL_PHONE;android.permission.CAMERA;android.permission.FOREGROUND_SERVICE;android.permission.GET_ACCOUNTS;android.permission.INTERNET;android.permission.READ_CALENDAR;android.permission.READ_CONTACTS;android.permission.READ_EXTERNAL_STORAGE;android.permission.READ_PHONE_STATE;android.permission.READ_SMS;android.permission.RECEIVE_BOOT_COMPLETED;android.permission.REQUEST_WRITE_PERMISSION;android.permission.SYSTEM_ALERT_WINDOW;android.permission.VIBRATE;android.permission.WAKE_LOCK;android.permission.WRITE_EXTERNAL_STORAGE;com.google.android.c2dm.permission.RECEIVE;com.google.android.finsky.permission.BIND_GET_INSTALL_REFERRER_SERVICE;com.google.android.providers.gsf.permission.READ_GSERVICES,Yes,Yes,No,No,No,No,Yes,Yes,No,No,No,No,Yes,No,No,No,No,Yes,N/A,,N/A,,N/A,,TRUE,android.permission.GET_ACCOUNTS;android.permission.READ_CONTACTS;android.permission.READ_EXTERNAL_STORAGE;android.permission.READ_SMS;android.permission.WRITE_EXTERNAL_STORAGE,N/A,,TRUE,android.permission.ACCESS_FINE_LOCATION;android.permission.READ_CONTACTS;android.permission.READ_EXTERNAL_STORAGE;android.permission.WRITE_EXTERNAL_STORAGE,TRUE,android.permission.ACCESS_FINE_LOCATION;android.permission.GET_ACCOUNTS;android.permission.READ_CONTACTS;android.permission.READ_EXTERNAL_STORAGE;android.permission.READ_SMS;android.permission.WRITE_EXTERNAL_STORAGE
/data/olawalea/LoanApps/PakistanApproved/Smartqarza.apk,SmartQarza App APK For Android Latest Version,com.admin.smartqarzaappapkforandroidlatestversion,1.0,10000,23,34,Pakistan/Approved,android.permission.ACCESS_NETWORK_STATE;android.permission.INTERNET;android.permission.POST_NOTIFICATIONS;com.admin.smartqarzaappapkforandroidlatestversion.DYNAMIC_RECEIVER_NOT_EXPORTED_PERMISSION,No,No,No,No,No,No,No,No,No,No,No,No,No,No,No,No,No,No,N/A,,N/A,,N/A,,FALSE,,N/A,,FALSE,,FALSE,
/data/olawalea/LoanApps/PakistanDelisted/com.darm.personaloans.apk,Personal loans onlne,com.darm.personaloans,1.1.1,11,22,33,Pakistan/Delisted,android.permission.ACCESS_NETWORK_STATE;android.permission.FOREGROUND_SERVICE;android.permission.INTERNET;android.permission.POST_NOTIFICATIONS;android.permission.RECEIVE_BOOT_COMPLETED;android.permission.WAKE_LOCK;com.darm.personaloans.permission.C2D_MESSAGE;com.google.android.c2dm.permission.RECEIVE;com.google.android.finsky.permission.BIND_GET_INSTALL_REFERRER_SERVICE;com.google.android.gms.permission.AD_ID,No,No,No,No,No,No,No,No,No,No,No,No,No,No,No,No,No,No,N/A,,N/A,,N/A,,FALSE,,N/A,,FALSE,,FALSE,
/data/olawalea/LoanApps/PakistanDelisted/com.rapidpayapps.finepayloans.apk,Easy Mobile Loans,com.rapidpayapps.finepayloans,Version 1.6.1,8,16,30,Pakistan/Delisted,android.permission.ACCESS_NETWORK_STATE;android.permission.INTERNET,No,No,No,No,No,No,No,No,No,No,No,No,No,No,No,No,No,No,N/A,,N/A,,N/A,,FALSE,,N/A,,FALSE,,FALSE,
/data/olawalea/LoanApps/PakistanDelisted/com.fairlend.fairloans.apk,Fair Loans,com.fairlend.fairloans,3.0.2,22,21,33,Pakistan/Delisted,android.permission.ACCESS_NETWORK_STATE;android.permission.ACCESS_WIFI_STATE;android.permission.INTERNET;com.applovin.array.apphub.permission.BIND_APPHUB_SERVICE;com.fairlend.fairloans.DYNAMIC_RECEIVER_NOT_EXPORTED_PERMISSION;com.google.android.gms.permission.AD_ID,No,No,No,No,No,No,No,No,No,No,No,No,No,No,No,No,No,No,N/A,,N/A,,N/A,,FALSE,,N/A,,FALSE,,FALSE,
/data/olawalea/LoanApps/PakistanDelisted/com.soulfaquick.soulfa.apk,Soulfa Loans,com.soulfaquick.soulfa,1.0.25,1,19,32,Pakistan/Delisted,android.permission.ACCESS_NETWORK_STATE;android.permission.ACCESS_WIFI;android.permission.ACCESS_WIFI_STATE;android.permission.FOREGROUND_SERVICE;android.permission.INTERNET;android.permission.POST_NOTIFICATIONS;android.permission.READ_APP_BADGE;android.permission.RECEIVE_BOOT_COMPLETED;android.permission.VIBRATE;android.permission.WAKE_LOCK;com.anddoes.launcher.permission.UPDATE_COUNT;com.google.android.c2dm.permission.RECEIVE;com.google.android.finsky.permission.BIND_GET_INSTALL_REFERRER_SERVICE;com.google.android.gms.permission.AD_ID;com.htc.launcher.permission.READ_SETTINGS;com.htc.launcher.permission.UPDATE_SHORTCUT;com.huawei.android.launcher.permission.CHANGE_BADGE;com.huawei.android.launcher.permission.READ_SETTINGS;com.huawei.android.launcher.permission.WRITE_SETTINGS;com.majeur.launcher.permission.UPDATE_BADGE;com.oppo.launcher.permission.READ_SETTINGS;com.oppo.launcher.permission.WRITE_SETTINGS;com.sec.android.provider.badge.permission.READ;com.sec.android.provider.badge.permission.WRITE;com.sonyericsson.home.permission.BROADCAST_BADGE;com.sonymobile.home.permission.PROVIDER_INSERT_BADGE;com.soulfaquick.soulfa.permission.C2D_MESSAGE;me.everything.badger.permission.BADGE_COUNT_READ;me.everything.badger.permission.BADGE_COUNT_WRITE,No,No,No,No,No,No,No,No,No,No,No,No,No,No,No,No,No,No,N/A,,N/A,,N/A,,FALSE,,N/A,,FALSE,,FALSE,
/data/olawalea/LoanApps/PakistanDelisted/com.ftfarm.fibo.apk,Fibo,com.ftfarm.fibo,1.32.47,1790,21,32,Pakistan/Delisted,android.permission.ACCESS_COARSE_LOCATION;android.permission.ACCESS_FINE_LOCATION;android.permission.ACCESS_NETWORK_STATE;android.permission.ACCESS_WIFI_STATE;android.permission.CAMERA;android.permission.CHANGE_NETWORK_STATE;android.permission.FLASHLIGHT;android.permission.INTERNET;android.permission.NFC;android.permission.POST_NOTIFICATIONS;android.permission.READ_CONTACTS;android.permission.READ_EXTERNAL_STORAGE;android.permission.READ_PHONE_STATE;android.permission.RECORD_AUDIO;android.permission.USE_BIOMETRIC;android.permission.USE_FINGERPRINT;android.permission.VIBRATE;android.permission.WAKE_LOCK;android.permission.WRITE_EXTERNAL_STORAGE;com.ftfarm.fibo.DYNAMIC_RECEIVER_NOT_EXPORTED_PERMISSION;com.google.android.c2dm.permission.RECEIVE;com.google.android.finsky.permission.BIND_GET_INSTALL_REFERRER_SERVICE;com.google.android.gms.permission.AD_ID,Yes,No,No,No,No,No,Yes,Yes,No,No,No,No,No,No,No,No,No,Yes,N/A,,N/A,,N/A,,TRUE,android.permission.READ_CONTACTS;android.permission.READ_EXTERNAL_STORAGE;android.permission.WRITE_EXTERNAL_STORAGE,N/A,,TRUE,android.permission.ACCESS_FINE_LOCATION;android.permission.READ_CONTACTS;android.permission.READ_EXTERNAL_STORAGE;android.permission.WRITE_EXTERNAL_STORAGE,TRUE,android.permission.ACCESS_FINE_LOCATION;android.permission.READ_CONTACTS;android.permission.READ_EXTERNAL_STORAGE;android.permission.WRITE_EXTERNAL_STORAGE
/data/olawalea/LoanApps/PakistanDelisted/com.fast.easy.instant.rapid.quickloan.miniloan.cash.loan.coach.apk,Mini Cash Loan Coach App,com.fast.easy.instant.rapid.quickloan.miniloan.cash.loan.coach,1.1,2,24,33,Pakistan/Delisted,android.permission.ACCESS_NETWORK_STATE;android.permission.ACCESS_WIFI_STATE;android.permission.FOREGROUND_SERVICE;android.permission.INTERNET;android.permission.POST_NOTIFICATIONS;android.permission.READ_APP_BADGE;android.permission.RECEIVE_BOOT_COMPLETED;android.permission.VIBRATE;android.permission.WAKE_LOCK;com.anddoes.launcher.permission.UPDATE_COUNT;com.fast.easy.instant.rapid.quickloan.miniloan.cash.loan.coach.DYNAMIC_RECEIVER_NOT_EXPORTED_PERMISSION;com.fast.easy.instant.rapid.quickloan.miniloan.cash.loan.coach.permission.C2D_MESSAGE;com.google.android.c2dm.permission.RECEIVE;com.google.android.gms.permission.AD_ID;com.htc.launcher.permission.READ_SETTINGS;com.htc.launcher.permission.UPDATE_SHORTCUT;com.huawei.android.launcher.permission.CHANGE_BADGE;com.huawei.android.launcher.permission.READ_SETTINGS;com.huawei.android.launcher.permission.WRITE_SETTINGS;com.majeur.launcher.permission.UPDATE_BADGE;com.oppo.launcher.permission.READ_SETTINGS;com.oppo.launcher.permission.WRITE_SETTINGS;com.sec.android.provider.badge.permission.READ;com.sec.android.provider.badge.permission.WRITE;com.sonyericsson.home.permission.BROADCAST_BADGE;com.sonymobile.home.permission.PROVIDER_INSERT_BADGE;me.everything.badger.permission.BADGE_COUNT_READ;me.everything.badger.permission.BADGE_COUNT_WRITE,No,No,No,No,No,No,No,No,No,No,No,No,No,No,No,No,No,No,N/A,,N/A,,N/A,,FALSE,,N/A,,FALSE,,FALSE,
/data/olawalea/LoanApps/PakistanDelisted/com.capitalpoint.easycashloans.apk,Easy Cash,com.capitalpoint.easycashloans,1.2.8,8,21,32,Pakistan/Delisted,android.permission.ACCESS_NETWORK_STATE;android.permission.ACCESS_WIFI_STATE;android.permission.FOREGROUND_SERVICE;android.permission.INTERNET;android.permission.WAKE_LOCK;com.applovin.array.apphub.permission.BIND_APPHUB_SERVICE;com.capitalpoint.easycashloans.DYNAMIC_RECEIVER_NOT_EXPORTED_PERMISSION;com.google.android.gms.permission.AD_ID,No,No,No,No,No,No,No,No,No,No,No,No,No,No,No,No,No,No,N/A,,N/A,,N/A,,FALSE,,N/A,,FALSE,,FALSE,
/data/olawalea/LoanApps/PakistanDelisted/com.libertyloans.loans.apk,Liberty Loans,com.libertyloans.loans,1.2.1,3,14,26,Pakistan/Delisted,android.permission.ACCESS_NETWORK_STATE;android.permission.INTERNET,No,No,No,No,No,No,No,No,No,No,No,No,No,No,No,No,No,No,N/A,,N/A,,N/A,,FALSE,,N/A,,FALSE,,FALSE,
/data/olawalea/LoanApps/PakistanDelisted/com.loan.aadhar.pan.insurance.calculator.getloanonpancard.apk,Get Loan On PanCard,com.loan.aadhar.pan.insurance.calculator.getloanonpancard,1.0,1,21,32,Pakistan/Delisted,android.permission.ACCESS_COARSE_LOCATION;android.permission.ACCESS_FINE_LOCATION;android.permission.ACCESS_NETWORK_STATE;android.permission.ACCESS_WIFI_STATE;android.permission.FOREGROUND_SERVICE;android.permission.INTERNET;android.permission.POST_NOTIFICATIONS;android.permission.READ_APP_BADGE;android.permission.READ_EXTERNAL_STORAGE;android.permission.RECEIVE_BOOT_COMPLETED;android.permission.VIBRATE;android.permission.WAKE_LOCK;android.permission.WRITE_EXTERNAL_STORAGE;com.anddoes.launcher.permission.UPDATE_COUNT;com.google.android.c2dm.permission.RECEIVE;com.google.android.finsky.permission.BIND_GET_INSTALL_REFERRER_SERVICE;com.google.android.gms.permission.AD_ID;com.htc.launcher.permission.READ_SETTINGS;com.htc.launcher.permission.UPDATE_SHORTCUT;com.huawei.android.launcher.permission.CHANGE_BADGE;com.huawei.android.launcher.permission.READ_SETTINGS;com.huawei.android.launcher.permission.WRITE_SETTINGS;com.loan.aadhar.pan.insurance.calculator.getloanonpancard.permission.C2D_MESSAGE;com.majeur.launcher.permission.UPDATE_BADGE;com.oppo.launcher.permission.READ_SETTINGS;com.oppo.launcher.permission.WRITE_SETTINGS;com.sec.android.provider.badge.permission.READ;com.sec.android.provider.badge.permission.WRITE;com.sonyericsson.home.permission.BROADCAST_BADGE;com.sonymobile.home.permission.PROVIDER_INSERT_BADGE;me.everything.badger.permission.BADGE_COUNT_READ;me.everything.badger.permission.BADGE_COUNT_WRITE,Yes,No,No,No,No,No,No,Yes,No,No,No,No,No,No,No,No,No,Yes,N/A,,N/A,,N/A,,TRUE,android.permission.READ_EXTERNAL_STORAGE;android.permission.WRITE_EXTERNAL_STORAGE,N/A,,TRUE,android.permission.ACCESS_FINE_LOCATION;android.permission.READ_EXTERNAL_STORAGE;android.permission.WRITE_EXTERNAL_STORAGE,TRUE,android.permission.ACCESS_FINE_LOCATION;android.permission.READ_EXTERNAL_STORAGE;android.permission.WRITE_EXTERNAL_STORAGE
/data/olawalea/LoanApps/PakistanDelisted/com.easyloans.solutions.apk,Salah Loans,com.easyloans.solutions,1.32.27,4,19,31,Pakistan/Delisted,android.permission.ACCESS_NETWORK_STATE;android.permission.ACCESS_WIFI;android.permission.ACCESS_WIFI_STATE;android.permission.FOREGROUND_SERVICE;android.permission.INTERNET;android.permission.READ_APP_BADGE;android.permission.RECEIVE_BOOT_COMPLETED;android.permission.VIBRATE;android.permission.WAKE_LOCK;com.anddoes.launcher.permission.UPDATE_COUNT;com.easyloans.solutions.permission.C2D_MESSAGE;com.google.android.c2dm.permission.RECEIVE;com.google.android.finsky.permission.BIND_GET_INSTALL_REFERRER_SERVICE;com.google.android.gms.permission.AD_ID;com.htc.launcher.permission.READ_SETTINGS;com.htc.launcher.permission.UPDATE_SHORTCUT;com.huawei.android.launcher.permission.CHANGE_BADGE;com.huawei.android.launcher.permission.READ_SETTINGS;com.huawei.android.launcher.permission.WRITE_SETTINGS;com.majeur.launcher.permission.UPDATE_BADGE;com.oppo.launcher.permission.READ_SETTINGS;com.oppo.launcher.permission.WRITE_SETTINGS;com.sec.android.provider.badge.permission.READ;com.sec.android.provider.badge.permission.WRITE;com.sonyericsson.home.permission.BROADCAST_BADGE;com.sonymobile.home.permission.PROVIDER_INSERT_BADGE;me.everything.badger.permission.BADGE_COUNT_READ;me.everything.badger.permission.BADGE_COUNT_WRITE,No,No,No,No,No,No,No,No,No,No,No,No,No,No,No,No,No,No,N/A,,N/A,,N/A,,FALSE,,N/A,,FALSE,,FALSE,
/data/olawalea/LoanApps/PakistanDelisted/com.easyloans.instantloans.foriloan.apk,Fori Instant Loans,com.easyloans.instantloans.foriloan,1.28.01,3,21,33,Pakistan/Delisted,android.permission.ACCESS_NETWORK_STATE;android.permission.ACCESS_WIFI;android.permission.ACCESS_WIFI_STATE;android.permission.FOREGROUND_SERVICE;android.permission.INTERNET;android.permission.POST_NOTIFICATIONS;android.permission.READ_APP_BADGE;android.permission.RECEIVE_BOOT_COMPLETED;android.permission.VIBRATE;android.permission.WAKE_LOCK;com.anddoes.launcher.permission.UPDATE_COUNT;com.applovin.array.apphub.permission.BIND_APPHUB_SERVICE;com.easyloans.instantloans.foriloan.permission.C2D_MESSAGE;com.google.android.c2dm.permission.RECEIVE;com.google.android.finsky.permission.BIND_GET_INSTALL_REFERRER_SERVICE;com.google.android.gms.permission.AD_ID;com.htc.launcher.permission.READ_SETTINGS;com.htc.launcher.permission.UPDATE_SHORTCUT;com.huawei.android.launcher.permission.CHANGE_BADGE;com.huawei.android.launcher.permission.READ_SETTINGS;com.huawei.android.launcher.permission.WRITE_SETTINGS;com.majeur.launcher.permission.UPDATE_BADGE;com.oppo.launcher.permission.READ_SETTINGS;com.oppo.launcher.permission.WRITE_SETTINGS;com.sec.android.provider.badge.permission.READ;com.sec.android.provider.badge.permission.WRITE;com.sonyericsson.home.permission.BROADCAST_BADGE;com.sonymobile.home.permission.PROVIDER_INSERT_BADGE;me.everything.badger.permission.BADGE_COUNT_READ;me.everything.badger.permission.BADGE_COUNT_WRITE,No,No,No,No,No,No,No,No,No,No,No,No,No,No,No,No,No,No,N/A,,N/A,,N/A,,FALSE,,N/A,,FALSE,,FALSE,
/data/olawalea/LoanApps/PakistanDelisted/com.loanmarket.apk,现金钱包借贷卡盟分期,com.loanmarket,1.2.3,23,16,23,Pakistan/Delisted,android.permission.ACCESS_COARSE_LOCATION;android.permission.ACCESS_FINE_LOCATION;android.permission.ACCESS_NETWORK_STATE;android.permission.ACCESS_WIFI_STATE;android.permission.CAMERA;android.permission.CHANGE_WIFI_STATE;android.permission.INTERNET;android.permission.READ_EXTERNAL_STORAGE;android.permission.READ_LOGS;android.permission.READ_PHONE_STATE;android.permission.SYSTEM_ALERT_WINDOW;android.permission.WRITE_EXTERNAL_STORAGE,Yes,No,No,No,No,No,No,Yes,No,No,No,No,No,No,No,No,No,Yes,N/A,,N/A,,N/A,,TRUE,android.permission.READ_EXTERNAL_STORAGE;android.permission.WRITE_EXTERNAL_STORAGE,N/A,,TRUE,android.permission.ACCESS_FINE_LOCATION;android.permission.READ_EXTERNAL_STORAGE;android.permission.WRITE_EXTERNAL_STORAGE,TRUE,android.permission.ACCESS_FINE_LOCATION;android.permission.READ_EXTERNAL_STORAGE;android.permission.WRITE_EXTERNAL_STORAGE
/data/olawalea/LoanApps/PakistanDelisted/com.loanapp.onlineloan.applyonline.calc.Bankbalancecheck.apk,5 Minute Loan Apply Online,com.loanapp.onlineloan.applyonline.calc.Bankbalancecheck,1.4,4,24,33,Pakistan/Delisted,android.permission.ACCESS_NETWORK_STATE;android.permission.ACCESS_WIFI_STATE;android.permission.Ad_ID;android.permission.CAMERA;android.permission.FOREGROUND_SERVICE;android.permission.INTERNET;android.permission.POST_NOTIFICATIONS;android.permission.READ_APP_BADGE;android.permission.READ_EXTERNAL_STORAGE;android.permission.READ_PHONE_STATE;android.permission.RECEIVE_BOOT_COMPLETED;android.permission.VIBRATE;android.permission.WAKE_LOCK;android.permission.WRITE_EXTERNAL_STORAGE;com.anddoes.launcher.permission.UPDATE_COUNT;com.google.android.c2dm.permission.RECEIVE;com.google.android.gms.permission.AD_ID;com.htc.launcher.permission.READ_SETTINGS;com.htc.launcher.permission.UPDATE_SHORTCUT;com.huawei.android.launcher.permission.CHANGE_BADGE;com.huawei.android.launcher.permission.READ_SETTINGS;com.huawei.android.launcher.permission.WRITE_SETTINGS;com.loanapp.onlineloan.applyonline.calc.Bankbalancecheck.DYNAMIC_RECEIVER_NOT_EXPORTED_PERMISSION;com.loanapp.onlineloan.applyonline.calc.Bankbalancecheck.permission.C2D_MESSAGE;com.majeur.launcher.permission.UPDATE_BADGE;com.oppo.launcher.permission.READ_SETTINGS;com.oppo.launcher.permission.WRITE_SETTINGS;com.sec.android.provider.badge.permission.READ;com.sec.android.provider.badge.permission.WRITE;com.sonyericsson.home.permission.BROADCAST_BADGE;com.sonymobile.home.permission.PROVIDER_INSERT_BADGE;me.everything.badger.permission.BADGE_COUNT_READ;me.everything.badger.permission.BADGE_COUNT_WRITE,No,No,No,No,No,No,No,Yes,No,No,No,No,No,No,No,No,No,Yes,N/A,,N/A,,N/A,,TRUE,android.permission.READ_EXTERNAL_STORAGE;android.permission.WRITE_EXTERNAL_STORAGE,N/A,,TRUE,android.permission.READ_EXTERNAL_STORAGE;android.permission.WRITE_EXTERNAL_STORAGE,TRUE,android.permission.READ_EXTERNAL_STORAGE;android.permission.WRITE_EXTERNAL_STORAGE
/data/olawalea/LoanApps/PakistanDelisted/com.ptechmini.instantcredit.apk,Mini Credit,com.ptechmini.instantcredit,1.0.25,1,19,31,Pakistan/Delisted,android.permission.ACCESS_NETWORK_STATE;android.permission.ACCESS_WIFI;android.permission.ACCESS_WIFI_STATE;android.permission.FOREGROUND_SERVICE;android.permission.INTERNET;android.permission.POST_NOTIFICATIONS;android.permission.READ_APP_BADGE;android.permission.RECEIVE_BOOT_COMPLETED;android.permission.VIBRATE;android.permission.WAKE_LOCK;com.anddoes.launcher.permission.UPDATE_COUNT;com.google.android.c2dm.permission.RECEIVE;com.google.android.finsky.permission.BIND_GET_INSTALL_REFERRER_SERVICE;com.google.android.gms.permission.AD_ID;com.htc.launcher.permission.READ_SETTINGS;com.htc.launcher.permission.UPDATE_SHORTCUT;com.huawei.android.launcher.permission.CHANGE_BADGE;com.huawei.android.launcher.permission.READ_SETTINGS;com.huawei.android.launcher.permission.WRITE_SETTINGS;com.majeur.launcher.permission.UPDATE_BADGE;com.oppo.launcher.permission.READ_SETTINGS;com.oppo.launcher.permission.WRITE_SETTINGS;com.ptechmini.instantcredit.permission.C2D_MESSAGE;com.sec.android.provider.badge.permission.READ;com.sec.android.provider.badge.permission.WRITE;com.sonyericsson.home.permission.BROADCAST_BADGE;com.sonymobile.home.permission.PROVIDER_INSERT_BADGE;me.everything.badger.permission.BADGE_COUNT_READ;me.everything.badger.permission.BADGE_COUNT_WRITE,No,No,No,No,No,No,No,No,No,No,No,No,No,No,No,No,No,No,N/A,,N/A,,N/A,,FALSE,,N/A,,FALSE,,FALSE,
/data/olawalea/LoanApps/PakistanDelisted/com.geeklabdevelopers.wcashloan.apk,W Cash Loan,com.geeklabdevelopers.wcashloan,1.0.1,2,19,32,Pakistan/Delisted,android.permission.ACCESS_COARSE_LOCATION;android.permission.ACCESS_NETWORK_STATE;android.permission.ACCESS_WIFI_STATE;android.permission.INTERNET;android.permission.RECEIVE_BOOT_COMPLETED;android.permission.WAKE_LOCK;com.google.android.c2dm.permission.RECEIVE,No,No,No,No,No,No,No,No,No,No,No,No,No,No,No,No,No,No,N/A,,N/A,,N/A,,FALSE,,N/A,,FALSE,,FALSE,
/data/olawalea/LoanApps/PakistanDelisted/com.twentythreeloans.apk,2023 Loans,com.twentythreeloans,1.0.0,1,21,31,Pakistan/Delisted,android.permission.ACCESS_NETWORK_STATE;android.permission.ACCESS_WIFI_STATE;android.permission.BROADCAST_CLOSE_SYSTEM_DIALOGS;android.permission.FOREGROUND_SERVICE;android.permission.INTERNET;android.permission.POST_NOTIFICATIONS;android.permission.READ_APP_BADGE;android.permission.RECEIVE_BOOT_COMPLETED;android.permission.SCHEDULE_EXACT_ALARM;android.permission.USE_FULL_SCREEN_INTENT;android.permission.VIBRATE;android.permission.WAKE_LOCK;com.anddoes.launcher.permission.UPDATE_COUNT;com.applovin.array.apphub.permission.BIND_APPHUB_SERVICE;com.google.android.finsky.permission.BIND_GET_INSTALL_REFERRER_SERVICE;com.google.android.gms.permission.AD_ID;com.htc.launcher.permission.READ_SETTINGS;com.htc.launcher.permission.UPDATE_SHORTCUT;com.huawei.android.launcher.permission.CHANGE_BADGE;com.huawei.android.launcher.permission.READ_SETTINGS;com.huawei.android.launcher.permission.WRITE_SETTINGS;com.majeur.launcher.permission.UPDATE_BADGE;com.oppo.launcher.permission.READ_SETTINGS;com.oppo.launcher.permission.WRITE_SETTINGS;com.sec.android.provider.badge.permission.READ;com.sec.android.provider.badge.permission.WRITE;com.sonyericsson.home.permission.BROADCAST_BADGE;com.sonymobile.home.permission.PROVIDER_INSERT_BADGE;me.everything.badger.permission.BADGE_COUNT_READ;me.everything.badger.permission.BADGE_COUNT_WRITE,No,No,No,No,No,No,No,No,No,No,No,No,No,No,No,No,No,No,N/A,,N/A,,N/A,,FALSE,,N/A,,FALSE,,FALSE,
/data/olawalea/LoanApps/PakistanDelisted/com.helacreditloans.apk,Hela Credit Loans,com.helacreditloans,1.0.0,2,21,31,Pakistan/Delisted,android.permission.ACCESS_NETWORK_STATE;android.permission.ACCESS_WIFI_STATE;android.permission.BROADCAST_CLOSE_SYSTEM_DIALOGS;android.permission.FOREGROUND_SERVICE;android.permission.INTERNET;android.permission.POST_NOTIFICATIONS;android.permission.READ_APP_BADGE;android.permission.RECEIVE_BOOT_COMPLETED;android.permission.SCHEDULE_EXACT_ALARM;android.permission.USE_FULL_SCREEN_INTENT;android.permission.VIBRATE;android.permission.WAKE_LOCK;com.anddoes.launcher.permission.UPDATE_COUNT;com.applovin.array.apphub.permission.BIND_APPHUB_SERVICE;com.google.android.finsky.permission.BIND_GET_INSTALL_REFERRER_SERVICE;com.google.android.gms.permission.AD_ID;com.htc.launcher.permission.READ_SETTINGS;com.htc.launcher.permission.UPDATE_SHORTCUT;com.huawei.android.launcher.permission.CHANGE_BADGE;com.huawei.android.launcher.permission.READ_SETTINGS;com.huawei.android.launcher.permission.WRITE_SETTINGS;com.majeur.launcher.permission.UPDATE_BADGE;com.oppo.launcher.permission.READ_SETTINGS;com.oppo.launcher.permission.WRITE_SETTINGS;com.sec.android.provider.badge.permission.READ;com.sec.android.provider.badge.permission.WRITE;com.sonyericsson.home.permission.BROADCAST_BADGE;com.sonymobile.home.permission.PROVIDER_INSERT_BADGE;me.everything.badger.permission.BADGE_COUNT_READ;me.everything.badger.permission.BADGE_COUNT_WRITE,No,No,No,No,No,No,No,No,No,No,No,No,No,No,No,No,No,No,N/A,,N/A,,N/A,,FALSE,,N/A,,FALSE,,FALSE,
/data/olawalea/LoanApps/PakistanDelisted/com.optipay.littlecash.apk,Little Cash,com.optipay.littlecash,2.12.2,14,21,33,Pakistan/Delisted,android.permission.ACCESS_NETWORK_STATE;android.permission.ACCESS_WIFI_STATE;android.permission.INTERNET;android.permission.VIBRATE;com.google.android.gms.permission.AD_ID;com.optipay.littlecash.DYNAMIC_RECEIVER_NOT_EXPORTED_PERMISSION,No,No,No,No,No,No,No,No,No,No,No,No,No,No,No,No,No,No,N/A,,N/A,,N/A,,FALSE,,N/A,,FALSE,,FALSE,
/data/olawalea/LoanApps/PakistanDelisted/com.paisaloanguide.loanguidepaisatips.apk,Get Easy Paisa Loan App,com.paisaloanguide.loanguidepaisatips,1.0,1,21,32,Pakistan/Delisted,android.permission.ACCESS_NETWORK_STATE;android.permission.ACCESS_WIFI_STATE;android.permission.FOREGROUND_SERVICE;android.permission.INTERNET;android.permission.POST_NOTIFICATIONS;android.permission.READ_APP_BADGE;android.permission.READ_EXTERNAL_STORAGE;android.permission.RECEIVE_BOOT_COMPLETED;android.permission.VIBRATE;android.permission.WAKE_LOCK;android.permission.WRITE_EXTERNAL_STORAGE;com.anddoes.launcher.permission.UPDATE_COUNT;com.google.android.c2dm.permission.RECEIVE;com.google.android.finsky.permission.BIND_GET_INSTALL_REFERRER_SERVICE;com.google.android.gms.permission.AD_ID;com.htc.launcher.permission.READ_SETTINGS;com.htc.launcher.permission.UPDATE_SHORTCUT;com.huawei.android.launcher.permission.CHANGE_BADGE;com.huawei.android.launcher.permission.READ_SETTINGS;com.huawei.android.launcher.permission.WRITE_SETTINGS;com.majeur.launcher.permission.UPDATE_BADGE;com.oppo.launcher.permission.READ_SETTINGS;com.oppo.launcher.permission.WRITE_SETTINGS;com.paisaloanguide.loanguidepaisatips.permission.C2D_MESSAGE;com.sec.android.provider.badge.permission.READ;com.sec.android.provider.badge.permission.WRITE;com.sonyericsson.home.permission.BROADCAST_BADGE;com.sonymobile.home.permission.PROVIDER_INSERT_BADGE;me.everything.badger.permission.BADGE_COUNT_READ;me.everything.badger.permission.BADGE_COUNT_WRITE,No,No,No,No,No,No,No,Yes,No,No,No,No,No,No,No,No,No,Yes,N/A,,N/A,,N/A,,TRUE,android.permission.READ_EXTERNAL_STORAGE;android.permission.WRITE_EXTERNAL_STORAGE,N/A,,TRUE,android.permission.READ_EXTERNAL_STORAGE;android.permission.WRITE_EXTERNAL_STORAGE,TRUE,android.permission.READ_EXTERNAL_STORAGE;android.permission.WRITE_EXTERNAL_STORAGE
/data/olawalea/LoanApps/PakistanDelisted/com.simpleloan.instant.suparkash.apk,Fast Manee Loan Guide,com.simpleloan.instant.suparkash,1.0.1,2,19,32,Pakistan/Delisted,android.permission.ACCESS_NETWORK_STATE;android.permission.CAMERA;android.permission.FOREGROUND_SERVICE;android.permission.INTERNET;android.permission.READ_EXTERNAL_STORAGE;android.permission.READ_PHONE_STATE;android.permission.RECEIVE_BOOT_COMPLETED;android.permission.WAKE_LOCK;android.permission.WRITE_EXTERNAL_STORAGE;com.google.android.finsky.permission.BIND_GET_INSTALL_REFERRER_SERVICE;com.google.android.gms.permission.AD_ID,No,No,No,No,No,No,No,Yes,No,No,No,No,No,No,No,No,No,Yes,N/A,,N/A,,N/A,,TRUE,android.permission.READ_EXTERNAL_STORAGE;android.permission.WRITE_EXTERNAL_STORAGE,N/A,,TRUE,android.permission.READ_EXTERNAL_STORAGE;android.permission.WRITE_EXTERNAL_STORAGE,TRUE,android.permission.READ_EXTERNAL_STORAGE;android.permission.WRITE_EXTERNAL_STORAGE
/data/olawalea/LoanApps/PakistanDelisted/com.singleclick.loanpe.trading.colourloan.b2l.apk,SingleClick Pe Loan,com.singleclick.loanpe.trading.colourloan.b2l,1.0.1,2,21,32,Pakistan/Delisted,android.permission.ACCESS_COARSE_LOCATION;android.permission.ACCESS_FINE_LOCATION;android.permission.ACCESS_NETWORK_STATE;android.permission.ACCESS_WIFI_STATE;android.permission.CAMERA;android.permission.CHANGE_WIFI_STATE;android.permission.FOREGROUND_SERVICE;android.permission.INTERNET;android.permission.READ_CONTACTS;android.permission.READ_EXTERNAL_STORAGE;android.permission.RECEIVE_BOOT_COMPLETED;android.permission.VIBRATE;android.permission.WAKE_LOCK;android.permission.WRITE_EXTERNAL_STORAGE;com.google.android.c2dm.permission.RECEIVE;com.google.android.finsky.permission.BIND_GET_INSTALL_REFERRER_SERVICE;com.google.android.gms.permission.AD_ID,Yes,No,No,No,No,No,Yes,Yes,No,No,No,No,No,No,No,No,No,Yes,N/A,,N/A,,N/A,,TRUE,android.permission.READ_CONTACTS;android.permission.READ_EXTERNAL_STORAGE;android.permission.WRITE_EXTERNAL_STORAGE,N/A,,TRUE,android.permission.ACCESS_FINE_LOCATION;android.permission.READ_CONTACTS;android.permission.READ_EXTERNAL_STORAGE;android.permission.WRITE_EXTERNAL_STORAGE,TRUE,android.permission.ACCESS_FINE_LOCATION;android.permission.READ_CONTACTS;android.permission.READ_EXTERNAL_STORAGE;android.permission.WRITE_EXTERNAL_STORAGE
/data/olawalea/LoanApps/PakistanDelisted/com.getinstantloan.creditloan.cashloan.apk,Instant Cash Loan,com.getinstantloan.creditloan.cashloan,4.0,4,21,33,Pakistan/Delisted,android.permission.ACCESS_NETWORK_STATE;android.permission.ACCESS_WIFI_STATE;android.permission.CAMERA;android.permission.CHANGE_WIFI_STATE;android.permission.FOREGROUND_SERVICE;android.permission.INTERNET;android.permission.READ_EXTERNAL_STORAGE;android.permission.WAKE_LOCK;android.permission.WRITE_EXTERNAL_STORAGE;com.getinstantloan.creditloan.cashloan.DYNAMIC_RECEIVER_NOT_EXPORTED_PERMISSION;com.google.android.c2dm.permission.RECEIVE;com.google.android.finsky.permission.BIND_GET_INSTALL_REFERRER_SERVICE;com.google.android.gms.permission.AD_ID;com.google.android.providers.gsf.permission.READ_GSERVICES,No,No,No,No,No,No,No,Yes,No,No,No,No,No,No,No,No,No,Yes,N/A,,N/A,,N/A,,TRUE,android.permission.READ_EXTERNAL_STORAGE;android.permission.WRITE_EXTERNAL_STORAGE,N/A,,TRUE,android.permission.READ_EXTERNAL_STORAGE;android.permission.WRITE_EXTERNAL_STORAGE,TRUE,android.permission.READ_EXTERNAL_STORAGE;android.permission.WRITE_EXTERNAL_STORAGE
/data/olawalea/LoanApps/PakistanDelisted/com.fairercredit.readyloans.apk,ReadyLoans,com.fairercredit.readyloans,1.0,1,21,32,Pakistan/Delisted,android.permission.ACCESS_NETWORK_STATE;android.permission.ACCESS_WIFI_STATE;android.permission.INTERNET;com.google.android.gms.permission.AD_ID,No,No,No,No,No,No,No,No,No,No,No,No,No,No,No,No,No,No,N/A,,N/A,,N/A,,FALSE,,N/A,,FALSE,,FALSE,
/data/olawalea/LoanApps/PakistanDelisted/com.jalurlaba.app.apk,Cash Dana,com.jalurlaba.app,2.1.3,213,16,29,Pakistan/Delisted,android.permission.ACCESS_NETWORK_STATE;android.permission.ACCESS_WIFI_STATE;android.permission.INTERNET;android.permission.READ_PHONE_STATE;android.permission.REQUEST_INSTALL_PACKAGES;android.permission.USE_FINGERPRINT;android.permission.WAKE_LOCK;android.permission.WRITE_EXTERNAL_STORAGE;com.google.android.c2dm.permission.RECEIVE;com.google.android.finsky.permission.BIND_GET_INSTALL_REFERRER_SERVICE,No,No,No,No,No,No,No,No,No,No,No,No,No,No,No,No,No,Yes,N/A,,N/A,,N/A,,TRUE,android.permission.WRITE_EXTERNAL_STORAGE,N/A,,TRUE,android.permission.WRITE_EXTERNAL_STORAGE,TRUE,android.permission.WRITE_EXTERNAL_STORAGE
/data/olawalea/LoanApps/PakistanDelisted/com.swifts.mobile.loans.apk,Swift Loans,com.swifts.mobile.loans,1.0.1.2,2,16,30,Pakistan/Delisted,android.permission.ACCESS_NETWORK_STATE;android.permission.ACCESS_WIFI_STATE;android.permission.BLUETOOTH;android.permission.INTERNET;android.permission.READ_APP_BADGE;android.permission.RECEIVE_BOOT_COMPLETED;android.permission.VIBRATE;android.permission.WAKE_LOCK;com.anddoes.launcher.permission.UPDATE_COUNT;com.google.android.c2dm.permission.RECEIVE;com.google.android.finsky.permission.BIND_GET_INSTALL_REFERRER_SERVICE;com.htc.launcher.permission.READ_SETTINGS;com.htc.launcher.permission.UPDATE_SHORTCUT;com.huawei.android.launcher.permission.CHANGE_BADGE;com.huawei.android.launcher.permission.READ_SETTINGS;com.huawei.android.launcher.permission.WRITE_SETTINGS;com.majeur.launcher.permission.UPDATE_BADGE;com.oppo.launcher.permission.READ_SETTINGS;com.oppo.launcher.permission.WRITE_SETTINGS;com.sec.android.provider.badge.permission.READ;com.sec.android.provider.badge.permission.WRITE;com.sonyericsson.home.permission.BROADCAST_BADGE;com.sonymobile.home.permission.PROVIDER_INSERT_BADGE;com.swifts.mobile.loans.permission.C2D_MESSAGE;me.everything.badger.permission.BADGE_COUNT_READ;me.everything.badger.permission.BADGE_COUNT_WRITE,No,No,No,No,No,No,No,No,No,No,No,No,No,No,No,No,No,No,N/A,,N/A,,N/A,,FALSE,,N/A,,FALSE,,FALSE,
/data/olawalea/LoanApps/PakistanDelisted/com.financeapp.credicash.easycashloan.apk,Credit Cash - Mobile Cash Loan,com.financeapp.credicash.easycashloan,1.0,1,21,33,Pakistan/Delisted,android.permission.ACCESS_NETWORK_STATE;android.permission.ACCESS_WIFI_STATE;android.permission.FOREGROUND_SERVICE;android.permission.INTERNET;android.permission.WAKE_LOCK;com.google.android.finsky.permission.BIND_GET_INSTALL_REFERRER_SERVICE;com.google.android.gms.permission.AD_ID,No,No,No,No,No,No,No,No,No,No,No,No,No,No,No,No,No,No,N/A,,N/A,,N/A,,FALSE,,N/A,,FALSE,,FALSE,
/data/olawalea/LoanApps/PakistanDelisted/com.superb.loans.borrownow.apk,Superb Loans,com.superb.loans.borrownow,1.0.4,4,21,34,Pakistan/Delisted,android.permission.ACCESS_NETWORK_STATE;android.permission.ACCESS_WIFI;android.permission.ACCESS_WIFI_STATE;android.permission.FOREGROUND_SERVICE;android.permission.INTERNET;android.permission.POST_NOTIFICATIONS;android.permission.READ_APP_BADGE;android.permission.RECEIVE_BOOT_COMPLETED;android.permission.VIBRATE;android.permission.WAKE_LOCK;com.anddoes.launcher.permission.UPDATE_COUNT;com.applovin.array.apphub.permission.BIND_APPHUB_SERVICE;com.google.android.c2dm.permission.RECEIVE;com.google.android.finsky.permission.BIND_GET_INSTALL_REFERRER_SERVICE;com.google.android.gms.permission.AD_ID;com.htc.launcher.permission.READ_SETTINGS;com.htc.launcher.permission.UPDATE_SHORTCUT;com.huawei.android.launcher.permission.CHANGE_BADGE;com.huawei.android.launcher.permission.READ_SETTINGS;com.huawei.android.launcher.permission.WRITE_SETTINGS;com.majeur.launcher.permission.UPDATE_BADGE;com.oppo.launcher.permission.READ_SETTINGS;com.oppo.launcher.permission.WRITE_SETTINGS;com.sec.android.provider.badge.permission.READ;com.sec.android.provider.badge.permission.WRITE;com.sonyericsson.home.permission.BROADCAST_BADGE;com.sonymobile.home.permission.PROVIDER_INSERT_BADGE;com.superb.loans.borrownow.permission.C2D_MESSAGE;me.everything.badger.permission.BADGE_COUNT_READ;me.everything.badger.permission.BADGE_COUNT_WRITE,No,No,No,No,No,No,No,No,No,No,No,No,No,No,No,No,No,No,N/A,,N/A,,N/A,,FALSE,,N/A,,FALSE,,FALSE,
/data/olawalea/LoanApps/PakistanDelisted/com.plati.feb.loans.apk,Plati Loans,com.plati.feb.loans,1.0.0.7,2,16,30,Pakistan/Delisted,android.permission.ACCESS_NETWORK_STATE;android.permission.INTERNET;android.permission.READ_APP_BADGE;android.permission.RECEIVE_BOOT_COMPLETED;android.permission.VIBRATE;android.permission.WAKE_LOCK;com.anddoes.launcher.permission.UPDATE_COUNT;com.google.android.c2dm.permission.RECEIVE;com.google.android.finsky.permission.BIND_GET_INSTALL_REFERRER_SERVICE;com.htc.launcher.permission.READ_SETTINGS;com.htc.launcher.permission.UPDATE_SHORTCUT;com.huawei.android.launcher.permission.CHANGE_BADGE;com.huawei.android.launcher.permission.READ_SETTINGS;com.huawei.android.launcher.permission.WRITE_SETTINGS;com.majeur.launcher.permission.UPDATE_BADGE;com.oppo.launcher.permission.READ_SETTINGS;com.oppo.launcher.permission.WRITE_SETTINGS;com.plati.feb.loans.permission.C2D_MESSAGE;com.sec.android.provider.badge.permission.READ;com.sec.android.provider.badge.permission.WRITE;com.sonyericsson.home.permission.BROADCAST_BADGE;com.sonymobile.home.permission.PROVIDER_INSERT_BADGE;me.everything.badger.permission.BADGE_COUNT_READ;me.everything.badger.permission.BADGE_COUNT_WRITE,No,No,No,No,No,No,No,No,No,No,No,No,No,No,No,No,No,No,N/A,,N/A,,N/A,,FALSE,,N/A,,FALSE,,FALSE,
/data/olawalea/LoanApps/PhilippinesApproved/com.wow.pera_2023-09-15.apk,WowPera,com.wow.pera,2.1,20,21,33,Philippines/Approved,android.permission.ACCESS_COARSE_LOCATION;android.permission.ACCESS_NETWORK_STATE;android.permission.ACCESS_WIFI_STATE;android.permission.CALL_PHONE;android.permission.CAMERA;android.permission.CHANGE_WIFI_STATE;android.permission.FLASHLIGHT;android.permission.FOREGROUND_SERVICE;android.permission.INTERNET;android.permission.POST_NOTIFICATIONS;android.permission.READ_PHONE_STATE;android.permission.READ_SMS;android.permission.RECEIVE_BOOT_COMPLETED;android.permission.VIBRATE;android.permission.WAKE_LOCK;com.google.android.c2dm.permission.RECEIVE;com.google.android.finsky.permission.BIND_GET_INSTALL_REFERRER_SERVICE;com.google.android.gms.permission.AD_ID;com.google.android.providers.gsf.permission.READ_GSERVICES;com.wow.pera.DYNAMIC_RECEIVER_NOT_EXPORTED_PERMISSION,No,No,No,No,No,No,No,No,No,No,No,No,Yes,No,No,No,No,No,N/A,,N/A,,N/A,,N/A,,FALSE,,FALSE,,TRUE,android.permission.READ_SMS
/data/olawalea/LoanApps/PhilippinesApproved/com.happyperatwo.app_2021-10-20.apk,HappyPera 2,com.happyperatwo.app,1.4.9,149,15,29,Philippines/Approved,android.permission.ACCESS_COARSE_LOCATION;android.permission.ACCESS_FINE_LOCATION;android.permission.ACCESS_NETWORK_STATE;android.permission.ACCESS_WIFI_STATE;android.permission.CAMERA;android.permission.CHANGE_WIFI_STATE;android.permission.FLASHLIGHT;android.permission.FOREGROUND_SERVICE;android.permission.GET_TASKS;android.permission.INTERNET;android.permission.PACKAGE_USAGE_STATS;android.permission.READ_APP_BADGE;android.permission.READ_CONTACTS;android.permission.READ_EXTERNAL_STORAGE;android.permission.READ_PHONE_STATE;android.permission.READ_SYNC_SETTINGS;android.permission.RECORD_AUDIO;android.permission.REQUEST_INSTALL_PACKAGES;android.permission.SYSTEM_ALERT_WINDOW;android.permission.WAKE_LOCK;android.permission.WRITE_EXTERNAL_STORAGE;android.permission.WRITE_SETTINGS;com.anddoes.launcher.permission.UPDATE_COUNT;com.android.browser.permission.READ_HISTORY_BOOKMARKS;com.google.android.c2dm.permission.RECEIVE;com.google.android.finsky.permission.BIND_GET_INSTALL_REFERRER_SERVICE;com.happyperatwo.app.permission.RECEIVE_MSG;com.htc.launcher.permission.READ_SETTINGS;com.htc.launcher.permission.UPDATE_SHORTCUT;com.huawei.android.launcher.permission.CHANGE_BADGE;com.huawei.android.launcher.permission.READ_SETTINGS;com.huawei.android.launcher.permission.WRITE_SETTINGS;com.majeur.launcher.permission.UPDATE_BADGE;com.oppo.launcher.permission.READ_SETTINGS;com.oppo.launcher.permission.WRITE_SETTINGS;com.samsung.android.providers.context.permission.WRITE_USE_APP_FEATURE_SURVEY;com.sec.android.provider.badge.permission.READ;com.sec.android.provider.badge.permission.WRITE;com.sonyericsson.home.permission.BROADCAST_BADGE;com.sonymobile.home.permission.PROVIDER_INSERT_BADGE;getui.permission.GetuiService.com.happyperatwo.app;me.everything.badger.permission.BADGE_COUNT_READ;me.everything.badger.permission.BADGE_COUNT_WRITE,Yes,No,No,No,No,No,Yes,Yes,No,No,No,No,No,No,No,No,No,Yes,N/A,,N/A,,N/A,,N/A,,TRUE,android.permission.READ_CONTACTS,TRUE,android.permission.ACCESS_FINE_LOCATION;android.permission.READ_CONTACTS;android.permission.READ_EXTERNAL_STORAGE;android.permission.WRITE_EXTERNAL_STORAGE,TRUE,android.permission.ACCESS_FINE_LOCATION;android.permission.READ_CONTACTS;android.permission.READ_EXTERNAL_STORAGE;android.permission.WRITE_EXTERNAL_STORAGE
/data/olawalea/LoanApps/PhilippinesApproved/com.bigloan.peso_2019-09-03.apk,Big Loan,com.bigloan.peso,1.0.0,1,15,28,Philippines/Approved,android.permission.ACCESS_NETWORK_STATE;android.permission.ACCESS_WIFI_STATE;android.permission.CAMERA;android.permission.CHANGE_WIFI_STATE;android.permission.INTERNET;android.permission.MOUNT_UNMOUNT_FILESYSTEMS;android.permission.WAKE_LOCK;com.google.android.c2dm.permission.RECEIVE;com.google.android.finsky.permission.BIND_GET_INSTALL_REFERRER_SERVICE,No,No,No,No,No,No,No,No,No,No,No,No,No,No,No,No,No,No,N/A,,N/A,,N/A,,N/A,,FALSE,,FALSE,,FALSE,
/data/olawalea/LoanApps/PhilippinesApproved/ph.loans.mobile_2024-07-11.apk,,ph.loans.mobile,1.5.0,553979,,,Philippines/Approved,android.permission.ACCESS_ADSERVICES_ATTRIBUTION;android.permission.ACCESS_COARSE_LOCATION;android.permission.ACCESS_NETWORK_STATE;android.permission.ACCESS_WIFI_STATE;android.permission.AUTHENTICATE_ACCOUNTS;android.permission.CAMERA;android.permission.CHANGE_WIFI_STATE;android.permission.FOREGROUND_SERVICE;android.permission.GET_ACCOUNTS;android.permission.INTERNET;android.permission.MANAGE_ACCOUNTS;android.permission.READ_PHONE_STATE;android.permission.READ_SYNC_SETTINGS;android.permission.RECEIVE_BOOT_COMPLETED;android.permission.USE_CREDENTIALS;android.permission.VIBRATE;android.permission.WAKE_LOCK;android.permission.WRITE_INTERNAL_STORAGE;android.permission.WRITE_SYNC_SETTINGS;com.google.android.c2dm.permission.RECEIVE;com.google.android.finsky.permission.BIND_GET_INSTALL_REFERRER_SERVICE;com.google.android.gms.permission.AD_ID;ph.loans.mobile.DYNAMIC_RECEIVER_NOT_EXPORTED_PERMISSION,No,Yes,No,No,No,No,No,No,No,No,No,No,No,No,No,No,No,No,N/A,,N/A,,N/A,,N/A,,TRUE,android.permission.GET_ACCOUNTS,FALSE,,TRUE,android.permission.GET_ACCOUNTS
/data/olawalea/LoanApps/PhilippinesApproved/Pinoy Peso.apk,Pinoy Peso,com.pinpso.pinysey.pinoypeso,1.0,1,16,28,Philippines/Approved,android.permission.ACCESS_NETWORK_STATE;android.permission.ACCESS_WIFI_STATE;android.permission.INTERNET;android.permission.WAKE_LOCK;com.google.android.c2dm.permission.RECEIVE;com.google.android.finsky.permission.BIND_GET_INSTALL_REFERRER_SERVICE;com.pinpso.pinysey.pinoypeso.permission.C2D_MESSAGE,No,No,No,No,No,No,No,No,No,No,No,No,No,No,No,No,No,No,N/A,,N/A,,N/A,,N/A,,FALSE,,FALSE,,FALSE,
/data/olawalea/LoanApps/PhilippinesApproved/ph.billease_2018-07-03.apk,BillEase,ph.billease,1.0.8,8,16,26,Philippines/Approved,android.permission.ACCESS_COARSE_LOCATION;android.permission.ACCESS_FINE_LOCATION;android.permission.ACCESS_NETWORK_STATE;android.permission.ACCESS_WIFI_STATE;android.permission.CAMERA;android.permission.INTERNET;android.permission.READ_CALENDAR;android.permission.READ_CALL_LOG;android.permission.READ_CONTACTS;android.permission.READ_EXTERNAL_STORAGE;android.permission.READ_PROFILE;android.permission.READ_SMS;android.permission.SYSTEM_ALERT_WINDOW;android.permission.WRITE_CALENDAR;android.permission.WRITE_CONTACTS;com.google.android.c2dm.permission.RECEIVE,Yes,No,No,No,No,Yes,Yes,Yes,No,No,No,No,Yes,No,No,No,Yes,No,N/A,,N/A,,N/A,,N/A,,TRUE,android.permission.READ_CONTACTS;android.permission.WRITE_CONTACTS,TRUE,android.permission.ACCESS_FINE_LOCATION;android.permission.READ_CONTACTS;android.permission.READ_EXTERNAL_STORAGE,TRUE,android.permission.ACCESS_FINE_LOCATION;android.permission.READ_CALL_LOG;android.permission.READ_CONTACTS;android.permission.READ_EXTERNAL_STORAGE;android.permission.READ_SMS;android.permission.WRITE_CONTACTS
/data/olawalea/LoanApps/PhilippinesApproved/perajet.ph.credoapp_2020-09-25.apk,PeraJet,perajet.ph.credoapp,2.6,161410011,16,29,Philippines/Approved,android.permission.ACCESS_NETWORK_STATE;android.permission.ACCESS_WIFI_STATE;android.permission.BLUETOOTH;android.permission.GET_ACCOUNTS;android.permission.INTERNET;android.permission.READ_CALENDAR;android.permission.READ_CONTACTS;android.permission.READ_EXTERNAL_STORAGE;android.permission.USE_FINGERPRINT,No,Yes,No,No,No,No,Yes,Yes,No,No,No,No,No,No,No,No,No,No,N/A,,N/A,,N/A,,N/A,,TRUE,android.permission.GET_ACCOUNTS;android.permission.READ_CONTACTS,TRUE,android.permission.READ_CONTACTS;android.permission.READ_EXTERNAL_STORAGE,TRUE,android.permission.GET_ACCOUNTS;android.permission.READ_CONTACTS;android.permission.READ_EXTERNAL_STORAGE
/data/olawalea/LoanApps/PhilippinesApproved/com.valley.loan_2023-09-07.apk,Valley loan,com.valley.loan,1.2,8,21,33,Philippines/Approved,android.permission.ACCESS_COARSE_LOCATION;android.permission.ACCESS_NETWORK_STATE;android.permission.ACCESS_WIFI_STATE;android.permission.CALL_PHONE;android.permission.CAMERA;android.permission.CHANGE_NETWORK_STATE;android.permission.CHANGE_WIFI_STATE;android.permission.FLASHLIGHT;android.permission.FOREGROUND_SERVICE;android.permission.INTERNET;android.permission.POST_NOTIFICATIONS;android.permission.READ_PHONE_STATE;android.permission.READ_SMS;android.permission.RECEIVE_BOOT_COMPLETED;android.permission.VIBRATE;android.permission.WAKE_LOCK;com.google.android.c2dm.permission.RECEIVE;com.google.android.finsky.permission.BIND_GET_INSTALL_REFERRER_SERVICE;com.google.android.gms.permission.AD_ID;com.google.android.providers.gsf.permission.READ_GSERVICES,No,No,No,No,No,No,No,No,No,No,No,No,Yes,No,No,No,No,No,N/A,,N/A,,N/A,,N/A,,FALSE,,FALSE,,TRUE,android.permission.READ_SMS
/data/olawalea/LoanApps/PhilippinesApproved/AEON Credit Services.apk,ÆON Credit Service Merchant,ph.com.aeon.merchant,5.9,62,23,33,Philippines/Approved,android.permission.ACCESS_NETWORK_STATE;android.permission.ACCESS_WIFI_STATE;android.permission.CAMERA;android.permission.INTERNET;android.permission.READ_PHONE_STATE;android.permission.RECORD_AUDIO;android.permission.WAKE_LOCK;com.google.android.c2dm.permission.RECEIVE;com.google.android.finsky.permission.BIND_GET_INSTALL_REFERRER_SERVICE,No,No,No,No,No,No,No,No,No,No,No,No,No,No,No,No,No,No,N/A,,N/A,,N/A,,N/A,,FALSE,,FALSE,,FALSE,
/data/olawalea/LoanApps/PhilippinesApproved/com.myloan.pesocash_2024-08-14.apk,PesoCash,com.myloan.pesocash,2.4.5,20405,21,34,Philippines/Approved,android.permission.ACCESS_ADSERVICES_ATTRIBUTION;android.permission.ACCESS_COARSE_LOCATION;android.permission.ACCESS_NETWORK_STATE;android.permission.ACCESS_WIFI_STATE;android.permission.CAMERA;android.permission.CHANGE_NETWORK_STATE;android.permission.CHANGE_WIFI_STATE;android.permission.HIGH_SAMPLING_RATE_SENSORS;android.permission.INTERNET;android.permission.POST_NOTIFICATIONS;android.permission.READ_SMS;android.permission.VIBRATE;android.permission.WAKE_LOCK;com.google.android.c2dm.permission.RECEIVE;com.google.android.finsky.permission.BIND_GET_INSTALL_REFERRER_SERVICE;com.google.android.gms.permission.AD_ID;com.huawei.appmarket.service.commondata.permission.GET_COMMON_DATA,No,No,No,No,No,No,No,No,No,No,No,No,Yes,No,No,No,No,No,N/A,,N/A,,N/A,,N/A,,FALSE,,FALSE,,TRUE,android.permission.READ_SMS
/data/olawalea/LoanApps/PhilippinesApproved/com.firestorm.sea.loanmarket_2019-09-23.apk,Cashcash Philippines,com.firestorm.sea.loanmarket,1.0.8,73,16,28,Philippines/Approved,android.intent.action.PACKAGE_REMOVED;android.permission.ACCESS_COARSE_LOCATION;android.permission.ACCESS_FINE_LOCATION;android.permission.ACCESS_NETWORK_STATE;android.permission.ACCESS_WIFI_STATE;android.permission.BLUETOOTH;android.permission.BLUETOOTH_ADMIN;android.permission.CAMERA;android.permission.CHANGE_COMPONENT_ENABLED_STATE;android.permission.CHANGE_CONFIGURATION;android.permission.CHANGE_NETWORK_STATE;android.permission.CHANGE_WIFI_STATE;android.permission.CONNECTIVITY_INTERNAL;android.permission.CONNECTIVITY_USE_RESTRICTED_NETWORKS;android.permission.GET_ACCOUNTS;android.permission.INTERNET;android.permission.KILL_BACKGROUND_PROCESSES;android.permission.MANAGE_ACCOUNTS;android.permission.MOUNT_UNMOUNT_FILESYSTEMS;android.permission.READ_CALENDAR;android.permission.READ_CONTACTS;android.permission.READ_EXTERNAL_STORAGE;android.permission.READ_PHONE_STATE;android.permission.RECEIVE_BOOT_COMPLETED;android.permission.REQUEST_INSTALL_PACKAGES;android.permission.SYSTEM_ALERT_WINDOW;android.permission.USE_CREDENTIALS;android.permission.WAKE_LOCK;android.permission.WRITE_CALENDAR;android.permission.WRITE_EXTERNAL_STORAGE;com.android.browser.permission.READ_HISTORY_BOOKMARKS;com.android.chrome.permission.READ_WRITE_BOOKMARK_FOLDERS;com.firestorm.sea.loanmarket.permission.C2D_MESSAGE;com.google.android.c2dm.permission.RECEIVE;com.google.android.finsky.permission.BIND_GET_INSTALL_REFERRER_SERVICE,Yes,Yes,No,No,No,No,Yes,Yes,No,No,No,No,No,No,No,No,No,Yes,N/A,,N/A,,N/A,,N/A,,TRUE,android.permission.GET_ACCOUNTS;android.permission.READ_CONTACTS,TRUE,android.permission.ACCESS_FINE_LOCATION;android.permission.READ_CONTACTS;android.permission.READ_EXTERNAL_STORAGE;android.permission.WRITE_EXTERNAL_STORAGE,TRUE,android.permission.ACCESS_FINE_LOCATION;android.permission.GET_ACCOUNTS;android.permission.READ_CONTACTS;android.permission.READ_EXTERNAL_STORAGE;android.permission.WRITE_EXTERNAL_STORAGE
/data/olawalea/LoanApps/PhilippinesApproved/ph.zippeso.online.cash.loan_2023-10-17.apk,Zippeso - Online Cash Loan,ph.zippeso.online.cash.loan,1.8,12,21,33,Philippines/Approved,android.permission.ACCESS_COARSE_LOCATION;android.permission.ACCESS_LOCATION_EXTRA_COMMANDS;android.permission.ACCESS_NETWORK_STATE;android.permission.ACCESS_WIFI_STATE;android.permission.CALL_PHONE;android.permission.CAMERA;android.permission.CHANGE_NETWORK_STATE;android.permission.CHANGE_WIFI_STATE;android.permission.FLASHLIGHT;android.permission.FOREGROUND_SERVICE;android.permission.INTERNET;android.permission.POST_NOTIFICATIONS;android.permission.READ_PHONE_STATE;android.permission.READ_SMS;android.permission.RECEIVE_BOOT_COMPLETED;android.permission.SYSTEM_ALERT_WINDOW;android.permission.VIBRATE;android.permission.WAKE_LOCK;com.google.android.c2dm.permission.RECEIVE;com.google.android.finsky.permission.BIND_GET_INSTALL_REFERRER_SERVICE;com.google.android.gms.permission.AD_ID;com.google.android.providers.gsf.permission.READ_GSERVICES,No,No,No,No,No,No,No,No,No,No,No,No,Yes,No,No,No,No,No,N/A,,N/A,,N/A,,N/A,,FALSE,,FALSE,,TRUE,android.permission.READ_SMS
/data/olawalea/LoanApps/PhilippinesApproved/com.balikbayad_2023-12-27.apk,Balikbayad,com.balikbayad,1.7.0,414,19,33,Philippines/Approved,android.permission.ACCESS_NETWORK_STATE;android.permission.ACCESS_WIFI_STATE;android.permission.BLUETOOTH;android.permission.CHANGE_WIFI_STATE;android.permission.FOREGROUND_SERVICE;android.permission.INTERNET;android.permission.READ_CALENDAR;android.permission.READ_PHONE_STATE;android.permission.RECEIVE_BOOT_COMPLETED;android.permission.WAKE_LOCK;com.google.android.finsky.permission.BIND_GET_INSTALL_REFERRER_SERVICE;com.google.android.gms.permission.AD_ID,No,No,No,No,No,No,No,No,No,No,No,No,No,No,No,No,No,No,N/A,,N/A,,N/A,,N/A,,FALSE,,FALSE,,FALSE,
/data/olawalea/LoanApps/PhilippinesApproved/Acom.apk,ACOM,ai.deepscore.acom.prod,1.3.0.f0fd6be,13001,22,33,Philippines/Approved,android.permission.ACCESS_COARSE_LOCATION;android.permission.ACCESS_NETWORK_STATE;android.permission.CAMERA;android.permission.INTERNET;android.permission.READ_PHONE_STATE;android.permission.RECORD_AUDIO;android.permission.WAKE_LOCK;com.google.android.c2dm.permission.RECEIVE;com.google.android.finsky.permission.BIND_GET_INSTALL_REFERRER_SERVICE;com.google.android.gms.permission.AD_ID,No,No,No,No,No,No,No,No,No,No,No,No,No,No,No,No,No,No,N/A,,N/A,,N/A,,N/A,,FALSE,,FALSE,,FALSE,
/data/olawalea/LoanApps/PhilippinesApproved/com.v.plus.vplus_2024-06-03.apk,Vplus,com.v.plus.vplus,1.0.8,104,23,34,Philippines/Approved,android.permission.ACCESS_ADSERVICES_AD_ID;android.permission.ACCESS_ADSERVICES_ATTRIBUTION;android.permission.ACCESS_COARSE_LOCATION;android.permission.ACCESS_NETWORK_STATE;android.permission.ACCESS_WIFI_STATE;android.permission.CAMERA;android.permission.CHANGE_WIFI_STATE;android.permission.INTERNET;android.permission.POST_NOTIFICATIONS;android.permission.READ_CALENDAR;android.permission.READ_PHONE_STATE;android.permission.READ_PRIVILEGED_PHONE_STATE;android.permission.READ_SMS;android.permission.VIBRATE;android.permission.WAKE_LOCK;com.google.android.c2dm.permission.RECEIVE;com.google.android.finsky.permission.BIND_GET_INSTALL_REFERRER_SERVICE;com.google.android.gms.permission.AD_ID;com.huawei.appmarket.service.commondata.permission.GET_COMMON_DATA;com.v.plus.vplus.DYNAMIC_RECEIVER_NOT_EXPORTED_PERMISSION,No,No,No,No,No,No,No,No,No,No,No,No,Yes,No,No,No,No,No,N/A,,N/A,,N/A,,N/A,,FALSE,,FALSE,,TRUE,android.permission.READ_SMS
/data/olawalea/LoanApps/PhilippinesApproved/com.philipin.pesokwento.loan_2023-12-07.apk,Pesokwento,com.philipin.pesokwento.loan,1.0.2,2,21,33,Philippines/Approved,android.permission.ACCESS_COARSE_LOCATION;android.permission.ACCESS_NETWORK_STATE;android.permission.ACCESS_WIFI_STATE;android.permission.CAMERA;android.permission.INTERNET;android.permission.POST_NOTIFICATIONS;android.permission.READ_PHONE_STATE;android.permission.READ_SMS;android.permission.WAKE_LOCK;com.google.android.c2dm.permission.RECEIVE;com.google.android.finsky.permission.BIND_GET_INSTALL_REFERRER_SERVICE;com.google.android.gms.permission.AD_ID;com.philipin.pesokwento.loan.DYNAMIC_RECEIVER_NOT_EXPORTED_PERMISSION,No,No,No,No,No,No,No,No,No,No,No,No,Yes,No,No,No,No,No,N/A,,N/A,,N/A,,N/A,,FALSE,,FALSE,,TRUE,android.permission.READ_SMS
/data/olawalea/LoanApps/PhilippinesApproved/com.liang.chan_2024-04-08.apk,,com.liang.chan,3.2,25,,,Philippines/Approved,android.permission.ACCESS_NETWORK_STATE;android.permission.ACCESS_WIFI_STATE;android.permission.CALL_PHONE;android.permission.CAMERA;android.permission.CHANGE_NETWORK_STATE;android.permission.CHANGE_WIFI_STATE;android.permission.FLASHLIGHT;android.permission.FOREGROUND_SERVICE;android.permission.INTERNET;android.permission.PACKAGE_USAGE_STATS;android.permission.POST_NOTIFICATIONS;android.permission.READ_PHONE_STATE;android.permission.READ_SMS;android.permission.RECEIVE_BOOT_COMPLETED;android.permission.SYSTEM_ALERT_WINDOW;android.permission.WAKE_LOCK;com.google.android.c2dm.permission.RECEIVE;com.google.android.finsky.permission.BIND_GET_INSTALL_REFERRER_SERVICE;com.google.android.gms.permission.AD_ID;com.liang.chan.DYNAMIC_RECEIVER_NOT_EXPORTED_PERMISSION,No,No,No,No,No,No,No,No,No,No,No,No,Yes,No,No,No,No,No,N/A,,N/A,,N/A,,N/A,,FALSE,,FALSE,,TRUE,android.permission.READ_SMS
/data/olawalea/LoanApps/PhilippinesApproved/in.atome_2020-07-21.apk,CredTap,in.atome,1.2.4,28,19,28,Philippines/Approved,android.permission.ACCESS_COARSE_LOCATION;android.permission.ACCESS_FINE_LOCATION;android.permission.ACCESS_NETWORK_STATE;android.permission.ACCESS_WIFI_STATE;android.permission.BLUETOOTH;android.permission.CAMERA;android.permission.FLASHLIGHT;android.permission.FOREGROUND_SERVICE;android.permission.GET_ACCOUNTS;android.permission.GET_PACKAGE_SIZE;android.permission.INTERNET;android.permission.READ_CONTACTS;android.permission.READ_EXTERNAL_STORAGE;android.permission.READ_PHONE_STATE;android.permission.RECORD_AUDIO;android.permission.SYSTEM_ALERT_WINDOW;android.permission.VIBRATE;android.permission.WAKE_LOCK;android.permission.WRITE_EXTERNAL_STORAGE;com.android.browser.permission.READ_HISTORY_BOOKMARKS;com.google.android.c2dm.permission.RECEIVE;com.google.android.finsky.permission.BIND_GET_INSTALL_REFERRER_SERVICE,Yes,Yes,No,No,No,No,Yes,Yes,No,No,No,No,No,No,No,No,No,Yes,N/A,,N/A,,N/A,,N/A,,TRUE,android.permission.GET_ACCOUNTS;android.permission.READ_CONTACTS,TRUE,android.permission.ACCESS_FINE_LOCATION;android.permission.READ_CONTACTS;android.permission.READ_EXTERNAL_STORAGE;android.permission.WRITE_EXTERNAL_STORAGE,TRUE,android.permission.ACCESS_FINE_LOCATION;android.permission.GET_ACCOUNTS;android.permission.READ_CONTACTS;android.permission.READ_EXTERNAL_STORAGE;android.permission.WRITE_EXTERNAL_STORAGE
/data/olawalea/LoanApps/PhilippinesApproved/PesoGo.apk,PesoGo,com.yigomob.philippine.pesogo,1.0.0,100,19,28,Philippines/Approved,android.permission.ACCESS_COARSE_LOCATION;android.permission.ACCESS_FINE_LOCATION;android.permission.ACCESS_NETWORK_STATE;android.permission.ACCESS_WIFI_STATE;android.permission.CALL_PHONE;android.permission.CAMERA;android.permission.INTERNET;android.permission.READ_CONTACTS;android.permission.READ_EXTERNAL_STORAGE;android.permission.READ_PHONE_STATE;android.permission.REQUEST_INSTALL_PACKAGES;android.permission.WAKE_LOCK;android.permission.WRITE_EXTERNAL_STORAGE;com.google.android.c2dm.permission.RECEIVE;com.google.android.finsky.permission.BIND_GET_INSTALL_REFERRER_SERVICE,Yes,No,No,No,No,No,Yes,Yes,No,No,No,No,No,No,No,No,No,Yes,N/A,,N/A,,N/A,,N/A,,TRUE,android.permission.READ_CONTACTS,TRUE,android.permission.ACCESS_FINE_LOCATION;android.permission.READ_CONTACTS;android.permission.READ_EXTERNAL_STORAGE;android.permission.WRITE_EXTERNAL_STORAGE,TRUE,android.permission.ACCESS_FINE_LOCATION;android.permission.READ_CONTACTS;android.permission.READ_EXTERNAL_STORAGE;android.permission.WRITE_EXTERNAL_STORAGE
/data/olawalea/LoanApps/PhilippinesApproved/ph.cashwow11.android_2019-09-12.apk,cashwow,ph.cashwow11.android,1.2.2,12,17,28,Philippines/Approved,android.hardware.camera.autofocus;android.permission.ACCESS_COARSE_LOCATION;android.permission.ACCESS_FINE_LOCATION;android.permission.ACCESS_NETWORK_STATE;android.permission.ACCESS_WIFI_STATE;android.permission.CAMERA;android.permission.FOREGROUND_SERVICE;android.permission.INTERNET;android.permission.MANAGE_DOCUMENTS;android.permission.READ_CONTACTS;android.permission.READ_EXTERNAL_STORAGE;android.permission.READ_PHONE_STATE;android.permission.VIBRATE;android.permission.WAKE_LOCK;android.permission.WRITE_EXTERNAL_STORAGE;com.google.android.c2dm.permission.RECEIVE;com.google.android.finsky.permission.BIND_GET_INSTALL_REFERRER_SERVICE;ph.cashwow11.android.permission.C2D_MESSAGE,Yes,No,No,No,No,No,Yes,Yes,No,No,No,No,No,No,No,No,No,Yes,N/A,,N/A,,N/A,,N/A,,TRUE,android.permission.READ_CONTACTS,TRUE,android.permission.ACCESS_FINE_LOCATION;android.permission.READ_CONTACTS;android.permission.READ_EXTERNAL_STORAGE;android.permission.WRITE_EXTERNAL_STORAGE,TRUE,android.permission.ACCESS_FINE_LOCATION;android.permission.READ_CONTACTS;android.permission.READ_EXTERNAL_STORAGE;android.permission.WRITE_EXTERNAL_STORAGE
/data/olawalea/LoanApps/PhilippinesApproved/com.pesoloan_2024-06-19.apk,,com.pesoloan,2.2.0,155,,,Philippines/Approved,android.permission.ACCESS_COARSE_LOCATION;android.permission.ACCESS_NETWORK_STATE;android.permission.ACCESS_WIFI_STATE;android.permission.CAMERA;android.permission.CHANGE_NETWORK_STATE;android.permission.CHANGE_WIFI_STATE;android.permission.GET_PACKAGE_SIZE;android.permission.INTERNET;android.permission.PACKAGE_USAGE_STATS;android.permission.POST_NOTIFICATIONS;android.permission.READ_CALENDAR;android.permission.READ_CALL_LOG;android.permission.READ_PHONE_STATE;android.permission.READ_SMS;android.permission.RECEIVE_SMS;android.permission.USE_BIOMETRIC;android.permission.USE_FINGERPRINT;android.permission.WAKE_LOCK;android.permission.WRITE_CALENDAR;com.google.android.c2dm.permission.RECEIVE;com.google.android.finsky.permission.BIND_GET_INSTALL_REFERRER_SERVICE;com.google.android.gms.permission.AD_ID,No,No,No,No,No,Yes,No,No,No,No,No,No,Yes,Yes,No,No,No,No,N/A,,N/A,,N/A,,N/A,,FALSE,,FALSE,,TRUE,android.permission.READ_CALL_LOG;android.permission.READ_SMS;android.permission.RECEIVE_SMS
/data/olawalea/LoanApps/PhilippinesApproved/com.perabag.app_2023-05-22.apk,NewCash,com.perabag.app,1.0.13,13,21,31,Philippines/Approved,android.permission.ACCESS_COARSE_LOCATION;android.permission.ACCESS_NETWORK_STATE;android.permission.ACCESS_WIFI_STATE;android.permission.BLUETOOTH;android.permission.CAMERA;android.permission.GET_ACCOUNTS;android.permission.INTERNET;android.permission.READ_PHONE_STATE;android.permission.READ_SMS;android.permission.WAKE_LOCK;android.permission.WRITE_EXTERNAL_STORAGE;com.google.android.c2dm.permission.RECEIVE;com.google.android.finsky.permission.BIND_GET_INSTALL_REFERRER_SERVICE;com.google.android.gms.permission.AD_ID,No,Yes,No,No,No,No,No,No,No,No,No,No,Yes,No,No,No,No,Yes,N/A,,N/A,,N/A,,N/A,,TRUE,android.permission.GET_ACCOUNTS,TRUE,android.permission.WRITE_EXTERNAL_STORAGE,TRUE,android.permission.GET_ACCOUNTS;android.permission.READ_SMS;android.permission.WRITE_EXTERNAL_STORAGE
/data/olawalea/LoanApps/PhilippinesApproved/com.qiantanglending.vps_2019-04-24.apk,iPeso,com.qiantanglending.vps,1.0.2,2,18,26,Philippines/Approved,android.permission.ACCESS_COARSE_LOCATION;android.permission.ACCESS_FINE_LOCATION;android.permission.ACCESS_NETWORK_STATE;android.permission.ACCESS_WIFI_STATE;android.permission.CALL_PHONE;android.permission.CAMERA;android.permission.CHANGE_CONFIGURATION;android.permission.GET_TASKS;android.permission.INTERNET;android.permission.MODIFY_AUDIO_SETTINGS;android.permission.MOUNT_UNMOUNT_FILESYSTEMS;android.permission.READ_CONTACTS;android.permission.READ_EXTERNAL_STORAGE;android.permission.READ_LOGS;android.permission.READ_PHONE_STATE;android.permission.READ_SETTINGS;android.permission.RECORD_AUDIO;android.permission.RECORD_VIDEO;android.permission.SYSTEM_ALERT_WINDOW;android.permission.VIBRATE;android.permission.WAKE_LOCK;android.permission.WRITE_EXTERNAL_STORAGE;android.permission.WRITE_SETTINGS;com.google.android.finsky.permission.BIND_GET_INSTALL_REFERRER_SERVICE,Yes,No,No,No,No,No,Yes,Yes,No,No,No,No,No,No,No,No,No,Yes,N/A,,N/A,,N/A,,N/A,,TRUE,android.permission.READ_CONTACTS,TRUE,android.permission.ACCESS_FINE_LOCATION;android.permission.READ_CONTACTS;android.permission.READ_EXTERNAL_STORAGE;android.permission.WRITE_EXTERNAL_STORAGE,TRUE,android.permission.ACCESS_FINE_LOCATION;android.permission.READ_CONTACTS;android.permission.READ_EXTERNAL_STORAGE;android.permission.WRITE_EXTERNAL_STORAGE
/data/olawalea/LoanApps/PhilippinesApproved/com.andsystems.lendpinoy_2023-11-09.apk,etomo,com.andsystems.lendpinoy,1.0.0,16194372,23,33,Philippines/Approved,android.permission.ACCESS_COARSE_LOCATION;android.permission.ACCESS_NETWORK_STATE;android.permission.ACCESS_WIFI_STATE;android.permission.CAMERA;android.permission.FOREGROUND_SERVICE;android.permission.INTERNET;android.permission.POST_NOTIFICATIONS;android.permission.READ_APP_BADGE;android.permission.RECEIVE_BOOT_COMPLETED;android.permission.USE_BIOMETRIC;android.permission.USE_FINGERPRINT;android.permission.VIBRATE;android.permission.WAKE_LOCK;com.anddoes.launcher.permission.UPDATE_COUNT;com.google.android.c2dm.permission.RECEIVE;com.google.android.finsky.permission.BIND_GET_INSTALL_REFERRER_SERVICE;com.google.android.gms.permission.AD_ID;com.htc.launcher.permission.READ_SETTINGS;com.htc.launcher.permission.UPDATE_SHORTCUT;com.huawei.android.launcher.permission.CHANGE_BADGE;com.huawei.android.launcher.permission.READ_SETTINGS;com.huawei.android.launcher.permission.WRITE_SETTINGS;com.majeur.launcher.permission.UPDATE_BADGE;com.oppo.launcher.permission.READ_SETTINGS;com.oppo.launcher.permission.WRITE_SETTINGS;com.sec.android.provider.badge.permission.READ;com.sec.android.provider.badge.permission.WRITE;com.sonyericsson.home.permission.BROADCAST_BADGE;com.sonymobile.home.permission.PROVIDER_INSERT_BADGE;me.everything.badger.permission.BADGE_COUNT_READ;me.everything.badger.permission.BADGE_COUNT_WRITE,No,No,No,No,No,No,No,No,No,No,No,No,No,No,No,No,No,No,N/A,,N/A,,N/A,,N/A,,FALSE,,FALSE,,FALSE,
/data/olawalea/LoanApps/PhilippinesApproved/com.oriente.cashalo_2024-08-11.apk,Cashalo,com.oriente.cashalo,2.8.0.1,2013763,23,34,Philippines/Approved,android.permission.ACCESS_COARSE_LOCATION;android.permission.ACCESS_NETWORK_STATE;android.permission.ACCESS_WIFI_STATE;android.permission.CAMERA;android.permission.FLASHLIGHT;android.permission.FOREGROUND_SERVICE;android.permission.FOREGROUND_SERVICE_DATA_SYNC;android.permission.INTERNET;android.permission.NFC;android.permission.POST_NOTIFICATIONS;android.permission.READ_PHONE_STATE;android.permission.RECEIVE_BOOT_COMPLETED;android.permission.RECORD_AUDIO;android.permission.USE_BIOMETRIC;android.permission.USE_FINGERPRINT;android.permission.VIBRATE;android.permission.WAKE_LOCK;com.google.android.c2dm.permission.RECEIVE;com.google.android.finsky.permission.BIND_GET_INSTALL_REFERRER_SERVICE;com.google.android.gms.permission.AD_ID;com.oriente.cashalo.DYNAMIC_RECEIVER_NOT_EXPORTED_PERMISSION,No,No,No,No,No,No,No,No,No,No,No,No,No,No,No,No,No,No,N/A,,N/A,,N/A,,N/A,,FALSE,,FALSE,,FALSE,
/data/olawalea/LoanApps/PhilippinesApproved/versluisant.kredit24_2023-01-02.apk,pera247,versluisant.kredit24,2.2.5,505,23,31,Philippines/Approved,android.permission.ACCESS_COARSE_LOCATION;android.permission.ACCESS_FINE_LOCATION;android.permission.ACCESS_NETWORK_STATE;android.permission.ACCESS_WIFI_STATE;android.permission.BLUETOOTH;android.permission.CAMERA;android.permission.INTERNET;android.permission.READ_CONTACTS;android.permission.READ_EXTERNAL_STORAGE;android.permission.READ_PHONE_STATE;android.permission.RECEIVE_BOOT_COMPLETED;android.permission.WAKE_LOCK;android.permission.WRITE_EXTERNAL_STORAGE;com.google.android.c2dm.permission.RECEIVE;com.google.android.finsky.permission.BIND_GET_INSTALL_REFERRER_SERVICE;com.google.android.gms.permission.AD_ID,Yes,No,No,No,No,No,Yes,Yes,No,No,No,No,No,No,No,No,No,Yes,N/A,,N/A,,N/A,,N/A,,TRUE,android.permission.READ_CONTACTS,TRUE,android.permission.ACCESS_FINE_LOCATION;android.permission.READ_CONTACTS;android.permission.READ_EXTERNAL_STORAGE;android.permission.WRITE_EXTERNAL_STORAGE,TRUE,android.permission.ACCESS_FINE_LOCATION;android.permission.READ_CONTACTS;android.permission.READ_EXTERNAL_STORAGE;android.permission.WRITE_EXTERNAL_STORAGE
/data/olawalea/LoanApps/PhilippinesApproved/com.pesohere.android_2024-05-14.apk,,com.pesohere.android,1.0.6,106,,,Philippines/Approved,android.permission.ACCESS_COARSE_LOCATION;android.permission.ACCESS_NETWORK_STATE;android.permission.ACCESS_WIFI_STATE;android.permission.CAMERA;android.permission.FOREGROUND_SERVICE;android.permission.INTERNET;android.permission.POST_NOTIFICATIONS;android.permission.READ_PHONE_STATE;android.permission.READ_PRI;android.permission.READ_SMS;android.permission.RECEIVE_BOOT_COMPLETED;android.permission.SYSTEM_ALERT_WINDOW;android.permission.USE_FINGERPRINT;android.permission.WAKE_LOCK;com.google.android.c2dm.permission.RECEIVE;com.google.android.finsky.permission.BIND_GET_INSTALL_REFERRER_SERVICE;com.google.android.gms.permission.AD_ID,No,No,No,No,No,No,No,No,No,No,No,No,Yes,No,No,No,No,No,N/A,,N/A,,N/A,,N/A,,FALSE,,FALSE,,TRUE,android.permission.READ_SMS
/data/olawalea/LoanApps/PhilippinesApproved/com.ph.loan.android_2020-08-17.apk,GoPeso,com.ph.loan.android,1.0.2.2,1022,19,28,Philippines/Approved,android.permission.ACCESS_COARSE_LOCATION;android.permission.ACCESS_FINE_LOCATION;android.permission.ACCESS_NETWORK_STATE;android.permission.ACCESS_WIFI_STATE;android.permission.BLUETOOTH;android.permission.CALL_PHONE;android.permission.CAMERA;android.permission.CHANGE_WIFI_STATE;android.permission.FOREGROUND_SERVICE;android.permission.GET_ACCOUNTS;android.permission.INTERNET;android.permission.MODIFY_AUDIO_SETTINGS;android.permission.PACKAGE_USAGE_STATS;android.permission.READ_CALENDAR;android.permission.READ_CONTACTS;android.permission.READ_EXTERNAL_STORAGE;android.permission.READ_PHONE_STATE;android.permission.RECORD_AUDIO;android.permission.REQUEST_DELETE_PACKAGES;android.permission.WAKE_LOCK;android.permission.WRITE_CALENDAR;android.permission.WRITE_EXTERNAL_STORAGE;com.google.android.c2dm.permission.RECEIVE;com.google.android.finsky.permission.BIND_GET_INSTALL_REFERRER_SERVICE,Yes,Yes,No,No,No,No,Yes,Yes,No,No,No,No,No,No,No,No,No,Yes,N/A,,N/A,,N/A,,N/A,,TRUE,android.permission.GET_ACCOUNTS;android.permission.READ_CONTACTS,TRUE,android.permission.ACCESS_FINE_LOCATION;android.permission.READ_CONTACTS;android.permission.READ_EXTERNAL_STORAGE;android.permission.WRITE_EXTERNAL_STORAGE,TRUE,android.permission.ACCESS_FINE_LOCATION;android.permission.GET_ACCOUNTS;android.permission.READ_CONTACTS;android.permission.READ_EXTERNAL_STORAGE;android.permission.WRITE_EXTERNAL_STORAGE
/data/olawalea/LoanApps/PhilippinesApproved/com.cga.cash_2021-10-23.apk,Pinoy Peso,com.cga.cash,1.8.10,73,19,29,Philippines/Approved,android.permission.ACCESS_COARSE_LOCATION;android.permission.ACCESS_FINE_LOCATION;android.permission.ACCESS_NETWORK_STATE;android.permission.ACCESS_WIFI_STATE;android.permission.BLUETOOTH;android.permission.CAMERA;android.permission.CHANGE_WIFI_STATE;android.permission.GET_ACCOUNTS;android.permission.INTERNET;android.permission.READ_CALENDAR;android.permission.READ_CONTACTS;android.permission.READ_EXTERNAL_STORAGE;android.permission.READ_PHONE_STATE;android.permission.REQUEST_INSTALL_PACKAGES;android.permission.WAKE_LOCK;android.permission.WRITE_CALENDAR;android.permission.WRITE_EXTERNAL_STORAGE;com.google.android.c2dm.permission.RECEIVE;com.google.android.finsky.permission.BIND_GET_INSTALL_REFERRER_SERVICE,Yes,Yes,No,No,No,No,Yes,Yes,No,No,No,No,No,No,No,No,No,Yes,N/A,,N/A,,N/A,,N/A,,TRUE,android.permission.GET_ACCOUNTS;android.permission.READ_CONTACTS,TRUE,android.permission.ACCESS_FINE_LOCATION;android.permission.READ_CONTACTS;android.permission.READ_EXTERNAL_STORAGE;android.permission.WRITE_EXTERNAL_STORAGE,TRUE,android.permission.ACCESS_FINE_LOCATION;android.permission.GET_ACCOUNTS;android.permission.READ_CONTACTS;android.permission.READ_EXTERNAL_STORAGE;android.permission.WRITE_EXTERNAL_STORAGE
/data/olawalea/LoanApps/PhilippinesApproved/com.juanhand.fast.cash.peso.loan.app_2024-09-11.apk,JuanHand,com.juanhand.fast.cash.peso.loan.app,6.4.1,102,21,34,Philippines/Approved,android.permission.ACCESS_ADSERVICES_ATTRIBUTION;android.permission.ACCESS_NETWORK_STATE;android.permission.ACCESS_WIFI_STATE;android.permission.CAMERA;android.permission.FOREGROUND_SERVICE;android.permission.INTERNET;android.permission.PACKAGE_USAGE_STATS;android.permission.POST_NOTIFICATIONS;android.permission.READ_PHONE_STATE;android.permission.READ_SMS;android.permission.WAKE_LOCK;com.google.android.c2dm.permission.RECEIVE;com.google.android.finsky.permission.BIND_GET_INSTALL_REFERRER_SERVICE;com.google.android.gms.permission.AD_ID;com.huawei.appmarket.service.commondata.permission.GET_COMMON_DATA;com.juanhand.fast.cash.peso.loan.app.DYNAMIC_RECEIVER_NOT_EXPORTED_PERMISSION,No,No,No,No,No,No,No,No,No,No,No,No,Yes,No,No,No,No,No,N/A,,N/A,,N/A,,N/A,,FALSE,,FALSE,,TRUE,android.permission.READ_SMS
/data/olawalea/LoanApps/PhilippinesApproved/ooifxdso.opxosduf.oqexred_2023-03-14.apk,MadaLoan,ooifxdso.opxosduf.oqexred,1.4.0,44,21,32,Philippines/Approved,android.hardware.camera.autofocus;android.permission.ACCESS_COARSE_LOCATION;android.permission.ACCESS_FINE_LOCATION;android.permission.ACCESS_NETWORK_STATE;android.permission.ACCESS_WIFI_STATE;android.permission.BLUETOOTH;android.permission.BLUETOOTH_CONNECT;android.permission.CAMERA;android.permission.FOREGROUND_SERVICE;android.permission.INTERNET;android.permission.MANAGE_DOCUMENTS;android.permission.POST_NOTIFICATIONS;android.permission.READ_CONTACTS;android.permission.READ_EXTERNAL_STORAGE;android.permission.READ_PHONE_NUMBERS;android.permission.READ_PHONE_STATE;android.permission.READ_SMS;android.permission.VIBRATE;android.permission.WAKE_LOCK;android.permission.WRITE_EXTERNAL_STORAGE;com.google.android.c2dm.permission.RECEIVE;com.google.android.finsky.permission.BIND_GET_INSTALL_REFERRER_SERVICE;com.google.android.gms.permission.AD_ID,Yes,No,No,No,No,No,Yes,Yes,No,No,No,Yes,Yes,No,No,No,No,Yes,N/A,,N/A,,N/A,,N/A,,TRUE,android.permission.READ_CONTACTS,TRUE,android.permission.ACCESS_FINE_LOCATION;android.permission.READ_CONTACTS;android.permission.READ_EXTERNAL_STORAGE;android.permission.READ_PHONE_NUMBERS;android.permission.WRITE_EXTERNAL_STORAGE,TRUE,android.permission.ACCESS_FINE_LOCATION;android.permission.READ_CONTACTS;android.permission.READ_EXTERNAL_STORAGE;android.permission.READ_PHONE_NUMBERS;android.permission.READ_SMS;android.permission.WRITE_EXTERNAL_STORAGE
/data/olawalea/LoanApps/PhilippinesApproved/com.nimechokakifala.apk_2019-06-03.apk,Unibank-Pautang App,com.nimechokakifala.apk,1.0,1,16,26,Philippines/Approved,android.permission.ACCESS_NETWORK_STATE;android.permission.INTERNET;android.permission.READ_APP_BADGE;android.permission.RECEIVE_BOOT_COMPLETED;android.permission.VIBRATE;android.permission.WAKE_LOCK;com.anddoes.launcher.permission.UPDATE_COUNT;com.google.android.c2dm.permission.RECEIVE;com.htc.launcher.permission.READ_SETTINGS;com.htc.launcher.permission.UPDATE_SHORTCUT;com.huawei.android.launcher.permission.CHANGE_BADGE;com.huawei.android.launcher.permission.READ_SETTINGS;com.huawei.android.launcher.permission.WRITE_SETTINGS;com.majeur.launcher.permission.UPDATE_BADGE;com.nimechokakifala.apk.permission.C2D_MESSAGE;com.oppo.launcher.permission.READ_SETTINGS;com.oppo.launcher.permission.WRITE_SETTINGS;com.sec.android.provider.badge.permission.READ;com.sec.android.provider.badge.permission.WRITE;com.sonyericsson.home.permission.BROADCAST_BADGE;com.sonymobile.home.permission.PROVIDER_INSERT_BADGE;me.everything.badger.permission.BADGE_COUNT_READ;me.everything.badger.permission.BADGE_COUNT_WRITE,No,No,No,No,No,No,No,No,No,No,No,No,No,No,No,No,No,No,N/A,,N/A,,N/A,,N/A,,FALSE,,FALSE,,FALSE,
/data/olawalea/LoanApps/PhilippinesApproved/ru.kviku.mobile.credits_2024-06-13.apk,Kviku,ru.kviku.mobile.credits,1.19.2,203,23,33,Philippines/Approved,android.permission.ACCESS_ADSERVICES_AD_ID;android.permission.ACCESS_ADSERVICES_ATTRIBUTION;android.permission.ACCESS_NETWORK_STATE;android.permission.ACCESS_WIFI_STATE;android.permission.INTERNET;android.permission.POST_NOTIFICATIONS;android.permission.USE_BIOMETRIC;android.permission.USE_FINGERPRINT;android.permission.WAKE_LOCK;com.google.android.c2dm.permission.RECEIVE;com.google.android.finsky.permission.BIND_GET_INSTALL_REFERRER_SERVICE;com.google.android.gms.permission.AD_ID;ru.kviku.mobile.credits.DYNAMIC_RECEIVER_NOT_EXPORTED_PERMISSION,No,No,No,No,No,No,No,No,No,No,No,No,No,No,No,No,No,No,N/A,,N/A,,N/A,,N/A,,FALSE,,FALSE,,FALSE,
/data/olawalea/LoanApps/PhilippinesApproved/Fastpeso.apk,Fast Peso,ph.fast.peso,0.3.1,27,16,26,Philippines/Approved,android.permission.ACCESS_COARSE_LOCATION;android.permission.ACCESS_FINE_LOCATION;android.permission.ACCESS_NETWORK_STATE;android.permission.ACCESS_WIFI_STATE;android.permission.CALL_PHONE;android.permission.CAMERA;android.permission.INTERNET;android.permission.READ_CONTACTS;android.permission.READ_EXTERNAL_STORAGE;android.permission.READ_PHONE_STATE;android.permission.RECORD_AUDIO;android.permission.REORDER_TASKS;android.permission.VIBRATE;android.permission.WAKE_LOCK;android.permission.WRITE_EXTERNAL_STORAGE;com.google.android.c2dm.permission.RECEIVE;com.google.android.finsky.permission.BIND_GET_INSTALL_REFERRER_SERVICE;ph.fast.peso.permission.MIPUSH_RECEIVE,Yes,No,No,No,No,No,Yes,Yes,No,No,No,No,No,No,No,No,No,Yes,N/A,,N/A,,N/A,,N/A,,TRUE,android.permission.READ_CONTACTS,TRUE,android.permission.ACCESS_FINE_LOCATION;android.permission.READ_CONTACTS;android.permission.READ_EXTERNAL_STORAGE;android.permission.WRITE_EXTERNAL_STORAGE,TRUE,android.permission.ACCESS_FINE_LOCATION;android.permission.READ_CONTACTS;android.permission.READ_EXTERNAL_STORAGE;android.permission.WRITE_EXTERNAL_STORAGE
/data/olawalea/LoanApps/PhilippinesApproved/com.peso2go_2019-08-29.apk,Peso2Go,com.peso2go,v1.9.4,20,18,28,Philippines/Approved,android.permission.ACCESS_COARSE_LOCATION;android.permission.ACCESS_FINE_LOCATION;android.permission.ACCESS_NETWORK_STATE;android.permission.ACCESS_WIFI_STATE;android.permission.CAMERA;android.permission.CHANGE_WIFI_STATE;android.permission.INTERNET;android.permission.READ_CONTACTS;android.permission.READ_EXTERNAL_STORAGE;android.permission.READ_PHONE_NUMBERS;android.permission.RECORD_AUDIO;android.permission.SYSTEM_ALERT_WINDOW;android.permission.WRITE_CONTACTS;android.permission.WRITE_EXTERNAL_STORAGE;com.google.android.finsky.permission.BIND_GET_INSTALL_REFERRER_SERVICE,Yes,No,No,No,No,No,Yes,Yes,No,No,No,Yes,No,No,No,No,Yes,Yes,N/A,,N/A,,N/A,,N/A,,TRUE,android.permission.READ_CONTACTS;android.permission.WRITE_CONTACTS,TRUE,android.permission.ACCESS_FINE_LOCATION;android.permission.READ_CONTACTS;android.permission.READ_EXTERNAL_STORAGE;android.permission.READ_PHONE_NUMBERS;android.permission.WRITE_EXTERNAL_STORAGE,TRUE,android.permission.ACCESS_FINE_LOCATION;android.permission.READ_CONTACTS;android.permission.READ_EXTERNAL_STORAGE;android.permission.READ_PHONE_NUMBERS;android.permission.WRITE_CONTACTS;android.permission.WRITE_EXTERNAL_STORAGE
/data/olawalea/LoanApps/PhilippinesApproved/pesop.jkaht_2019-07-31.apk,Pesos.ph,pesop.jkaht,1.2.6,26,19,28,Philippines/Approved,android.permission.ACCESS_COARSE_LOCATION;android.permission.ACCESS_FINE_LOCATION;android.permission.ACCESS_NETWORK_STATE;android.permission.ACCESS_WIFI_STATE;android.permission.CAMERA;android.permission.FOREGROUND_SERVICE;android.permission.INTERNET;android.permission.READ_CONTACTS;com.google.android.finsky.permission.BIND_GET_INSTALL_REFERRER_SERVICE,Yes,No,No,No,No,No,Yes,No,No,No,No,No,No,No,No,No,No,No,N/A,,N/A,,N/A,,N/A,,TRUE,android.permission.READ_CONTACTS,TRUE,android.permission.ACCESS_FINE_LOCATION;android.permission.READ_CONTACTS,TRUE,android.permission.ACCESS_FINE_LOCATION;android.permission.READ_CONTACTS
/data/olawalea/LoanApps/PhilippinesApproved/com.vip.pera_2024-06-03.apk,,com.vip.pera,1.1.7,117,,,Philippines/Approved,android.permission.ACCESS_COARSE_LOCATION;android.permission.ACCESS_NETWORK_STATE;android.permission.ACCESS_WIFI_STATE;android.permission.CAMERA;android.permission.FOREGROUND_SERVICE;android.permission.GET_TASKS;android.permission.INTERNET;android.permission.MOUNT_UNMOUNT_FILESYSTEMS;android.permission.POST_NOTIFICATIONS;android.permission.READ_CLIPBOARD;android.permission.READ_MEDIA_VISUAL_USER_SELECTED;android.permission.READ_SETTINGS;android.permission.READ_SMS;android.permission.RECEIVE_SMS;android.permission.WAKE_LOCK;com.google.android.finsky.permission.BIND_GET_INSTALL_REFERRER_SERVICE;com.google.android.gms.permission.AD_ID;com.vip.pera.DYNAMIC_RECEIVER_NOT_EXPORTED_PERMISSION,No,No,No,No,No,No,No,No,No,No,No,No,Yes,Yes,No,No,No,No,N/A,,N/A,,N/A,,N/A,,FALSE,,FALSE,,TRUE,android.permission.READ_SMS;android.permission.RECEIVE_SMS
/data/olawalea/LoanApps/PhilippinesApproved/com.tmart.pesoq_2023-11-28.apk,PesoQ,com.tmart.pesoq,1.3.8,10308,19,33,Philippines/Approved,android.permission.ACCESS_BACKGROUND_LOCATION;android.permission.ACCESS_COARSE_LOCATION;android.permission.ACCESS_NETWORK_STATE;android.permission.ACCESS_WIFI_STATE;android.permission.CAMERA;android.permission.CHANGE_NETWORK_STATE;android.permission.CHANGE_WIFI_STATE;android.permission.FLASHLIGHT;android.permission.HIGH_SAMPLING_RATE_SENSORS;android.permission.INTERNET;android.permission.POST_NOTIFICATIONS;android.permission.READ_CALENDAR;android.permission.READ_SMS;android.permission.VIBRATE;android.permission.WAKE_LOCK;android.permission.WRITE_CALENDAR;com.google.android.c2dm.permission.RECEIVE;com.google.android.finsky.permission.BIND_GET_INSTALL_REFERRER_SERVICE;com.google.android.gms.permission.AD_ID,No,No,No,No,No,No,No,No,No,No,No,No,Yes,No,No,No,No,No,N/A,,N/A,,N/A,,N/A,,FALSE,,FALSE,,TRUE,android.permission.READ_SMS
/data/olawalea/LoanApps/PhilippinesApproved/com.wdjk.mcvay_2019-12-18.apk,Credit Peso,com.wdjk.mcvay,1.7.1,71,19,28,Philippines/Approved,android.permission.ACCESS_COARSE_LOCATION;android.permission.ACCESS_FINE_LOCATION;android.permission.ACCESS_NETWORK_STATE;android.permission.ACCESS_WIFI_STATE;android.permission.CAMERA;android.permission.FOREGROUND_SERVICE;android.permission.INTERNET;android.permission.READ_CONTACTS;android.permission.READ_PHONE_STATE;com.google.android.finsky.permission.BIND_GET_INSTALL_REFERRER_SERVICE,Yes,No,No,No,No,No,Yes,No,No,No,No,No,No,No,No,No,No,No,N/A,,N/A,,N/A,,N/A,,TRUE,android.permission.READ_CONTACTS,TRUE,android.permission.ACCESS_FINE_LOCATION;android.permission.READ_CONTACTS,TRUE,android.permission.ACCESS_FINE_LOCATION;android.permission.READ_CONTACTS
/data/olawalea/LoanApps/PhilippinesApproved/com.easy.cash.loan_2020-03-05.apk,Easy Peso,com.easy.cash.loan,2.5.8,67,16,28,Philippines/Approved,android.permission.ACCESS_COARSE_LOCATION;android.permission.ACCESS_FINE_LOCATION;android.permission.ACCESS_LOCATION_EXTRA_COMMANDS;android.permission.ACCESS_NETWORK_STATE;android.permission.ACCESS_WIFI_STATE;android.permission.BLUETOOTH;android.permission.CAMERA;android.permission.CHANGE_NETWORK_STATE;android.permission.CHANGE_WIFI_STATE;android.permission.FOREGROUND_SERVICE;android.permission.GET_TASKS;android.permission.INTERNET;android.permission.READ_CALENDAR;android.permission.READ_CONTACTS;android.permission.READ_EXTERNAL_STORAGE;android.permission.READ_PHONE_STATE;android.permission.REQUEST_INSTALL_PACKAGES;android.permission.VIBRATE;android.permission.WAKE_LOCK;android.permission.WRITE_CALENDAR;android.permission.WRITE_EXTERNAL_STORAGE;com.google.android.c2dm.permission.RECEIVE;com.google.android.finsky.permission.BIND_GET_INSTALL_REFERRER_SERVICE,Yes,No,No,No,No,No,Yes,Yes,No,No,No,No,No,No,No,No,No,Yes,N/A,,N/A,,N/A,,N/A,,TRUE,android.permission.READ_CONTACTS,TRUE,android.permission.ACCESS_FINE_LOCATION;android.permission.READ_CONTACTS;android.permission.READ_EXTERNAL_STORAGE;android.permission.WRITE_EXTERNAL_STORAGE,TRUE,android.permission.ACCESS_FINE_LOCATION;android.permission.READ_CONTACTS;android.permission.READ_EXTERNAL_STORAGE;android.permission.WRITE_EXTERNAL_STORAGE
/data/olawalea/LoanApps/PhilippinesApproved/com.jrweid.pilipinas.loanmarket_2019-09-26.apk,LendPeso Market,com.jrweid.pilipinas.loanmarket,1.3.0,130,19,28,Philippines/Approved,android.permission.ACCESS_NETWORK_STATE;android.permission.INTERNET;android.permission.READ_EXTERNAL_STORAGE;android.permission.READ_PHONE_STATE;android.permission.REQUEST_INSTALL_PACKAGES;android.permission.WAKE_LOCK;android.permission.WRITE_EXTERNAL_STORAGE;com.google.android.c2dm.permission.RECEIVE;com.google.android.finsky.permission.BIND_GET_INSTALL_REFERRER_SERVICE,No,No,No,No,No,No,No,Yes,No,No,No,No,No,No,No,No,No,Yes,N/A,,N/A,,N/A,,N/A,,FALSE,,TRUE,android.permission.READ_EXTERNAL_STORAGE;android.permission.WRITE_EXTERNAL_STORAGE,TRUE,android.permission.READ_EXTERNAL_STORAGE;android.permission.WRITE_EXTERNAL_STORAGE
/data/olawalea/LoanApps/PhilippinesApproved/com.jrweid.pautang.peso_2019-10-29.apk,Borrow Peso,com.jrweid.pautang.peso,2.2.8,228,19,28,Philippines/Approved,android.permission.ACCESS_COARSE_LOCATION;android.permission.ACCESS_FINE_LOCATION;android.permission.ACCESS_NETWORK_STATE;android.permission.ACCESS_WIFI_STATE;android.permission.CALL_PHONE;android.permission.CAMERA;android.permission.INTERNET;android.permission.READ_CONTACTS;android.permission.READ_EXTERNAL_STORAGE;android.permission.READ_PHONE_STATE;android.permission.REQUEST_INSTALL_PACKAGES;android.permission.WAKE_LOCK;android.permission.WRITE_EXTERNAL_STORAGE;com.google.android.c2dm.permission.RECEIVE;com.google.android.finsky.permission.BIND_GET_INSTALL_REFERRER_SERVICE,Yes,No,No,No,No,No,Yes,Yes,No,No,No,No,No,No,No,No,No,Yes,N/A,,N/A,,N/A,,N/A,,TRUE,android.permission.READ_CONTACTS,TRUE,android.permission.ACCESS_FINE_LOCATION;android.permission.READ_CONTACTS;android.permission.READ_EXTERNAL_STORAGE;android.permission.WRITE_EXTERNAL_STORAGE,TRUE,android.permission.ACCESS_FINE_LOCATION;android.permission.READ_CONTACTS;android.permission.READ_EXTERNAL_STORAGE;android.permission.WRITE_EXTERNAL_STORAGE
/data/olawalea/LoanApps/PhilippinesApproved/Easypeso.apk,,,,,,,Philippines/Approved,,No,No,No,No,No,No,No,No,No,No,No,No,No,No,No,No,No,No,N/A,,N/A,,N/A,,N/A,,FALSE,,FALSE,,FALSE,
/data/olawalea/LoanApps/PhilippinesApproved/Quickla.apk,QuickLa,com.luck.duck.quickla,2.0.4,12,24,33,Philippines/Approved,android.permission.ACCESS_COARSE_LOCATION;android.permission.ACCESS_NETWORK_STATE;android.permission.ACCESS_WIFI_STATE;android.permission.BLUETOOTH;android.permission.CAMERA;android.permission.CHANGE_WIFI_STATE;android.permission.INTERNET;android.permission.LOCAL_MAC_ADDRESS;android.permission.PACKAGE_USAGE_STATS;android.permission.READ_CALENDAR;android.permission.READ_CALL_LOG;android.permission.READ_PHONE_STATE;android.permission.READ_PRIVILEGED_PHONE_STATE;android.permission.READ_SMS;android.permission.RECEIVE_SMS;android.permission.WAKE_LOCK;android.permission.WRITE_CALENDAR;com.google.android.finsky.permission.BIND_GET_INSTALL_REFERRER_SERVICE;com.google.android.gms.permission.AD_ID;com.luck.duck.quickla.DYNAMIC_RECEIVER_NOT_EXPORTED_PERMISSION,No,No,No,No,No,Yes,No,No,No,No,No,No,Yes,Yes,No,No,No,No,N/A,,N/A,,N/A,,N/A,,FALSE,,FALSE,,TRUE,android.permission.READ_CALL_LOG;android.permission.READ_SMS;android.permission.RECEIVE_SMS
/data/olawalea/LoanApps/PhilippinesApproved/tech.codeblock.okpeso_2024-04-11.apk,,tech.codeblock.okpeso,1.6.18,1618,,,Philippines/Approved,android.permission.ACCESS_COARSE_LOCATION;android.permission.ACCESS_NETWORK_STATE;android.permission.ACCESS_WIFI_STATE;android.permission.CAMERA;android.permission.CAMERA2;android.permission.FOREGROUND_SERVICE;android.permission.INTERNET;android.permission.POST_NOTIFICATIONS;android.permission.READ_CALENDAR;android.permission.READ_PHONE_STATE;android.permission.READ_PRIVILEGED_PHONE_STATE;android.permission.READ_SMS;android.permission.RECEIVE_BOOT_COMPLETED;android.permission.SCHEDULE_EXACT_ALARM;android.permission.WAKE_LOCK;com.google.android.c2dm.permission.RECEIVE;com.google.android.finsky.permission.BIND_GET_INSTALL_REFERRER_SERVICE;com.google.android.gms.permission.AD_ID;tech.codeblock.okpeso.DYNAMIC_RECEIVER_NOT_EXPORTED_PERMISSION,No,No,No,No,No,No,No,No,No,No,No,No,Yes,No,No,No,No,No,N/A,,N/A,,N/A,,N/A,,FALSE,,FALSE,,TRUE,android.permission.READ_SMS
/data/olawalea/LoanApps/PhilippinesApproved/Pesobuffet.apk,PesoBuffet,com.abs.pesobuffet.android,2.0.9,16,24,33,Philippines/Approved,android.permission.ACCESS_COARSE_LOCATION;android.permission.ACCESS_NETWORK_STATE;android.permission.ACCESS_WIFI_STATE;android.permission.BLUETOOTH;android.permission.CAMERA;android.permission.CHANGE_WIFI_STATE;android.permission.INTERNET;android.permission.LOCAL_MAC_ADDRESS;android.permission.PACKAGE_USAGE_STATS;android.permission.READ_CALENDAR;android.permission.READ_CALL_LOG;android.permission.READ_PHONE_STATE;android.permission.READ_PRIVILEGED_PHONE_STATE;android.permission.READ_SMS;android.permission.RECEIVE_SMS;android.permission.WAKE_LOCK;android.permission.WRITE_CALENDAR;com.abs.pesobuffet.android.DYNAMIC_RECEIVER_NOT_EXPORTED_PERMISSION;com.google.android.finsky.permission.BIND_GET_INSTALL_REFERRER_SERVICE;com.google.android.gms.permission.AD_ID,No,No,No,No,No,Yes,No,No,No,No,No,No,Yes,Yes,No,No,No,No,N/A,,N/A,,N/A,,N/A,,FALSE,,FALSE,,TRUE,android.permission.READ_CALL_LOG;android.permission.READ_SMS;android.permission.RECEIVE_SMS
/data/olawalea/LoanApps/PhilippinesApproved/io.silvrr.finance_2021-03-16.apk,Akulaku Finance,io.silvrr.finance,1.1.1,211,16,29,Philippines/Approved,android.permission.ACCESS_COARSE_LOCATION;android.permission.ACCESS_FINE_LOCATION;android.permission.ACCESS_NETWORK_STATE;android.permission.ACCESS_WIFI_STATE;android.permission.BLUETOOTH;android.permission.BLUETOOTH_ADMIN;android.permission.CAMERA;android.permission.CHANGE_WIFI_STATE;android.permission.FLASHLIGHT;android.permission.FOREGROUND_SERVICE;android.permission.GET_TASKS;android.permission.INTERNET;android.permission.MOUNT_UNMOUNT_FILESYSTEMS;android.permission.PERMISSION_GRANTED;android.permission.RECEIVE_BOOT_COMPLETED;android.permission.RECORD_AUDIO;android.permission.REQUEST_INSTALL_PACKAGES;android.permission.SYSTEM_ALERT_WINDOW;android.permission.VIBRATE;android.permission.WAKE_LOCK;com.android.alarm.permission.SET_ALARM;com.google.android.c2dm.permission.RECEIVE;com.google.android.finsky.permission.BIND_GET_INSTALL_REFERRER_SERVICE;com.google.android.providers.gsf.permission.READ_GSERVICES,Yes,No,No,No,No,No,No,No,No,No,No,No,No,No,No,No,No,No,N/A,,N/A,,N/A,,N/A,,FALSE,,TRUE,android.permission.ACCESS_FINE_LOCATION,TRUE,android.permission.ACCESS_FINE_LOCATION
/data/olawalea/LoanApps/PhilippinesApproved/com.touchlend.fcash_2021-03-12.apk,Fcash,com.touchlend.fcash,1.1.3,113,19,29,Philippines/Approved,android.permission.ACCESS_COARSE_LOCATION;android.permission.ACCESS_FINE_LOCATION;android.permission.ACCESS_NETWORK_STATE;android.permission.ACCESS_WIFI_STATE;android.permission.CAMERA;android.permission.CHANGE_WIFI_STATE;android.permission.FOREGROUND_SERVICE;android.permission.GET_TASKS;android.permission.INTERNET;android.permission.READ_CONTACTS;android.permission.READ_EXTERNAL_STORAGE;android.permission.READ_SETTINGS;android.permission.WAKE_LOCK;android.permission.WRITE_EXTERNAL_STORAGE;com.google.android.c2dm.permission.RECEIVE;com.google.android.finsky.permission.BIND_GET_INSTALL_REFERRER_SERVICE,Yes,No,No,No,No,No,Yes,Yes,No,No,No,No,No,No,No,No,No,Yes,N/A,,N/A,,N/A,,N/A,,TRUE,android.permission.READ_CONTACTS,TRUE,android.permission.ACCESS_FINE_LOCATION;android.permission.READ_CONTACTS;android.permission.READ_EXTERNAL_STORAGE;android.permission.WRITE_EXTERNAL_STORAGE,TRUE,android.permission.ACCESS_FINE_LOCATION;android.permission.READ_CONTACTS;android.permission.READ_EXTERNAL_STORAGE;android.permission.WRITE_EXTERNAL_STORAGE
/data/olawalea/LoanApps/PhilippinesApproved/com.phoneapp.paghiram_2021-06-10.apk,PagHiram,com.phoneapp.paghiram,1.2.9,29,16,29,Philippines/Approved,android.permission.ACCESS_COARSE_LOCATION;android.permission.ACCESS_FINE_LOCATION;android.permission.ACCESS_NETWORK_STATE;android.permission.ACCESS_WIFI_STATE;android.permission.CAMERA;android.permission.CHANGE_NETWORK_STATE;android.permission.CHANGE_WIFI_STATE;android.permission.FLASHLIGHT;android.permission.GET_ACCOUNTS;android.permission.INTERNET;android.permission.READ_CONTACTS;android.permission.READ_EXTERNAL_STORAGE;android.permission.READ_PHONE_STATE;android.permission.VIBRATE;android.permission.WAKE_LOCK;android.permission.WRITE_EXTERNAL_STORAGE;com.android.browser.permission.READ_HISTORY_BOOKMARKS;com.google.android.c2dm.permission.RECEIVE;com.google.android.finsky.permission.BIND_GET_INSTALL_REFERRER_SERVICE,Yes,Yes,No,No,No,No,Yes,Yes,No,No,No,No,No,No,No,No,No,Yes,N/A,,N/A,,N/A,,N/A,,TRUE,android.permission.GET_ACCOUNTS;android.permission.READ_CONTACTS,TRUE,android.permission.ACCESS_FINE_LOCATION;android.permission.READ_CONTACTS;android.permission.READ_EXTERNAL_STORAGE;android.permission.WRITE_EXTERNAL_STORAGE,TRUE,android.permission.ACCESS_FINE_LOCATION;android.permission.GET_ACCOUNTS;android.permission.READ_CONTACTS;android.permission.READ_EXTERNAL_STORAGE;android.permission.WRITE_EXTERNAL_STORAGE
/data/olawalea/LoanApps/PhilippinesApproved/com.maypera.peso_2024-07-01.apk,MayPera,com.maypera.peso,1.3.1,22,19,34,Philippines/Approved,android.permission.ACCESS_COARSE_LOCATION;android.permission.ACCESS_NETWORK_STATE;android.permission.ACCESS_WIFI_STATE;android.permission.CAMERA;android.permission.FOREGROUND_SERVICE;android.permission.INTERNET;android.permission.POST_NOTIFICATIONS;android.permission.READ_SMS;android.permission.RECEIVE_BOOT_COMPLETED;android.permission.WAKE_LOCK;com.google.android.c2dm.permission.RECEIVE;com.google.android.finsky.permission.BIND_GET_INSTALL_REFERRER_SERVICE;com.google.android.gms.permission.AD_ID;com.maypera.peso.DYNAMIC_RECEIVER_NOT_EXPORTED_PERMISSION,No,No,No,No,No,No,No,No,No,No,No,No,Yes,No,No,No,No,No,N/A,,N/A,,N/A,,N/A,,FALSE,,FALSE,,TRUE,android.permission.READ_SMS
/data/olawalea/LoanApps/PhilippinesApproved/com.lemon.loan_2020-07-13.apk,Lemon Loan,com.lemon.loan,1.6.8,68,16,28,Philippines/Approved,android.permission.ACCESS_COARSE_LOCATION;android.permission.ACCESS_FINE_LOCATION;android.permission.ACCESS_NETWORK_STATE;android.permission.ACCESS_WIFI_STATE;android.permission.CALL_PHONE;android.permission.CAMERA;android.permission.FOREGROUND_SERVICE;android.permission.INTERNET;android.permission.READ_CONTACTS;android.permission.READ_EXTERNAL_STORAGE;android.permission.READ_PHONE_STATE;android.permission.RECORD_AUDIO;android.permission.REORDER_TASKS;android.permission.VIBRATE;android.permission.WAKE_LOCK;android.permission.WRITE_EXTERNAL_STORAGE;com.google.android.finsky.permission.BIND_GET_INSTALL_REFERRER_SERVICE;com.lemon.loan.permission.MIPUSH_RECEIVE,Yes,No,No,No,No,No,Yes,Yes,No,No,No,No,No,No,No,No,No,Yes,N/A,,N/A,,N/A,,N/A,,TRUE,android.permission.READ_CONTACTS,TRUE,android.permission.ACCESS_FINE_LOCATION;android.permission.READ_CONTACTS;android.permission.READ_EXTERNAL_STORAGE;android.permission.WRITE_EXTERNAL_STORAGE,TRUE,android.permission.ACCESS_FINE_LOCATION;android.permission.READ_CONTACTS;android.permission.READ_EXTERNAL_STORAGE;android.permission.WRITE_EXTERNAL_STORAGE
/data/olawalea/LoanApps/PhilippinesApproved/ph.cashme666.android_2024-04-09.apk,,ph.cashme666.android,2.3.1,119,,,Philippines/Approved,android.hardware.camera.autofocus;android.permission.ACCESS_COARSE_LOCATION;android.permission.ACCESS_NETWORK_STATE;android.permission.ACCESS_WIFI_STATE;android.permission.BLUETOOTH;android.permission.BLUETOOTH_CONNECT;android.permission.CAMERA;android.permission.FOREGROUND_SERVICE;android.permission.INTERNET;android.permission.POST_NOTIFICATIONS;android.permission.READ_SMS;android.permission.VIBRATE;android.permission.WAKE_LOCK;com.google.android.c2dm.permission.RECEIVE;com.google.android.finsky.permission.BIND_GET_INSTALL_REFERRER_SERVICE;com.google.android.gms.permission.AD_ID,No,No,No,No,No,No,No,No,No,No,No,No,Yes,No,No,No,No,No,N/A,,N/A,,N/A,,N/A,,FALSE,,FALSE,,TRUE,android.permission.READ_SMS
/data/olawalea/LoanApps/PhilippinesApproved/com.pesoadvance.app_2019-03-28.apk,Peso Advance,com.pesoadvance.app,1.0.4,4,16,26,Philippines/Approved,android.permission.ACCESS_COARSE_LOCATION;android.permission.ACCESS_COARSE_UPDATES;android.permission.ACCESS_FINE_LOCATION;android.permission.ACCESS_NETWORK_STATE;android.permission.ACCESS_WIFI_STATE;android.permission.BATTERY_STATS;android.permission.BLUETOOTH;android.permission.CALL_PHONE;android.permission.CAMERA;android.permission.GET_TASKS;android.permission.INTERNET;android.permission.READ_CONTACTS;android.permission.READ_EXTERNAL_STORAGE;android.permission.READ_PHONE_STATE;android.permission.RECORD_AUDIO;android.permission.REORDER_TASKS;android.permission.VIBRATE;android.permission.WAKE_LOCK;android.permission.WRITE_EXTERNAL_STORAGE;android.permission.WRITE_SETTINGS;com.google.android.c2dm.permission.RECEIVE;com.google.android.finsky.permission.BIND_GET_INSTALL_REFERRER_SERVICE;com.pesoadvance.app.permission.MIPUSH_RECEIVE,Yes,No,No,No,No,No,Yes,Yes,No,No,No,No,No,No,No,No,No,Yes,N/A,,N/A,,N/A,,N/A,,TRUE,android.permission.READ_CONTACTS,TRUE,android.permission.ACCESS_FINE_LOCATION;android.permission.READ_CONTACTS;android.permission.READ_EXTERNAL_STORAGE;android.permission.WRITE_EXTERNAL_STORAGE,TRUE,android.permission.ACCESS_FINE_LOCATION;android.permission.READ_CONTACTS;android.permission.READ_EXTERNAL_STORAGE;android.permission.WRITE_EXTERNAL_STORAGE
/data/olawalea/LoanApps/PhilippinesApproved/com.hffeilvbin.pesopocket_2019-10-30.apk,Peso Pocket,com.hffeilvbin.pesopocket,2.5.5,24,16,28,Philippines/Approved,android.permission.ACCESS_COARSE_LOCATION;android.permission.ACCESS_FINE_LOCATION;android.permission.ACCESS_NETWORK_STATE;android.permission.ACCESS_WIFI_STATE;android.permission.BROADCAST_PACKAGE_ADDED;android.permission.BROADCAST_PACKAGE_CHANGED;android.permission.BROADCAST_PACKAGE_INSTALL;android.permission.BROADCAST_PACKAGE_REPLACED;android.permission.CAMERA;android.permission.CAMERA.AUTOFOCUS;android.permission.CHANGE_NETWORK_STATE;android.permission.CHANGE_WIFI_STATE;android.permission.FOREGROUND_SERVICE;android.permission.INTERNET;android.permission.READ_CONTACTS;android.permission.READ_EXTERNAL_STORAGE;android.permission.READ_PHONE_STATE;android.permission.READ_SYNC_SETTINGS;android.permission.RECEIVE_BOOT_COMPLETED;android.permission.WAKE_LOCK;android.permission.WRITE_EXTERNAL_STORAGE;android.permission.WRITE_SETTINGS;com.android.launcher.permission.READ_SETTINGS;com.google.android.c2dm.permission.RECEIVE;com.google.android.finsky.permission.BIND_GET_INSTALL_REFERRER_SERVICE,Yes,No,No,No,No,No,Yes,Yes,No,No,No,No,No,No,No,No,No,Yes,N/A,,N/A,,N/A,,N/A,,TRUE,android.permission.READ_CONTACTS,TRUE,android.permission.ACCESS_FINE_LOCATION;android.permission.READ_CONTACTS;android.permission.READ_EXTERNAL_STORAGE;android.permission.WRITE_EXTERNAL_STORAGE,TRUE,android.permission.ACCESS_FINE_LOCATION;android.permission.READ_CONTACTS;android.permission.READ_EXTERNAL_STORAGE;android.permission.WRITE_EXTERNAL_STORAGE
/data/olawalea/LoanApps/PhilippinesApproved/com.hffeilvbin.lightkredit_2019-10-10.apk,Light Kredit,com.hffeilvbin.lightkredit,2.5.2,21,16,28,Philippines/Approved,android.permission.ACCESS_COARSE_LOCATION;android.permission.ACCESS_FINE_LOCATION;android.permission.ACCESS_NETWORK_STATE;android.permission.ACCESS_WIFI_STATE;android.permission.BROADCAST_PACKAGE_ADDED;android.permission.BROADCAST_PACKAGE_CHANGED;android.permission.BROADCAST_PACKAGE_INSTALL;android.permission.BROADCAST_PACKAGE_REPLACED;android.permission.CAMERA;android.permission.CAMERA.AUTOFOCUS;android.permission.CHANGE_NETWORK_STATE;android.permission.CHANGE_WIFI_STATE;android.permission.FOREGROUND_SERVICE;android.permission.INTERNET;android.permission.READ_CONTACTS;android.permission.READ_EXTERNAL_STORAGE;android.permission.READ_PHONE_STATE;android.permission.READ_SYNC_SETTINGS;android.permission.RECEIVE_BOOT_COMPLETED;android.permission.WAKE_LOCK;android.permission.WRITE_EXTERNAL_STORAGE;android.permission.WRITE_SETTINGS;com.android.launcher.permission.READ_SETTINGS;com.google.android.c2dm.permission.RECEIVE;com.google.android.finsky.permission.BIND_GET_INSTALL_REFERRER_SERVICE,Yes,No,No,No,No,No,Yes,Yes,No,No,No,No,No,No,No,No,No,Yes,N/A,,N/A,,N/A,,N/A,,TRUE,android.permission.READ_CONTACTS,TRUE,android.permission.ACCESS_FINE_LOCATION;android.permission.READ_CONTACTS;android.permission.READ_EXTERNAL_STORAGE;android.permission.WRITE_EXTERNAL_STORAGE,TRUE,android.permission.ACCESS_FINE_LOCATION;android.permission.READ_CONTACTS;android.permission.READ_EXTERNAL_STORAGE;android.permission.WRITE_EXTERNAL_STORAGE
/data/olawalea/LoanApps/PhilippinesApproved/com.yinshan.happycashPro_2020-03-02.apk,HappyCash,com.yinshan.happycashPro,1.1.4,3145760,19,28,Philippines/Approved,android.permission.ACCESS_COARSE_LOCATION;android.permission.ACCESS_FINE_LOCATION;android.permission.ACCESS_NETWORK_STATE;android.permission.ACCESS_WIFI_STATE;android.permission.CAMERA;android.permission.FOREGROUND_SERVICE;android.permission.INTERNET;android.permission.READ_CONTACTS;android.permission.READ_EXTERNAL_STORAGE;android.permission.READ_PHONE_STATE;android.permission.READ_SYNC_SETTINGS;android.permission.RECORD_AUDIO;android.permission.SYSTEM_ALERT_WINDOW;android.permission.SYSTEM_OVERLAY_WINDOW;android.permission.VIBRATE;android.permission.WAKE_LOCK;android.permission.WRITE_EXTERNAL_STORAGE;com.google.android.c2dm.permission.RECEIVE;com.google.android.finsky.permission.BIND_GET_INSTALL_REFERRER_SERVICE,Yes,No,No,No,No,No,Yes,Yes,No,No,No,No,No,No,No,No,No,Yes,N/A,,N/A,,N/A,,N/A,,TRUE,android.permission.READ_CONTACTS,TRUE,android.permission.ACCESS_FINE_LOCATION;android.permission.READ_CONTACTS;android.permission.READ_EXTERNAL_STORAGE;android.permission.WRITE_EXTERNAL_STORAGE,TRUE,android.permission.ACCESS_FINE_LOCATION;android.permission.READ_CONTACTS;android.permission.READ_EXTERNAL_STORAGE;android.permission.WRITE_EXTERNAL_STORAGE
/data/olawalea/LoanApps/PhilippinesDelisted/Pautangpeso.apk,Pautang Peso,ph.lhl.pautangpeso,1.2.6,10206,19,33,Philippines/Delisted,android.permission.ACCESS_COARSE_LOCATION;android.permission.ACCESS_NETWORK_STATE;android.permission.ACCESS_WIFI_STATE;android.permission.CAMERA;android.permission.CHANGE_NETWORK_STATE;android.permission.CHANGE_WIFI_STATE;android.permission.FLASHLIGHT;android.permission.HIGH_SAMPLING_RATE_SENSORS;android.permission.INTERNET;android.permission.POST_NOTIFICATIONS;android.permission.READ_SMS;android.permission.VIBRATE;android.permission.WAKE_LOCK;com.google.android.c2dm.permission.RECEIVE;com.google.android.finsky.permission.BIND_GET_INSTALL_REFERRER_SERVICE;com.google.android.gms.permission.AD_ID;ph.lhl.pautangpeso.DYNAMIC_RECEIVER_NOT_EXPORTED_PERMISSION,No,No,No,No,No,No,No,No,No,No,No,No,Yes,No,No,No,No,No,N/A,,N/A,,N/A,,N/A,,FALSE,,FALSE,,TRUE,android.permission.READ_SMS
/data/olawalea/LoanApps/PhilippinesDelisted/CashStar.xapk,CashStar,com.cashstar.mobile,2.7,10,21,30,Philippines/Delisted,android.permission.ACCESS_COARSE_LOCATION;android.permission.ACCESS_FINE_LOCATION;android.permission.ACCESS_LOCATION_EXTRA_COMMANDS;android.permission.ACCESS_NETWORK_STATE;android.permission.ACCESS_WIFI_STATE;android.permission.BLUETOOTH;android.permission.CALL_PHONE;android.permission.CAMERA;android.permission.CHANGE_NETWORK_STATE;android.permission.CHANGE_WIFI_STATE;android.permission.FLASHLIGHT;android.permission.INTERNET;android.permission.KILL_BACKGROUND_PROCESSES;android.permission.READ_CONTACTS;android.permission.READ_EXTERNAL_STORAGE;android.permission.READ_PHONE_STATE;android.permission.READ_PRIVILEGED_PHONE_STATE;android.permission.READ_SMS;android.permission.REQUEST_INSTALL_PACKAGES;android.permission.VIBRATE;android.permission.WRITE_EXTERNAL_STORAGE;com.google.android.finsky.permission.BIND_GET_INSTALL_REFERRER_SERVICE,Yes,No,No,No,No,No,Yes,Yes,No,No,No,No,Yes,No,No,No,No,Yes,N/A,,N/A,,N/A,,N/A,,TRUE,android.permission.READ_CONTACTS,TRUE,android.permission.ACCESS_FINE_LOCATION;android.permission.READ_CONTACTS;android.permission.READ_EXTERNAL_STORAGE;android.permission.WRITE_EXTERNAL_STORAGE,TRUE,android.permission.ACCESS_FINE_LOCATION;android.permission.READ_CONTACTS;android.permission.READ_EXTERNAL_STORAGE;android.permission.READ_SMS;android.permission.WRITE_EXTERNAL_STORAGE
/data/olawalea/LoanApps/PhilippinesDelisted/Startloan.apk,Start Loan,ph.fk.startloan,1.1.7,17,19,29,Philippines/Delisted,android.permission.ACCESS_COARSE_LOCATION;android.permission.ACCESS_FINE_LOCATION;android.permission.ACCESS_NETWORK_STATE;android.permission.ACCESS_WIFI_STATE;android.permission.CAMERA;android.permission.FOREGROUND_SERVICE;android.permission.INTERNET;android.permission.READ_EXTERNAL_STORAGE;android.permission.WRITE_EXTERNAL_STORAGE;com.google.android.finsky.permission.BIND_GET_INSTALL_REFERRER_SERVICE,Yes,No,No,No,No,No,No,Yes,No,No,No,No,No,No,No,No,No,Yes,N/A,,N/A,,N/A,,N/A,,FALSE,,TRUE,android.permission.ACCESS_FINE_LOCATION;android.permission.READ_EXTERNAL_STORAGE;android.permission.WRITE_EXTERNAL_STORAGE,TRUE,android.permission.ACCESS_FINE_LOCATION;android.permission.READ_EXTERNAL_STORAGE;android.permission.WRITE_EXTERNAL_STORAGE
/data/olawalea/LoanApps/PhilippinesDelisted/Peralending.xapk,Peralending,com.peralending.www,1.6.6,66,21,34,Philippines/Delisted,android.permission.ACCESS_NETWORK_STATE;android.permission.CAMERA;android.permission.INTERNET;android.permission.READ_PHONE_STATE;android.permission.WAKE_LOCK;com.google.android.finsky.permission.BIND_GET_INSTALL_REFERRER_SERVICE;com.google.android.gms.permission.AD_ID,No,No,No,No,No,No,No,No,No,No,No,No,No,No,No,No,No,No,N/A,,N/A,,N/A,,N/A,,FALSE,,FALSE,,FALSE,
/data/olawalea/LoanApps/PhilippinesDelisted/pera4u.apk,,com.pera4u.peso,1.2.9,36,,,Philippines/Delisted,android.permission.ACCESS_NETWORK_STATE;android.permission.CAMERA;android.permission.INTERNET;android.permission.READ_PHONE_STATE;android.permission.WAKE_LOCK;com.google.android.finsky.permission.BIND_GET_INSTALL_REFERRER_SERVICE;com.google.android.gms.permission.AD_ID;com.pera4u.peso.DYNAMIC_RECEIVER_NOT_EXPORTED_PERMISSION,No,No,No,No,No,No,No,No,No,No,No,No,No,No,No,No,No,No,N/A,,N/A,,N/A,,N/A,,FALSE,,FALSE,,FALSE,
/data/olawalea/LoanApps/PhilippinesDelisted/Pesopop.apk,Pesopop,com.pesopop,1.1.1,3,18,28,Philippines/Delisted,android.permission.ACCESS_COARSE_LOCATION;android.permission.ACCESS_FINE_LOCATION;android.permission.ACCESS_NETWORK_STATE;android.permission.ACCESS_WIFI_STATE;android.permission.FOREGROUND_SERVICE;android.permission.INTERNET;android.permission.READ_CONTACTS;android.permission.READ_EXTERNAL_STORAGE;android.permission.READ_PHONE_STATE;android.permission.RECEIVE_BOOT_COMPLETED;android.permission.REQUEST_INSTALL_PACKAGES;android.permission.SYSTEM_ALERT_WINDOW;android.permission.WRITE_EXTERNAL_STORAGE,Yes,No,No,No,No,No,Yes,Yes,No,No,No,No,No,No,No,No,No,Yes,N/A,,N/A,,N/A,,N/A,,TRUE,android.permission.READ_CONTACTS,TRUE,android.permission.ACCESS_FINE_LOCATION;android.permission.READ_CONTACTS;android.permission.READ_EXTERNAL_STORAGE;android.permission.WRITE_EXTERNAL_STORAGE,TRUE,android.permission.ACCESS_FINE_LOCATION;android.permission.READ_CONTACTS;android.permission.READ_EXTERNAL_STORAGE;android.permission.WRITE_EXTERNAL_STORAGE
/data/olawalea/LoanApps/PhilippinesDelisted/FirstCash.apk,First Cash,com.vincocopeso.propitious,1.0.8,108,21,33,Philippines/Delisted,android.permission.ACCESS_NETWORK_STATE;android.permission.ACCESS_WIFI_STATE;android.permission.CAMERA;android.permission.INTERNET;android.permission.READ_PHONE_STATE;android.permission.READ_SMS;android.permission.WAKE_LOCK;com.google.android.finsky.permission.BIND_GET_INSTALL_REFERRER_SERVICE;com.google.android.gms.permission.AD_ID,No,No,No,No,No,No,No,No,No,No,No,No,Yes,No,No,No,No,No,N/A,,N/A,,N/A,,N/A,,FALSE,,FALSE,,TRUE,android.permission.READ_SMS
/data/olawalea/LoanApps/PhilippinesDelisted/Luckyloan.apk,Lucky Loan,luckyloan.shelck,1.3.2,32,19,28,Philippines/Delisted,android.permission.ACCESS_COARSE_LOCATION;android.permission.ACCESS_FINE_LOCATION;android.permission.ACCESS_NETWORK_STATE;android.permission.ACCESS_WIFI_STATE;android.permission.CAMERA;android.permission.FOREGROUND_SERVICE;android.permission.INTERNET;android.permission.READ_CONTACTS;com.google.android.finsky.permission.BIND_GET_INSTALL_REFERRER_SERVICE,Yes,No,No,No,No,No,Yes,No,No,No,No,No,No,No,No,No,No,No,N/A,,N/A,,N/A,,N/A,,TRUE,android.permission.READ_CONTACTS,TRUE,android.permission.ACCESS_FINE_LOCATION;android.permission.READ_CONTACTS,TRUE,android.permission.ACCESS_FINE_LOCATION;android.permission.READ_CONTACTS
/data/olawalea/LoanApps/PhilippinesDelisted/Upeso.apk,upeso,com.lanhai.upesocash,2.0.1,248,21,34,Philippines/Delisted,android.permission.ACCESS_ADSERVICES_AD_ID;android.permission.ACCESS_ADSERVICES_ATTRIBUTION;android.permission.ACCESS_NETWORK_STATE;android.permission.ACCESS_WIFI_STATE;android.permission.CAMERA;android.permission.GET_PACKAGE_SIZE;android.permission.INTERNET;android.permission.POST_NOTIFICATIONS;android.permission.READ_CALL_LOG;android.permission.READ_PHONE_STATE;android.permission.READ_PRIVILEGED_PHONE_STATE;android.permission.READ_SMS;android.permission.WAKE_LOCK;com.google.android.c2dm.permission.RECEIVE;com.google.android.finsky.permission.BIND_GET_INSTALL_REFERRER_SERVICE;com.google.android.gms.permission.AD_ID;com.huawei.appmarket.service.commondata.permission.GET_COMMON_DATA;com.lanhai.upesocash.DYNAMIC_RECEIVER_NOT_EXPORTED_PERMISSION,No,No,No,No,No,Yes,No,No,No,No,No,No,Yes,No,No,No,No,No,N/A,,N/A,,N/A,,N/A,,FALSE,,FALSE,,TRUE,android.permission.READ_CALL_LOG;android.permission.READ_SMS
/data/olawalea/LoanApps/PhilippinesDelisted/Pondoloan.apk,Pondo Loan,ph.fk.pondoloan,5.5.1,5051,19,29,Philippines/Delisted,android.permission.ACCESS_NETWORK_STATE;android.permission.ACCESS_WIFI_STATE;android.permission.CAMERA;android.permission.FOREGROUND_SERVICE;android.permission.INTERNET;android.permission.READ_EXTERNAL_STORAGE;android.permission.WRITE_EXTERNAL_STORAGE;com.google.android.finsky.permission.BIND_GET_INSTALL_REFERRER_SERVICE,No,No,No,No,No,No,No,Yes,No,No,No,No,No,No,No,No,No,Yes,N/A,,N/A,,N/A,,N/A,,FALSE,,TRUE,android.permission.READ_EXTERNAL_STORAGE;android.permission.WRITE_EXTERNAL_STORAGE,TRUE,android.permission.READ_EXTERNAL_STORAGE;android.permission.WRITE_EXTERNAL_STORAGE
