App Name,Package Name,Country/Classification,Permissions,android.permission.READ_CONTACTS,android.permission.READ_CALL_LOG,android.permission.WRITE_CALL_LOG,android.permission.READ_EXTERNAL_STORAGE,android.permission.WRITE_EXTERNAL_STORAGE,android.permission.MANAGE_EXTERNAL_STORAGE,android.permission.MANAGE_MEDIA,android.permission.READ_MEDIA_AUDIO,android.permission.READ_MEDIA_IMAGES,android.permission.READ_MEDIA_VIDEO,android.permission.READ_PHONE_NUMBERS,android.permission.READ_PHONE_STATE,android.permission.READ_PRECISE_PHONE_STATE,android.permission.READ_SMS,android.permission.MANAGE_ONGOING_CALLS,android.permission.QUERY_ALL_PACKAGES,android.permission.ACCESS_FINE_LOCATION,Has Restricted Permission,ViolateIndonesia,ViolateKenya,ViolateNigeria,ViolatePakistan,ViolatePhilippines,ViolateGoogle,ViolateLoanWatch,ViolateCountryPolicy
@string/app_name,com.stima_mpawa,Kenya/Approved,"android.permission.ACCESS_NETWORK_STATE, android.permission.INTERNET, android.permission.CALL_PHONE",No,No,No,No,No,No,No,No,No,No,No,No,No,No,No,No,No,FALSE,N/A,N/A,N/A,N/A,N/A,FALSE,FALSE,FALSE
@string/app_name,com.extrainch.ngaocredit,Kenya/Approved,"android.permission.CAMERA, android.permission.READ_EXTERNAL_STORAGE, android.permission.POST_NOTIFICATIONS, com.google.android.c2dm.permission.RECEIVE, android.permission.RECEIVE_BOOT_COMPLETED, android.permission.READ_PHONE_STATE, android.permission.WAKE_LOCK, android.permission.ACCESS_NETWORK_STATE, android.permission.WRITE_EXTERNAL_STORAGE, android.permission.BLUETOOTH, android.permission.INTERNET, android.permission.ACCESS_COARSE_LOCATION, android.permission.ACCESS_FINE_LOCATION, android.permission.RECORD_AUDIO, android.permission.FOREGROUND_SERVICE",No,No,No,Yes,Yes,No,No,No,No,No,No,Yes,No,No,No,No,Yes,FALSE,N/A,N/A,N/A,N/A,N/A,TRUE,TRUE,FALSE
@string/app_name,cm.aptoide.pt,Kenya/Approved,"android.permission.QUERY_ALL_PACKAGES, android.permission.READ_EXTERNAL_STORAGE, android.permission.ACCESS_WIFI_STATE, android.permission.GET_ACCOUNTS, android.permission.INTERNET, android.permission.REQUEST_DELETE_PACKAGES, android.permission.INSTALL_PACKAGES, android.permission.CAMERA, android.permission.WAKE_LOCK, android.permission.CHANGE_WIFI_MULTICAST_STATE, com.android.launcher.permission.INSTALL_SHORTCUT, android.permission.READ_SYNC_STATS, android.permission.RECEIVE_BOOT_COMPLETED, android.permission.USE_CREDENTIALS, android.permission.ACCESS_NETWORK_STATE, android.permission.MANAGE_ACCOUNTS, android.permission.FOREGROUND_SERVICE, android.permission.WRITE_SYNC_SETTINGS, android.permission.REQUEST_INSTALL_PACKAGES, android.permission.AUTHENTICATE_ACCOUNTS, android.permission.WRITE_EXTERNAL_STORAGE, com.google.android.finsky.permission.BIND_GET_INSTALL_REFERRER_SERVICE, android.permission.READ_SYNC_SETTINGS",No,No,No,Yes,Yes,No,No,No,No,No,No,No,No,No,No,Yes,No,FALSE,N/A,N/A,N/A,N/A,N/A,TRUE,TRUE,FALSE
@string/app_name,com.flash.flashcredit,Kenya/Approved,"android.permission.ACCESS_WIFI_STATE, android.permission.READ_PHONE_STATE, android.permission.READ_LOGS, android.permission.BROADCAST_PACKAGE_INSTALL, android.permission.GET_ACCOUNTS, android.permission.INTERNET, android.permission.ACCESS_FINE_LOCATION, android.permission.SEND_SMS, android.permission.WAKE_LOCK, android.permission.BROADCAST_PACKAGE_CHANGED, android.permission.BROADCAST_PACKAGE_ADDED, android.permission.READ_CONTACTS, android.permission.SET_DEBUG_APP, android.permission.VIBRATE, android.permission.RECEIVE_BOOT_COMPLETED, android.permission.USE_CREDENTIALS, android.permission.BROADCAST_PACKAGE_REPLACED, android.permission.READ_SMS, android.permission.ACCESS_NETWORK_STATE, android.permission.RECEIVE_SMS, android.permission.RESTART_PACKAGES, android.permission.CHANGE_NETWORK_STATE, android.permission.SYSTEM_ALERT_WINDOW, android.permission.MANAGE_ACCOUNTS, android.permission.WRITE_SETTINGS, android.permission.GET_TASKS, android.permission.CHANGE_WIFI_STATE, android.permission.WRITE_EXTERNAL_STORAGE, android.permission.CALL_PHONE, android.permission.ACCESS_COARSE_LOCATION",Yes,No,No,No,Yes,No,No,No,No,No,No,Yes,No,Yes,No,No,Yes,TRUE,N/A,N/A,N/A,N/A,N/A,TRUE,TRUE,TRUE
@string/app_name,com.mkopa.app,Kenya/Approved,"android.permission.POST_NOTIFICATIONS, android.permission.VIBRATE, com.google.android.c2dm.permission.RECEIVE, android.permission.RECEIVE_BOOT_COMPLETED, android.permission.ACCESS_ADSERVICES_ATTRIBUTION, android.permission.ACCESS_ADSERVICES_AD_ID, android.permission.WAKE_LOCK, com.mkopa.app.DYNAMIC_RECEIVER_NOT_EXPORTED_PERMISSION, android.permission.ACCESS_NETWORK_STATE, com.google.android.finsky.permission.BIND_GET_INSTALL_REFERRER_SERVICE, android.permission.INTERNET, android.permission.FOREGROUND_SERVICE",No,No,No,No,No,No,No,No,No,No,No,No,No,No,No,No,No,FALSE,N/A,N/A,N/A,N/A,N/A,FALSE,FALSE,FALSE
@string/app_name,com.lipalater.androidapp,Kenya/Approved,"android.permission.CAMERA, android.permission.READ_EXTERNAL_STORAGE, android.permission.READ_PHONE_NUMBERS, com.google.android.c2dm.permission.RECEIVE, android.permission.RECEIVE_BOOT_COMPLETED, android.permission.READ_PHONE_STATE, android.permission.WAKE_LOCK, android.permission.ACCESS_NETWORK_STATE, android.permission.WRITE_EXTERNAL_STORAGE, com.google.android.finsky.permission.BIND_GET_INSTALL_REFERRER_SERVICE, android.permission.INTERNET, android.permission.CALL_PHONE, android.permission.ACCESS_FINE_LOCATION",No,No,No,Yes,Yes,No,No,No,No,No,Yes,Yes,No,No,No,No,Yes,FALSE,N/A,N/A,N/A,N/A,N/A,TRUE,TRUE,FALSE
HelaCash,ke.helacash.cash,Kenya/Approved,"android.permission.POST_NOTIFICATIONS, android.permission.ACCESS_LOCATION_EXTRA_COMMANDS, com.google.android.c2dm.permission.RECEIVE, android.permission.ACCESS_WIFI_STATE, android.permission.READ_PHONE_STATE, android.permission.USE_FINGERPRINT, android.permission.INTERNET, android.permission.REORDER_TASKS, com.google.android.providers.gsf.permission.READ_GSERVICES, android.permission.USE_BIOMETRIC, ke.helacash.cash.DYNAMIC_RECEIVER_NOT_EXPORTED_PERMISSION, android.permission.CAMERA, android.permission.WAKE_LOCK, com.android.vending.setup.PLAY_SETUP_SERVICE, android.permission.WRITE_CALENDAR, android.permission.VIBRATE, android.permission.RECEIVE_BOOT_COMPLETED, android.permission.READ_SMS, android.permission.ACCESS_NETWORK_STATE, android.permission.SYSTEM_ALERT_WINDOW, android.permission.FOREGROUND_SERVICE, android.permission.GET_TASKS, android.permission.PACKAGE_USAGE_STATS, android.permission.HIGH_SAMPLING_RATE_SENSORS, android.permission.READ_CALENDAR, android.permission.CHANGE_WIFI_STATE, com.google.android.finsky.permission.BIND_GET_INSTALL_REFERRER_SERVICE, android.permission.ACCESS_COARSE_LOCATION, com.google.android.gms.permission.AD_ID",No,No,No,No,No,No,No,No,No,No,No,Yes,No,Yes,No,No,No,FALSE,N/A,N/A,N/A,N/A,N/A,FALSE,TRUE,FALSE
@string/app_name,com.electra.littlepesa,Kenya/Approved,"android.permission.POST_NOTIFICATIONS, android.permission.CAMERA, com.google.android.c2dm.permission.RECEIVE, android.permission.RECEIVE_BOOT_COMPLETED, android.permission.ACCESS_WIFI_STATE, android.permission.READ_PHONE_STATE, android.permission.WAKE_LOCK, android.permission.ACCESS_NETWORK_STATE, com.google.android.finsky.permission.BIND_GET_INSTALL_REFERRER_SERVICE, android.permission.INTERNET, android.permission.FOREGROUND_SERVICE",No,No,No,No,No,No,No,No,No,No,No,Yes,No,No,No,No,No,FALSE,N/A,N/A,N/A,N/A,N/A,FALSE,TRUE,FALSE
@string/app_name,ke.co.rapidloans,Kenya/Approved,"android.permission.ACCESS_NETWORK_STATE, android.permission.WAKE_LOCK, android.permission.INTERNET, com.google.android.c2dm.permission.RECEIVE",No,No,No,No,No,No,No,No,No,No,No,No,No,No,No,No,No,FALSE,N/A,N/A,N/A,N/A,N/A,FALSE,FALSE,FALSE
@string/lazarettos,com.max.lend.kencash,Kenya/Approved,"com.samsung.android.mapsagent.permission.READ_APP_INFO, android.permission.CAMERA, android.permission.READ_CALENDAR, android.permission.CHANGE_WIFI_STATE, android.permission.ACCESS_WIFI_STATE, android.permission.ACCESS_ADSERVICES_ATTRIBUTION, com.max.lend.kencash.DYNAMIC_RECEIVER_NOT_EXPORTED_PERMISSION, android.permission.READ_SMS, android.permission.ACCESS_NETWORK_STATE, com.google.android.finsky.permission.BIND_GET_INSTALL_REFERRER_SERVICE, android.permission.INTERNET, android.permission.ACCESS_COARSE_LOCATION, com.google.android.gms.permission.AD_ID, android.permission.WRITE_CALENDAR, com.huawei.appmarket.service.commondata.permission.GET_COMMON_DATA, android.permission.FLASHLIGHT",No,No,No,No,No,No,No,No,No,No,No,No,No,Yes,No,No,No,FALSE,N/A,N/A,N/A,N/A,N/A,FALSE,TRUE,FALSE
@string/a2,com.credit.truepesa.loan.kenya,Kenya/Approved,"android.permission.BLUETOOTH_CONNECT, android.permission.CHANGE_WIFI_STATE, android.permission.ACCESS_WIFI_STATE, android.permission.READ_PHONE_STATE, android.permission.WAKE_LOCK, android.permission.READ_SMS, android.permission.ACCESS_NETWORK_STATE, android.permission.BLUETOOTH, com.google.android.finsky.permission.BIND_GET_INSTALL_REFERRER_SERVICE, android.permission.INTERNET, android.permission.ACCESS_COARSE_LOCATION, com.google.android.gms.permission.AD_ID, android.permission.CHANGE_NETWORK_STATE",No,No,No,No,No,No,No,No,No,No,No,Yes,No,Yes,No,No,No,FALSE,N/A,N/A,N/A,N/A,N/A,FALSE,TRUE,FALSE
@string/app_name,com.roamtech.dm.azima,Kenya/Approved,"android.permission.READ_EXTERNAL_STORAGE, com.sec.android.provider.badge.permission.WRITE, com.google.android.c2dm.permission.RECEIVE, android.permission.ACCESS_WIFI_STATE, android.permission.READ_PHONE_STATE, com.sonymobile.home.permission.PROVIDER_INSERT_BADGE, com.anddoes.launcher.permission.UPDATE_COUNT, android.permission.GET_ACCOUNTS, android.permission.INTERNET, android.permission.ACCESS_FINE_LOCATION, com.sec.android.provider.badge.permission.READ, android.permission.WAKE_LOCK, com.oppo.launcher.permission.WRITE_SETTINGS, com.huawei.android.launcher.permission.READ_SETTINGS, com.sonyericsson.home.permission.BROADCAST_BADGE, android.permission.READ_CONTACTS, android.permission.READ_APP_BADGE, android.permission.VIBRATE, android.permission.RECEIVE_BOOT_COMPLETED, me.everything.badger.permission.BADGE_COUNT_READ, com.htc.launcher.permission.READ_SETTINGS, android.permission.READ_SMS, android.permission.ACCESS_NETWORK_STATE, android.permission.RECEIVE_SMS, com.oppo.launcher.permission.READ_SETTINGS, android.permission.CHANGE_NETWORK_STATE, com.huawei.android.launcher.permission.WRITE_SETTINGS, android.permission.SYSTEM_ALERT_WINDOW, android.permission.FOREGROUND_SERVICE, com.htc.launcher.permission.UPDATE_SHORTCUT, android.permission.PACKAGE_USAGE_STATS, android.permission.CHANGE_WIFI_STATE, android.permission.WRITE_EXTERNAL_STORAGE, com.majeur.launcher.permission.UPDATE_BADGE, com.google.android.finsky.permission.BIND_GET_INSTALL_REFERRER_SERVICE, android.permission.CALL_PHONE, android.permission.ACCESS_COARSE_LOCATION, me.everything.badger.permission.BADGE_COUNT_WRITE, com.google.android.gms.permission.AD_ID, com.huawei.android.launcher.permission.CHANGE_BADGE",Yes,No,No,Yes,Yes,No,No,No,No,No,No,Yes,No,Yes,No,No,Yes,TRUE,N/A,N/A,N/A,N/A,N/A,TRUE,TRUE,TRUE
@string/app_name,cm.aptoide.pt,Kenya/Approved,"android.permission.QUERY_ALL_PACKAGES, android.permission.READ_EXTERNAL_STORAGE, android.permission.ACCESS_WIFI_STATE, android.permission.GET_ACCOUNTS, android.permission.INTERNET, android.permission.REQUEST_DELETE_PACKAGES, android.permission.INSTALL_PACKAGES, android.permission.CAMERA, android.permission.WAKE_LOCK, android.permission.CHANGE_WIFI_MULTICAST_STATE, com.android.launcher.permission.INSTALL_SHORTCUT, android.permission.READ_SYNC_STATS, android.permission.RECEIVE_BOOT_COMPLETED, android.permission.USE_CREDENTIALS, android.permission.ACCESS_NETWORK_STATE, android.permission.MANAGE_ACCOUNTS, android.permission.FOREGROUND_SERVICE, android.permission.WRITE_SYNC_SETTINGS, android.permission.REQUEST_INSTALL_PACKAGES, android.permission.AUTHENTICATE_ACCOUNTS, android.permission.WRITE_EXTERNAL_STORAGE, com.google.android.finsky.permission.BIND_GET_INSTALL_REFERRER_SERVICE, android.permission.READ_SYNC_SETTINGS",No,No,No,Yes,Yes,No,No,No,No,No,No,No,No,No,No,Yes,No,FALSE,N/A,N/A,N/A,N/A,N/A,TRUE,TRUE,FALSE
Leja,com.okoleainternational.okoleamobile,Kenya/Approved,"android.permission.POST_NOTIFICATIONS, com.google.android.c2dm.permission.RECEIVE, android.permission.ACCESS_WIFI_STATE, android.permission.READ_PHONE_STATE, android.permission.ACCESS_FINE_LOCATION, android.permission.INTERNET, android.permission.CAMERA, android.permission.WAKE_LOCK, android.permission.READ_CONTACTS, android.permission.VIBRATE, android.permission.RECEIVE_BOOT_COMPLETED, android.permission.READ_SMS, android.permission.ACCESS_NETWORK_STATE, android.permission.RECEIVE_SMS, android.permission.USE_FULL_SCREEN_INTENT, android.permission.FOREGROUND_SERVICE, android.permission.SCHEDULE_EXACT_ALARM, com.google.android.finsky.permission.BIND_GET_INSTALL_REFERRER_SERVICE, android.permission.CALL_PHONE, android.permission.ACCESS_COARSE_LOCATION, com.google.android.gms.permission.AD_ID",Yes,No,No,No,No,No,No,No,No,No,No,Yes,No,Yes,No,No,Yes,TRUE,N/A,N/A,N/A,N/A,N/A,TRUE,TRUE,TRUE
@string/app_name,com.letshego.dasdigital,Kenya/Approved,"android.permission.CAMERA, android.permission.POST_NOTIFICATIONS, com.google.android.c2dm.permission.RECEIVE, android.permission.RECEIVE_BOOT_COMPLETED, com.letshego.dasdigital.DYNAMIC_RECEIVER_NOT_EXPORTED_PERMISSION, android.permission.WAKE_LOCK, android.permission.ACCESS_NETWORK_STATE, com.google.android.finsky.permission.BIND_GET_INSTALL_REFERRER_SERVICE, android.permission.INTERNET, android.permission.RECORD_AUDIO, android.permission.FOREGROUND_SERVICE",No,No,No,No,No,No,No,No,No,No,No,No,No,No,No,No,No,FALSE,N/A,N/A,N/A,N/A,N/A,FALSE,FALSE,FALSE
@string/a5,com.fair.kash.money.finance.loan,Kenya/Approved,"android.permission.BLUETOOTH_ADMIN, android.permission.ACCESS_LOCATION_EXTRA_COMMANDS, android.permission.CHANGE_WIFI_STATE, android.permission.ACCESS_WIFI_STATE, android.permission.READ_PHONE_STATE, android.permission.WAKE_LOCK, android.permission.READ_SMS, android.permission.ACCESS_NETWORK_STATE, android.permission.BLUETOOTH, com.google.android.finsky.permission.BIND_GET_INSTALL_REFERRER_SERVICE, android.permission.INTERNET, android.permission.ACCESS_COARSE_LOCATION, com.google.android.gms.permission.AD_ID, android.permission.CHANGE_NETWORK_STATE",No,No,No,No,No,No,No,No,No,No,No,Yes,No,Yes,No,No,No,FALSE,N/A,N/A,N/A,N/A,N/A,FALSE,TRUE,FALSE
@string/app_name,bank.com.bank,Kenya/Approved,"android.permission.READ_EXTERNAL_STORAGE, bank.com.bank.BroadCastReceiverPermission, android.permission.CAMERA, com.google.android.c2dm.permission.RECEIVE, android.permission.RECEIVE_BOOT_COMPLETED, bank.com.bank.permission.C2D_MESSAGE, android.permission.READ_PHONE_STATE, android.permission.WAKE_LOCK, android.permission.ACCESS_NETWORK_STATE, android.permission.WRITE_EXTERNAL_STORAGE, com.google.android.finsky.permission.BIND_GET_INSTALL_REFERRER_SERVICE, android.permission.INTERNET",No,No,No,Yes,Yes,No,No,No,No,No,No,Yes,No,No,No,No,No,FALSE,N/A,N/A,N/A,N/A,N/A,TRUE,TRUE,FALSE
DirectLoan,direct.loans.dirloan.kecredit,Kenya/Approved,"android.permission.POST_NOTIFICATIONS, android.permission.ACCESS_LOCATION_EXTRA_COMMANDS, com.google.android.c2dm.permission.RECEIVE, android.permission.ACCESS_WIFI_STATE, android.permission.READ_PHONE_STATE, android.permission.USE_FINGERPRINT, android.permission.INTERNET, direct.loans.dirloan.kecredit.DYNAMIC_RECEIVER_NOT_EXPORTED_PERMISSION, android.permission.REORDER_TASKS, com.google.android.providers.gsf.permission.READ_GSERVICES, android.permission.USE_BIOMETRIC, android.permission.CAMERA, android.permission.WAKE_LOCK, com.android.vending.setup.PLAY_SETUP_SERVICE, android.permission.WRITE_CALENDAR, android.permission.VIBRATE, android.permission.RECEIVE_BOOT_COMPLETED, android.permission.READ_SMS, android.permission.ACCESS_NETWORK_STATE, android.permission.SYSTEM_ALERT_WINDOW, android.permission.FOREGROUND_SERVICE, android.permission.GET_TASKS, android.permission.PACKAGE_USAGE_STATS, android.permission.HIGH_SAMPLING_RATE_SENSORS, android.permission.READ_CALENDAR, android.permission.CHANGE_WIFI_STATE, com.google.android.finsky.permission.BIND_GET_INSTALL_REFERRER_SERVICE, android.permission.ACCESS_COARSE_LOCATION, com.google.android.gms.permission.AD_ID",No,No,No,No,No,No,No,No,No,No,No,Yes,No,Yes,No,No,No,FALSE,N/A,N/A,N/A,N/A,N/A,FALSE,TRUE,FALSE
Okolea,com.astronpank.TENK_LOAN,Kenya/Approved,"android.permission.ACCESS_NETWORK_STATE, android.permission.ACCESS_WIFI_STATE, android.permission.READ_EXTERNAL_STORAGE, android.permission.INTERNET",No,No,No,Yes,No,No,No,No,No,No,No,No,No,No,No,No,No,FALSE,N/A,N/A,N/A,N/A,N/A,TRUE,TRUE,FALSE
@string/app_name,cm.aptoide.pt,Kenya/Approved,"android.permission.QUERY_ALL_PACKAGES, android.permission.READ_EXTERNAL_STORAGE, android.permission.ACCESS_WIFI_STATE, android.permission.GET_ACCOUNTS, android.permission.INTERNET, android.permission.REQUEST_DELETE_PACKAGES, android.permission.INSTALL_PACKAGES, android.permission.CAMERA, android.permission.WAKE_LOCK, android.permission.CHANGE_WIFI_MULTICAST_STATE, com.android.launcher.permission.INSTALL_SHORTCUT, android.permission.READ_SYNC_STATS, android.permission.RECEIVE_BOOT_COMPLETED, android.permission.USE_CREDENTIALS, android.permission.ACCESS_NETWORK_STATE, android.permission.MANAGE_ACCOUNTS, android.permission.FOREGROUND_SERVICE, android.permission.WRITE_SYNC_SETTINGS, android.permission.REQUEST_INSTALL_PACKAGES, android.permission.AUTHENTICATE_ACCOUNTS, android.permission.WRITE_EXTERNAL_STORAGE, com.google.android.finsky.permission.BIND_GET_INSTALL_REFERRER_SERVICE, android.permission.READ_SYNC_SETTINGS",No,No,No,Yes,Yes,No,No,No,No,No,No,No,No,No,No,Yes,No,FALSE,N/A,N/A,N/A,N/A,N/A,TRUE,TRUE,FALSE
Mojacredit,ke.mojacredit,Kenya/Approved,"android.permission.POST_NOTIFICATIONS, android.permission.ACCESS_LOCATION_EXTRA_COMMANDS, com.google.android.c2dm.permission.RECEIVE, android.permission.ACCESS_WIFI_STATE, android.permission.READ_PHONE_STATE, android.permission.USE_FINGERPRINT, ke.mojacredit.DYNAMIC_RECEIVER_NOT_EXPORTED_PERMISSION, android.permission.INTERNET, android.permission.REORDER_TASKS, com.google.android.providers.gsf.permission.READ_GSERVICES, android.permission.USE_BIOMETRIC, android.permission.READ_CALL_LOG, android.permission.CAMERA, android.permission.WAKE_LOCK, com.android.vending.setup.PLAY_SETUP_SERVICE, android.permission.WRITE_CALENDAR, android.permission.VIBRATE, android.permission.RECEIVE_BOOT_COMPLETED, android.permission.READ_SMS, android.permission.ACCESS_NETWORK_STATE, android.permission.SYSTEM_ALERT_WINDOW, android.permission.FOREGROUND_SERVICE, android.permission.GET_TASKS, android.permission.PACKAGE_USAGE_STATS, android.permission.HIGH_SAMPLING_RATE_SENSORS, android.permission.READ_CALENDAR, android.permission.CHANGE_WIFI_STATE, com.google.android.finsky.permission.BIND_GET_INSTALL_REFERRER_SERVICE, android.permission.ACCESS_COARSE_LOCATION, com.google.android.gms.permission.AD_ID",No,Yes,No,No,No,No,No,No,No,No,No,Yes,No,Yes,No,No,No,TRUE,N/A,N/A,N/A,N/A,N/A,FALSE,TRUE,TRUE
@string/a7,com.kenya.credit.app.loan.cash.money.pesa,Kenya/Approved,"android.permission.READ_CALL_LOG, android.permission.POST_NOTIFICATIONS, com.kenya.credit.app.loan.cash.money.pesa.DYNAMIC_RECEIVER_NOT_EXPORTED_PERMISSION, com.google.android.c2dm.permission.RECEIVE, android.permission.READ_CALENDAR, android.permission.CHANGE_WIFI_STATE, android.permission.ACCESS_WIFI_STATE, android.permission.READ_PHONE_STATE, android.permission.WAKE_LOCK, android.permission.RECEIVE_BOOT_COMPLETED, android.permission.READ_SMS, android.permission.ACCESS_NETWORK_STATE, com.google.android.finsky.permission.BIND_GET_INSTALL_REFERRER_SERVICE, android.permission.INTERNET, android.permission.ACCESS_COARSE_LOCATION, com.google.android.gms.permission.AD_ID, android.permission.FOREGROUND_SERVICE",No,Yes,No,No,No,No,No,No,No,No,No,Yes,No,Yes,No,No,No,TRUE,N/A,N/A,N/A,N/A,N/A,FALSE,TRUE,TRUE
Mwanzo loan,com.astronpank.mwanzo,Kenya/Approved,"android.permission.ACCESS_NETWORK_STATE, android.permission.ACCESS_WIFI_STATE, android.permission.INTERNET",No,No,No,No,No,No,No,No,No,No,No,No,No,No,No,No,No,FALSE,N/A,N/A,N/A,N/A,N/A,FALSE,FALSE,FALSE
@string/app_name,com.ubapesa.app,Kenya/Approved,"android.permission.POST_NOTIFICATIONS, android.permission.VIBRATE, com.google.android.c2dm.permission.RECEIVE, android.permission.RECEIVE_BOOT_COMPLETED, android.permission.ACCESS_WIFI_STATE, android.permission.READ_PHONE_STATE, android.permission.WAKE_LOCK, android.permission.READ_SMS, android.permission.ACCESS_NETWORK_STATE, android.permission.RECEIVE_SMS, android.permission.GET_ACCOUNTS, android.permission.INTERNET, com.google.android.finsky.permission.BIND_GET_INSTALL_REFERRER_SERVICE, com.google.android.gms.permission.AD_ID, com.ubapesa.app.DYNAMIC_RECEIVER_NOT_EXPORTED_PERMISSION, android.permission.FOREGROUND_SERVICE",No,No,No,No,No,No,No,No,No,No,No,Yes,No,Yes,No,No,No,FALSE,N/A,N/A,N/A,N/A,N/A,FALSE,TRUE,FALSE
@string/app_name,com.mobincube.jijenge_credit_limited.sc_5S1N1N,Kenya/Approved,"android.permission.CAMERA, android.permission.BLUETOOTH_ADMIN, com.mobincube.jijenge_credit_limited.sc_5S1N1N.permission.C2D_MESSAGE, com.google.android.c2dm.permission.RECEIVE, android.permission.RECEIVE_BOOT_COMPLETED, android.permission.ACCESS_WIFI_STATE, android.permission.READ_PHONE_STATE, android.permission.WAKE_LOCK, android.permission.ACCESS_NETWORK_STATE, android.permission.BLUETOOTH, android.permission.WRITE_EXTERNAL_STORAGE, android.permission.INTERNET, android.permission.CALL_PHONE, android.permission.ACCESS_FINE_LOCATION, android.permission.ACCESS_COARSE_LOCATION, android.permission.GET_ACCOUNTS",No,No,No,No,Yes,No,No,No,No,No,No,Yes,No,No,No,No,Yes,FALSE,N/A,N/A,N/A,N/A,N/A,TRUE,TRUE,FALSE
@string/production_name,com.rewot.app,Kenya/Approved,"com.rewot.app.DYNAMIC_RECEIVER_NOT_EXPORTED_PERMISSION, android.permission.READ_EXTERNAL_STORAGE, android.permission.POST_NOTIFICATIONS, android.permission.CAMERA, android.permission.VIBRATE, com.google.android.c2dm.permission.RECEIVE, android.permission.RECEIVE_BOOT_COMPLETED, android.permission.ACCESS_WIFI_STATE, android.permission.WAKE_LOCK, android.permission.ACCESS_NETWORK_STATE, android.permission.WRITE_EXTERNAL_STORAGE, com.google.android.finsky.permission.BIND_GET_INSTALL_REFERRER_SERVICE, android.permission.INTERNET, android.permission.ACCESS_FINE_LOCATION, android.permission.ACCESS_COARSE_LOCATION, com.google.android.gms.permission.AD_ID, android.permission.FOREGROUND_SERVICE",No,No,No,Yes,Yes,No,No,No,No,No,No,No,No,No,No,No,Yes,FALSE,N/A,N/A,N/A,N/A,N/A,TRUE,TRUE,FALSE
@string/app_name,com.mycredit.mycredit,Kenya/Approved,"android.permission.RECEIVE_BOOT_COMPLETED, android.permission.ACCESS_WIFI_STATE, android.permission.READ_PHONE_STATE, android.permission.ACCESS_NETWORK_STATE, android.permission.WRITE_EXTERNAL_STORAGE, android.permission.RECEIVE_SMS, android.permission.INTERNET, android.permission.READ_CONTACTS",Yes,No,No,No,Yes,No,No,No,No,No,No,Yes,No,No,No,No,No,TRUE,N/A,N/A,N/A,N/A,N/A,TRUE,TRUE,TRUE
@string/app_name,com.sokohela.lending,Kenya/Approved,"android.permission.READ_EXTERNAL_STORAGE, android.permission.READ_PROFILE, android.permission.CAMERA, android.permission.BLUETOOTH_ADMIN, com.google.android.c2dm.permission.RECEIVE, android.permission.RECEIVE_BOOT_COMPLETED, android.permission.ACCESS_WIFI_STATE, android.permission.WAKE_LOCK, android.permission.ACCESS_NETWORK_STATE, android.permission.WRITE_EXTERNAL_STORAGE, android.permission.GET_ACCOUNTS, android.permission.INTERNET, android.permission.ACCESS_FINE_LOCATION, android.permission.ACCESS_COARSE_LOCATION, android.permission.BLUETOOTH, com.google.android.finsky.permission.BIND_GET_INSTALL_REFERRER_SERVICE",No,No,No,Yes,Yes,No,No,No,No,No,No,No,No,No,No,No,Yes,FALSE,N/A,N/A,N/A,N/A,N/A,TRUE,TRUE,FALSE
@string/app_name,com.zenkafinance.microloans,Kenya/Approved,"android.permission.CAMERA, android.permission.POST_NOTIFICATIONS, com.google.android.c2dm.permission.RECEIVE, android.permission.CHANGE_WIFI_STATE, android.permission.ACCESS_WIFI_STATE, android.permission.READ_PHONE_STATE, android.permission.WAKE_LOCK, com.zenkafinance.microloans.DYNAMIC_RECEIVER_NOT_EXPORTED_PERMISSION, android.permission.READ_SMS, android.permission.ACCESS_NETWORK_STATE, android.permission.BLUETOOTH, android.permission.GET_ACCOUNTS, android.permission.INTERNET, android.permission.ACCESS_COARSE_LOCATION, android.permission.CALL_PHONE, com.google.android.gms.permission.AD_ID, com.google.android.finsky.permission.BIND_GET_INSTALL_REFERRER_SERVICE",No,No,No,No,No,No,No,No,No,No,No,Yes,No,Yes,No,No,No,FALSE,N/A,N/A,N/A,N/A,N/A,FALSE,TRUE,FALSE
Autochek,com.autochek.buysalefixcars,Kenya/Approved,"com.autochek.buysalefixcars.DYNAMIC_RECEIVER_NOT_EXPORTED_PERMISSION, android.permission.POST_NOTIFICATIONS, android.permission.VIBRATE, android.permission.READ_EXTERNAL_STORAGE, com.google.android.c2dm.permission.RECEIVE, android.permission.RECEIVE_BOOT_COMPLETED, android.permission.ACCESS_ADSERVICES_ATTRIBUTION, android.permission.ACCESS_ADSERVICES_AD_ID, android.permission.SCHEDULE_EXACT_ALARM, android.permission.WAKE_LOCK, android.permission.READ_MEDIA_AUDIO, android.permission.ACCESS_NETWORK_STATE, com.google.android.finsky.permission.BIND_GET_INSTALL_REFERRER_SERVICE, android.permission.INTERNET, com.google.android.providers.gsf.permission.READ_GSERVICES",No,No,No,Yes,No,No,No,Yes,No,No,No,No,No,No,No,No,No,FALSE,N/A,N/A,N/A,N/A,N/A,TRUE,TRUE,FALSE
@string/app_name,com.sxsydai.yoyi,Nigeria/Delisted,"android.permission.READ_PRIVILEGED_PHONE_STATE, android.permission.CHANGE_WIFI_STATE, android.permission.ACCESS_WIFI_STATE, android.permission.READ_PHONE_STATE, android.permission.READ_SMS, android.permission.ACCESS_NETWORK_STATE, android.permission.RECEIVE_SMS, com.google.android.finsky.permission.BIND_GET_INSTALL_REFERRER_SERVICE, android.permission.INTERNET, android.permission.ACCESS_COARSE_LOCATION, com.google.android.gms.permission.AD_ID, android.permission.CHANGE_NETWORK_STATE, android.permission.SYSTEM_ALERT_WINDOW",No,No,No,No,No,No,No,No,No,No,No,Yes,No,Yes,No,No,No,FALSE,N/A,N/A,N/A,N/A,N/A,FALSE,TRUE,FALSE
@string/app_name,com.loancloud.nigeria.moneyestate,Nigeria/Delisted,"android.permission.QUERY_ALL_PACKAGES, android.permission.READ_EXTERNAL_STORAGE, android.permission.READ_PRIVILEGED_PHONE_STAT, com.google.android.c2dm.permission.RECEIVE, android.permission.ACCESS_WIFI_STATE, android.permission.READ_PHONE_STATE, android.permission.INTERNET, android.permission.ACCESS_FINE_LOCATION, android.permission.MOUNT_UNMOUNT_FILESYSTEMS, android.permission.CAMERA, android.permission.WAKE_LOCK, android.permission.READ_CONTACTS, android.permission.READ_SMS, android.permission.ACCESS_NETWORK_STATE, android.permission.CHANGE_WIFI_STATE, android.permission.WRITE_EXTERNAL_STORAGE, com.google.android.finsky.permission.BIND_GET_INSTALL_REFERRER_SERVICE, android.permission.ACCESS_COARSE_LOCATION, android.permission.READ_SYNC_SETTINGS",Yes,No,No,Yes,Yes,No,No,No,No,No,No,Yes,No,Yes,No,Yes,Yes,TRUE,N/A,N/A,N/A,N/A,N/A,TRUE,TRUE,TRUE
@string/app_name,ni.lcredit.money.cash,Nigeria/Delisted,"android.permission.INTERACT_ACROSS_USERS, android.permission.ACCESS_LOCATION_EXTRA_COMMANDS, com.sec.android.provider.badge.permission.WRITE, com.google.android.c2dm.permission.RECEIVE, android.permission.ACCESS_WIFI_STATE, android.permission.READ_PHONE_STATE, com.sonymobile.home.permission.PROVIDER_INSERT_BADGE, com.anddoes.launcher.permission.UPDATE_COUNT, android.permission.INTERNET, android.permission.ACCESS_FINE_LOCATION, android.permission.CAMERA, com.sec.android.provider.badge.permission.READ, android.permission.WAKE_LOCK, com.oppo.launcher.permission.WRITE_SETTINGS, com.huawei.android.launcher.permission.READ_SETTINGS, com.sonyericsson.home.permission.BROADCAST_BADGE, android.permission.WRITE_CALENDAR, android.permission.RECEIVE_USER_PRESENT, android.permission.READ_CONTACTS, android.permission.READ_APP_BADGE, android.permission.VIBRATE, android.permission.CHANGE_CONFIGURATION, me.everything.badger.permission.BADGE_COUNT_READ, com.htc.launcher.permission.READ_SETTINGS, android.permission.READ_SMS, android.permission.ACCESS_NETWORK_STATE, com.oppo.launcher.permission.READ_SETTINGS, android.permission.CHANGE_NETWORK_STATE, com.huawei.android.launcher.permission.WRITE_SETTINGS, android.permission.MANAGE_ACCOUNTS, android.permission.FOREGROUND_SERVICE, android.permission.WRITE_SETTINGS, android.permission.GET_TASKS, com.htc.launcher.permission.UPDATE_SHORTCUT, android.permission.READ_CALENDAR, android.permission.CHANGE_WIFI_STATE, android.permission.WRITE_EXTERNAL_STORAGE, com.majeur.launcher.permission.UPDATE_BADGE, com.google.android.finsky.permission.BIND_GET_INSTALL_REFERRER_SERVICE, android.permission.ACCESS_COARSE_LOCATION, me.everything.badger.permission.BADGE_COUNT_WRITE, com.huawei.android.launcher.permission.CHANGE_BADGE",Yes,No,No,No,Yes,No,No,No,No,No,No,Yes,No,Yes,No,No,Yes,TRUE,N/A,N/A,N/A,N/A,N/A,TRUE,TRUE,TRUE
@string/pay_app_name,com.legend.cash,Nigeria/Delisted,"com.legend.cash.DYNAMIC_RECEIVER_NOT_EXPORTED_PERMISSION, com.google.android.c2dm.permission.RECEIVE, android.permission.USE_FINGERPRINT, android.permission.READ_PHONE_STATE, android.permission.ACCESS_WIFI_STATE, android.permission.BLUETOOTH, android.permission.INTERNET, com.legend.cash.matrix.permission.PROCESS_SUPERVISOR, android.permission.CAMERA, android.permission.WAKE_LOCK, com.legend.cash.manual.dump, android.permission.FLASHLIGHT, android.permission.VIBRATE, android.permission.RECEIVE_BOOT_COMPLETED, android.permission.ACCESS_NETWORK_STATE, android.permission.SYSTEM_ALERT_WINDOW, android.permission.FOREGROUND_SERVICE, com.google.android.finsky.permission.BIND_GET_INSTALL_REFERRER_SERVICE, com.google.android.gms.permission.AD_ID, android.permission.ACCESS_COARSE_LOCATION",No,No,No,No,No,No,No,No,No,No,No,Yes,No,No,No,No,No,FALSE,N/A,N/A,N/A,N/A,N/A,FALSE,TRUE,FALSE
@string/app_name,com.hm.thankucard,Nigeria/Delisted,"android.permission.CAMERA, android.permission.USE_FINGERPRINT, android.permission.ACCESS_WIFI_STATE, android.permission.READ_PHONE_STATE, android.permission.ACCESS_NETWORK_STATE, android.permission.WRITE_EXTERNAL_STORAGE, android.permission.INTERNET, android.permission.ACCESS_COARSE_LOCATION, android.permission.ACCESS_FINE_LOCATION, android.permission.CALL_PHONE",No,No,No,No,Yes,No,No,No,No,No,No,Yes,No,No,No,No,Yes,FALSE,N/A,N/A,N/A,N/A,N/A,TRUE,TRUE,FALSE
@string/app_name,com.cash.loan.credit9.kash.plamcredit.naira.payday.money.xcredit,Nigeria/Delisted,"android.permission.READ_EXTERNAL_STORAGE, android.permission.READ_PROFILE, com.google.android.c2dm.permission.RECEIVE, android.permission.ACCESS_WIFI_STATE, android.permission.READ_PHONE_STATE, android.permission.GET_ACCOUNTS, android.permission.INTERNET, android.permission.ACCESS_FINE_LOCATION, android.permission.CAMERA, android.permission.WAKE_LOCK, android.permission.READ_CONTACTS, android.permission.RECEIVE_BOOT_COMPLETED, android.permission.READ_SMS, android.permission.ACCESS_NETWORK_STATE, android.permission.RECEIVE_SMS, android.permission.READ_CALENDAR, android.permission.CHANGE_WIFI_STATE, android.permission.WRITE_EXTERNAL_STORAGE, com.google.android.finsky.permission.BIND_GET_INSTALL_REFERRER_SERVICE, android.permission.ACCESS_COARSE_LOCATION",Yes,No,No,Yes,Yes,No,No,No,No,No,No,Yes,No,Yes,No,No,Yes,TRUE,N/A,N/A,N/A,N/A,N/A,TRUE,TRUE,TRUE
@string/app_name,com.indiaquickloan.quickloan,Nigeria/Delisted,"android.permission.QUERY_ALL_PACKAGES, android.permission.READ_CALL_LOG, android.permission.READ_EXTERNAL_STORAGE, android.permission.CAMERA, android.permission.CHANGE_WIFI_STATE, android.permission.ACCESS_WIFI_STATE, android.permission.READ_PHONE_STATE, android.permission.WAKE_LOCK, android.permission.READ_SMS, android.permission.ACCESS_NETWORK_STATE, android.permission.WRITE_EXTERNAL_STORAGE, com.google.android.finsky.permission.BIND_GET_INSTALL_REFERRER_SERVICE, android.permission.ACCESS_FINE_LOCATION, android.permission.ACCESS_COARSE_LOCATION, android.permission.INTERNET, android.permission.ACCESS_BACKGROUND_LOCATION, android.permission.READ_CONTACTS",Yes,Yes,No,Yes,Yes,No,No,No,No,No,No,Yes,No,Yes,No,Yes,Yes,TRUE,N/A,N/A,N/A,N/A,N/A,TRUE,TRUE,TRUE
@string/app_name,com.loancloud.nigeria.mocredit,Nigeria/Delisted,"android.permission.QUERY_ALL_PACKAGES, android.permission.READ_EXTERNAL_STORAGE, android.permission.READ_PRIVILEGED_PHONE_STAT, com.google.android.c2dm.permission.RECEIVE, android.permission.ACCESS_WIFI_STATE, android.permission.READ_PHONE_STATE, android.permission.INTERNET, android.permission.ACCESS_FINE_LOCATION, android.permission.MOUNT_UNMOUNT_FILESYSTEMS, android.permission.CAMERA, android.permission.WAKE_LOCK, android.permission.READ_CONTACTS, android.permission.READ_SMS, android.permission.ACCESS_NETWORK_STATE, android.permission.CHANGE_WIFI_STATE, android.permission.WRITE_EXTERNAL_STORAGE, com.google.android.finsky.permission.BIND_GET_INSTALL_REFERRER_SERVICE, android.permission.ACCESS_COARSE_LOCATION, android.permission.READ_SYNC_SETTINGS",Yes,No,No,Yes,Yes,No,No,No,No,No,No,Yes,No,Yes,No,Yes,Yes,TRUE,N/A,N/A,N/A,N/A,N/A,TRUE,TRUE,TRUE
CashDoor,com.cd.cashdoor,Nigeria/Delisted,"android.permission.CAMERA, android.permission.READ_EXTERNAL_STORAGE, android.permission.READ_PRIVILEGED_PHONE_STATE, android.permission.ACCESS_WIFI_STATE, android.permission.READ_PHONE_STATE, android.permission.LOCAL_MAC_ADDRESS, android.permission.READ_SMS, android.permission.ACCESS_NETWORK_STATE, android.permission.RECEIVE_SMS, android.permission.READ_MEDIA_IMAGES, android.permission.ACCESS_FINE_LOCATION, android.permission.ACCESS_COARSE_LOCATION, android.permission.INTERNET, android.permission.WRITE_EXTERNAL_STORAGE, com.google.android.gms.permission.AD_ID, com.google.android.finsky.permission.BIND_GET_INSTALL_REFERRER_SERVICE, android.permission.READ_CONTACTS",Yes,No,No,Yes,Yes,No,No,No,Yes,No,No,Yes,No,Yes,No,No,Yes,TRUE,N/A,N/A,N/A,N/A,N/A,TRUE,TRUE,TRUE
@string/b7,com.instant.cash.loan.payday.money.nigeria.new.credit,Nigeria/Delisted,"android.permission.CAMERA, android.permission.READ_EXTERNAL_STORAGE, android.permission.READ_PROFILE, com.google.android.c2dm.permission.RECEIVE, android.permission.RECEIVE_BOOT_COMPLETED, android.permission.CHANGE_WIFI_STATE, android.permission.ACCESS_WIFI_STATE, android.permission.READ_PHONE_STATE, android.permission.READ_CALENDAR, android.permission.WAKE_LOCK, android.permission.READ_SMS, android.permission.ACCESS_NETWORK_STATE, android.permission.WRITE_EXTERNAL_STORAGE, android.permission.RECEIVE_SMS, android.permission.INTERNET, android.permission.GET_ACCOUNTS, com.google.android.finsky.permission.BIND_GET_INSTALL_REFERRER_SERVICE, android.permission.READ_CONTACTS",Yes,No,No,Yes,Yes,No,No,No,No,No,No,Yes,No,Yes,No,No,No,TRUE,N/A,N/A,N/A,N/A,N/A,TRUE,TRUE,TRUE
@string/ah,joycash.mobile.online.quick.loan.money.cash.app,Nigeria/Delisted,"android.permission.POST_NOTIFICATIONS, com.google.android.c2dm.permission.RECEIVE, android.permission.ACCESS_WIFI_STATE, android.permission.READ_PHONE_STATE, android.permission.INTERNET, android.permission.READ_CALL_LOG, android.permission.CAMERA, android.permission.WAKE_LOCK, android.permission.VIBRATE, android.permission.RECEIVE_BOOT_COMPLETED, android.permission.READ_SMS, android.permission.ACCESS_NETWORK_STATE, android.permission.SYSTEM_ALERT_WINDOW, android.permission.FOREGROUND_SERVICE, joycash.mobile.online.quick.loan.money.cash.app.DYNAMIC_RECEIVER_NOT_EXPORTED_PERMISSION, android.permission.CHANGE_WIFI_STATE, com.google.android.finsky.permission.BIND_GET_INSTALL_REFERRER_SERVICE, android.permission.ACCESS_COARSE_LOCATION, com.google.android.gms.permission.AD_ID",No,Yes,No,No,No,No,No,No,No,No,No,Yes,No,Yes,No,No,No,TRUE,N/A,N/A,N/A,N/A,N/A,FALSE,TRUE,TRUE
@string/app_name,com.positiveslice.easynaira,Nigeria/Delisted,"com.sec.android.provider.badge.permission.WRITE, com.google.android.c2dm.permission.RECEIVE, com.sonymobile.home.permission.PROVIDER_INSERT_BADGE, com.anddoes.launcher.permission.UPDATE_COUNT, android.permission.INTERNET, com.sec.android.provider.badge.permission.READ, android.permission.WAKE_LOCK, com.oppo.launcher.permission.WRITE_SETTINGS, com.huawei.android.launcher.permission.READ_SETTINGS, com.sonyericsson.home.permission.BROADCAST_BADGE, android.permission.READ_APP_BADGE, android.permission.VIBRATE, com.positiveslice.easynaira.permission.C2D_MESSAGE, me.everything.badger.permission.BADGE_COUNT_READ, com.htc.launcher.permission.READ_SETTINGS, android.permission.ACCESS_NETWORK_STATE, com.oppo.launcher.permission.READ_SETTINGS, com.huawei.android.launcher.permission.WRITE_SETTINGS, com.htc.launcher.permission.UPDATE_SHORTCUT, com.majeur.launcher.permission.UPDATE_BADGE, me.everything.badger.permission.BADGE_COUNT_WRITE, com.huawei.android.launcher.permission.CHANGE_BADGE",No,No,No,No,No,No,No,No,No,No,No,No,No,No,No,No,No,FALSE,N/A,N/A,N/A,N/A,N/A,FALSE,FALSE,FALSE
Eagle Cash,com.eagle.cash,Nigeria/Delisted,"android.permission.ACCESS_NETWORK_STATE, android.permission.ACCESS_WIFI_STATE, android.permission.READ_EXTERNAL_STORAGE, android.permission.INTERNET",No,No,No,Yes,No,No,No,No,No,No,No,No,No,No,No,No,No,TRUE,N/A,N/A,N/A,N/A,N/A,TRUE,TRUE,TRUE
@string/fs,com.cash.me.online.loan.app,Nigeria/Delisted,"android.permission.CAMERA, android.permission.READ_EXTERNAL_STORAGE, android.permission.READ_PROFILE, com.google.android.c2dm.permission.RECEIVE, android.permission.RECEIVE_BOOT_COMPLETED, android.permission.CHANGE_WIFI_STATE, android.permission.ACCESS_WIFI_STATE, android.permission.READ_PHONE_STATE, android.permission.READ_CALENDAR, android.permission.WAKE_LOCK, android.permission.READ_SMS, android.permission.ACCESS_NETWORK_STATE, android.permission.WRITE_EXTERNAL_STORAGE, android.permission.RECEIVE_SMS, android.permission.INTERNET, android.permission.GET_ACCOUNTS, com.google.android.finsky.permission.BIND_GET_INSTALL_REFERRER_SERVICE, android.permission.READ_CONTACTS",Yes,No,No,Yes,Yes,No,No,No,No,No,No,Yes,No,Yes,No,No,No,TRUE,N/A,N/A,N/A,N/A,N/A,TRUE,TRUE,TRUE
@string/app_name,com.cashmallet.app,Nigeria/Delisted,"android.permission.READ_EXTERNAL_STORAGE, android.permission.READ_PROFILE, com.google.android.c2dm.permission.RECEIVE, android.permission.ACCESS_WIFI_STATE, android.permission.READ_PHONE_STATE, android.permission.GET_ACCOUNTS, android.permission.INTERNET, android.permission.ACCESS_FINE_LOCATION, android.permission.CAMERA, android.permission.WAKE_LOCK, android.permission.READ_CONTACTS, android.permission.RECEIVE_BOOT_COMPLETED, android.permission.READ_SMS, android.permission.ACCESS_NETWORK_STATE, android.permission.RECEIVE_SMS, android.permission.READ_CALENDAR, android.permission.CHANGE_WIFI_STATE, android.permission.WRITE_EXTERNAL_STORAGE, com.google.android.finsky.permission.BIND_GET_INSTALL_REFERRER_SERVICE, android.permission.ACCESS_COARSE_LOCATION",Yes,No,No,Yes,Yes,No,No,No,No,No,No,Yes,No,Yes,No,No,Yes,TRUE,N/A,N/A,N/A,N/A,N/A,TRUE,TRUE,TRUE
@string/app_name,com.loancloud.nigeria.smartcash,Nigeria/Delisted,"android.permission.QUERY_ALL_PACKAGES, android.permission.READ_EXTERNAL_STORAGE, android.permission.READ_PRIVILEGED_PHONE_STAT, com.google.android.c2dm.permission.RECEIVE, android.permission.ACCESS_WIFI_STATE, android.permission.READ_PHONE_STATE, android.permission.INTERNET, android.permission.ACCESS_FINE_LOCATION, android.permission.MOUNT_UNMOUNT_FILESYSTEMS, android.permission.CAMERA, android.permission.WAKE_LOCK, android.permission.READ_CONTACTS, android.permission.READ_SMS, android.permission.ACCESS_NETWORK_STATE, android.permission.CHANGE_WIFI_STATE, android.permission.WRITE_EXTERNAL_STORAGE, com.google.android.finsky.permission.BIND_GET_INSTALL_REFERRER_SERVICE, android.permission.ACCESS_COARSE_LOCATION, android.permission.READ_SYNC_SETTINGS",Yes,No,No,Yes,Yes,No,No,No,No,No,No,Yes,No,Yes,No,Yes,Yes,TRUE,N/A,N/A,N/A,N/A,N/A,TRUE,TRUE,TRUE
@string/ac,com.xcredit.loan.nigeria,Nigeria/Delisted,"android.permission.QUERY_ALL_PACKAGES, android.permission.READ_EXTERNAL_STORAGE, com.google.android.c2dm.permission.RECEIVE, android.permission.ACCESS_WIFI_STATE, android.permission.READ_PHONE_STATE, android.permission.WRITE_CONTACTS, android.permission.INTERNET, android.permission.ACCESS_FINE_LOCATION, android.permission.READ_CALL_LOG, android.permission.CAMERA, android.permission.WAKE_LOCK, android.permission.READ_CONTACTS, android.permission.VIBRATE, android.permission.RECEIVE_BOOT_COMPLETED, android.permission.READ_SMS, android.permission.ACCESS_NETWORK_STATE, android.permission.SYSTEM_ALERT_WINDOW, android.permission.REQUEST_INSTALL_PACKAGES, android.permission.CHANGE_WIFI_STATE, android.permission.WRITE_EXTERNAL_STORAGE, com.google.android.finsky.permission.BIND_GET_INSTALL_REFERRER_SERVICE, android.permission.ACCESS_COARSE_LOCATION",Yes,Yes,No,Yes,Yes,No,No,No,No,No,No,Yes,No,Yes,No,Yes,Yes,TRUE,N/A,N/A,N/A,N/A,N/A,TRUE,TRUE,TRUE
Gomoni,ng.moni.gomoni,Nigeria/Delisted,"android.permission.ACCESS_LOCATION_EXTRA_COMMANDS, com.google.android.c2dm.permission.RECEIVE, android.permission.ACCESS_WIFI_STATE, android.permission.READ_PHONE_STATE, com.android.browser.permission.READ_HISTORY_BOOKMARKS, android.permission.BLUETOOTH, android.permission.INTERNET, android.permission.REORDER_TASKS, android.permission.CAMERA, android.permission.WAKE_LOCK, com.android.vending.setup.PLAY_SETUP_SERVICE, android.permission.WRITE_CALENDAR, android.permission.VIBRATE, android.permission.RECEIVE_BOOT_COMPLETED, android.permission.READ_SMS, android.permission.ACCESS_NETWORK_STATE, android.permission.RECEIVE_SMS, android.permission.CHANGE_NETWORK_STATE, android.permission.SYSTEM_ALERT_WINDOW, android.permission.FOREGROUND_SERVICE, android.permission.GET_TASKS, android.permission.BLUETOOTH_ADMIN, android.permission.HIGH_SAMPLING_RATE_SENSORS, android.permission.READ_CALENDAR, android.permission.CHANGE_WIFI_STATE, com.google.android.finsky.permission.BIND_GET_INSTALL_REFERRER_SERVICE, android.permission.ACCESS_COARSE_LOCATION, com.google.android.gms.permission.AD_ID",No,No,No,No,No,No,No,No,No,No,No,Yes,No,Yes,No,No,No,FALSE,N/A,N/A,N/A,N/A,N/A,FALSE,TRUE,FALSE
@string/b8,com.ucreditapp.app.cash.loan.carbon.jumia.pay,Nigeria/Delisted,"android.permission.READ_EXTERNAL_STORAGE, android.permission.READ_PROFILE, com.google.android.c2dm.permission.RECEIVE, android.permission.ACCESS_WIFI_STATE, android.permission.READ_PHONE_STATE, android.permission.GET_ACCOUNTS, android.permission.INTERNET, android.permission.ACCESS_FINE_LOCATION, android.permission.CAMERA, android.permission.WAKE_LOCK, android.permission.READ_CONTACTS, android.permission.RECEIVE_BOOT_COMPLETED, android.permission.READ_SMS, android.permission.ACCESS_NETWORK_STATE, android.permission.RECEIVE_SMS, android.permission.READ_CALENDAR, android.permission.CHANGE_WIFI_STATE, android.permission.WRITE_EXTERNAL_STORAGE, com.google.android.finsky.permission.BIND_GET_INSTALL_REFERRER_SERVICE, android.permission.ACCESS_COARSE_LOCATION",Yes,No,No,Yes,Yes,No,No,No,No,No,No,Yes,No,Yes,No,No,Yes,TRUE,N/A,N/A,N/A,N/A,N/A,TRUE,TRUE,TRUE
Hcash,com.nigeria.cashkj.hcash,Nigeria/Delisted,"android.permission.CAMERA, android.permission.READ_PRIVILEGED_PHONE_STATE, android.permission.CHANGE_WIFI_STATE, android.permission.ACCESS_WIFI_STATE, android.permission.READ_PHONE_STATE, android.permission.WAKE_LOCK, android.permission.LOCAL_MAC_ADDRESS, android.permission.READ_SMS, android.permission.ACCESS_NETWORK_STATE, com.google.android.finsky.permission.BIND_GET_INSTALL_REFERRER_SERVICE, android.permission.INTERNET, android.permission.ACCESS_COARSE_LOCATION, com.google.android.gms.permission.AD_ID, android.permission.READ_SYNC_SETTINGS, android.permission.RECORD_AUDIO",No,No,No,No,No,No,No,No,No,No,No,Yes,No,Yes,No,No,No,FALSE,N/A,N/A,N/A,N/A,N/A,FALSE,TRUE,FALSE
CashDey,ng.dey.cashdey,Nigeria/Delisted,"android.permission.ACCESS_LOCATION_EXTRA_COMMANDS, com.google.android.c2dm.permission.RECEIVE, android.permission.ACCESS_WIFI_STATE, android.permission.READ_PHONE_STATE, com.android.browser.permission.READ_HISTORY_BOOKMARKS, android.permission.BLUETOOTH, android.permission.INTERNET, android.permission.REORDER_TASKS, android.permission.CAMERA, android.permission.WAKE_LOCK, com.android.vending.setup.PLAY_SETUP_SERVICE, android.permission.WRITE_CALENDAR, android.permission.VIBRATE, android.permission.RECEIVE_BOOT_COMPLETED, android.permission.READ_SMS, android.permission.ACCESS_NETWORK_STATE, android.permission.RECEIVE_SMS, android.permission.CHANGE_NETWORK_STATE, android.permission.SYSTEM_ALERT_WINDOW, android.permission.FOREGROUND_SERVICE, android.permission.GET_TASKS, android.permission.BLUETOOTH_ADMIN, android.permission.HIGH_SAMPLING_RATE_SENSORS, android.permission.READ_CALENDAR, android.permission.CHANGE_WIFI_STATE, com.google.android.finsky.permission.BIND_GET_INSTALL_REFERRER_SERVICE, android.permission.ACCESS_COARSE_LOCATION, com.google.android.gms.permission.AD_ID",No,No,No,No,No,No,No,No,No,No,No,Yes,No,Yes,No,No,No,FALSE,N/A,N/A,N/A,N/A,N/A,FALSE,TRUE,FALSE
@string/app_name,swiftkash.safe.go,Nigeria/Delisted,"android.permission.READ_EXTERNAL_STORAGE, android.permission.ACCESS_LOCATION_EXTRA_COMMANDS, android.permission.ACCESS_WIFI_STATE, android.permission.READ_PHONE_STATE, android.permission.BLUETOOTH, android.permission.INTERNET, android.permission.ACCESS_FINE_LOCATION, android.permission.READ_CONTACTS, android.permission.READ_SMS, android.permission.ACCESS_NETWORK_STATE, android.permission.CHANGE_NETWORK_STATE, android.permission.FOREGROUND_SERVICE, android.permission.BLUETOOTH_CONNECT, android.permission.READ_CALENDAR, android.permission.CHANGE_WIFI_STATE, android.permission.WRITE_EXTERNAL_STORAGE, com.google.android.finsky.permission.BIND_GET_INSTALL_REFERRER_SERVICE, android.permission.ACCESS_COARSE_LOCATION, com.google.android.gms.permission.AD_ID",Yes,No,No,Yes,Yes,No,No,No,No,No,No,Yes,No,Yes,No,No,Yes,TRUE,N/A,N/A,N/A,N/A,N/A,TRUE,TRUE,TRUE
@string/app_name,com.grew.sw.cashlawn,Nigeria/Delisted,"android.permission.READ_EXTERNAL_STORAGE, android.permission.ACCESS_WIFI_STATE, android.permission.READ_PHONE_STATE, android.permission.LOCAL_MAC_ADDRESS, android.permission.WRITE_CONTACTS, com.google.android.providers.gsf.permission.WRITE_GSERVICES, android.permission.GET_ACCOUNTS, android.permission.ACCESS_FINE_LOCATION, android.permission.INTERNET, com.google.android.providers.gsf.permission.READ_GSERVICES, android.permission.CAMERA, android.permission.READ_CONTACTS, android.permission.GET_PACKAGE_SIZE, android.permission.READ_SMS, android.permission.ACCESS_NETWORK_STATE, android.permission.CHANGE_NETWORK_STATE, android.permission.CHANGE_WIFI_STATE, android.permission.WRITE_EXTERNAL_STORAGE, com.google.android.finsky.permission.BIND_GET_INSTALL_REFERRER_SERVICE, android.permission.ACCESS_COARSE_LOCATION, android.permission.CALL_PHONE",Yes,No,No,Yes,Yes,No,No,No,No,No,No,Yes,No,Yes,No,No,Yes,TRUE,N/A,N/A,N/A,N/A,N/A,TRUE,TRUE,TRUE
@string/app_name,com.loancloud.nigeria.easycash,Nigeria/Delisted,"android.permission.QUERY_ALL_PACKAGES, android.permission.READ_EXTERNAL_STORAGE, android.permission.READ_PRIVILEGED_PHONE_STAT, com.google.android.c2dm.permission.RECEIVE, android.permission.ACCESS_WIFI_STATE, android.permission.READ_PHONE_STATE, android.permission.INTERNET, android.permission.ACCESS_FINE_LOCATION, android.permission.MOUNT_UNMOUNT_FILESYSTEMS, android.permission.CAMERA, android.permission.WAKE_LOCK, android.permission.READ_CONTACTS, android.permission.READ_SMS, android.permission.ACCESS_NETWORK_STATE, android.permission.SYSTEM_ALERT_WINDOW, android.permission.FOREGROUND_SERVICE, android.permission.CHANGE_WIFI_STATE, android.permission.WRITE_EXTERNAL_STORAGE, com.google.android.finsky.permission.BIND_GET_INSTALL_REFERRER_SERVICE, android.permission.ACCESS_COARSE_LOCATION, android.permission.READ_SYNC_SETTINGS",Yes,No,No,Yes,Yes,No,No,No,No,No,No,Yes,No,Yes,No,Yes,Yes,TRUE,N/A,N/A,N/A,N/A,N/A,TRUE,TRUE,TRUE
@string/app_name,com.cash.loan.lending.cash.credit,Nigeria/Delisted,"com.cash.loan.lending.cash.credit.DYNAMIC_RECEIVER_NOT_EXPORTED_PERMISSION, android.permission.QUERY_ALL_PACKAGES, android.permission.READ_EXTERNAL_STORAGE, com.google.android.c2dm.permission.RECEIVE, android.permission.ACCESS_WIFI_STATE, android.permission.READ_PHONE_STATE, android.permission.LOCAL_MAC_ADDRESS, android.permission.INTERNET, android.permission.ACCESS_FINE_LOCATION, android.permission.WAKE_LOCK, android.permission.WRITE_CALENDAR, android.permission.READ_CONTACTS, android.permission.READ_SMS, android.permission.ACCESS_NETWORK_STATE, android.permission.READ_PRIVILEGED_PHONE_STATE, android.permission.READ_CALENDAR, android.permission.CHANGE_WIFI_STATE, android.permission.WRITE_EXTERNAL_STORAGE, com.google.android.finsky.permission.BIND_GET_INSTALL_REFERRER_SERVICE, android.permission.ACCESS_COARSE_LOCATION, com.google.android.gms.permission.AD_ID",Yes,No,No,Yes,Yes,No,No,No,No,No,No,Yes,No,Yes,No,Yes,Yes,TRUE,N/A,N/A,N/A,N/A,N/A,TRUE,TRUE,TRUE
@string/app_name,com.cash9ja.credit.cash.loan.naira,Nigeria/Delisted,"android.permission.READ_EXTERNAL_STORAGE, android.permission.ACCESS_LOCATION_EXTRA_COMMANDS, android.permission.ACCESS_WIFI_STATE, android.permission.READ_PHONE_STATE, android.permission.BLUETOOTH, android.permission.GET_ACCOUNTS, android.permission.INTERNET, android.permission.ACCESS_FINE_LOCATION, android.permission.RECORD_AUDIO, android.permission.CAMERA, android.permission.ACCESS_COARSE_UPDATES, android.permission.WAKE_LOCK, android.permission.WRITE_CALENDAR, android.permission.READ_CONTACTS, android.permission.VIBRATE, android.permission.RECEIVE_BOOT_COMPLETED, android.permission.READ_SMS, android.permission.ACCESS_NETWORK_STATE, android.permission.FOREGROUND_SERVICE, android.permission.WRITE_SETTINGS, android.permission.PACKAGE_USAGE_STATS, android.permission.READ_PRIVILEGED_PHONE_STATE, android.permission.READ_CALENDAR, android.permission.CHANGE_WIFI_STATE, android.permission.REPLACE_EXISTING_PACKAGE, android.permission.BATTERY_STATS, android.permission.BROADCAST_STICKY, android.permission.WRITE_EXTERNAL_STORAGE, com.google.android.finsky.permission.BIND_GET_INSTALL_REFERRER_SERVICE, android.permission.ACCESS_COARSE_LOCATION, com.google.android.gms.permission.AD_ID",Yes,No,No,Yes,Yes,No,No,No,No,No,No,Yes,No,Yes,No,No,Yes,TRUE,N/A,N/A,N/A,N/A,N/A,TRUE,TRUE,TRUE
@string/dw,com.sharp.credit.app,Nigeria/Delisted,"android.permission.CAMERA, android.permission.READ_EXTERNAL_STORAGE, android.permission.READ_PROFILE, com.google.android.c2dm.permission.RECEIVE, android.permission.RECEIVE_BOOT_COMPLETED, android.permission.CHANGE_WIFI_STATE, android.permission.ACCESS_WIFI_STATE, android.permission.READ_PHONE_STATE, android.permission.READ_CALENDAR, android.permission.WAKE_LOCK, android.permission.READ_SMS, android.permission.ACCESS_NETWORK_STATE, android.permission.WRITE_EXTERNAL_STORAGE, android.permission.RECEIVE_SMS, android.permission.INTERNET, android.permission.GET_ACCOUNTS, com.google.android.finsky.permission.BIND_GET_INSTALL_REFERRER_SERVICE, android.permission.READ_CONTACTS",Yes,No,No,Yes,Yes,No,No,No,No,No,No,Yes,No,Yes,No,No,No,TRUE,N/A,N/A,N/A,N/A,N/A,TRUE,TRUE,TRUE
@string/app_name,com.cash.loan.credit.quick.kash.cash9ja.mobile9.mkopo.instant.online.gocash,Nigeria/Delisted,"android.permission.READ_EXTERNAL_STORAGE, android.permission.READ_PROFILE, com.google.android.c2dm.permission.RECEIVE, android.permission.ACCESS_WIFI_STATE, android.permission.READ_PHONE_STATE, android.permission.GET_ACCOUNTS, android.permission.INTERNET, android.permission.ACCESS_FINE_LOCATION, android.permission.CAMERA, android.permission.WAKE_LOCK, android.permission.READ_CONTACTS, android.permission.RECEIVE_BOOT_COMPLETED, android.permission.READ_SMS, android.permission.ACCESS_NETWORK_STATE, android.permission.RECEIVE_SMS, android.permission.READ_CALENDAR, android.permission.CHANGE_WIFI_STATE, android.permission.WRITE_EXTERNAL_STORAGE, com.google.android.finsky.permission.BIND_GET_INSTALL_REFERRER_SERVICE, android.permission.ACCESS_COARSE_LOCATION",Yes,No,No,Yes,Yes,No,No,No,No,No,No,Yes,No,Yes,No,No,Yes,TRUE,N/A,N/A,N/A,N/A,N/A,TRUE,TRUE,TRUE
@string/app_name,com.sx.luckyloan,Nigeria/Delisted,"android.permission.CAMERA, android.permission.POST_NOTIFICATIONS, android.permission.READ_PRIVILEGED_PHONE_STATE, com.google.android.c2dm.permission.RECEIVE, android.permission.READ_CALENDAR, android.permission.ACCESS_WIFI_STATE, android.permission.READ_PHONE_STATE, android.permission.WAKE_LOCK, android.permission.READ_SMS, android.permission.ACCESS_NETWORK_STATE, android.permission.ACCESS_MEDIA_LOCATION, android.permission.ACCESS_NOTIFICATION_POLICY, android.permission.INTERNET, android.permission.ACCESS_COARSE_LOCATION, com.google.android.finsky.permission.BIND_GET_INSTALL_REFERRER_SERVICE, com.google.android.gms.permission.AD_ID, android.permission.MOUNT_UNMOUNT_FILESYSTEMS, android.permission.FOREGROUND_SERVICE",No,No,No,No,No,No,No,No,No,No,No,Yes,No,Yes,No,No,No,FALSE,N/A,N/A,N/A,N/A,N/A,FALSE,TRUE,FALSE
Xcash,com.loanx.cashloan,Nigeria/Delisted,"android.permission.POST_NOTIFICATIONS, android.permission.ACCESS_LOCATION_EXTRA_COMMANDS, com.google.android.c2dm.permission.RECEIVE, android.permission.ACCESS_WIFI_STATE, android.permission.READ_PHONE_STATE, com.android.browser.permission.READ_HISTORY_BOOKMARKS, android.permission.BLUETOOTH, android.permission.INTERNET, android.permission.REORDER_TASKS, android.permission.CAMERA, android.permission.WAKE_LOCK, com.android.vending.setup.PLAY_SETUP_SERVICE, android.permission.WRITE_CALENDAR, android.permission.VIBRATE, android.permission.RECEIVE_BOOT_COMPLETED, android.permission.READ_SMS, android.permission.ACCESS_NETWORK_STATE, android.permission.RECEIVE_SMS, android.permission.CHANGE_NETWORK_STATE, android.permission.SYSTEM_ALERT_WINDOW, android.permission.FOREGROUND_SERVICE, android.permission.GET_TASKS, android.permission.BLUETOOTH_ADMIN, android.permission.HIGH_SAMPLING_RATE_SENSORS, android.permission.READ_CALENDAR, android.permission.CHANGE_WIFI_STATE, com.google.android.finsky.permission.BIND_GET_INSTALL_REFERRER_SERVICE, android.permission.ACCESS_COARSE_LOCATION, com.google.android.gms.permission.AD_ID",No,No,No,No,No,No,No,No,No,No,No,Yes,No,Yes,No,No,No,FALSE,N/A,N/A,N/A,N/A,N/A,FALSE,TRUE,FALSE
@string/app_name,com.kashpal.credit.money.cash.moni,Nigeria/Delisted,"android.permission.READ_EXTERNAL_STORAGE, android.permission.ACCESS_LOCATION_EXTRA_COMMANDS, android.permission.ACCESS_WIFI_STATE, android.permission.READ_PHONE_STATE, android.permission.READ_LOGS, android.permission.WRITE_CONTACTS, android.permission.GET_ACCOUNTS, android.permission.INTERNET, android.permission.ACCESS_FINE_LOCATION, android.permission.MOUNT_UNMOUNT_FILESYSTEMS, android.permission.RECORD_AUDIO, android.permission.CAMERA, android.permission.MODIFY_AUDIO_SETTINGS, android.permission.WAKE_LOCK, android.permission.READ_CONTACTS, android.permission.FLASHLIGHT, android.permission.VIBRATE, com.vivo.notification.permission.BADGE_ICON, android.permission.READ_SMS, android.permission.ACCESS_NETWORK_STATE, android.permission.CHANGE_NETWORK_STATE, android.permission.WRITE_SETTINGS, android.permission.READ_CALENDAR, android.permission.CHANGE_WIFI_STATE, android.permission.WRITE_EXTERNAL_STORAGE, android.permission.ACCESS_COARSE_LOCATION, android.permission.CALL_PHONE, com.huawei.android.launcher.permission.CHANGE_BADGE",Yes,No,No,Yes,Yes,No,No,No,No,No,No,Yes,No,Yes,No,No,Yes,TRUE,N/A,N/A,N/A,N/A,N/A,TRUE,TRUE,TRUE
@string/app_name,com.naira9ja.loan.credit.cash.borrow,Nigeria/Delisted,"android.permission.POST_NOTIFICATIONS, com.google.android.c2dm.permission.RECEIVE, android.permission.ACCESS_WIFI_STATE, android.permission.READ_PHONE_STATE, android.permission.INTERNET, android.permission.READ_CALL_LOG, android.permission.CAMERA, android.permission.WAKE_LOCK, android.permission.VIBRATE, android.permission.RECEIVE_BOOT_COMPLETED, android.permission.READ_SMS, android.permission.ACCESS_NETWORK_STATE, android.permission.SYSTEM_ALERT_WINDOW, android.permission.FOREGROUND_SERVICE, com.naira9ja.loan.credit.cash.borrow.DYNAMIC_RECEIVER_NOT_EXPORTED_PERMISSION, android.permission.CHANGE_WIFI_STATE, com.google.android.finsky.permission.BIND_GET_INSTALL_REFERRER_SERVICE, android.permission.ACCESS_COARSE_LOCATION, com.google.android.gms.permission.AD_ID",No,Yes,No,No,No,No,No,No,No,No,No,Yes,No,Yes,No,No,No,TRUE,N/A,N/A,N/A,N/A,N/A,FALSE,TRUE,TRUE
@string/moneytree_app_name,jp.moneytree.moneytree,Nigeria/Delisted,"android.permission.POST_NOTIFICATIONS, com.google.android.c2dm.permission.RECEIVE, android.permission.ACCESS_WIFI_STATE, android.permission.USE_FINGERPRINT, android.permission.INTERNET, android.permission.USE_BIOMETRIC, android.permission.CAMERA, android.permission.WAKE_LOCK, android.permission.READ_MEDIA_IMAGES, jp.moneytree.moneytree.DYNAMIC_RECEIVER_NOT_EXPORTED_PERMISSION, android.permission.VIBRATE, android.permission.RECEIVE_BOOT_COMPLETED, android.permission.READ_MEDIA_AUDIO, android.permission.ACCESS_NETWORK_STATE, android.permission.FOREGROUND_SERVICE, android.permission.READ_CALENDAR, com.android.vending.BILLING, com.google.android.finsky.permission.BIND_GET_INSTALL_REFERRER_SERVICE, com.google.android.gms.permission.AD_ID",No,No,No,No,No,No,No,Yes,Yes,No,No,No,No,No,No,No,No,TRUE,N/A,N/A,N/A,N/A,N/A,TRUE,TRUE,TRUE
@string/app_name,com.sotifai.nai,Nigeria/Delisted,"android.hardwre.location.gps, android.permission.READ_EXTERNAL_STORAGE, android.permission.READ_PROFILE, com.google.android.c2dm.permission.RECEIVE, android.permission.ACCESS_WIFI_STATE, android.permission.READ_PHONE_STATE, android.permission.GET_ACCOUNTS, android.permission.INTERNET, android.permission.ACCESS_FINE_LOCATION, android.permission.CAMERA, android.permission.WAKE_LOCK, android.permission.WRITE_CALENDAR, android.permission.READ_CONTACTS, android.permission.VIBRATE, android.permission.RECEIVE_BOOT_COMPLETED, android.permission.READ_SMS, android.permission.ACCESS_NETWORK_STATE, android.permission.ACCESS_MEDIA_LOCATION, android.permission.FOREGROUND_SERVICE, android.permission.WRITE_SETTINGS, android.permission.REQUEST_INSTALL_PACKAGES, android.permission.READ_PRIVILEGED_PHONE_STATE, android.permission.READ_CALENDAR, android.permission.CHANGE_WIFI_STATE, android.permission.WRITE_EXTERNAL_STORAGE, com.google.android.finsky.permission.BIND_GET_INSTALL_REFERRER_SERVICE, android.permission.ACCESS_COARSE_LOCATION, com.google.android.gms.permission.AD_ID",Yes,No,No,Yes,Yes,No,No,No,No,No,No,Yes,No,Yes,No,No,Yes,TRUE,N/A,N/A,N/A,N/A,N/A,TRUE,TRUE,TRUE
@string/app_name__moneymart,com.lcloan.moneymart,Nigeria/Delisted,"android.permission.CAMERA, android.permission.READ_EXTERNAL_STORAGE, com.google.android.c2dm.permission.RECEIVE, android.permission.CHANGE_WIFI_STATE, android.permission.ACCESS_WIFI_STATE, android.permission.READ_PHONE_STATE, android.permission.WAKE_LOCK, android.permission.READ_SMS, android.permission.ACCESS_NETWORK_STATE, android.permission.WRITE_EXTERNAL_STORAGE, android.permission.ACCESS_MEDIA_LOCATION, android.permission.ACCESS_FINE_LOCATION, android.permission.INTERNET, android.permission.ACCESS_COARSE_LOCATION, com.google.android.finsky.permission.BIND_GET_INSTALL_REFERRER_SERVICE, android.permission.READ_CONTACTS",Yes,No,No,Yes,Yes,No,No,No,No,No,No,Yes,No,Yes,No,No,Yes,TRUE,N/A,N/A,N/A,N/A,N/A,TRUE,TRUE,TRUE
@string/app_name,com.loan.crancash.cash,Nigeria/Delisted,"com.samsung.android.mapsagent.permission.READ_APP_INFO, android.permission.CAMERA, android.permission.BLUETOOTH_ADMIN, com.google.android.c2dm.permission.RECEIVE, android.permission.ACCESS_ADSERVICES_ATTRIBUTION, android.permission.CHANGE_WIFI_STATE, android.permission.ACCESS_WIFI_STATE, com.android.vending.CHECK_LICENSE, android.permission.WAKE_LOCK, android.permission.READ_SMS, android.permission.ACCESS_NETWORK_STATE, com.google.android.finsky.permission.BIND_GET_INSTALL_REFERRER_SERVICE, android.permission.BLUETOOTH, android.permission.INTERNET, com.google.android.gms.permission.AD_ID, android.permission.ACCESS_COARSE_LOCATION, android.permission.CHANGE_NETWORK_STATE, com.huawei.appmarket.service.commondata.permission.GET_COMMON_DATA",No,No,No,No,No,No,No,No,No,No,No,No,No,Yes,No,No,No,FALSE,N/A,N/A,N/A,N/A,N/A,FALSE,TRUE,FALSE
@string/ar,xyz.niki.loan.nut,Nigeria/Delisted,"android.permission.CAMERA, android.permission.READ_PRIVILEGED_PHONE_STATE, android.permission.CHANGE_WIFI_STATE, android.permission.ACCESS_WIFI_STATE, android.permission.READ_PHONE_STATE, android.permission.WAKE_LOCK, android.permission.READ_SMS, android.permission.ACCESS_NETWORK_STATE, android.permission.INTERNET, android.permission.CALL_PHONE, android.permission.ACCESS_COARSE_LOCATION, android.permission.FOREGROUND_SERVICE",No,No,No,No,No,No,No,No,No,No,No,Yes,No,Yes,No,No,No,FALSE,N/A,N/A,N/A,N/A,N/A,FALSE,TRUE,FALSE
@string/app_name,com.cashniriql.camelloan,Nigeria/Delisted,"android.permission.READ_CALL_LOG, android.permission.BLUETOOTH_CONNECT, android.permission.CAMERA, android.permission.READ_PROFILE, android.permission.READ_PRIVILEGED_PHONE_STATE, android.permission.READ_CALENDAR, android.permission.CHANGE_WIFI_STATE, android.permission.ACCESS_WIFI_STATE, android.permission.READ_PHONE_STATE, android.permission.LOCAL_MAC_ADDRESS, android.permission.READ_SMS, android.permission.ACCESS_NETWORK_STATE, android.permission.INTERNET, android.permission.ACCESS_COARSE_LOCATION",No,Yes,No,No,No,No,No,No,No,No,No,Yes,No,Yes,No,No,No,TRUE,N/A,N/A,N/A,N/A,N/A,FALSE,TRUE,TRUE
SureCredit,ng.sure.surecredit,Nigeria/Delisted,"com.android.systemui.phonelock.permission.WRITE_CONTENT, android.permission.READ_EXTERNAL_STORAGE, android.permission.ACCESS_LOCATION_EXTRA_COMMANDS, com.google.android.c2dm.permission.RECEIVE, android.permission.ACCESS_WIFI_STATE, android.permission.READ_PHONE_STATE, com.android.browser.permission.READ_HISTORY_BOOKMARKS, android.permission.BLUETOOTH, android.permission.INTERNET, android.permission.ACCESS_FINE_LOCATION, android.permission.REORDER_TASKS, android.permission.CAMERA, android.permission.WAKE_LOCK, com.android.vending.setup.PLAY_SETUP_SERVICE, android.permission.WRITE_CALENDAR, android.permission.READ_CONTACTS, android.permission.VIBRATE, android.permission.RECEIVE_BOOT_COMPLETED, android.permission.READ_SMS, android.permission.ACCESS_NETWORK_STATE, android.permission.RECEIVE_SMS, android.permission.CHANGE_NETWORK_STATE, com.android.systemui.phonelock.permission.READ_CONTENT, android.permission.SYSTEM_ALERT_WINDOW, android.permission.FOREGROUND_SERVICE, android.permission.GET_TASKS, android.permission.BLUETOOTH_ADMIN, android.permission.READ_PHONE_NUMBERS, android.permission.READ_CALENDAR, android.permission.CHANGE_WIFI_STATE, android.permission.WRITE_EXTERNAL_STORAGE, com.google.android.finsky.permission.BIND_GET_INSTALL_REFERRER_SERVICE, android.permission.ACCESS_COARSE_LOCATION",Yes,No,No,Yes,Yes,No,No,No,No,No,Yes,Yes,No,Yes,No,No,Yes,TRUE,N/A,N/A,N/A,N/A,N/A,TRUE,TRUE,TRUE
@string/app_name,com.ggmoney.money.online.loan.instant.credit.bank.app,Nigeria/Delisted,"android.permission.READ_EXTERNAL_STORAGE, android.permission.READ_PROFILE, com.google.android.c2dm.permission.RECEIVE, android.permission.ACCESS_WIFI_STATE, android.permission.READ_PHONE_STATE, android.permission.GET_ACCOUNTS, android.permission.INTERNET, android.permission.ACCESS_FINE_LOCATION, android.permission.CAMERA, android.permission.WAKE_LOCK, android.permission.READ_CONTACTS, android.permission.RECEIVE_BOOT_COMPLETED, android.permission.READ_SMS, android.permission.ACCESS_NETWORK_STATE, android.permission.RECEIVE_SMS, android.permission.READ_CALENDAR, android.permission.CHANGE_WIFI_STATE, android.permission.WRITE_EXTERNAL_STORAGE, com.google.android.finsky.permission.BIND_GET_INSTALL_REFERRER_SERVICE, android.permission.ACCESS_COARSE_LOCATION",Yes,No,No,Yes,Yes,No,No,No,No,No,No,Yes,No,Yes,No,No,Yes,TRUE,N/A,N/A,N/A,N/A,N/A,TRUE,TRUE,TRUE
@string/app_name,com.creditville,Nigeria/Delisted,"android.permission.READ_EXTERNAL_STORAGE, android.permission.READ_PROFILE, com.google.android.c2dm.permission.RECEIVE, android.permission.USE_FINGERPRINT, android.permission.READ_PHONE_STATE, android.permission.ACCESS_WIFI_STATE, android.permission.INTERNET, android.permission.ACCESS_FINE_LOCATION, android.permission.READ_INTERNAL_STORAGE, com.google.android.providers.gsf.permission.READ_GSERVICES, android.permission.USE_BIOMETRIC, android.permission.CAMERA, android.permission.WAKE_LOCK, android.permission.READ_CONTACTS, android.permission.VIBRATE, android.permission.RECEIVE_BOOT_COMPLETED, android.permission.ACCESS_NETWORK_STATE, android.permission.SYSTEM_ALERT_WINDOW, android.permission.FOREGROUND_SERVICE, android.permission.WRITE_EXTERNAL_STORAGE, com.google.android.finsky.permission.BIND_GET_INSTALL_REFERRER_SERVICE, android.permission.ACCESS_COARSE_LOCATION, com.google.android.gms.permission.AD_ID, com.google.android.gms.permission.ACTIVITY_RECOGNITION",Yes,No,No,Yes,Yes,No,No,No,No,No,No,Yes,No,No,No,No,Yes,TRUE,N/A,N/A,N/A,N/A,N/A,TRUE,TRUE,TRUE
@string/eh,com.ng.easecash,Nigeria/Delisted,"android.permission.CAMERA, android.permission.VIBRATE, android.permission.POST_NOTIFICATIONS, com.google.android.c2dm.permission.RECEIVE, android.permission.CHANGE_WIFI_STATE, android.permission.ACCESS_WIFI_STATE, android.permission.READ_PHONE_STATE, android.permission.READ_SMS, android.permission.ACCESS_NETWORK_STATE, com.google.android.finsky.permission.BIND_GET_INSTALL_REFERRER_SERVICE, android.permission.RESTART_PACKAGES, android.permission.INTERNET, com.google.android.gms.permission.AD_ID",No,No,No,No,No,No,No,No,No,No,No,Yes,No,Yes,No,No,No,FALSE,N/A,N/A,N/A,N/A,N/A,FALSE,TRUE,FALSE
@string/app_name,com.nairacash.henloan,Nigeria/Delisted,"android.permission.READ_EXTERNAL_STORAGE, android.permission.READ_PROFILE, android.permission.ACCESS_WIFI_STATE, android.permission.READ_PHONE_STATE, android.permission.LOCAL_MAC_ADDRESS, android.permission.GET_ACCOUNTS, android.permission.INTERNET, android.permission.ACCESS_FINE_LOCATION, android.permission.CAMERA, android.permission.READ_CONTACTS, android.permission.READ_SMS, android.permission.ACCESS_NETWORK_STATE, android.permission.CHANGE_NETWORK_STATE, android.permission.BLUETOOTH_CONNECT, android.permission.READ_PRIVILEGED_PHONE_STATE, android.permission.READ_CALENDAR, android.permission.CHANGE_WIFI_STATE, android.permission.WRITE_EXTERNAL_STORAGE, android.permission.ACCESS_COARSE_LOCATION",Yes,No,No,Yes,Yes,No,No,No,No,No,No,Yes,No,Yes,No,No,Yes,TRUE,N/A,N/A,N/A,N/A,N/A,TRUE,TRUE,TRUE
@string/app_name,com.elsner.imoney,Nigeria/Delisted,"android.permission.RECEIVE_BOOT_COMPLETED, android.permission.WAKE_LOCK, com.android.vending.BILLING, android.permission.ACCESS_NETWORK_STATE, android.permission.INTERNET, com.google.android.gms.permission.AD_ID, android.permission.FOREGROUND_SERVICE",No,No,No,No,No,No,No,No,No,No,No,No,No,No,No,No,No,FALSE,N/A,N/A,N/A,N/A,N/A,FALSE,FALSE,FALSE
@string/app_name,loan.flypaypro.ydysx,Nigeria/Delisted,"android.permission.ACCESS_LOCATION_EXTRA_COMMANDS, android.permission.ACCESS_WIFI_STATE, android.permission.READ_PHONE_STATE, android.permission.BLUETOOTH, android.permission.INTERNET, freemme.permission.msa, android.permission.WRITE_CALENDAR, com.asus.msa.SupplementaryDID.ACCESS, android.permission.READ_SMS, android.permission.ACCESS_NETWORK_STATE, android.permission.CHANGE_NETWORK_STATE, android.permission.FOREGROUND_SERVICE, android.permission.BLUETOOTH_CONNECT, android.permission.WRITE_SETTINGS, android.permission.READ_CALENDAR, android.permission.CHANGE_WIFI_STATE, com.google.android.finsky.permission.BIND_GET_INSTALL_REFERRER_SERVICE, android.permission.ACCESS_COARSE_LOCATION, com.google.android.gms.permission.AD_ID",No,No,No,No,No,No,No,No,No,No,No,Yes,No,Yes,No,No,No,FALSE,N/A,N/A,N/A,N/A,N/A,FALSE,TRUE,FALSE
@string/ap,com.box.creditt,Nigeria/Delisted,"android.permission.CAMERA, android.permission.CHANGE_WIFI_STATE, android.permission.ACCESS_WIFI_STATE, android.permission.READ_PHONE_STATE, android.permission.WAKE_LOCK, android.permission.ACCESS_NETWORK_STATE, android.permission.INTERNET, android.permission.ACCESS_COARSE_LOCATION",No,No,No,No,No,No,No,No,No,No,No,Yes,No,No,No,No,No,FALSE,N/A,N/A,N/A,N/A,N/A,FALSE,TRUE,FALSE
@string/app_name,com.nigeria.loan.credit.nigerialoan,Nigeria/Delisted,"android.permission.CAMERA, android.permission.POST_NOTIFICATIONS, android.permission.READ_PRIVILEGED_PHONE_STATE, com.google.android.c2dm.permission.RECEIVE, android.permission.READ_CALENDAR, android.permission.ACCESS_WIFI_STATE, android.permission.READ_PHONE_STATE, android.permission.WAKE_LOCK, com.nigeria.loan.credit.nigerialoan.DYNAMIC_RECEIVER_NOT_EXPORTED_PERMISSION, android.permission.READ_SMS, android.permission.ACCESS_NETWORK_STATE, com.google.android.finsky.permission.BIND_GET_INSTALL_REFERRER_SERVICE, android.permission.INTERNET, com.google.android.gms.permission.AD_ID, android.permission.ACCESS_COARSE_LOCATION",No,No,No,No,No,No,No,No,No,No,No,Yes,No,Yes,No,No,No,FALSE,N/A,N/A,N/A,N/A,N/A,FALSE,TRUE,FALSE
@string/app_name,com.qc.getloan,Nigeria/Delisted,"android.permission.CAMERA, android.permission.READ_PRIVILEGED_PHONE_STATE, android.permission.ACCESS_WIFI_STATE, android.permission.READ_PHONE_STATE, android.permission.READ_SMS, android.permission.ACCESS_NETWORK_STATE, com.google.android.finsky.permission.BIND_GET_INSTALL_REFERRER_SERVICE, android.permission.INTERNET, android.permission.ACCESS_COARSE_LOCATION",No,No,No,No,No,No,No,No,No,No,No,Yes,No,Yes,No,No,No,FALSE,N/A,N/A,N/A,N/A,N/A,FALSE,TRUE,FALSE
Apex Lending,al.cash.easy.creditapp,Nigeria/Delisted,"android.permission.READ_CALL_LOG, android.permission.CAMERA, android.permission.CHANGE_WIFI_STATE, android.permission.ACCESS_WIFI_STATE, android.permission.READ_PHONE_STATE, android.permission.LOCAL_MAC_ADDRESS, android.permission.READ_SMS, android.permission.ACCESS_NETWORK_STATE, com.google.android.finsky.permission.BIND_GET_INSTALL_REFERRER_SERVICE, android.permission.INTERNET, android.permission.ACCESS_COARSE_LOCATION, al.cash.easy.creditapp.DYNAMIC_RECEIVER_NOT_EXPORTED_PERMISSION, android.permission.CHANGE_NETWORK_STATE, android.permission.RECORD_AUDIO, android.permission.FOREGROUND_SERVICE",No,Yes,No,No,No,No,No,No,No,No,No,Yes,No,Yes,No,No,No,TRUE,N/A,N/A,N/A,N/A,N/A,FALSE,TRUE,TRUE
@string/er,com.ng.secucash,Nigeria/Delisted,"android.permission.POST_NOTIFICATIONS, com.google.android.c2dm.permission.RECEIVE, android.permission.ACCESS_WIFI_STATE, android.permission.READ_PHONE_STATE, android.permission.LOCAL_MAC_ADDRESS, android.permission.INTERNET, android.permission.READ_CALL_LOG, android.permission.CAMERA, android.permission.WAKE_LOCK, android.permission.GET_PACKAGE_SIZE, android.permission.VIBRATE, android.permission.READ_SMS, android.permission.ACCESS_NETWORK_STATE, android.permission.RESTART_PACKAGES, android.permission.WRITE_SETTINGS, android.permission.PACKAGE_USAGE_STATS, android.permission.READ_CALENDAR, android.permission.CHANGE_WIFI_STATE, android.permission.BATTERY_STATS, com.google.android.finsky.permission.BIND_GET_INSTALL_REFERRER_SERVICE, android.permission.ACCESS_COARSE_LOCATION, com.google.android.gms.permission.AD_ID",No,Yes,No,No,No,No,No,No,No,No,No,Yes,No,Yes,No,No,No,TRUE,N/A,N/A,N/A,N/A,N/A,FALSE,TRUE,TRUE
@string/app_name,com.GalaxyCredit,Nigeria/Delisted,"android.permission.ACCESS_WIFI_STATE, android.permission.READ_PHONE_STATE, android.permission.INTERNET, android.permission.MOUNT_UNMOUNT_FILESYSTEMS, android.permission.ADD_VOICEMAIL, android.permission.MODIFY_PHONE_STATE, android.permission.WAKE_LOCK, android.permission.FLASHLIGHT, android.permission.READ_SYNC_STATS, android.permission.VIBRATE, com.vivo.notification.permission.BADGE_ICON, android.permission.ACCESS_NETWORK_STATE, android.permission.ACCESS_SURFACE_FLINGER, android.permission.ACCOUNT_MANAGER, android.permission.CHANGE_NETWORK_STATE, android.permission.WRITE_SETTINGS, android.permission.ACCESS_CHECKIN_PROPERTIES, android.permission.AUTHENTICATE_ACCOUNTS, android.permission.CHANGE_WIFI_STATE, android.permission.BATTERY_STATS, com.huawei.android.launcher.permission.CHANGE_BADGE",No,No,No,No,No,No,No,No,No,No,No,Yes,No,No,No,No,No,FALSE,N/A,N/A,N/A,N/A,N/A,FALSE,TRUE,FALSE
@string/app_name,com.we.ng.credit,Nigeria/Delisted,"android.permission.POST_NOTIFICATIONS, android.permission.ACCESS_LOCATION_EXTRA_COMMANDS, com.google.android.c2dm.permission.RECEIVE, android.permission.ACCESS_WIFI_STATE, android.permission.READ_PHONE_STATE, android.permission.READ_LOGS, android.permission.INTERNET, com.coloros.mcs.permission.RECIEVE_MCS_MESSAGE, com.google.android.providers.gsf.permission.READ_GSERVICES, android.permission.CAMERA, android.permission.WAKE_LOCK, android.permission.VIBRATE, android.permission.RECEIVE_BOOT_COMPLETED, android.permission.READ_SMS, android.permission.ACCESS_NETWORK_STATE, com.heytap.mcs.permission.RECIEVE_MCS_MESSAGE, android.permission.CHANGE_NETWORK_STATE, android.permission.SYSTEM_ALERT_WINDOW, android.permission.FOREGROUND_SERVICE, android.permission.GET_TASKS, android.permission.CHANGE_WIFI_STATE, com.google.android.finsky.permission.BIND_GET_INSTALL_REFERRER_SERVICE, com.we.ng.credit.permission.MIPUSH_RECEIVE, android.permission.CALL_PHONE, android.permission.ACCESS_COARSE_LOCATION, com.google.android.gms.permission.AD_ID",No,No,No,No,No,No,No,No,No,No,No,Yes,No,Yes,No,No,No,FALSE,N/A,N/A,N/A,N/A,N/A,FALSE,TRUE,FALSE
@string/app_name,com.loancloud.nigeria.cashmama,Nigeria/Delisted,"android.permission.QUERY_ALL_PACKAGES, android.permission.READ_EXTERNAL_STORAGE, android.permission.READ_PRIVILEGED_PHONE_STAT, com.google.android.c2dm.permission.RECEIVE, android.permission.ACCESS_WIFI_STATE, android.permission.READ_PHONE_STATE, android.permission.INTERNET, android.permission.ACCESS_FINE_LOCATION, android.permission.MOUNT_UNMOUNT_FILESYSTEMS, android.permission.CAMERA, android.permission.WAKE_LOCK, android.permission.READ_CONTACTS, android.permission.READ_SMS, android.permission.ACCESS_NETWORK_STATE, android.permission.SYSTEM_ALERT_WINDOW, android.permission.FOREGROUND_SERVICE, android.permission.CHANGE_WIFI_STATE, android.permission.WRITE_EXTERNAL_STORAGE, com.google.android.finsky.permission.BIND_GET_INSTALL_REFERRER_SERVICE, android.permission.ACCESS_COARSE_LOCATION, android.permission.READ_SYNC_SETTINGS",Yes,No,No,Yes,Yes,No,No,No,No,No,No,Yes,No,Yes,No,Yes,Yes,TRUE,N/A,N/A,N/A,N/A,N/A,TRUE,TRUE,TRUE
@string/app_name,cn.fk.fine.kudi,Nigeria/Delisted,"android.permission.POST_NOTIFICATIONS, android.permission.ACCESS_LOCATION_EXTRA_COMMANDS, com.google.android.c2dm.permission.RECEIVE, android.permission.ACCESS_WIFI_STATE, android.permission.READ_PHONE_STATE, android.permission.INTERNET, com.google.android.providers.gsf.permission.READ_GSERVICES, android.permission.CAMERA, android.permission.WAKE_LOCK, android.permission.RECEIVE_BOOT_COMPLETED, android.permission.READ_SMS, android.permission.ACCESS_NETWORK_STATE, android.permission.CHANGE_NETWORK_STATE, android.permission.FOREGROUND_SERVICE, android.permission.CHANGE_WIFI_STATE, com.google.android.finsky.permission.BIND_GET_INSTALL_REFERRER_SERVICE, android.permission.CALL_PHONE, android.permission.ACCESS_COARSE_LOCATION, com.google.android.gms.permission.AD_ID",No,No,No,No,No,No,No,No,No,No,No,Yes,No,Yes,No,No,No,FALSE,N/A,N/A,N/A,N/A,N/A,FALSE,TRUE,FALSE
@string/app_name,com.darm.personaloans,Pakistan/Delisted,"android.permission.POST_NOTIFICATIONS, com.google.android.c2dm.permission.RECEIVE, android.permission.RECEIVE_BOOT_COMPLETED, android.permission.WAKE_LOCK, android.permission.ACCESS_NETWORK_STATE, com.google.android.finsky.permission.BIND_GET_INSTALL_REFERRER_SERVICE, android.permission.INTERNET, com.google.android.gms.permission.AD_ID, com.darm.personaloans.permission.C2D_MESSAGE, android.permission.FOREGROUND_SERVICE",No,No,No,No,No,No,No,No,No,No,No,No,No,No,No,No,No,FALSE,N/A,N/A,N/A,N/A,N/A,FALSE,FALSE,FALSE
@string/app_name,com.rapidpayapps.finepayloans,Pakistan/Delisted,"android.permission.ACCESS_NETWORK_STATE, android.permission.INTERNET",No,No,No,No,No,No,No,No,No,No,No,No,No,No,No,No,No,FALSE,N/A,N/A,N/A,N/A,N/A,FALSE,FALSE,FALSE
@string/app_name,com.fairlend.fairloans,Pakistan/Delisted,"android.permission.ACCESS_WIFI_STATE, com.applovin.array.apphub.permission.BIND_APPHUB_SERVICE, com.fairlend.fairloans.DYNAMIC_RECEIVER_NOT_EXPORTED_PERMISSION, android.permission.ACCESS_NETWORK_STATE, android.permission.INTERNET, com.google.android.gms.permission.AD_ID",No,No,No,No,No,No,No,No,No,No,No,No,No,No,No,No,No,FALSE,N/A,N/A,N/A,N/A,N/A,FALSE,FALSE,FALSE
@string/app_name,com.soulfaquick.soulfa,Pakistan/Delisted,"android.permission.POST_NOTIFICATIONS, com.sec.android.provider.badge.permission.WRITE, com.google.android.c2dm.permission.RECEIVE, android.permission.ACCESS_WIFI_STATE, com.sonymobile.home.permission.PROVIDER_INSERT_BADGE, com.anddoes.launcher.permission.UPDATE_COUNT, android.permission.INTERNET, com.sec.android.provider.badge.permission.READ, android.permission.WAKE_LOCK, com.oppo.launcher.permission.WRITE_SETTINGS, com.huawei.android.launcher.permission.READ_SETTINGS, com.sonyericsson.home.permission.BROADCAST_BADGE, android.permission.ACCESS_WIFI, android.permission.READ_APP_BADGE, android.permission.VIBRATE, android.permission.RECEIVE_BOOT_COMPLETED, me.everything.badger.permission.BADGE_COUNT_READ, com.htc.launcher.permission.READ_SETTINGS, android.permission.ACCESS_NETWORK_STATE, com.oppo.launcher.permission.READ_SETTINGS, me.everything.badger.permission.BADGE_COUNT_WRITE, com.huawei.android.launcher.permission.WRITE_SETTINGS, android.permission.FOREGROUND_SERVICE, com.htc.launcher.permission.UPDATE_SHORTCUT, com.google.android.finsky.permission.BIND_GET_INSTALL_REFERRER_SERVICE, com.majeur.launcher.permission.UPDATE_BADGE, com.google.android.gms.permission.AD_ID, com.soulfaquick.soulfa.permission.C2D_MESSAGE, com.huawei.android.launcher.permission.CHANGE_BADGE",No,No,No,No,No,No,No,No,No,No,No,No,No,No,No,No,No,FALSE,N/A,N/A,N/A,N/A,N/A,FALSE,FALSE,FALSE
@string/app_name,com.ftfarm.fibo,Pakistan/Delisted,"android.permission.READ_EXTERNAL_STORAGE, android.permission.POST_NOTIFICATIONS, com.google.android.c2dm.permission.RECEIVE, android.permission.ACCESS_WIFI_STATE, android.permission.USE_FINGERPRINT, android.permission.READ_PHONE_STATE, android.permission.NFC, android.permission.INTERNET, android.permission.ACCESS_FINE_LOCATION, android.permission.RECORD_AUDIO, android.permission.USE_BIOMETRIC, com.ftfarm.fibo.DYNAMIC_RECEIVER_NOT_EXPORTED_PERMISSION, android.permission.CAMERA, android.permission.WAKE_LOCK, android.permission.FLASHLIGHT, android.permission.READ_CONTACTS, android.permission.VIBRATE, android.permission.ACCESS_NETWORK_STATE, android.permission.CHANGE_NETWORK_STATE, android.permission.WRITE_EXTERNAL_STORAGE, com.google.android.finsky.permission.BIND_GET_INSTALL_REFERRER_SERVICE, android.permission.ACCESS_COARSE_LOCATION, com.google.android.gms.permission.AD_ID",Yes,No,No,Yes,Yes,No,No,No,No,No,No,Yes,No,No,No,No,Yes,TRUE,N/A,N/A,N/A,N/A,N/A,TRUE,TRUE,TRUE
@string/app_name,com.fast.easy.instant.rapid.quickloan.miniloan.cash.loan.coach,Pakistan/Delisted,"android.permission.POST_NOTIFICATIONS, com.sec.android.provider.badge.permission.WRITE, com.google.android.c2dm.permission.RECEIVE, android.permission.ACCESS_WIFI_STATE, com.sonymobile.home.permission.PROVIDER_INSERT_BADGE, com.anddoes.launcher.permission.UPDATE_COUNT, android.permission.INTERNET, com.fast.easy.instant.rapid.quickloan.miniloan.cash.loan.coach.DYNAMIC_RECEIVER_NOT_EXPORTED_PERMISSION, com.sec.android.provider.badge.permission.READ, android.permission.WAKE_LOCK, com.oppo.launcher.permission.WRITE_SETTINGS, com.fast.easy.instant.rapid.quickloan.miniloan.cash.loan.coach.permission.C2D_MESSAGE, com.sonyericsson.home.permission.BROADCAST_BADGE, com.huawei.android.launcher.permission.READ_SETTINGS, android.permission.READ_APP_BADGE, android.permission.VIBRATE, android.permission.RECEIVE_BOOT_COMPLETED, me.everything.badger.permission.BADGE_COUNT_READ, com.htc.launcher.permission.READ_SETTINGS, android.permission.ACCESS_NETWORK_STATE, com.oppo.launcher.permission.READ_SETTINGS, com.huawei.android.launcher.permission.WRITE_SETTINGS, android.permission.FOREGROUND_SERVICE, com.htc.launcher.permission.UPDATE_SHORTCUT, com.majeur.launcher.permission.UPDATE_BADGE, com.google.android.gms.permission.AD_ID, me.everything.badger.permission.BADGE_COUNT_WRITE, com.huawei.android.launcher.permission.CHANGE_BADGE",No,No,No,No,No,No,No,No,No,No,No,No,No,No,No,No,No,FALSE,N/A,N/A,N/A,N/A,N/A,FALSE,FALSE,FALSE
@string/app_name,com.capitalpoint.easycashloans,Pakistan/Delisted,"android.permission.ACCESS_WIFI_STATE, android.permission.WAKE_LOCK, com.applovin.array.apphub.permission.BIND_APPHUB_SERVICE, android.permission.ACCESS_NETWORK_STATE, com.capitalpoint.easycashloans.DYNAMIC_RECEIVER_NOT_EXPORTED_PERMISSION, android.permission.INTERNET, com.google.android.gms.permission.AD_ID, android.permission.FOREGROUND_SERVICE",No,No,No,No,No,No,No,No,No,No,No,No,No,No,No,No,No,FALSE,N/A,N/A,N/A,N/A,N/A,FALSE,FALSE,FALSE
@string/app_name,com.libertyloans.loans,Pakistan/Delisted,"android.permission.ACCESS_NETWORK_STATE, android.permission.INTERNET",No,No,No,No,No,No,No,No,No,No,No,No,No,No,No,No,No,FALSE,N/A,N/A,N/A,N/A,N/A,FALSE,FALSE,FALSE
@string/app_name,com.loan.aadhar.pan.insurance.calculator.getloanonpancard,Pakistan/Delisted,"android.permission.READ_EXTERNAL_STORAGE, android.permission.POST_NOTIFICATIONS, com.sec.android.provider.badge.permission.WRITE, com.loan.aadhar.pan.insurance.calculator.getloanonpancard.permission.C2D_MESSAGE, com.google.android.c2dm.permission.RECEIVE, android.permission.ACCESS_WIFI_STATE, com.sonymobile.home.permission.PROVIDER_INSERT_BADGE, com.anddoes.launcher.permission.UPDATE_COUNT, android.permission.INTERNET, android.permission.ACCESS_FINE_LOCATION, com.sec.android.provider.badge.permission.READ, android.permission.WAKE_LOCK, com.oppo.launcher.permission.WRITE_SETTINGS, com.huawei.android.launcher.permission.READ_SETTINGS, com.sonyericsson.home.permission.BROADCAST_BADGE, android.permission.READ_APP_BADGE, android.permission.VIBRATE, android.permission.RECEIVE_BOOT_COMPLETED, me.everything.badger.permission.BADGE_COUNT_READ, com.htc.launcher.permission.READ_SETTINGS, android.permission.ACCESS_NETWORK_STATE, com.oppo.launcher.permission.READ_SETTINGS, com.huawei.android.launcher.permission.WRITE_SETTINGS, android.permission.FOREGROUND_SERVICE, com.htc.launcher.permission.UPDATE_SHORTCUT, android.permission.WRITE_EXTERNAL_STORAGE, com.majeur.launcher.permission.UPDATE_BADGE, com.google.android.finsky.permission.BIND_GET_INSTALL_REFERRER_SERVICE, com.google.android.gms.permission.AD_ID, android.permission.ACCESS_COARSE_LOCATION, me.everything.badger.permission.BADGE_COUNT_WRITE, com.huawei.android.launcher.permission.CHANGE_BADGE",No,No,No,Yes,Yes,No,No,No,No,No,No,No,No,No,No,No,Yes,TRUE,N/A,N/A,N/A,N/A,N/A,TRUE,TRUE,TRUE
@string/app_name,com.easyloans.solutions,Pakistan/Delisted,"com.sec.android.provider.badge.permission.WRITE, com.google.android.c2dm.permission.RECEIVE, android.permission.ACCESS_WIFI_STATE, com.sonymobile.home.permission.PROVIDER_INSERT_BADGE, com.anddoes.launcher.permission.UPDATE_COUNT, android.permission.INTERNET, com.sec.android.provider.badge.permission.READ, android.permission.WAKE_LOCK, com.oppo.launcher.permission.WRITE_SETTINGS, com.huawei.android.launcher.permission.READ_SETTINGS, com.sonyericsson.home.permission.BROADCAST_BADGE, android.permission.ACCESS_WIFI, android.permission.READ_APP_BADGE, android.permission.VIBRATE, android.permission.RECEIVE_BOOT_COMPLETED, me.everything.badger.permission.BADGE_COUNT_READ, com.htc.launcher.permission.READ_SETTINGS, android.permission.ACCESS_NETWORK_STATE, com.oppo.launcher.permission.READ_SETTINGS, com.huawei.android.launcher.permission.WRITE_SETTINGS, android.permission.FOREGROUND_SERVICE, com.htc.launcher.permission.UPDATE_SHORTCUT, com.easyloans.solutions.permission.C2D_MESSAGE, com.google.android.finsky.permission.BIND_GET_INSTALL_REFERRER_SERVICE, com.majeur.launcher.permission.UPDATE_BADGE, com.google.android.gms.permission.AD_ID, me.everything.badger.permission.BADGE_COUNT_WRITE, com.huawei.android.launcher.permission.CHANGE_BADGE",No,No,No,No,No,No,No,No,No,No,No,No,No,No,No,No,No,FALSE,N/A,N/A,N/A,N/A,N/A,FALSE,FALSE,FALSE
@string/app_name,com.easyloans.instantloans.foriloan,Pakistan/Delisted,"android.permission.POST_NOTIFICATIONS, com.sec.android.provider.badge.permission.WRITE, com.google.android.c2dm.permission.RECEIVE, android.permission.ACCESS_WIFI_STATE, com.sonymobile.home.permission.PROVIDER_INSERT_BADGE, com.anddoes.launcher.permission.UPDATE_COUNT, android.permission.INTERNET, com.sec.android.provider.badge.permission.READ, android.permission.WAKE_LOCK, com.oppo.launcher.permission.WRITE_SETTINGS, com.huawei.android.launcher.permission.READ_SETTINGS, com.sonyericsson.home.permission.BROADCAST_BADGE, android.permission.ACCESS_WIFI, android.permission.READ_APP_BADGE, android.permission.VIBRATE, com.easyloans.instantloans.foriloan.permission.C2D_MESSAGE, android.permission.RECEIVE_BOOT_COMPLETED, me.everything.badger.permission.BADGE_COUNT_READ, com.applovin.array.apphub.permission.BIND_APPHUB_SERVICE, com.htc.launcher.permission.READ_SETTINGS, android.permission.ACCESS_NETWORK_STATE, com.oppo.launcher.permission.READ_SETTINGS, com.huawei.android.launcher.permission.WRITE_SETTINGS, android.permission.FOREGROUND_SERVICE, com.htc.launcher.permission.UPDATE_SHORTCUT, com.google.android.finsky.permission.BIND_GET_INSTALL_REFERRER_SERVICE, com.majeur.launcher.permission.UPDATE_BADGE, com.google.android.gms.permission.AD_ID, me.everything.badger.permission.BADGE_COUNT_WRITE, com.huawei.android.launcher.permission.CHANGE_BADGE",No,No,No,No,No,No,No,No,No,No,No,No,No,No,No,No,No,FALSE,N/A,N/A,N/A,N/A,N/A,FALSE,FALSE,FALSE
@string/app_name,com.loanmarket,Pakistan/Delisted,"android.permission.READ_EXTERNAL_STORAGE, android.permission.CAMERA, android.permission.CHANGE_WIFI_STATE, android.permission.ACCESS_WIFI_STATE, android.permission.READ_PHONE_STATE, android.permission.READ_LOGS, android.permission.ACCESS_NETWORK_STATE, android.permission.WRITE_EXTERNAL_STORAGE, android.permission.INTERNET, android.permission.ACCESS_COARSE_LOCATION, android.permission.ACCESS_FINE_LOCATION, android.permission.SYSTEM_ALERT_WINDOW",No,No,No,Yes,Yes,No,No,No,No,No,No,Yes,No,No,No,No,Yes,TRUE,N/A,N/A,N/A,N/A,N/A,TRUE,TRUE,TRUE
@string/app_name,com.loanapp.onlineloan.applyonline.calc.Bankbalancecheck,Pakistan/Delisted,"android.permission.READ_EXTERNAL_STORAGE, android.permission.POST_NOTIFICATIONS, com.sec.android.provider.badge.permission.WRITE, com.google.android.c2dm.permission.RECEIVE, android.permission.ACCESS_WIFI_STATE, android.permission.READ_PHONE_STATE, com.sonymobile.home.permission.PROVIDER_INSERT_BADGE, com.anddoes.launcher.permission.UPDATE_COUNT, android.permission.INTERNET, android.permission.CAMERA, com.sec.android.provider.badge.permission.READ, android.permission.WAKE_LOCK, com.oppo.launcher.permission.WRITE_SETTINGS, com.huawei.android.launcher.permission.READ_SETTINGS, com.sonyericsson.home.permission.BROADCAST_BADGE, android.permission.Ad_ID, com.loanapp.onlineloan.applyonline.calc.Bankbalancecheck.permission.C2D_MESSAGE, android.permission.READ_APP_BADGE, android.permission.VIBRATE, android.permission.RECEIVE_BOOT_COMPLETED, me.everything.badger.permission.BADGE_COUNT_READ, com.htc.launcher.permission.READ_SETTINGS, android.permission.ACCESS_NETWORK_STATE, com.oppo.launcher.permission.READ_SETTINGS, com.huawei.android.launcher.permission.WRITE_SETTINGS, android.permission.FOREGROUND_SERVICE, com.htc.launcher.permission.UPDATE_SHORTCUT, com.loanapp.onlineloan.applyonline.calc.Bankbalancecheck.DYNAMIC_RECEIVER_NOT_EXPORTED_PERMISSION, android.permission.WRITE_EXTERNAL_STORAGE, com.majeur.launcher.permission.UPDATE_BADGE, com.google.android.gms.permission.AD_ID, me.everything.badger.permission.BADGE_COUNT_WRITE, com.huawei.android.launcher.permission.CHANGE_BADGE",No,No,No,Yes,Yes,No,No,No,No,No,No,Yes,No,No,No,No,No,TRUE,N/A,N/A,N/A,N/A,N/A,TRUE,TRUE,TRUE
@string/app_name,com.ptechmini.instantcredit,Pakistan/Delisted,"android.permission.POST_NOTIFICATIONS, com.sec.android.provider.badge.permission.WRITE, com.google.android.c2dm.permission.RECEIVE, android.permission.ACCESS_WIFI_STATE, com.sonymobile.home.permission.PROVIDER_INSERT_BADGE, com.anddoes.launcher.permission.UPDATE_COUNT, android.permission.INTERNET, com.sec.android.provider.badge.permission.READ, android.permission.WAKE_LOCK, com.oppo.launcher.permission.WRITE_SETTINGS, com.huawei.android.launcher.permission.READ_SETTINGS, com.ptechmini.instantcredit.permission.C2D_MESSAGE, com.sonyericsson.home.permission.BROADCAST_BADGE, android.permission.ACCESS_WIFI, android.permission.READ_APP_BADGE, android.permission.VIBRATE, android.permission.RECEIVE_BOOT_COMPLETED, me.everything.badger.permission.BADGE_COUNT_READ, com.htc.launcher.permission.READ_SETTINGS, android.permission.ACCESS_NETWORK_STATE, com.oppo.launcher.permission.READ_SETTINGS, com.huawei.android.launcher.permission.WRITE_SETTINGS, android.permission.FOREGROUND_SERVICE, com.htc.launcher.permission.UPDATE_SHORTCUT, com.google.android.finsky.permission.BIND_GET_INSTALL_REFERRER_SERVICE, com.majeur.launcher.permission.UPDATE_BADGE, com.google.android.gms.permission.AD_ID, me.everything.badger.permission.BADGE_COUNT_WRITE, com.huawei.android.launcher.permission.CHANGE_BADGE",No,No,No,No,No,No,No,No,No,No,No,No,No,No,No,No,No,FALSE,N/A,N/A,N/A,N/A,N/A,FALSE,FALSE,FALSE
@string/app_name,com.geeklabdevelopers.wcashloan,Pakistan/Delisted,"com.google.android.c2dm.permission.RECEIVE, android.permission.RECEIVE_BOOT_COMPLETED, android.permission.ACCESS_WIFI_STATE, android.permission.WAKE_LOCK, android.permission.ACCESS_NETWORK_STATE, android.permission.INTERNET, android.permission.ACCESS_COARSE_LOCATION",No,No,No,No,No,No,No,No,No,No,No,No,No,No,No,No,No,FALSE,N/A,N/A,N/A,N/A,N/A,FALSE,FALSE,FALSE
2023 Loans,com.twentythreeloans,Pakistan/Delisted,"android.permission.POST_NOTIFICATIONS, com.sec.android.provider.badge.permission.WRITE, android.permission.ACCESS_WIFI_STATE, com.sonymobile.home.permission.PROVIDER_INSERT_BADGE, com.anddoes.launcher.permission.UPDATE_COUNT, android.permission.INTERNET, com.sec.android.provider.badge.permission.READ, android.permission.WAKE_LOCK, com.oppo.launcher.permission.WRITE_SETTINGS, com.huawei.android.launcher.permission.READ_SETTINGS, com.sonyericsson.home.permission.BROADCAST_BADGE, android.permission.BROADCAST_CLOSE_SYSTEM_DIALOGS, android.permission.READ_APP_BADGE, android.permission.VIBRATE, android.permission.RECEIVE_BOOT_COMPLETED, me.everything.badger.permission.BADGE_COUNT_READ, com.applovin.array.apphub.permission.BIND_APPHUB_SERVICE, com.htc.launcher.permission.READ_SETTINGS, android.permission.ACCESS_NETWORK_STATE, android.permission.USE_FULL_SCREEN_INTENT, com.oppo.launcher.permission.READ_SETTINGS, com.huawei.android.launcher.permission.WRITE_SETTINGS, android.permission.FOREGROUND_SERVICE, com.htc.launcher.permission.UPDATE_SHORTCUT, android.permission.SCHEDULE_EXACT_ALARM, com.google.android.finsky.permission.BIND_GET_INSTALL_REFERRER_SERVICE, com.majeur.launcher.permission.UPDATE_BADGE, com.google.android.gms.permission.AD_ID, me.everything.badger.permission.BADGE_COUNT_WRITE, com.huawei.android.launcher.permission.CHANGE_BADGE",No,No,No,No,No,No,No,No,No,No,No,No,No,No,No,No,No,FALSE,N/A,N/A,N/A,N/A,N/A,FALSE,FALSE,FALSE
Hela Credit Loans,com.helacreditloans,Pakistan/Delisted,"android.permission.POST_NOTIFICATIONS, com.sec.android.provider.badge.permission.WRITE, android.permission.ACCESS_WIFI_STATE, com.sonymobile.home.permission.PROVIDER_INSERT_BADGE, com.anddoes.launcher.permission.UPDATE_COUNT, android.permission.INTERNET, com.sec.android.provider.badge.permission.READ, android.permission.WAKE_LOCK, com.oppo.launcher.permission.WRITE_SETTINGS, com.huawei.android.launcher.permission.READ_SETTINGS, com.sonyericsson.home.permission.BROADCAST_BADGE, android.permission.BROADCAST_CLOSE_SYSTEM_DIALOGS, android.permission.READ_APP_BADGE, android.permission.VIBRATE, android.permission.RECEIVE_BOOT_COMPLETED, me.everything.badger.permission.BADGE_COUNT_READ, com.applovin.array.apphub.permission.BIND_APPHUB_SERVICE, com.htc.launcher.permission.READ_SETTINGS, android.permission.ACCESS_NETWORK_STATE, android.permission.USE_FULL_SCREEN_INTENT, com.oppo.launcher.permission.READ_SETTINGS, com.huawei.android.launcher.permission.WRITE_SETTINGS, android.permission.FOREGROUND_SERVICE, com.htc.launcher.permission.UPDATE_SHORTCUT, android.permission.SCHEDULE_EXACT_ALARM, com.google.android.finsky.permission.BIND_GET_INSTALL_REFERRER_SERVICE, com.majeur.launcher.permission.UPDATE_BADGE, com.google.android.gms.permission.AD_ID, me.everything.badger.permission.BADGE_COUNT_WRITE, com.huawei.android.launcher.permission.CHANGE_BADGE",No,No,No,No,No,No,No,No,No,No,No,No,No,No,No,No,No,FALSE,N/A,N/A,N/A,N/A,N/A,FALSE,FALSE,FALSE
@string/app_name,com.optipay.littlecash,Pakistan/Delisted,"android.permission.VIBRATE, com.optipay.littlecash.DYNAMIC_RECEIVER_NOT_EXPORTED_PERMISSION, android.permission.ACCESS_WIFI_STATE, android.permission.ACCESS_NETWORK_STATE, android.permission.INTERNET, com.google.android.gms.permission.AD_ID",No,No,No,No,No,No,No,No,No,No,No,No,No,No,No,No,No,FALSE,N/A,N/A,N/A,N/A,N/A,FALSE,FALSE,FALSE
@string/app_name,com.paisaloanguide.loanguidepaisatips,Pakistan/Delisted,"android.permission.READ_EXTERNAL_STORAGE, android.permission.POST_NOTIFICATIONS, com.sec.android.provider.badge.permission.WRITE, com.google.android.c2dm.permission.RECEIVE, android.permission.ACCESS_WIFI_STATE, com.sonymobile.home.permission.PROVIDER_INSERT_BADGE, com.anddoes.launcher.permission.UPDATE_COUNT, android.permission.INTERNET, com.sec.android.provider.badge.permission.READ, android.permission.WAKE_LOCK, com.oppo.launcher.permission.WRITE_SETTINGS, com.huawei.android.launcher.permission.READ_SETTINGS, com.sonyericsson.home.permission.BROADCAST_BADGE, android.permission.READ_APP_BADGE, android.permission.VIBRATE, android.permission.RECEIVE_BOOT_COMPLETED, me.everything.badger.permission.BADGE_COUNT_READ, com.htc.launcher.permission.READ_SETTINGS, android.permission.ACCESS_NETWORK_STATE, com.oppo.launcher.permission.READ_SETTINGS, com.paisaloanguide.loanguidepaisatips.permission.C2D_MESSAGE, com.huawei.android.launcher.permission.WRITE_SETTINGS, android.permission.FOREGROUND_SERVICE, com.htc.launcher.permission.UPDATE_SHORTCUT, android.permission.WRITE_EXTERNAL_STORAGE, com.majeur.launcher.permission.UPDATE_BADGE, com.google.android.finsky.permission.BIND_GET_INSTALL_REFERRER_SERVICE, com.google.android.gms.permission.AD_ID, me.everything.badger.permission.BADGE_COUNT_WRITE, com.huawei.android.launcher.permission.CHANGE_BADGE",No,No,No,Yes,Yes,No,No,No,No,No,No,No,No,No,No,No,No,TRUE,N/A,N/A,N/A,N/A,N/A,TRUE,TRUE,TRUE
@string/app_name,com.simpleloan.instant.suparkash,Pakistan/Delisted,"android.permission.CAMERA, android.permission.READ_EXTERNAL_STORAGE, android.permission.RECEIVE_BOOT_COMPLETED, android.permission.READ_PHONE_STATE, android.permission.WAKE_LOCK, android.permission.ACCESS_NETWORK_STATE, android.permission.WRITE_EXTERNAL_STORAGE, com.google.android.finsky.permission.BIND_GET_INSTALL_REFERRER_SERVICE, android.permission.INTERNET, com.google.android.gms.permission.AD_ID, android.permission.FOREGROUND_SERVICE",No,No,No,Yes,Yes,No,No,No,No,No,No,Yes,No,No,No,No,No,TRUE,N/A,N/A,N/A,N/A,N/A,TRUE,TRUE,TRUE
@string/app_name,com.singleclick.loanpe.trading.colourloan.b2l,Pakistan/Delisted,"android.permission.READ_EXTERNAL_STORAGE, android.permission.VIBRATE, android.permission.CAMERA, com.google.android.c2dm.permission.RECEIVE, android.permission.RECEIVE_BOOT_COMPLETED, android.permission.CHANGE_WIFI_STATE, android.permission.ACCESS_WIFI_STATE, android.permission.WAKE_LOCK, android.permission.ACCESS_NETWORK_STATE, android.permission.WRITE_EXTERNAL_STORAGE, com.google.android.finsky.permission.BIND_GET_INSTALL_REFERRER_SERVICE, android.permission.INTERNET, android.permission.ACCESS_COARSE_LOCATION, android.permission.ACCESS_FINE_LOCATION, com.google.android.gms.permission.AD_ID, android.permission.READ_CONTACTS, android.permission.FOREGROUND_SERVICE",Yes,No,No,Yes,Yes,No,No,No,No,No,No,No,No,No,No,No,Yes,TRUE,N/A,N/A,N/A,N/A,N/A,TRUE,TRUE,TRUE
@string/app_name,com.getinstantloan.creditloan.cashloan,Pakistan/Delisted,"android.permission.CAMERA, android.permission.READ_EXTERNAL_STORAGE, com.getinstantloan.creditloan.cashloan.DYNAMIC_RECEIVER_NOT_EXPORTED_PERMISSION, com.google.android.c2dm.permission.RECEIVE, android.permission.CHANGE_WIFI_STATE, android.permission.ACCESS_WIFI_STATE, android.permission.WAKE_LOCK, android.permission.ACCESS_NETWORK_STATE, android.permission.WRITE_EXTERNAL_STORAGE, com.google.android.finsky.permission.BIND_GET_INSTALL_REFERRER_SERVICE, android.permission.INTERNET, com.google.android.gms.permission.AD_ID, com.google.android.providers.gsf.permission.READ_GSERVICES, android.permission.FOREGROUND_SERVICE",No,No,No,Yes,Yes,No,No,No,No,No,No,No,No,No,No,No,No,TRUE,N/A,N/A,N/A,N/A,N/A,TRUE,TRUE,TRUE
@string/app_name,com.fairercredit.readyloans,Pakistan/Delisted,"android.permission.ACCESS_NETWORK_STATE, android.permission.ACCESS_WIFI_STATE, android.permission.INTERNET, com.google.android.gms.permission.AD_ID",No,No,No,No,No,No,No,No,No,No,No,No,No,No,No,No,No,FALSE,N/A,N/A,N/A,N/A,N/A,FALSE,FALSE,FALSE
@string/app_name,com.jalurlaba.app,Pakistan/Delisted,"android.permission.REQUEST_INSTALL_PACKAGES, com.google.android.c2dm.permission.RECEIVE, android.permission.ACCESS_WIFI_STATE, android.permission.READ_PHONE_STATE, android.permission.USE_FINGERPRINT, android.permission.WAKE_LOCK, android.permission.ACCESS_NETWORK_STATE, android.permission.WRITE_EXTERNAL_STORAGE, com.google.android.finsky.permission.BIND_GET_INSTALL_REFERRER_SERVICE, android.permission.INTERNET",No,No,No,No,Yes,No,No,No,No,No,No,Yes,No,No,No,No,No,FALSE,N/A,N/A,N/A,N/A,N/A,TRUE,TRUE,FALSE
@string/app_name,com.swifts.mobile.loans,Pakistan/Delisted,"com.sec.android.provider.badge.permission.WRITE, com.google.android.c2dm.permission.RECEIVE, android.permission.ACCESS_WIFI_STATE, com.sonymobile.home.permission.PROVIDER_INSERT_BADGE, com.anddoes.launcher.permission.UPDATE_COUNT, android.permission.BLUETOOTH, android.permission.INTERNET, com.sec.android.provider.badge.permission.READ, android.permission.WAKE_LOCK, com.oppo.launcher.permission.WRITE_SETTINGS, com.huawei.android.launcher.permission.READ_SETTINGS, com.sonyericsson.home.permission.BROADCAST_BADGE, android.permission.READ_APP_BADGE, android.permission.VIBRATE, android.permission.RECEIVE_BOOT_COMPLETED, me.everything.badger.permission.BADGE_COUNT_READ, com.swifts.mobile.loans.permission.C2D_MESSAGE, com.htc.launcher.permission.READ_SETTINGS, android.permission.ACCESS_NETWORK_STATE, com.oppo.launcher.permission.READ_SETTINGS, com.huawei.android.launcher.permission.WRITE_SETTINGS, com.htc.launcher.permission.UPDATE_SHORTCUT, com.google.android.finsky.permission.BIND_GET_INSTALL_REFERRER_SERVICE, com.majeur.launcher.permission.UPDATE_BADGE, me.everything.badger.permission.BADGE_COUNT_WRITE, com.huawei.android.launcher.permission.CHANGE_BADGE",No,No,No,No,No,No,No,No,No,No,No,No,No,No,No,No,No,FALSE,N/A,N/A,N/A,N/A,N/A,FALSE,FALSE,FALSE
@string/app_name,com.financeapp.credicash.easycashloan,Pakistan/Delisted,"android.permission.ACCESS_WIFI_STATE, android.permission.WAKE_LOCK, android.permission.ACCESS_NETWORK_STATE, com.google.android.finsky.permission.BIND_GET_INSTALL_REFERRER_SERVICE, android.permission.INTERNET, com.google.android.gms.permission.AD_ID, android.permission.FOREGROUND_SERVICE",No,No,No,No,No,No,No,No,No,No,No,No,No,No,No,No,No,FALSE,N/A,N/A,N/A,N/A,N/A,FALSE,FALSE,FALSE
@string/app_name,com.superb.loans.borrownow,Pakistan/Delisted,"android.permission.POST_NOTIFICATIONS, com.sec.android.provider.badge.permission.WRITE, com.google.android.c2dm.permission.RECEIVE, android.permission.ACCESS_WIFI_STATE, com.sonymobile.home.permission.PROVIDER_INSERT_BADGE, com.anddoes.launcher.permission.UPDATE_COUNT, android.permission.INTERNET, com.superb.loans.borrownow.permission.C2D_MESSAGE, com.sec.android.provider.badge.permission.READ, android.permission.WAKE_LOCK, com.oppo.launcher.permission.WRITE_SETTINGS, com.huawei.android.launcher.permission.READ_SETTINGS, com.sonyericsson.home.permission.BROADCAST_BADGE, android.permission.ACCESS_WIFI, android.permission.READ_APP_BADGE, android.permission.VIBRATE, android.permission.RECEIVE_BOOT_COMPLETED, me.everything.badger.permission.BADGE_COUNT_READ, com.applovin.array.apphub.permission.BIND_APPHUB_SERVICE, com.htc.launcher.permission.READ_SETTINGS, android.permission.ACCESS_NETWORK_STATE, com.oppo.launcher.permission.READ_SETTINGS, com.huawei.android.launcher.permission.WRITE_SETTINGS, android.permission.FOREGROUND_SERVICE, com.htc.launcher.permission.UPDATE_SHORTCUT, com.google.android.finsky.permission.BIND_GET_INSTALL_REFERRER_SERVICE, com.majeur.launcher.permission.UPDATE_BADGE, com.google.android.gms.permission.AD_ID, me.everything.badger.permission.BADGE_COUNT_WRITE, com.huawei.android.launcher.permission.CHANGE_BADGE",No,No,No,No,No,No,No,No,No,No,No,No,No,No,No,No,No,FALSE,N/A,N/A,N/A,N/A,N/A,FALSE,FALSE,FALSE
@string/app_name,com.plati.feb.loans,Pakistan/Delisted,"com.sec.android.provider.badge.permission.WRITE, com.google.android.c2dm.permission.RECEIVE, com.sonymobile.home.permission.PROVIDER_INSERT_BADGE, com.anddoes.launcher.permission.UPDATE_COUNT, android.permission.INTERNET, com.plati.feb.loans.permission.C2D_MESSAGE, com.sec.android.provider.badge.permission.READ, android.permission.WAKE_LOCK, com.oppo.launcher.permission.WRITE_SETTINGS, com.huawei.android.launcher.permission.READ_SETTINGS, com.sonyericsson.home.permission.BROADCAST_BADGE, android.permission.READ_APP_BADGE, android.permission.VIBRATE, android.permission.RECEIVE_BOOT_COMPLETED, me.everything.badger.permission.BADGE_COUNT_READ, com.htc.launcher.permission.READ_SETTINGS, android.permission.ACCESS_NETWORK_STATE, com.oppo.launcher.permission.READ_SETTINGS, com.huawei.android.launcher.permission.WRITE_SETTINGS, com.htc.launcher.permission.UPDATE_SHORTCUT, com.google.android.finsky.permission.BIND_GET_INSTALL_REFERRER_SERVICE, com.majeur.launcher.permission.UPDATE_BADGE, me.everything.badger.permission.BADGE_COUNT_WRITE, com.huawei.android.launcher.permission.CHANGE_BADGE",No,No,No,No,No,No,No,No,No,No,No,No,No,No,No,No,No,FALSE,N/A,N/A,N/A,N/A,N/A,FALSE,FALSE,FALSE
@string/app_name,com.creditbookpk.creditbook,Pakistan/Approved,"android.permission.CAMERA, android.permission.READ_PROFILE, android.permission.READ_EXTERNAL_STORAGE, com.google.android.c2dm.permission.RECEIVE, android.permission.ACCESS_WIFI_STATE, android.permission.WAKE_LOCK, android.permission.ACCESS_NETWORK_STATE, android.permission.WRITE_EXTERNAL_STORAGE, com.google.android.finsky.permission.BIND_GET_INSTALL_REFERRER_SERVICE, android.permission.INTERNET, android.permission.READ_CONTACTS",Yes,No,No,Yes,Yes,No,No,No,No,No,No,No,No,No,No,No,No,TRUE,N/A,N/A,N/A,N/A,N/A,TRUE,TRUE,TRUE
Unknown,com.app.qistbazaar4,Unknown/Unknown,,No,No,No,No,No,No,No,No,No,No,No,No,No,No,No,No,No,FALSE,N/A,N/A,N/A,N/A,N/A,FALSE,FALSE,FALSE
@string/app_name,com.m7.taleem,Pakistan/Approved,"android.permission.CAMERA, android.permission.READ_EXTERNAL_STORAGE, android.permission.ACCESS_LOCATION, android.permission.ACCESS_ASSISTED_GPS, com.google.android.c2dm.permission.RECEIVE, android.permission.ACCESS_WIFI_STATE, android.permission.WAKE_LOCK, android.permission.ACCESS_GPS, android.permission.ACCESS_NETWORK_STATE, android.permission.WRITE_EXTERNAL_STORAGE, com.google.android.finsky.permission.BIND_GET_INSTALL_REFERRER_SERVICE, android.permission.ACCESS_FINE_LOCATION, android.permission.CALL_PHONE, android.permission.INTERNET, com.google.android.gms.permission.AD_ID, android.permission.FOREGROUND_SERVICE",No,No,No,Yes,Yes,No,No,No,No,No,No,No,No,No,No,No,Yes,TRUE,N/A,N/A,N/A,N/A,N/A,TRUE,TRUE,TRUE
@string/app_name_moneytap,com.mycash.moneytap.app,Pakistan/Approved,"android.permission.POST_NOTIFICATIONS, com.google.android.c2dm.permission.RECEIVE, android.permission.ACCESS_WIFI_STATE, android.permission.READ_PHONE_STATE, android.permission.USE_FINGERPRINT, android.permission.INTERNET, android.permission.RECORD_AUDIO, android.permission.USE_BIOMETRIC, android.permission.CAMERA, com.mycash.moneytap.app.permission.MIPUSH_RECEIVE, android.permission.SEND_SMS, android.permission.WAKE_LOCK, com.mycash.moneytap.app.DYNAMIC_RECEIVER_NOT_EXPORTED_PERMISSION, android.permission.VIBRATE, android.permission.RECEIVE_BOOT_COMPLETED, android.permission.READ_SMS, android.permission.ACCESS_NETWORK_STATE, android.permission.RECEIVE_SMS, android.permission.FOREGROUND_SERVICE, android.permission.GET_TASKS, android.permission.READ_PRIVILEGED_PHONE_STATE, android.permission.CHANGE_WIFI_STATE, android.permission.WRITE_EXTERNAL_STORAGE, com.google.android.finsky.permission.BIND_GET_INSTALL_REFERRER_SERVICE, com.google.android.gms.permission.AD_ID, android.permission.ACCESS_COARSE_LOCATION",No,No,No,No,Yes,No,No,No,No,No,No,Yes,No,Yes,No,No,No,TRUE,N/A,N/A,N/A,N/A,N/A,TRUE,TRUE,TRUE
Unknown,com.app.qistbazaar4,Unknown/Unknown,,No,No,No,No,No,No,No,No,No,No,No,No,No,No,No,No,No,FALSE,N/A,N/A,N/A,N/A,N/A,FALSE,FALSE,FALSE
@string/app_name,com.zoodel.kz,Pakistan/Approved,"android.permission.READ_EXTERNAL_STORAGE, android.permission.POST_NOTIFICATIONS, com.google.android.c2dm.permission.RECEIVE, android.permission.ACCESS_WIFI_STATE, android.permission.USE_FINGERPRINT, android.permission.INTERNET, android.permission.ACCESS_FINE_LOCATION, android.permission.USE_BIOMETRIC, android.permission.CAMERA, android.permission.WAKE_LOCK, com.zoodel.kz.DYNAMIC_RECEIVER_NOT_EXPORTED_PERMISSION, android.permission.READ_MEDIA_IMAGES, android.permission.VIBRATE, android.permission.READ_MEDIA_VIDEO, android.permission.RECEIVE_BOOT_COMPLETED, android.permission.ACCESS_NETWORK_STATE, android.permission.CHANGE_NETWORK_STATE, android.permission.SYSTEM_ALERT_WINDOW, android.permission.FOREGROUND_SERVICE, android.permission.CHANGE_WIFI_STATE, android.permission.WRITE_EXTERNAL_STORAGE, com.google.android.finsky.permission.BIND_GET_INSTALL_REFERRER_SERVICE, android.permission.ACCESS_COARSE_LOCATION, android.permission.CALL_PHONE, com.google.android.gms.permission.AD_ID",No,No,No,Yes,Yes,No,No,No,Yes,Yes,No,No,No,No,No,No,Yes,TRUE,N/A,N/A,N/A,N/A,N/A,TRUE,TRUE,TRUE
@string/app_name,com.techlogix.mobilinkcustomer,Pakistan/Approved,"android.permission.QUERY_ALL_PACKAGES, android.permission.READ_EXTERNAL_STORAGE, android.permission.POST_NOTIFICATIONS, com.google.android.c2dm.permission.RECEIVE, android.permission.USE_FINGERPRINT, android.permission.ACCESS_WIFI_STATE, android.permission.NFC, android.permission.BLUETOOTH, android.permission.INTERNET, android.permission.ACCESS_FINE_LOCATION, android.permission.USE_BIOMETRIC, android.permission.CAMERA, android.permission.WAKE_LOCK, android.permission.READ_MEDIA_IMAGES, com.techlogix.mobilinkcustomer.DYNAMIC_RECEIVER_NOT_EXPORTED_PERMISSION, android.permission.READ_CONTACTS, android.permission.VIBRATE, android.permission.RECEIVE_BOOT_COMPLETED, com.techlogix.mobilinkcustomer.permission.PROCESS_PUSH_MSG, android.permission.ACCESS_NETWORK_STATE, com.example.manyexampleapp.c2dm.permission.RECEIVE, com.techlogix.mobilinkcustomer.permission.PUSH_PROVIDER, android.permission.FOREGROUND_SERVICE, com.samsung.android.providers.context.permission.WRITE_USE_APP_FEATURE_SURVEY, android.permission.CHANGE_WIFI_STATE, android.permission.WRITE_EXTERNAL_STORAGE, com.google.android.finsky.permission.BIND_GET_INSTALL_REFERRER_SERVICE, android.permission.ACCESS_COARSE_LOCATION, com.google.android.gms.permission.AD_ID",Yes,No,No,Yes,Yes,No,No,No,Yes,No,No,No,No,No,No,Yes,Yes,TRUE,N/A,N/A,N/A,N/A,N/A,TRUE,TRUE,TRUE
Paisayaar,com.personale.credit.carry.cash.loan.paisaya,Pakistan/Approved,"android.permission.CAMERA, android.permission.POST_NOTIFICATIONS, android.permission.PACKAGE_USAGE_STATS, android.permission.READ_PRIVILEGED_PHONE_STATE, com.google.android.c2dm.permission.RECEIVE, android.permission.READ_CALENDAR, android.permission.ACCESS_WIFI_STATE, android.permission.WAKE_LOCK, android.permission.ACCESS_NETWORK_STATE, com.google.android.finsky.permission.BIND_GET_INSTALL_REFERRER_SERVICE, android.permission.INTERNET, com.google.android.gms.permission.AD_ID, android.permission.ACCESS_COARSE_LOCATION, android.permission.WRITE_CALENDAR, android.permission.FOREGROUND_SERVICE",No,No,No,No,No,No,No,No,No,No,No,No,No,No,No,No,No,FALSE,N/A,N/A,N/A,N/A,N/A,FALSE,FALSE,FALSE
@string/app_name,com.abhifinance,Pakistan/Approved,"android.permission.READ_EXTERNAL_STORAGE, android.permission.POST_NOTIFICATIONS, com.google.android.c2dm.permission.RECEIVE, com.android.vending.CHECK_LICENSE, android.permission.ACCESS_ADSERVICES_AD_ID, android.permission.ACCESS_WIFI_STATE, android.permission.USE_FINGERPRINT, android.permission.INTERNET, android.permission.RECORD_AUDIO, android.permission.USE_BIOMETRIC, com.abhifinance.DYNAMIC_RECEIVER_NOT_EXPORTED_PERMISSION, android.permission.ACCESS_ADSERVICES_ATTRIBUTION, android.permission.WAKE_LOCK, android.permission.RECEIVE_BOOT_COMPLETED, android.permission.ACCESS_NETWORK_STATE, android.permission.FOREGROUND_SERVICE, android.permission.WRITE_EXTERNAL_STORAGE, com.google.android.finsky.permission.BIND_GET_INSTALL_REFERRER_SERVICE, com.google.android.gms.permission.AD_ID",No,No,No,Yes,Yes,No,No,No,No,No,No,No,No,No,No,No,No,TRUE,N/A,N/A,N/A,N/A,N/A,TRUE,TRUE,TRUE
Muawin,com.raqqam.monamitech,Pakistan/Approved,"android.permission.READ_EXTERNAL_STORAGE, com.google.android.c2dm.permission.RECEIVE, android.permission.ACCESS_WIFI_STATE, android.permission.READ_PHONE_STATE, android.permission.REQUEST_WRITE_PERMISSION, android.permission.BLUETOOTH, android.permission.GET_ACCOUNTS, android.permission.INTERNET, android.permission.ACCESS_FINE_LOCATION, com.google.android.providers.gsf.permission.READ_GSERVICES, android.permission.CAMERA, android.permission.WAKE_LOCK, android.permission.READ_CONTACTS, android.permission.VIBRATE, android.permission.RECEIVE_BOOT_COMPLETED, android.permission.READ_SMS, android.permission.ACCESS_NETWORK_STATE, android.permission.SYSTEM_ALERT_WINDOW, android.permission.FOREGROUND_SERVICE, android.permission.READ_CALENDAR, android.permission.WRITE_EXTERNAL_STORAGE, com.google.android.finsky.permission.BIND_GET_INSTALL_REFERRER_SERVICE, android.permission.ACCESS_COARSE_LOCATION, android.permission.CALL_PHONE",Yes,No,No,Yes,Yes,No,No,No,No,No,No,Yes,No,Yes,No,No,Yes,TRUE,N/A,N/A,N/A,N/A,N/A,TRUE,TRUE,TRUE
@string/app_name,com.admin.smartqarzaappapkforandroidlatestversion,Pakistan/Approved,"android.permission.ACCESS_NETWORK_STATE, android.permission.POST_NOTIFICATIONS, android.permission.INTERNET, com.admin.smartqarzaappapkforandroidlatestversion.DYNAMIC_RECEIVER_NOT_EXPORTED_PERMISSION",No,No,No,No,No,No,No,No,No,No,No,No,No,No,No,No,No,FALSE,N/A,N/A,N/A,N/A,N/A,FALSE,FALSE,FALSE
@string/app_name_rc,com.loan.cash.credit.easy.kilat.cepat.pinjam.uang.dana.rupiah,Indonesia/Approved,"android.permission.POST_NOTIFICATIONS, android.permission.CAMERA, com.google.android.c2dm.permission.RECEIVE, android.permission.ACCESS_ADSERVICES_ATTRIBUTION, android.permission.CHANGE_WIFI_STATE, android.permission.ACCESS_WIFI_STATE, android.permission.RECEIVE_BOOT_COMPLETED, android.permission.WAKE_LOCK, android.permission.ACCESS_NETWORK_STATE, com.google.android.finsky.permission.BIND_GET_INSTALL_REFERRER_SERVICE, android.permission.INTERNET, com.google.android.gms.permission.AD_ID, android.permission.ACCESS_COARSE_LOCATION, com.huawei.appmarket.service.commondata.permission.GET_COMMON_DATA, android.permission.FLASHLIGHT, android.permission.FOREGROUND_SERVICE",No,No,No,No,No,No,No,No,No,No,No,No,No,No,No,No,No,FALSE,N/A,N/A,N/A,N/A,N/A,FALSE,FALSE,FALSE
@string/app_name,com.danamerdeka.android,Indonesia/Approved,"android.permission.CAMERA, android.permission.INTERNET, android.permission.SYSTEM_ALERT_WINDOW",No,No,No,No,No,No,No,No,No,No,No,No,No,No,No,No,No,FALSE,N/A,N/A,N/A,N/A,N/A,FALSE,FALSE,FALSE
@string/app_name,com.pinjammodal,Indonesia/Approved,"android.permission.POST_NOTIFICATIONS, com.sec.android.provider.badge.permission.WRITE, com.google.android.c2dm.permission.RECEIVE, android.permission.ACCESS_WIFI_STATE, com.sonymobile.home.permission.PROVIDER_INSERT_BADGE, com.anddoes.launcher.permission.UPDATE_COUNT, android.permission.ACCESS_FINE_LOCATION, android.permission.INTERNET, android.permission.CAMERA, com.sec.android.provider.badge.permission.READ, android.permission.WAKE_LOCK, com.oppo.launcher.permission.WRITE_SETTINGS, com.huawei.android.launcher.permission.READ_SETTINGS, com.sonyericsson.home.permission.BROADCAST_BADGE, android.permission.READ_APP_BADGE, android.permission.VIBRATE, android.permission.RECEIVE_BOOT_COMPLETED, me.everything.badger.permission.BADGE_COUNT_READ, com.htc.launcher.permission.READ_SETTINGS, android.permission.ACCESS_NETWORK_STATE, com.oppo.launcher.permission.READ_SETTINGS, com.huawei.android.launcher.permission.WRITE_SETTINGS, com.htc.launcher.permission.UPDATE_SHORTCUT, com.google.android.finsky.permission.BIND_GET_INSTALL_REFERRER_SERVICE, com.majeur.launcher.permission.UPDATE_BADGE, android.permission.ACCESS_COARSE_LOCATION, com.google.android.gms.permission.AD_ID, me.everything.badger.permission.BADGE_COUNT_WRITE, com.huawei.android.launcher.permission.CHANGE_BADGE",No,No,No,No,No,No,No,No,No,No,No,No,No,No,No,No,Yes,FALSE,N/A,N/A,N/A,N/A,N/A,TRUE,TRUE,FALSE
@string/app_name,mobile.danabagus.android,Indonesia/Approved,"android.permission.CAMERA, android.permission.POST_NOTIFICATIONS, com.google.android.c2dm.permission.RECEIVE, android.permission.ACCESS_WIFI_STATE, android.permission.WAKE_LOCK, android.permission.ACCESS_NETWORK_STATE, com.google.android.finsky.permission.BIND_GET_INSTALL_REFERRER_SERVICE, android.permission.ACCESS_FINE_LOCATION, android.permission.ACCESS_COARSE_LOCATION, android.permission.INTERNET, com.google.android.gms.permission.AD_ID, android.permission.FOREGROUND_SERVICE",No,No,No,No,No,No,No,No,No,No,No,No,No,No,No,No,Yes,FALSE,N/A,N/A,N/A,N/A,N/A,TRUE,TRUE,FALSE
@string/app_name,com.silvrr.finance,Indonesia/Approved,"android.permission.CAMERA, android.permission.POST_NOTIFICATIONS, android.permission.BLUETOOTH_ADMIN, com.google.android.c2dm.permission.RECEIVE, android.permission.USE_BIOMETRIC, android.permission.CHANGE_WIFI_STATE, android.permission.USE_FINGERPRINT, android.permission.ACCESS_WIFI_STATE, android.permission.ACCESS_NETWORK_STATE, android.permission.BLUETOOTH, com.google.android.finsky.permission.BIND_GET_INSTALL_REFERRER_SERVICE, android.permission.INTERNET, android.permission.ACCESS_COARSE_LOCATION, com.google.android.gms.permission.AD_ID, android.permission.REORDER_TASKS, android.permission.RECORD_AUDIO, android.permission.FOREGROUND_SERVICE",No,No,No,No,No,No,No,No,No,No,No,No,No,No,No,No,No,FALSE,N/A,N/A,N/A,N/A,N/A,FALSE,FALSE,FALSE
@string/app_name,com.ecreditpal.cashloan.indo,Indonesia/Approved,"android.permission.POST_NOTIFICATIONS, android.permission.ACCESS_LOCATION_EXTRA_COMMANDS, com.google.android.c2dm.permission.RECEIVE, com.sec.android.provider.badge.permission.WRITE, android.permission.ACCESS_WIFI_STATE, com.sonymobile.home.permission.PROVIDER_INSERT_BADGE, com.anddoes.launcher.permission.UPDATE_COUNT, com.ecreditpal.cashloan.indo.permission.C2D_MESSAGE, android.permission.INTERNET, android.permission.CAMERA, com.sec.android.provider.badge.permission.READ, android.permission.WAKE_LOCK, com.oppo.launcher.permission.WRITE_SETTINGS, com.huawei.android.launcher.permission.READ_SETTINGS, com.sonyericsson.home.permission.BROADCAST_BADGE, android.permission.READ_APP_BADGE, android.permission.VIBRATE, android.permission.RECEIVE_BOOT_COMPLETED, me.everything.badger.permission.BADGE_COUNT_READ, com.htc.launcher.permission.READ_SETTINGS, android.permission.ACCESS_NETWORK_STATE, com.oppo.launcher.permission.READ_SETTINGS, android.permission.CHANGE_NETWORK_STATE, com.huawei.android.launcher.permission.WRITE_SETTINGS, android.permission.FOREGROUND_SERVICE, com.htc.launcher.permission.UPDATE_SHORTCUT, android.permission.CHANGE_WIFI_STATE, com.google.android.finsky.permission.BIND_GET_INSTALL_REFERRER_SERVICE, com.majeur.launcher.permission.UPDATE_BADGE, com.google.android.gms.permission.AD_ID, android.permission.ACCESS_COARSE_LOCATION, me.everything.badger.permission.BADGE_COUNT_WRITE, com.huawei.android.launcher.permission.CHANGE_BADGE",No,No,No,No,No,No,No,No,No,No,No,No,No,No,No,No,No,FALSE,N/A,N/A,N/A,N/A,N/A,FALSE,FALSE,FALSE
@string/b3,com.adakami.dana.kredit.pinjaman,Indonesia/Approved,"android.permission.CAMERA, android.permission.POST_NOTIFICATIONS, android.permission.PREVENT_POWER_KEY, android.permission.VIBRATE, com.google.android.c2dm.permission.RECEIVE, android.permission.ACCESS_WIFI_STATE, android.permission.WAKE_LOCK, android.permission.ACCESS_NETWORK_STATE, com.google.android.finsky.permission.BIND_GET_INSTALL_REFERRER_SERVICE, android.permission.DETECT_SCREEN_CAPTURE, android.permission.INTERNET, android.permission.ACCESS_COARSE_LOCATION, com.google.android.gms.permission.AD_ID, android.permission.CHANGE_NETWORK_STATE, android.permission.RECORD_AUDIO, android.permission.FLASHLIGHT, android.permission.FOREGROUND_SERVICE",No,No,No,No,No,No,No,No,No,No,No,No,No,No,No,No,No,FALSE,N/A,N/A,N/A,N/A,N/A,FALSE,FALSE,FALSE
@string/app_name,com.id.kredi360,Indonesia/Approved,"android.permission.PERMISSION_GRANTED, com.google.android.c2dm.permission.RECEIVE, android.permission.ACCESS_WIFI_STATE, android.permission.BLUETOOTH, android.permission.DOWNLOAD_WITHOUT_NOTIFICATION, android.permission.INTERNET, android.permission.CAMERA, android.permission.WAKE_LOCK, android.permission.RECEIVE_BOOT_COMPLETED, com.id.kredi360.DYNAMIC_RECEIVER_NOT_EXPORTED_PERMISSION, android.permission.ACCESS_NETWORK_STATE, com.adjust.preinstall.READ_PERMISSION, android.permission.FOREGROUND_SERVICE, android.permission.WRITE_SETTINGS, android.permission.CHANGE_WIFI_STATE, com.google.android.finsky.permission.BIND_GET_INSTALL_REFERRER_SERVICE, android.permission.ACCESS_COARSE_LOCATION, com.google.android.gms.permission.AD_ID, android.permission.READ_SYNC_SETTINGS",No,No,No,No,No,No,No,No,No,No,No,No,No,No,No,No,No,FALSE,N/A,N/A,N/A,N/A,N/A,FALSE,FALSE,FALSE
@string/aq,com.pyeuiioa.zaxfrccf,Indonesia/Approved,"android.permission.CAMERA, android.permission.READ_EXTERNAL_STORAGE, android.permission.VIBRATE, com.google.android.c2dm.permission.RECEIVE, android.permission.READ_PHONE_STATE, android.permission.WAKE_LOCK, android.permission.ACCESS_NETWORK_STATE, android.permission.WRITE_EXTERNAL_STORAGE, com.google.android.finsky.permission.BIND_GET_INSTALL_REFERRER_SERVICE, android.permission.INTERNET, android.permission.ACCESS_COARSE_LOCATION, android.permission.ACCESS_FINE_LOCATION, android.permission.RECORD_AUDIO, android.permission.READ_CONTACTS",Yes,No,No,Yes,Yes,No,No,No,No,No,No,Yes,No,No,No,No,Yes,FALSE,N/A,N/A,N/A,N/A,N/A,TRUE,TRUE,FALSE
@string/app_name,com.pinjam.ktakilat,Indonesia/Approved,"android.permission.READ_EXTERNAL_STORAGE, com.sec.android.provider.badge.permission.WRITE, com.google.android.c2dm.permission.RECEIVE, com.sonymobile.home.permission.PROVIDER_INSERT_BADGE, com.anddoes.launcher.permission.UPDATE_COUNT, android.permission.INTERNET, com.sec.android.provider.badge.permission.READ, android.permission.WAKE_LOCK, com.oppo.launcher.permission.WRITE_SETTINGS, com.huawei.android.launcher.permission.READ_SETTINGS, com.sonyericsson.home.permission.BROADCAST_BADGE, android.permission.READ_APP_BADGE, android.permission.VIBRATE, android.permission.RECEIVE_BOOT_COMPLETED, me.everything.badger.permission.BADGE_COUNT_READ, com.htc.launcher.permission.READ_SETTINGS, android.permission.ACCESS_NETWORK_STATE, com.oppo.launcher.permission.READ_SETTINGS, com.huawei.android.launcher.permission.WRITE_SETTINGS, com.htc.launcher.permission.UPDATE_SHORTCUT, android.permission.GET_TASKS, android.permission.WRITE_EXTERNAL_STORAGE, com.majeur.launcher.permission.UPDATE_BADGE, com.google.android.finsky.permission.BIND_GET_INSTALL_REFERRER_SERVICE, me.everything.badger.permission.BADGE_COUNT_WRITE, com.pinjam.ktakilat.permission.C2D_MESSAGE, com.huawei.android.launcher.permission.CHANGE_BADGE",No,No,No,Yes,Yes,No,No,No,No,No,No,No,No,No,No,No,No,FALSE,N/A,N/A,N/A,N/A,N/A,TRUE,TRUE,FALSE
@string/app_name,com.kpt.android,Indonesia/Approved,"android.permission.CAMERA, android.permission.POST_NOTIFICATIONS, com.google.android.c2dm.permission.RECEIVE, android.hardware.camera, android.permission.ACCESS_WIFI_STATE, android.hardware.camera.autofocus, android.permission.WAKE_LOCK, android.permission.ACCESS_NETWORK_STATE, com.google.android.finsky.permission.BIND_GET_INSTALL_REFERRER_SERVICE, android.permission.INTERNET, android.permission.ACCESS_COARSE_LOCATION, com.google.android.gms.permission.AD_ID",No,No,No,No,No,No,No,No,No,No,No,No,No,No,No,No,No,FALSE,N/A,N/A,N/A,N/A,N/A,FALSE,FALSE,FALSE
@string/app_name,com.akseleran.crowdfund,Indonesia/Approved,"android.permission.POST_NOTIFICATIONS, com.google.android.c2dm.permission.RECEIVE, android.permission.ACCESS_ADSERVICES_ATTRIBUTION, android.permission.ACCESS_ADSERVICES_AD_ID, android.permission.RECEIVE_BOOT_COMPLETED, android.permission.WAKE_LOCK, android.permission.ACCESS_NETWORK_STATE, com.google.android.finsky.permission.BIND_GET_INSTALL_REFERRER_SERVICE, com.akseleran.crowdfund.DYNAMIC_RECEIVER_NOT_EXPORTED_PERMISSION, android.permission.INTERNET, com.google.android.gms.permission.AD_ID, android.permission.FOREGROUND_SERVICE",No,No,No,No,No,No,No,No,No,No,No,No,No,No,No,No,No,FALSE,N/A,N/A,N/A,N/A,N/A,FALSE,FALSE,FALSE
IVOJI,id.ivoji,Indonesia/Approved,"android.permission.CAMERA, android.permission.POST_NOTIFICATIONS, android.permission.HIGH_SAMPLING_RATE_SENSORS, android.permission.ACCESS_ADSERVICES_ATTRIBUTION, com.google.android.c2dm.permission.RECEIVE, android.permission.WAKE_LOCK, android.permission.ACCESS_NETWORK_STATE, com.google.android.finsky.permission.BIND_GET_INSTALL_REFERRER_SERVICE, android.permission.INTERNET, com.google.android.gms.permission.AD_ID, android.permission.ACCESS_COARSE_LOCATION, com.huawei.appmarket.service.commondata.permission.GET_COMMON_DATA, id.ivoji.DYNAMIC_RECEIVER_NOT_EXPORTED_PERMISSION",No,No,No,No,No,No,No,No,No,No,No,No,No,No,No,No,No,FALSE,N/A,N/A,N/A,N/A,N/A,FALSE,FALSE,FALSE
@string/app_name,com.duhasyariah.app,Indonesia/Approved,"android.permission.CAMERA, android.permission.ACCESS_NETWORK_STATE, android.permission.WRITE_EXTERNAL_STORAGE, android.permission.INTERNET, android.permission.ACCESS_COARSE_LOCATION, android.permission.ACCESS_FINE_LOCATION",No,No,No,No,Yes,No,No,No,No,No,No,No,No,No,No,No,Yes,FALSE,N/A,N/A,N/A,N/A,N/A,TRUE,TRUE,FALSE
@string/apieniosmename,com.indosk.sensid,Indonesia/Approved,"android.permission.CAMERA, android.permission.POST_NOTIFICATIONS, com.google.android.c2dm.permission.RECEIVE, android.permission.ACCESS_ADSERVICES_ATTRIBUTION, android.permission.CHANGE_WIFI_STATE, android.permission.ACCESS_WIFI_STATE, android.permission.ACCESS_ADSERVICES_AD_ID, android.permission.WAKE_LOCK, com.indosk.sensid.DYNAMIC_RECEIVER_NOT_EXPORTED_PERMISSION, android.permission.ACCESS_NETWORK_STATE, com.google.android.finsky.permission.BIND_GET_INSTALL_REFERRER_SERVICE, android.permission.INTERNET, android.permission.ACCESS_COARSE_LOCATION, com.google.android.gms.permission.AD_ID",No,No,No,No,No,No,No,No,No,No,No,No,No,No,No,No,No,FALSE,N/A,N/A,N/A,N/A,N/A,FALSE,FALSE,FALSE
@string/app_name,com.id.avantee,Indonesia/Approved,"android.permission.READ_EXTERNAL_STORAGE, android.permission.ACCESS_WIFI_STATE, android.permission.READ_PHONE_STATE, android.permission.ACCESS_NETWORK_STATE, android.permission.WRITE_EXTERNAL_STORAGE, android.permission.INTERNET, android.permission.MOUNT_UNMOUNT_FILESYSTEMS",No,No,No,Yes,Yes,No,No,No,No,No,No,Yes,No,No,No,No,No,FALSE,N/A,N/A,N/A,N/A,N/A,TRUE,TRUE,FALSE
@string/app_name,id.ammana.app,Indonesia/Approved,"com.sec.android.provider.badge.permission.WRITE, com.amazon.device.messaging.permission.RECEIVE, com.google.android.c2dm.permission.RECEIVE, com.sonymobile.home.permission.PROVIDER_INSERT_BADGE, com.anddoes.launcher.permission.UPDATE_COUNT, android.permission.GET_ACCOUNTS, android.permission.INTERNET, android.permission.CAMERA, com.sec.android.provider.badge.permission.READ, android.permission.WAKE_LOCK, com.oppo.launcher.permission.WRITE_SETTINGS, com.huawei.android.launcher.permission.READ_SETTINGS, com.sonyericsson.home.permission.BROADCAST_BADGE, android.permission.FLASHLIGHT, android.permission.READ_APP_BADGE, android.permission.VIBRATE, android.permission.RECEIVE_BOOT_COMPLETED, me.everything.badger.permission.BADGE_COUNT_READ, android.permission.USE_CREDENTIALS, com.htc.launcher.permission.READ_SETTINGS, android.permission.ACCESS_NETWORK_STATE, id.ammana.app.permission.RECEIVE_ADM_MESSAGE, com.oppo.launcher.permission.READ_SETTINGS, com.huawei.android.launcher.permission.WRITE_SETTINGS, com.htc.launcher.permission.UPDATE_SHORTCUT, id.ammana.app.permission.C2D_MESSAGE, com.majeur.launcher.permission.UPDATE_BADGE, me.everything.badger.permission.BADGE_COUNT_WRITE, com.huawei.android.launcher.permission.CHANGE_BADGE",No,No,No,No,No,No,No,No,No,No,No,No,No,No,No,No,No,FALSE,N/A,N/A,N/A,N/A,N/A,FALSE,FALSE,FALSE
@string/app_name,com.ammana.app,Indonesia/Approved,"android.permission.POST_NOTIFICATIONS, com.google.android.c2dm.permission.RECEIVE, com.android.vending.CHECK_LICENSE, android.permission.ACCESS_WIFI_STATE, android.permission.USE_FINGERPRINT, android.permission.BLUETOOTH, android.permission.DOWNLOAD_WITHOUT_NOTIFICATION, android.permission.INTERNET, android.permission.USE_BIOMETRIC, android.permission.CAMERA, android.permission.WAKE_LOCK, android.permission.WRITE_CALENDAR, android.permission.RECEIVE_BOOT_COMPLETED, com.ammana.app.DYNAMIC_RECEIVER_NOT_EXPORTED_PERMISSION, android.permission.ACCESS_NETWORK_STATE, android.permission.FOREGROUND_SERVICE, android.permission.NEARBY_WIFI_DEVICES, android.permission.BLUETOOTH_SCAN, android.permission.READ_CALENDAR, android.permission.CHANGE_WIFI_STATE, com.google.android.finsky.permission.BIND_GET_INSTALL_REFERRER_SERVICE, android.permission.ACCESS_COARSE_LOCATION, com.google.android.gms.permission.AD_ID",No,No,No,No,No,No,No,No,No,No,No,No,No,No,No,No,No,FALSE,N/A,N/A,N/A,N/A,N/A,FALSE,FALSE,FALSE
Kredito,com.kredito.fintek,Indonesia/Approved,"android.permission.CAMERA, android.permission.POST_NOTIFICATIONS, android.permission.VIBRATE, com.kredito.fintek.DYNAMIC_RECEIVER_NOT_EXPORTED_PERMISSION, com.google.android.c2dm.permission.RECEIVE, android.permission.CHANGE_WIFI_STATE, android.permission.ACCESS_WIFI_STATE, android.permission.WAKE_LOCK, android.permission.FLASHLIGHT, android.permission.ACCESS_NETWORK_STATE, com.google.android.finsky.permission.BIND_GET_INSTALL_REFERRER_SERVICE, android.permission.INTERNET, android.permission.ACCESS_COARSE_LOCATION, com.google.android.gms.permission.AD_ID, android.permission.ACCESS_FINE_LOCATION, android.permission.SYSTEM_ALERT_WINDOW",No,No,No,No,No,No,No,No,No,No,No,No,No,No,No,No,Yes,FALSE,N/A,N/A,N/A,N/A,N/A,TRUE,TRUE,FALSE
iGrow Lender,id.igrow.sponsor,Indonesia/Approved,"android.permission.CAMERA, android.permission.VIBRATE, android.permission.REQUEST_INSTALL_PACKAGES, com.google.android.c2dm.permission.RECEIVE, android.permission.RECEIVE_BOOT_COMPLETED, android.permission.USE_FINGERPRINT, android.permission.WAKE_LOCK, android.permission.ACCESS_NETWORK_STATE, android.permission.USE_FULL_SCREEN_INTENT, com.google.android.finsky.permission.BIND_GET_INSTALL_REFERRER_SERVICE, android.permission.INTERNET, android.permission.USE_BIOMETRIC",No,No,No,No,No,No,No,No,No,No,No,No,No,No,No,No,No,FALSE,N/A,N/A,N/A,N/A,N/A,FALSE,FALSE,FALSE
@string/app_name,id.danarupiah.weshare.jiekuan,Indonesia/Approved,"android.permission.QUERY_ALL_PACKAGES, android.permission.ACCESS_LOCATION_EXTRA_COMMANDS, com.sec.android.provider.badge.permission.WRITE, com.google.android.c2dm.permission.RECEIVE, android.permission.ACCESS_WIFI_STATE, com.sonymobile.home.permission.PROVIDER_INSERT_BADGE, com.anddoes.launcher.permission.UPDATE_COUNT, android.permission.BLUETOOTH, android.permission.ACCESS_FINE_LOCATION, android.permission.INTERNET, android.permission.CAMERA, com.sec.android.provider.badge.permission.READ, android.permission.WAKE_LOCK, com.oppo.launcher.permission.WRITE_SETTINGS, com.huawei.android.launcher.permission.READ_SETTINGS, com.sonyericsson.home.permission.BROADCAST_BADGE, android.permission.RECEIVE_USER_PRESENT, android.permission.READ_APP_BADGE, android.permission.VIBRATE, android.permission.CHANGE_CONFIGURATION, me.everything.badger.permission.BADGE_COUNT_READ, com.htc.launcher.permission.READ_SETTINGS, android.permission.ACCESS_NETWORK_STATE, com.oppo.launcher.permission.READ_SETTINGS, android.permission.CHANGE_NETWORK_STATE, com.huawei.android.launcher.permission.WRITE_SETTINGS, android.permission.FOREGROUND_SERVICE, android.permission.WRITE_SETTINGS, android.permission.GET_TASKS, com.htc.launcher.permission.UPDATE_SHORTCUT, android.permission.CHANGE_WIFI_STATE, com.google.android.finsky.permission.BIND_GET_INSTALL_REFERRER_SERVICE, com.majeur.launcher.permission.UPDATE_BADGE, android.permission.ACCESS_COARSE_LOCATION, me.everything.badger.permission.BADGE_COUNT_WRITE, com.huawei.android.launcher.permission.CHANGE_BADGE",No,No,No,No,No,No,No,No,No,No,No,No,No,No,No,Yes,Yes,FALSE,N/A,N/A,N/A,N/A,N/A,TRUE,TRUE,FALSE
@string/uangme_app_name,com.cmcm.uangme,Indonesia/Approved,"android.permission.CAMERA, android.permission.POST_NOTIFICATIONS, android.permission.ACCESS_LOCATION_EXTRA_COMMANDS, com.google.android.c2dm.permission.RECEIVE, android.permission.CHANGE_WIFI_STATE, android.permission.ACCESS_WIFI_STATE, android.permission.WAKE_LOCK, android.permission.ACCESS_NETWORK_STATE, android.permission.BLUETOOTH, com.google.android.finsky.permission.BIND_GET_INSTALL_REFERRER_SERVICE, android.permission.INTERNET, android.permission.ACCESS_COARSE_LOCATION, com.google.android.gms.permission.AD_ID",No,No,No,No,No,No,No,No,No,No,No,No,No,No,No,No,No,FALSE,N/A,N/A,N/A,N/A,N/A,FALSE,FALSE,FALSE
@string/a7,com.pinjamwinwin,Indonesia/Approved,"android.permission.CAMERA, android.permission.POST_NOTIFICATIONS, android.permission.PACKAGE_USAGE_STATS, com.google.android.c2dm.permission.RECEIVE, android.permission.ACCESS_ADSERVICES_ATTRIBUTION, android.permission.CHANGE_WIFI_STATE, android.permission.ACCESS_WIFI_STATE, android.permission.ACCESS_ADSERVICES_AD_ID, android.permission.WAKE_LOCK, android.permission.ACCESS_NETWORK_STATE, com.google.android.finsky.permission.BIND_GET_INSTALL_REFERRER_SERVICE, android.permission.INTERNET, com.google.android.gms.permission.AD_ID, android.permission.ACCESS_COARSE_LOCATION, com.pinjamwinwin.DYNAMIC_RECEIVER_NOT_EXPORTED_PERMISSION, android.permission.RECORD_AUDIO, android.permission.USE_BIOMETRIC",No,No,No,No,No,No,No,No,No,No,No,No,No,No,No,No,No,FALSE,N/A,N/A,N/A,N/A,N/A,FALSE,FALSE,FALSE
@string/app_name,com.klikcairapp,Indonesia/Approved,"android.permission.CAMERA, com.google.android.c2dm.permission.RECEIVE, com.android.vending.CHECK_LICENSE, android.permission.ACCESS_WIFI_STATE, android.permission.WAKE_LOCK, android.permission.ACCESS_NETWORK_STATE, com.google.android.finsky.permission.BIND_GET_INSTALL_REFERRER_SERVICE, android.permission.DOWNLOAD_WITHOUT_NOTIFICATION, android.permission.INTERNET, android.permission.ACCESS_FINE_LOCATION, com.klikcairapp.DYNAMIC_RECEIVER_NOT_EXPORTED_PERMISSION, android.permission.SYSTEM_ALERT_WINDOW",No,No,No,No,No,No,No,No,No,No,No,No,No,No,No,No,Yes,FALSE,N/A,N/A,N/A,N/A,N/A,TRUE,TRUE,FALSE
@string/app_name,id.co.danamas.v5,Indonesia/Approved,"com.sec.android.provider.badge.permission.WRITE, com.google.android.c2dm.permission.RECEIVE, com.android.vending.CHECK_LICENSE, android.permission.ACCESS_WIFI_STATE, com.sonymobile.home.permission.PROVIDER_INSERT_BADGE, com.anddoes.launcher.permission.UPDATE_COUNT, android.permission.USE_FINGERPRINT, android.permission.BLUETOOTH, android.permission.INTERNET, com.google.android.providers.gsf.permission.READ_GSERVICES, android.permission.USE_BIOMETRIC, android.permission.CAMERA, com.sec.android.provider.badge.permission.READ, android.permission.WAKE_LOCK, com.oppo.launcher.permission.WRITE_SETTINGS, com.huawei.android.launcher.permission.READ_SETTINGS, com.sonyericsson.home.permission.BROADCAST_BADGE, android.permission.READ_APP_BADGE, android.permission.VIBRATE, android.permission.RECEIVE_BOOT_COMPLETED, com.htc.launcher.permission.READ_SETTINGS, android.permission.ACCESS_NETWORK_STATE, com.oppo.launcher.permission.READ_SETTINGS, com.huawei.android.launcher.permission.WRITE_SETTINGS, android.permission.FOREGROUND_SERVICE, com.htc.launcher.permission.UPDATE_SHORTCUT, com.google.android.finsky.permission.BIND_GET_INSTALL_REFERRER_SERVICE, com.majeur.launcher.permission.UPDATE_BADGE, com.huawei.android.launcher.permission.CHANGE_BADGE",No,No,No,No,No,No,No,No,No,No,No,No,No,No,No,No,No,FALSE,N/A,N/A,N/A,N/A,N/A,FALSE,FALSE,FALSE
@string/app_name,com.modalnasional.fintech,Indonesia/Approved,"android.permission.CAMERA, android.permission.POST_NOTIFICATIONS, android.permission.HIGH_SAMPLING_RATE_SENSORS, com.google.android.c2dm.permission.RECEIVE, android.permission.WAKE_LOCK, android.permission.ACCESS_NETWORK_STATE, com.google.android.finsky.permission.BIND_GET_INSTALL_REFERRER_SERVICE, android.permission.INTERNET, com.google.android.gms.permission.AD_ID, android.permission.ACCESS_COARSE_LOCATION",No,No,No,No,No,No,No,No,No,No,No,No,No,No,No,No,No,FALSE,N/A,N/A,N/A,N/A,N/A,FALSE,FALSE,FALSE
@string/app_name,com.pinjam.dana.tunai.indo,Indonesia/Approved,"com.google.android.c2dm.permission.RECEIVE, android.permission.WAKE_LOCK, android.permission.ACCESS_NETWORK_STATE, android.permission.INTERNET, com.done.pinjamtunai.permission.C2D_MESSAGEvj",No,No,No,No,No,No,No,No,No,No,No,No,No,No,No,No,No,FALSE,N/A,N/A,N/A,N/A,N/A,FALSE,FALSE,FALSE
@string/app_name,com.danabijak.mobile,Indonesia/Approved,"android.permission.CAMERA, android.permission.READ_EXTERNAL_STORAGE, android.permission.ACCESS_NETWORK_STATE, android.permission.WRITE_EXTERNAL_STORAGE, android.permission.INTERNET, android.permission.ACCESS_FINE_LOCATION",No,No,No,Yes,Yes,No,No,No,No,No,No,No,No,No,No,No,Yes,FALSE,N/A,N/A,N/A,N/A,N/A,TRUE,TRUE,FALSE
@string/app_name,com.fintopia.idnEasycash.google,Indonesia/Approved,"android.permission.POST_NOTIFICATIONS, com.google.android.c2dm.permission.RECEIVE, android.permission.ACCESS_ADSERVICES_AD_ID, android.permission.ACCESS_WIFI_STATE, android.permission.USE_FINGERPRINT, android.permission.BLUETOOTH, android.permission.INTERNET, com.fintopia.idnEasycash.google.DYNAMIC_RECEIVER_NOT_EXPORTED_PERMISSION, android.permission.USE_BIOMETRIC, android.permission.CAMERA, android.permission.ACCESS_ADSERVICES_ATTRIBUTION, android.permission.WAKE_LOCK, android.permission.ACCESS_NETWORK_STATE, android.permission.CHANGE_NETWORK_STATE, android.permission.SYSTEM_ALERT_WINDOW, android.permission.FOREGROUND_SERVICE, android.permission.GET_TASKS, com.google.android.finsky.permission.BIND_GET_INSTALL_REFERRER_SERVICE, android.permission.ACCESS_COARSE_LOCATION, com.google.android.gms.permission.AD_ID",No,No,No,No,No,No,No,No,No,No,No,No,No,No,No,No,No,FALSE,N/A,N/A,N/A,N/A,N/A,FALSE,FALSE,FALSE
@string/app_name,com.onecard.kredinesia,Indonesia/Approved,"android.permission.CAMERA, android.permission.VIBRATE, android.permission.POST_NOTIFICATIONS, com.google.android.c2dm.permission.RECEIVE, android.permission.CHANGE_WIFI_STATE, android.permission.USE_FINGERPRINT, android.permission.ACCESS_WIFI_STATE, android.permission.WAKE_LOCK, android.permission.ACCESS_NETWORK_STATE, com.google.android.finsky.permission.BIND_GET_INSTALL_REFERRER_SERVICE, android.permission.INTERNET, android.permission.ACCESS_COARSE_LOCATION, com.google.android.gms.permission.AD_ID, android.permission.CHANGE_NETWORK_STATE, android.permission.USE_BIOMETRIC",No,No,No,No,No,No,No,No,No,No,No,No,No,No,No,No,No,FALSE,N/A,N/A,N/A,N/A,N/A,FALSE,FALSE,FALSE
@string/app_name,com.mysolusiku.solusiku,Indonesia/Approved,"android.permission.READ_EXTERNAL_STORAGE, android.permission.GET_TASKS, com.google.android.c2dm.permission.RECEIVE, android.permission.ACCESS_WIFI_STATE, android.permission.READ_PHONE_STATE, android.permission.WAKE_LOCK, android.permission.ACCESS_NETWORK_STATE, android.permission.WRITE_EXTERNAL_STORAGE, com.google.android.finsky.permission.BIND_GET_INSTALL_REFERRER_SERVICE, android.permission.ACCESS_FINE_LOCATION, android.permission.INTERNET, android.permission.ACCESS_COARSE_LOCATION",No,No,No,Yes,Yes,No,No,No,No,No,No,Yes,No,No,No,No,Yes,FALSE,N/A,N/A,N/A,N/A,N/A,TRUE,TRUE,FALSE
@string/app_name,com.solmitrafintec.solmitramobile,Indonesia/Approved,"android.permission.CAMERA, android.permission.VIBRATE, android.permission.PACKAGE_USAGE_STATS, com.google.android.c2dm.permission.RECEIVE, android.permission.USE_FINGERPRINT, android.permission.ACCESS_WIFI_STATE, android.permission.WAKE_LOCK, android.hardware.camera.autofocus, com.energeek.sengketadev.permission.MAPS_RECEIVE, android.permission.ACCESS_NETWORK_STATE, com.android.browser.permission.READ_HISTORY_BOOKMARKS, android.permission.GET_ACCOUNTS, android.permission.INTERNET, android.permission.ACCESS_COARSE_LOCATION, android.permission.ACCESS_FINE_LOCATION, com.google.android.finsky.permission.BIND_GET_INSTALL_REFERRER_SERVICE, com.energeek.sengketadev.permission.C2D_MESSAGE, com.google.android.providers.gsf.permission.READ_GSERVICES",No,No,No,No,No,No,No,No,No,No,No,No,No,No,No,No,Yes,FALSE,N/A,N/A,N/A,N/A,N/A,TRUE,TRUE,FALSE
KTA KILAT,com.ktakilat.loan,Indonesia/Approved,"android.permission.READ_EXTERNAL_STORAGE, com.google.android.c2dm.permission.RECEIVE, android.permission.ACCESS_WIFI_STATE, android.permission.INTERNET, android.permission.ACCESS_FINE_LOCATION, android.permission.READ_CALL_LOG, android.permission.CAMERA, android.permission.WAKE_LOCK, android.permission.VIBRATE, android.permission.RECEIVE_BOOT_COMPLETED, android.permission.READ_SMS, android.permission.ACCESS_NETWORK_STATE, android.permission.CHANGE_NETWORK_STATE, android.permission.SYSTEM_ALERT_WINDOW, com.ktakilat.loan.permission.C2D_MESSAGE, android.permission.CHANGE_WIFI_STATE, android.permission.WRITE_EXTERNAL_STORAGE, com.google.android.finsky.permission.BIND_GET_INSTALL_REFERRER_SERVICE, android.permission.ACCESS_COARSE_LOCATION, android.permission.CALL_PHONE",No,Yes,No,Yes,Yes,No,No,No,No,No,No,No,No,Yes,No,No,Yes,FALSE,N/A,N/A,N/A,N/A,N/A,TRUE,TRUE,FALSE
@string/app_name,com.mintq.gocash,Indonesia/Approved,"android.permission.CAMERA, android.permission.VIBRATE, android.permission.POST_NOTIFICATIONS, com.google.android.c2dm.permission.RECEIVE, android.permission.ACCESS_WIFI_STATE, android.permission.USE_FINGERPRINT, android.permission.TRANSMIT_IR, android.permission.WAKE_LOCK, android.permission.ACCESS_NETWORK_STATE, android.permission.BLUETOOTH, com.google.android.finsky.permission.BIND_GET_INSTALL_REFERRER_SERVICE, android.permission.INTERNET, android.permission.ACCESS_COARSE_LOCATION, com.google.android.gms.permission.AD_ID, android.permission.RECORD_AUDIO",No,No,No,No,No,No,No,No,No,No,No,No,No,No,No,No,No,FALSE,N/A,N/A,N/A,N/A,N/A,FALSE,FALSE,FALSE
@string/app_name,com.danasyariah.mobiledanasyariah,Indonesia/Approved,"android.permission.MICROPHONE, android.permission.CAMERA, android.permission.MODIFY_AUDIO_SETTINGS, com.google.android.c2dm.permission.RECEIVE, android.permission.RECEIVE_BOOT_COMPLETED, android.permission.ACCESS_WIFI_STATE, android.permission.WAKE_LOCK, android.permission.ACCESS_NETWORK_STATE, android.permission.BLUETOOTH, com.google.android.finsky.permission.BIND_GET_INSTALL_REFERRER_SERVICE, android.permission.INTERNET, android.permission.ACCESS_COARSE_LOCATION, android.permission.ACCESS_FINE_LOCATION, android.permission.FOREGROUND_SERVICE, android.permission.RECORD_AUDIO, android.permission.USE_BIOMETRIC",No,No,No,No,No,No,No,No,No,No,No,No,No,No,No,No,Yes,FALSE,N/A,N/A,N/A,N/A,N/A,TRUE,TRUE,FALSE
@string/app_name,com.paem.intl,Indonesia/Approved,"android.permission.NEARBY_WIFI_DEVICES, android.permission.CAMERA, android.permission.POST_NOTIFICATIONS, android.permission.VIBRATE, com.google.android.c2dm.permission.RECEIVE, android.permission.CHANGE_CONFIGURATION, android.permission.USE_FINGERPRINT, android.permission.ACCESS_NETWORK_STATE, com.google.android.finsky.permission.BIND_GET_INSTALL_REFERRER_SERVICE, android.permission.INTERNET, android.permission.ACCESS_COARSE_LOCATION, com.google.android.gms.permission.AD_ID, android.permission.FOREGROUND_SERVICE, android.permission.RECORD_AUDIO, android.permission.FLASHLIGHT, android.permission.USE_BIOMETRIC",No,No,No,No,No,No,No,No,No,No,No,No,No,No,No,No,No,FALSE,N/A,N/A,N/A,N/A,N/A,FALSE,FALSE,FALSE
@string/app_name,id.co.danamasbor,Indonesia/Approved,"com.sec.android.provider.badge.permission.WRITE, com.google.android.c2dm.permission.RECEIVE, com.android.vending.CHECK_LICENSE, android.permission.ACCESS_WIFI_STATE, com.sonymobile.home.permission.PROVIDER_INSERT_BADGE, com.anddoes.launcher.permission.UPDATE_COUNT, android.permission.INTERNET, android.permission.ACCESS_FINE_LOCATION, com.google.android.providers.gsf.permission.READ_GSERVICES, android.permission.CAMERA, com.sec.android.provider.badge.permission.READ, android.permission.WAKE_LOCK, com.oppo.launcher.permission.WRITE_SETTINGS, com.huawei.android.launcher.permission.READ_SETTINGS, com.sonyericsson.home.permission.BROADCAST_BADGE, android.permission.READ_APP_BADGE, android.permission.RECEIVE_BOOT_COMPLETED, com.htc.launcher.permission.READ_SETTINGS, android.permission.ACCESS_NETWORK_STATE, com.oppo.launcher.permission.READ_SETTINGS, com.huawei.android.launcher.permission.WRITE_SETTINGS, android.permission.FOREGROUND_SERVICE, com.htc.launcher.permission.UPDATE_SHORTCUT, com.google.android.finsky.permission.BIND_GET_INSTALL_REFERRER_SERVICE, com.majeur.launcher.permission.UPDATE_BADGE, android.permission.ACCESS_COARSE_LOCATION, com.huawei.android.launcher.permission.CHANGE_BADGE",No,No,No,No,No,No,No,No,No,No,No,No,No,No,No,No,Yes,FALSE,N/A,N/A,N/A,N/A,N/A,TRUE,TRUE,FALSE
@string/app_name,id.co.tokomodal.mobile,Indonesia/Approved,"android.permission.CAMERA, android.permission.POST_NOTIFICATIONS, com.google.android.c2dm.permission.RECEIVE, android.permission.WAKE_LOCK, android.permission.ACCESS_NETWORK_STATE, android.permission.WRITE_EXTERNAL_STORAGE, android.permission.BLUETOOTH, android.permission.INTERNET, com.google.android.finsky.permission.BIND_GET_INSTALL_REFERRER_SERVICE, com.google.android.gms.permission.AD_ID, id.co.tokomodal.mobile.DYNAMIC_RECEIVER_NOT_EXPORTED_PERMISSION, android.permission.RECORD_AUDIO",No,No,No,No,Yes,No,No,No,No,No,No,No,No,No,No,No,No,FALSE,N/A,N/A,N/A,N/A,N/A,TRUE,TRUE,FALSE
Fintek Syariah,id.co.finteksyariah.app.pembiayaan,Indonesia/Approved,"android.permission.CAMERA, android.permission.VIBRATE, android.permission.CHANGE_WIFI_STATE, android.permission.ACCESS_WIFI_STATE, android.permission.WAKE_LOCK, org.apache.http.legacy, android.permission.ACCESS_NETWORK_STATE, com.google.android.finsky.permission.BIND_GET_INSTALL_REFERRER_SERVICE, android.permission.INTERNET, android.permission.ACCESS_COARSE_LOCATION, android.permission.ACCESS_FINE_LOCATION, android.permission.RECORD_AUDIO",No,No,No,No,No,No,No,No,No,No,No,No,No,No,No,No,Yes,FALSE,N/A,N/A,N/A,N/A,N/A,TRUE,TRUE,FALSE
@string/app_name,com.pinjamango,Indonesia/Approved,"android.permission.READ_EXTERNAL_STORAGE, android.permission.GET_ACCOUNTS_PRIVILEGED, com.google.android.c2dm.permission.RECEIVE, android.permission.ACCESS_WIFI_STATE, android.permission.READ_PHONE_STATE, android.permission.READ_LOGS, android.permission.BLUETOOTH, android.permission.GET_ACCOUNTS, android.permission.INTERNET, android.permission.ACCESS_FINE_LOCATION, android.permission.RECORD_AUDIO, android.permission.MOUNT_UNMOUNT_FILESYSTEMS, android.permission.READ_CALL_LOG, android.permission.CAMERA, android.permission.SEND_SMS, android.permission.WAKE_LOCK, android.permission.INSTALL_SHORTCUT, android.permission.READ_CONTACTS, android.permission.FLASHLIGHT, android.permission.USE_CREDENTIALS, android.permission.READ_SMS, android.permission.ACCESS_NETWORK_STATE, android.permission.RECEIVE_SMS, com.pinjamango.permission.C2D_MESSAGE, android.permission.GET_TASKS, android.permission.REQUEST_INSTALL_PACKAGES, android.permission.PACKAGE_USAGE_STATS, android.permission.READ_PHONE_NUMBERS, android.permission.CHANGE_WIFI_STATE, android.permission.WRITE_EXTERNAL_STORAGE, com.google.android.finsky.permission.BIND_GET_INSTALL_REFERRER_SERVICE, android.permission.ACCESS_COARSE_LOCATION, android.permission.CALL_PHONE",Yes,Yes,No,Yes,Yes,No,No,No,No,No,Yes,Yes,No,Yes,No,No,Yes,FALSE,N/A,N/A,N/A,N/A,N/A,TRUE,TRUE,FALSE
@string/app_name,com.crowde.investor,Indonesia/Approved,"android.permission.READ_EXTERNAL_STORAGE, android.permission.ACCESS_NETWORK_STATE, android.permission.WRITE_EXTERNAL_STORAGE, android.permission.INTERNET, android.permission.SYSTEM_ALERT_WINDOW, android.permission.FOREGROUND_SERVICE",No,No,No,Yes,Yes,No,No,No,No,No,No,No,No,No,No,No,No,FALSE,N/A,N/A,N/A,N/A,N/A,TRUE,TRUE,FALSE
@string/app_name,id.mekartigasampurna.mekarpinjam.app,Indonesia/Approved,"android.permission.READ_EXTERNAL_STORAGE, android.permission.ACCESS_LOCATION_EXTRA_COMMANDS, com.google.android.c2dm.permission.RECEIVE, android.permission.ACCESS_WIFI_STATE, android.permission.READ_PHONE_STATE, android.permission.INTERNET, android.permission.ACCESS_FINE_LOCATION, android.permission.REORDER_TASKS, android.permission.RECORD_AUDIO, android.permission.MOUNT_UNMOUNT_FILESYSTEMS, android.permission.CAMERA, android.permission.WAKE_LOCK, android.permission.READ_CONTACTS, android.permission.VIBRATE, android.permission.ACCESS_NETWORK_STATE, android.permission.SYSTEM_ALERT_WINDOW, id.mekartigasampurna.mekarpinjam.app.permission.C2D_MESSAGE, android.permission.WRITE_EXTERNAL_STORAGE, android.permission.CALL_PHONE, android.permission.ACCESS_COARSE_LOCATION",Yes,No,No,Yes,Yes,No,No,No,No,No,No,Yes,No,No,No,No,Yes,FALSE,N/A,N/A,N/A,N/A,N/A,TRUE,TRUE,FALSE
@string/app_name,com.ayo.klikkami,Indonesia/Approved,"android.permission.CAMERA, android.permission.ACCESS_WIFI_STATE, android.permission.ACCESS_NETWORK_STATE, com.google.android.finsky.permission.BIND_GET_INSTALL_REFERRER_SERVICE, android.permission.INTERNET, android.permission.ACCESS_COARSE_LOCATION, android.permission.ACCESS_FINE_LOCATION, android.permission.FOREGROUND_SERVICE",No,No,No,No,No,No,No,No,No,No,No,No,No,No,No,No,Yes,FALSE,N/A,N/A,N/A,N/A,N/A,TRUE,TRUE,FALSE
@string/app_name,biro.pinjamuang.ngreditmurahki,Indonesia/Approved,"android.permission.READ_EXTERNAL_STORAGE, android.permission.ACCESS_WIFI_STATE, android.permission.WAKE_LOCK, android.permission.ACCESS_NETWORK_STATE, android.permission.WRITE_EXTERNAL_STORAGE, android.permission.INTERNET",No,No,No,Yes,Yes,No,No,No,No,No,No,No,No,No,No,No,No,FALSE,N/A,N/A,N/A,N/A,N/A,TRUE,TRUE,FALSE
@string/app_name,com.dompetkilat.pinjaman,Indonesia/Approved,"com.sec.android.provider.badge.permission.WRITE, com.google.android.c2dm.permission.RECEIVE, android.permission.ACCESS_WIFI_STATE, com.sonymobile.home.permission.PROVIDER_INSERT_BADGE, com.anddoes.launcher.permission.UPDATE_COUNT, android.permission.BLUETOOTH, android.permission.INTERNET, android.permission.ACCESS_FINE_LOCATION, android.permission.CAMERA, com.sec.android.provider.badge.permission.READ, com.oppo.launcher.permission.WRITE_SETTINGS, android.permission.WAKE_LOCK, com.huawei.android.launcher.permission.READ_SETTINGS, com.sonyericsson.home.permission.BROADCAST_BADGE, android.permission.READ_APP_BADGE, me.everything.badger.permission.BADGE_COUNT_READ, com.htc.launcher.permission.READ_SETTINGS, android.permission.ACCESS_NETWORK_STATE, com.oppo.launcher.permission.READ_SETTINGS, com.huawei.android.launcher.permission.WRITE_SETTINGS, com.htc.launcher.permission.UPDATE_SHORTCUT, android.permission.CHANGE_WIFI_STATE, com.dompetkilat.pinjaman.permission.C2D_MESSAGE, com.majeur.launcher.permission.UPDATE_BADGE, android.permission.ACCESS_COARSE_LOCATION, me.everything.badger.permission.BADGE_COUNT_WRITE, com.huawei.android.launcher.permission.CHANGE_BADGE",No,No,No,No,No,No,No,No,No,No,No,No,No,No,No,No,Yes,FALSE,N/A,N/A,N/A,N/A,N/A,TRUE,TRUE,FALSE
@string/app_caption,com.wDanaKita_KBL,Indonesia/Approved,"android.permission.READ_EXTERNAL_STORAGE, com.sec.android.provider.badge.permission.WRITE, com.google.android.c2dm.permission.RECEIVE, android.permission.ACCESS_WIFI_STATE, android.permission.READ_PHONE_STATE, com.sonymobile.home.permission.PROVIDER_INSERT_BADGE, com.anddoes.launcher.permission.UPDATE_COUNT, com.android.browser.permission.READ_HISTORY_BOOKMARKS, android.permission.BLUETOOTH, android.permission.GET_ACCOUNTS, android.permission.INTERNET, android.permission.ACCESS_FINE_LOCATION, android.webkit.permission.PLUGIN, com.sec.android.provider.badge.permission.READ, android.permission.WAKE_LOCK, com.huawei.android.launcher.permission.READ_SETTINGS, com.sonyericsson.home.permission.BROADCAST_BADGE, com.android.launcher.permission.INSTALL_SHORTCUT, android.permission.RECEIVE_BOOT_COMPLETED, com.htc.launcher.permission.READ_SETTINGS, android.permission.ACCESS_NETWORK_STATE, com.android.alarm.permission.SET_ALARM, com.huawei.android.launcher.permission.WRITE_SETTINGS, android.permission.SYSTEM_ALERT_WINDOW, com.htc.launcher.permission.UPDATE_SHORTCUT, android.permission.BLUETOOTH_ADMIN, android.permission.CHANGE_WIFI_STATE, android.permission.WRITE_EXTERNAL_STORAGE, com.majeur.launcher.permission.UPDATE_BADGE, android.permission.ACCESS_COARSE_LOCATION, com.google.android.gms.permission.ACTIVITY_RECOGNITION, com.huawei.android.launcher.permission.CHANGE_BADGE",No,No,No,Yes,Yes,No,No,No,No,No,No,Yes,No,No,No,No,Yes,FALSE,N/A,N/A,N/A,N/A,N/A,TRUE,TRUE,FALSE
@string/appName,com.akseleran.crowdfund,Indonesia/Approved,"android.permission.CAMERA, com.google.android.c2dm.permission.RECEIVE, android.permission.ACCESS_WIFI_STATE, android.permission.WAKE_LOCK, android.permission.ACCESS_NETWORK_STATE, com.google.android.finsky.permission.BIND_GET_INSTALL_REFERRER_SERVICE, android.permission.INTERNET, com.google.android.providers.gsf.permission.READ_GSERVICES",No,No,No,No,No,No,No,No,No,No,No,No,No,No,No,No,No,FALSE,N/A,N/A,N/A,N/A,N/A,FALSE,FALSE,FALSE
@string/app_name,com.asf.singa,Indonesia/Approved,"android.permission.POST_NOTIFICATIONS, com.google.android.c2dm.permission.RECEIVE, android.permission.ACCESS_ADSERVICES_AD_ID, android.permission.ACCESS_WIFI_STATE, android.permission.INTERNET, android.permission.CAMERA, android.permission.ACCESS_ADSERVICES_ATTRIBUTION, android.permission.ACCESS_ADSERVICES_TOPICS, android.permission.WAKE_LOCK, android.permission.WRITE_CALENDAR, android.permission.ACCESS_NETWORK_STATE, android.permission.CHANGE_NETWORK_STATE, android.permission.FOREGROUND_SERVICE, android.permission.READ_CALENDAR, android.permission.CHANGE_WIFI_STATE, com.asf.singa.DYNAMIC_RECEIVER_NOT_EXPORTED_PERMISSION, com.google.android.finsky.permission.BIND_GET_INSTALL_REFERRER_SERVICE, android.permission.ACCESS_COARSE_LOCATION, com.google.android.gms.permission.AD_ID",No,No,No,No,No,No,No,No,No,No,No,No,No,No,No,No,No,FALSE,N/A,N/A,N/A,N/A,N/A,FALSE,FALSE,FALSE
@string/al,com.pbejydgb.ygzxmzcg,Indonesia/Approved,"android.permission.CAMERA, android.permission.READ_EXTERNAL_STORAGE, android.permission.VIBRATE, com.google.android.c2dm.permission.RECEIVE, android.permission.READ_PHONE_STATE, android.permission.WAKE_LOCK, android.permission.ACCESS_NETWORK_STATE, android.permission.WRITE_EXTERNAL_STORAGE, com.google.android.finsky.permission.BIND_GET_INSTALL_REFERRER_SERVICE, android.permission.INTERNET, android.permission.ACCESS_COARSE_LOCATION, android.permission.ACCESS_FINE_LOCATION, android.permission.RECORD_AUDIO, android.permission.READ_CONTACTS",Yes,No,No,Yes,Yes,No,No,No,No,No,No,Yes,No,No,No,No,Yes,FALSE,N/A,N/A,N/A,N/A,N/A,TRUE,TRUE,FALSE
@string/app_name,com.iss.client.cairin,Indonesia/Approved,"android.permission.CAMERA, android.permission.POST_NOTIFICATIONS, com.google.android.c2dm.permission.RECEIVE, android.permission.ACCESS_ADSERVICES_ATTRIBUTION, android.permission.CHANGE_WIFI_STATE, android.permission.ACCESS_WIFI_STATE, android.permission.READ_LOGS, android.permission.WAKE_LOCK, android.permission.ACCESS_NETWORK_STATE, android.permission.BLUETOOTH, com.google.android.finsky.permission.BIND_GET_INSTALL_REFERRER_SERVICE, android.permission.INTERNET, android.permission.ACCESS_COARSE_LOCATION, com.google.android.gms.permission.AD_ID, android.permission.REORDER_TASKS, com.huawei.appmarket.service.commondata.permission.GET_COMMON_DATA, android.permission.SYSTEM_ALERT_WINDOW, com.iss.client.cairin.DYNAMIC_RECEIVER_NOT_EXPORTED_PERMISSION",No,No,No,No,No,No,No,No,No,No,No,No,No,No,No,No,No,FALSE,N/A,N/A,N/A,N/A,N/A,FALSE,FALSE,FALSE
PinjamDuit,com.stanfordtek.pinjamduit,Indonesia/Approved,"android.permission.CAMERA, android.permission.POST_NOTIFICATIONS, com.google.android.c2dm.permission.RECEIVE, android.permission.RECEIVE_BOOT_COMPLETED, android.permission.ACCESS_WIFI_STATE, android.permission.WAKE_LOCK, android.permission.ACCESS_NETWORK_STATE, com.google.android.finsky.permission.BIND_GET_INSTALL_REFERRER_SERVICE, com.stanfordtek.pinjamduit.DYNAMIC_RECEIVER_NOT_EXPORTED_PERMISSION, android.permission.INTERNET, android.permission.ACCESS_COARSE_LOCATION, com.google.android.gms.permission.AD_ID, android.permission.FOREGROUND_SERVICE",No,No,No,No,No,No,No,No,No,No,No,No,No,No,No,No,No,FALSE,N/A,N/A,N/A,N/A,N/A,FALSE,FALSE,FALSE
True Loan,team.trueloan.loan,Nigeria/Approved,"android.permission.ACCESS_ADSERVICES_AD_ID, com.android.vending.CHECK_LICENSE, android.permission.ACCESS_WIFI_STATE, android.permission.READ_PHONE_STATE, android.permission.BLUETOOTH, android.permission.INTERNET, com.google.android.providers.gsf.permission.READ_GSERVICES, android.permission.ACCESS_ADSERVICES_ATTRIBUTION, android.permission.WAKE_LOCK, team.trueloan.loan.DYNAMIC_RECEIVER_NOT_EXPORTED_PERMISSION, android.permission.WRITE_CALENDAR, android.permission.ACCESS_ADSERVICES_CUSTOM_AUDIENCE, android.permission.READ_SMS, android.permission.ACCESS_NETWORK_STATE, android.permission.PACKAGE_USAGE_STATS, android.permission.READ_CALENDAR, com.google.android.finsky.permission.BIND_GET_INSTALL_REFERRER_SERVICE, android.permission.ACCESS_COARSE_LOCATION, com.google.android.gms.permission.AD_ID",No,No,No,No,No,No,No,No,No,No,No,Yes,No,Yes,No,No,No,FALSE,N/A,N/A,N/A,N/A,N/A,FALSE,TRUE,FALSE
@string/app_name,com.rexmfb.mobile,Nigeria/Approved,"android.permission.READ_EXTERNAL_STORAGE, android.permission.POST_NOTIFICATIONS, com.google.android.c2dm.permission.RECEIVE, android.permission.ACCESS_ADSERVICES_AD_ID, android.permission.ACCESS_WIFI_STATE, android.permission.USE_FINGERPRINT, android.permission.INTERNET, android.permission.ACCESS_FINE_LOCATION, android.permission.RECORD_AUDIO, com.rexmfb.mobile.DYNAMIC_RECEIVER_NOT_EXPORTED_PERMISSION, android.permission.USE_BIOMETRIC, android.permission.CAMERA, android.permission.ACCESS_ADSERVICES_ATTRIBUTION, android.permission.WAKE_LOCK, com.rexmfb.mobile.permission.WRITE_SCHEDULE, android.permission.VIBRATE, android.permission.ACCESS_NETWORK_STATE, android.permission.WRITE_EXTERNAL_STORAGE, com.google.android.finsky.permission.BIND_GET_INSTALL_REFERRER_SERVICE, com.google.android.gms.permission.AD_ID",No,No,No,Yes,Yes,No,No,No,No,No,No,No,No,No,No,No,Yes,TRUE,N/A,N/A,N/A,N/A,N/A,TRUE,TRUE,TRUE
@string/app_name,com.futurecash.nl.re,Nigeria/Approved,"android.permission.PACKAGE_USAGE_STATS, android.permission.READ_CALENDAR, com.futurecash.nl.re.DYNAMIC_RECEIVER_NOT_EXPORTED_PERMISSION, android.permission.ACCESS_WIFI_STATE, android.permission.READ_PHONE_STATE, android.permission.WAKE_LOCK, android.permission.READ_SMS, android.permission.ACCESS_NETWORK_STATE, com.google.android.finsky.permission.BIND_GET_INSTALL_REFERRER_SERVICE, android.permission.INTERNET, android.permission.ACCESS_COARSE_LOCATION, com.google.android.gms.permission.AD_ID, android.permission.WRITE_CALENDAR",No,No,No,No,No,No,No,No,No,No,No,Yes,No,Yes,No,No,No,FALSE,N/A,N/A,N/A,N/A,N/A,FALSE,TRUE,FALSE
@string/app_name,com.beatha.mkopokaka,Nigeria/Approved,"android.permission.READ_EXTERNAL_STORAGE, android.permission.POST_NOTIFICATIONS, com.google.android.c2dm.permission.RECEIVE, android.permission.ACCESS_WIFI_STATE, android.permission.READ_PHONE_STATE, android.permission.USE_FINGERPRINT, android.permission.GET_ACCOUNTS, android.permission.INTERNET, android.permission.ACCESS_FINE_LOCATION, android.permission.USE_BIOMETRIC, android.permission.CAMERA, android.permission.WAKE_LOCK, android.permission.READ_MEDIA_IMAGES, android.permission.READ_CONTACTS, android.permission.VIBRATE, android.permission.READ_MEDIA_VIDEO, android.permission.RECEIVE_BOOT_COMPLETED, android.permission.READ_SMS, android.permission.READ_MEDIA_AUDIO, android.permission.ACCESS_MEDIA_LOCATION, android.permission.ACCESS_NETWORK_STATE, android.permission.FOREGROUND_SERVICE, android.permission.READ_PHONE_NUMBERS, android.permission.WRITE_EXTERNAL_STORAGE, com.google.android.finsky.permission.BIND_GET_INSTALL_REFERRER_SERVICE, android.permission.ACCESS_COARSE_LOCATION, com.google.android.gms.permission.AD_ID, com.beatha.mkopokaka.DYNAMIC_RECEIVER_NOT_EXPORTED_PERMISSION",Yes,No,No,Yes,Yes,No,No,Yes,Yes,Yes,Yes,Yes,No,Yes,No,No,Yes,TRUE,N/A,N/A,N/A,N/A,N/A,TRUE,TRUE,TRUE
9money,com.credit.ninemoney,Nigeria/Approved,"android.permission.POST_NOTIFICATIONS, android.permission.CAMERA, com.google.android.c2dm.permission.RECEIVE, android.permission.READ_CALENDAR, android.permission.ACCESS_WIFI_STATE, android.permission.READ_PHONE_STATE, android.permission.WAKE_LOCK, android.permission.READ_SMS, android.permission.ACCESS_NETWORK_STATE, com.google.android.finsky.permission.BIND_GET_INSTALL_REFERRER_SERVICE, android.permission.DOWNLOAD_WITHOUT_NOTIFICATION, android.permission.INTERNET, android.permission.ACCESS_COARSE_LOCATION, com.google.android.gms.permission.AD_ID, android.permission.WRITE_CALENDAR",No,No,No,No,No,No,No,No,No,No,No,Yes,No,Yes,No,No,No,FALSE,N/A,N/A,N/A,N/A,N/A,FALSE,TRUE,FALSE
@string/app_name,business.finance.flex,Nigeria/Approved,"android.permission.READ_EXTERNAL_STORAGE, android.permission.POST_NOTIFICATIONS, com.sec.android.provider.badge.permission.WRITE, com.google.android.c2dm.permission.RECEIVE, com.android.vending.CHECK_LICENSE, android.permission.ACCESS_WIFI_STATE, android.permission.USE_FINGERPRINT, com.sonymobile.home.permission.PROVIDER_INSERT_BADGE, com.anddoes.launcher.permission.UPDATE_COUNT, android.permission.INTERNET, android.permission.READ_INTERNAL_STORAGE, android.permission.USE_BIOMETRIC, android.permission.CAMERA, com.sec.android.provider.badge.permission.READ, android.permission.WAKE_LOCK, com.oppo.launcher.permission.WRITE_SETTINGS, com.huawei.android.launcher.permission.READ_SETTINGS, com.sonyericsson.home.permission.BROADCAST_BADGE, com.fingerprints.service.ACCESS_FINGERPRINT_MANAGER, android.permission.READ_APP_BADGE, android.permission.VIBRATE, business.finance.flex.permission.C2D_MESSAGE, android.permission.RECEIVE_BOOT_COMPLETED, business.finance.flex.DYNAMIC_RECEIVER_NOT_EXPORTED_PERMISSION, me.everything.badger.permission.BADGE_COUNT_READ, com.htc.launcher.permission.READ_SETTINGS, android.permission.ACCESS_NETWORK_STATE, com.oppo.launcher.permission.READ_SETTINGS, com.huawei.android.launcher.permission.WRITE_SETTINGS, android.permission.FOREGROUND_SERVICE, android.permission.WRITE_SETTINGS, com.samsung.android.providers.context.permission.WRITE_USE_APP_FEATURE_SURVEY, com.htc.launcher.permission.UPDATE_SHORTCUT, android.permission.WRITE_EXTERNAL_STORAGE, com.majeur.launcher.permission.UPDATE_BADGE, com.google.android.finsky.permission.BIND_GET_INSTALL_REFERRER_SERVICE, com.google.android.gms.permission.AD_ID, me.everything.badger.permission.BADGE_COUNT_WRITE, com.huawei.android.launcher.permission.CHANGE_BADGE",No,No,No,Yes,Yes,No,No,No,No,No,No,No,No,No,No,No,No,TRUE,N/A,N/A,N/A,N/A,N/A,TRUE,TRUE,TRUE
EasyKash,easykash.creditapp.loan,Nigeria/Approved,"android.permission.READ_CALL_LOG, android.permission.CAMERA, android.permission.CHANGE_WIFI_STATE, android.permission.ACCESS_WIFI_STATE, android.permission.READ_PHONE_STATE, android.permission.READ_SMS, android.permission.ACCESS_NETWORK_STATE, com.google.android.finsky.permission.BIND_GET_INSTALL_REFERRER_SERVICE, android.permission.INTERNET, com.google.android.gms.permission.AD_ID, android.permission.ACCESS_COARSE_LOCATION, easykash.creditapp.loan.DYNAMIC_RECEIVER_NOT_EXPORTED_PERMISSION, com.google.android.providers.gsf.permission.READ_GSERVICES, android.permission.FOREGROUND_SERVICE",No,Yes,No,No,No,No,No,No,No,No,No,Yes,No,Yes,No,No,No,TRUE,N/A,N/A,N/A,N/A,N/A,FALSE,TRUE,TRUE
@string/app_name,com.menofund.ng,Nigeria/Approved,"android.permission.ACCESS_NETWORK_STATE, android.permission.INTERNET",No,No,No,No,No,No,No,No,No,No,No,No,No,No,No,No,No,FALSE,N/A,N/A,N/A,N/A,N/A,FALSE,FALSE,FALSE
@string/app_name,com.application.lend,Nigeria/Approved,"android.permission.INTERNET, com.application.lend.DYNAMIC_RECEIVER_NOT_EXPORTED_PERMISSION",No,No,No,No,No,No,No,No,No,No,No,No,No,No,No,No,No,FALSE,N/A,N/A,N/A,N/A,N/A,FALSE,FALSE,FALSE
@string/app_name,ng.kobogo.mobile,Nigeria/Approved,"android.permission.POST_NOTIFICATIONS, android.permission.ACCESS_ADSERVICES_AD_ID, android.permission.READ_CALENDAR, android.permission.ACCESS_ADSERVICES_ATTRIBUTION, android.permission.ACCESS_WIFI_STATE, com.google.android.c2dm.permission.RECEIVE, android.permission.WAKE_LOCK, android.permission.ACCESS_NETWORK_STATE, com.google.android.finsky.permission.BIND_GET_INSTALL_REFERRER_SERVICE, ng.kobogo.mobile.DYNAMIC_RECEIVER_NOT_EXPORTED_PERMISSION, android.permission.INTERNET, com.google.android.gms.permission.AD_ID, com.samsung.android.mapsagent.permission.READ_APP_INFO, android.permission.WRITE_CALENDAR, com.huawei.appmarket.service.commondata.permission.GET_COMMON_DATA",No,No,No,No,No,No,No,No,No,No,No,No,No,No,No,No,No,FALSE,N/A,N/A,N/A,N/A,N/A,FALSE,FALSE,FALSE
@string/app_name,com.veendhq.mobileApp,Nigeria/Approved,"android.permission.CAMERA, android.permission.READ_EXTERNAL_STORAGE, android.permission.MODIFY_AUDIO_SETTINGS, com.google.android.c2dm.permission.RECEIVE, com.android.vending.CHECK_LICENSE, android.permission.ACCESS_WIFI_STATE, android.permission.WAKE_LOCK, android.permission.ACCESS_NETWORK_STATE, android.permission.WRITE_EXTERNAL_STORAGE, com.google.android.finsky.permission.BIND_GET_INSTALL_REFERRER_SERVICE, android.permission.INTERNET, android.permission.READ_CONTACTS",Yes,No,No,Yes,Yes,No,No,No,No,No,No,No,No,No,No,No,No,TRUE,N/A,N/A,N/A,N/A,N/A,TRUE,TRUE,TRUE
@string/app_name,com.aella.comportal,Nigeria/Approved,"android.permission.POST_NOTIFICATIONS, com.google.android.c2dm.permission.RECEIVE, android.permission.ACCESS_ADSERVICES_AD_ID, android.permission.ACCESS_WIFI_STATE, android.permission.READ_PHONE_STATE, android.permission.USE_FINGERPRINT, android.permission.FOREGROUND_SERVICE_LOCATION, android.permission.ACCESS_FINE_LOCATION, android.permission.INTERNET, android.permission.ACCESS_BACKGROUND_LOCATION, android.permission.RECORD_AUDIO, android.permission.USE_BIOMETRIC, android.permission.CAMERA, android.permission.ACCESS_ADSERVICES_ATTRIBUTION, android.permission.WAKE_LOCK, com.aella.comportal.DYNAMIC_RECEIVER_NOT_EXPORTED_PERMISSION, android.permission.VIBRATE, android.permission.RECEIVE_BOOT_COMPLETED, android.permission.ACCESS_NETWORK_STATE, android.permission.FOREGROUND_SERVICE, com.google.android.finsky.permission.BIND_GET_INSTALL_REFERRER_SERVICE, android.permission.ACCESS_COARSE_LOCATION, com.google.android.gms.permission.AD_ID",No,No,No,No,No,No,No,No,No,No,No,Yes,No,No,No,No,Yes,FALSE,N/A,N/A,N/A,N/A,N/A,TRUE,TRUE,FALSE
@string/app_name,com.ng.flexfund,Nigeria/Approved,"android.permission.READ_CALL_LOG, android.permission.CAMERA, android.permission.READ_CALENDAR, android.permission.CHANGE_WIFI_STATE, android.permission.ACCESS_WIFI_STATE, android.permission.READ_PHONE_STATE, android.permission.WAKE_LOCK, android.permission.ACCESS_NETWORK_STATE, android.permission.INTERNET, android.permission.ACCESS_COARSE_LOCATION, com.google.android.gms.permission.AD_ID, android.permission.WRITE_CALENDAR, android.permission.CHANGE_NETWORK_STATE",No,Yes,No,No,No,No,No,No,No,No,No,Yes,No,No,No,No,No,TRUE,N/A,N/A,N/A,N/A,N/A,FALSE,TRUE,TRUE
HIZO,com.hizo.hizo,Nigeria/Approved,"android.permission.CAMERA, android.permission.POST_NOTIFICATIONS, android.permission.VIBRATE, com.google.android.c2dm.permission.RECEIVE, android.permission.WAKE_LOCK, android.permission.ACCESS_NETWORK_STATE, com.hizo.hizo.DYNAMIC_RECEIVER_NOT_EXPORTED_PERMISSION, com.hizo.hizo.permission.WRITE_SCHEDULE, android.permission.INTERNET, com.google.android.gms.permission.AD_ID, com.google.android.finsky.permission.BIND_GET_INSTALL_REFERRER_SERVICE, android.permission.RECORD_AUDIO",No,No,No,No,No,No,No,No,No,No,No,No,No,No,No,No,No,FALSE,N/A,N/A,N/A,N/A,N/A,FALSE,FALSE,FALSE
Tcredit,com.nigeria.tcredit,Nigeria/Approved,"android.permission.CAMERA, android.permission.POST_NOTIFICATIONS, com.google.android.c2dm.permission.RECEIVE, android.permission.READ_CALENDAR, android.permission.ACCESS_WIFI_STATE, android.permission.READ_PHONE_STATE, android.permission.WAKE_LOCK, android.permission.READ_SMS, android.permission.ACCESS_NETWORK_STATE, com.google.android.finsky.permission.BIND_GET_INSTALL_REFERRER_SERVICE, android.permission.DOWNLOAD_WITHOUT_NOTIFICATION, android.permission.INTERNET, android.permission.ACCESS_COARSE_LOCATION, com.google.android.gms.permission.AD_ID",No,No,No,No,No,No,No,No,No,No,No,Yes,No,Yes,No,No,No,FALSE,N/A,N/A,N/A,N/A,N/A,FALSE,TRUE,FALSE
SavingsBox,com.reliance.savingsbox,Nigeria/Approved,"android.permission.MICROPHONE, android.permission.READ_EXTERNAL_STORAGE, android.permission.POST_NOTIFICATIONS, com.google.android.c2dm.permission.RECEIVE, android.permission.ACCESS_ADSERVICES_AD_ID, android.permission.USE_FINGERPRINT, android.permission.INTERNET, android.permission.RECORD_AUDIO, android.permission.USE_BIOMETRIC, android.permission.CAMERA, android.permission.ACCESS_ADSERVICES_ATTRIBUTION, android.permission.WAKE_LOCK, android.permission.READ_MEDIA_IMAGES, android.permission.VIBRATE, android.permission.READ_MEDIA_VIDEO, com.reliance.savingsbox.DYNAMIC_RECEIVER_NOT_EXPORTED_PERMISSION, android.permission.READ_MEDIA_AUDIO, android.permission.ACCESS_NETWORK_STATE, com.reliance.savingsbox.permission.WRITE_SCHEDULE, android.permission.READ_MEDIA_VIDEOS, android.permission.WRITE_EXTERNAL_STORAGE, com.google.android.finsky.permission.BIND_GET_INSTALL_REFERRER_SERVICE, com.google.android.gms.permission.AD_ID",No,No,No,Yes,Yes,No,No,Yes,Yes,Yes,No,No,No,No,No,No,No,TRUE,N/A,N/A,N/A,N/A,N/A,TRUE,TRUE,TRUE
@string/app_name,co.tractionapp.traction,Nigeria/Approved,"android.permission.READ_EXTERNAL_STORAGE, com.google.android.c2dm.permission.RECEIVE, android.permission.CLOUDPOS_LED, android.permission.ACCESS_WIFI_STATE, android.permission.CLOUDPOS_EMV, android.permission.BLUETOOTH, android.permission.INTERNET, android.permission.ACCESS_FINE_LOCATION, android.permission.REORDER_TASKS, android.permission.CLOUDPOS_PINPAD, android.permission.CAMERA, android.permission.CLOUDPOS_PIN_UPDATE_USER_KEY, android.permission.CLOUDPOS_PIN_ENCRYPT_DATA, android.permission.CLOUDPOS_PIN_GET_PIN_BLOCK, android.permission.WAKE_LOCK, android.permission.CLOUDPOS_SMARTCARD, android.permission.READ_MEDIA_IMAGES, android.permission.CLOUDPOS_PIN_UPDATE_MASTER_KEY, android.permission.READ_CONTACTS, android.permission.CLOUDPOS_PIN_MAC, android.permission.READ_MEDIA_VIDEO, android.permission.CLOUDPOS_SAFE_MODULE_READONLY, android.permission.RECEIVE_BOOT_COMPLETED, android.permission.READ_MEDIA_AUDIO, android.permission.CLOUDPOS_MSR, android.permission.ACCESS_MEDIA_LOCATION, android.permission.ACCESS_NETWORK_STATE, android.permission.FOREGROUND_SERVICE, android.permission.BLUETOOTH_CONNECT, android.permission.BLUETOOTH_SCAN, android.permission.BLUETOOTH_ADMIN, android.permission.CLOUDPOS_PRINTER, android.permission.BROADCAST_STICKY, android.permission.CLOUDPOS_SAFE_MODULE, android.permission.WRITE_EXTERNAL_STORAGE, android.permission.ACTION_OPEN_DOCUMENT, com.google.android.finsky.permission.BIND_GET_INSTALL_REFERRER_SERVICE, android.permission.ACCESS_COARSE_LOCATION, android.permission.CLOUDPOS_CONTACTLESS_CARD, com.google.android.gms.permission.AD_ID, android.permission.REQUEST_IGNORE_BATTERY_OPTIMIZATIONS",Yes,No,No,Yes,Yes,No,No,Yes,Yes,Yes,No,No,No,No,No,No,Yes,TRUE,N/A,N/A,N/A,N/A,N/A,TRUE,TRUE,TRUE
Pivo,africa.pivo,Nigeria/Approved,"android.permission.QUERY_ALL_PACKAGES, android.permission.READ_EXTERNAL_STORAGE, android.permission.VIBRATE, android.permission.POST_NOTIFICATIONS, com.google.android.c2dm.permission.RECEIVE, android.permission.RECEIVE_BOOT_COMPLETED, android.permission.USE_FINGERPRINT, android.permission.SCHEDULE_EXACT_ALARM, android.permission.WAKE_LOCK, android.permission.READ_MEDIA_AUDIO, android.permission.ACCESS_NETWORK_STATE, android.permission.USE_FULL_SCREEN_INTENT, com.google.android.finsky.permission.BIND_GET_INSTALL_REFERRER_SERVICE, android.permission.INTERNET, com.google.android.gms.permission.AD_ID, android.permission.READ_MEDIA_IMAGES, africa.pivo.DYNAMIC_RECEIVER_NOT_EXPORTED_PERMISSION, android.permission.USE_BIOMETRIC",No,No,No,Yes,No,No,No,Yes,Yes,No,No,No,No,No,No,Yes,No,TRUE,N/A,N/A,N/A,N/A,N/A,TRUE,TRUE,TRUE
@string/app_name,com.nice.credit.nigeria,Nigeria/Approved,"com.google.android.c2dm.permission.RECEIVE, android.permission.ACCESS_WIFI_STATE, android.permission.READ_PHONE_STATE, android.permission.WAKE_LOCK, android.permission.LOCAL_MAC_ADDRESS, android.permission.ACCESS_NETWORK_STATE, android.permission.BLUETOOTH, com.google.android.finsky.permission.BIND_GET_INSTALL_REFERRER_SERVICE, android.permission.INTERNET, android.permission.ACCESS_COARSE_LOCATION, com.google.android.gms.permission.AD_ID",No,No,No,No,No,No,No,No,No,No,No,Yes,No,No,No,No,No,FALSE,N/A,N/A,N/A,N/A,N/A,FALSE,TRUE,FALSE
@string/app_name,io.quickcheck.loans,Nigeria/Approved,"android.permission.POST_NOTIFICATIONS, android.permission.READ_EXTERNAL_STORAGE, com.google.android.c2dm.permission.RECEIVE, android.permission.ACCESS_ADSERVICES_AD_ID, android.permission.ACCESS_WIFI_STATE, android.permission.USE_FINGERPRINT, android.permission.READ_PHONE_STATE, android.permission.INTERNET, android.permission.ACCESS_FINE_LOCATION, com.truecaller.permission.sdk.internal.read_account_state, android.permission.USE_BIOMETRIC, android.permission.CAMERA, io.quickcheck.loans.DYNAMIC_RECEIVER_NOT_EXPORTED_PERMISSION, android.permission.ACCESS_ADSERVICES_ATTRIBUTION, android.permission.WAKE_LOCK, android.permission.VIBRATE, android.permission.RECEIVE_BOOT_COMPLETED, android.permission.READ_SMS, android.permission.ACCESS_NETWORK_STATE, android.permission.SYSTEM_ALERT_WINDOW, android.permission.FOREGROUND_SERVICE, android.permission.WRITE_EXTERNAL_STORAGE, com.google.android.finsky.permission.BIND_GET_INSTALL_REFERRER_SERVICE, android.permission.ACCESS_COARSE_LOCATION, com.google.android.gms.permission.AD_ID",No,No,No,Yes,Yes,No,No,No,No,No,No,Yes,No,Yes,No,No,Yes,TRUE,N/A,N/A,N/A,N/A,N/A,TRUE,TRUE,TRUE
@string/app_name,com.jaraCash,Nigeria/Approved,"com.jaraCash.DYNAMIC_RECEIVER_NOT_EXPORTED_PERMISSION, android.permission.ACCESS_NETWORK_STATE, android.permission.VIBRATE, android.permission.INTERNET",No,No,No,No,No,No,No,No,No,No,No,No,No,No,No,No,No,FALSE,N/A,N/A,N/A,N/A,N/A,FALSE,FALSE,FALSE
@string/app_name,go.get.credit,Nigeria/Approved,"android.permission.BLUETOOTH_CONNECT, android.permission.POST_NOTIFICATIONS, com.google.android.c2dm.permission.RECEIVE, android.permission.ACCESS_ADSERVICES_ATTRIBUTION, android.permission.ACCESS_WIFI_STATE, android.permission.READ_PHONE_STATE, android.permission.WAKE_LOCK, android.permission.READ_SMS, android.permission.ACCESS_NETWORK_STATE, android.permission.BLUETOOTH, com.google.android.finsky.permission.BIND_GET_INSTALL_REFERRER_SERVICE, android.permission.INTERNET, com.google.android.gms.permission.AD_ID, go.get.credit.DYNAMIC_RECEIVER_NOT_EXPORTED_PERMISSION, com.huawei.appmarket.service.commondata.permission.GET_COMMON_DATA, com.google.android.providers.gsf.permission.READ_GSERVICES",No,No,No,No,No,No,No,No,No,No,No,Yes,No,Yes,No,No,No,FALSE,N/A,N/A,N/A,N/A,N/A,FALSE,TRUE,FALSE
@string/app_name,com.wegoloan.app.nigeria,Nigeria/Approved,"android.permission.CAMERA, android.permission.POST_NOTIFICATIONS, android.permission.READ_PRIVILEGED_PHONE_STATE, com.google.android.c2dm.permission.RECEIVE, android.permission.READ_CALENDAR, android.permission.CHANGE_WIFI_STATE, android.permission.ACCESS_WIFI_STATE, android.permission.READ_PHONE_STATE, android.permission.WAKE_LOCK, android.permission.LOCAL_MAC_ADDRESS, android.permission.READ_SMS, android.permission.ACCESS_NETWORK_STATE, com.google.android.finsky.permission.BIND_GET_INSTALL_REFERRER_SERVICE, android.permission.INTERNET, android.permission.ACCESS_COARSE_LOCATION, android.permission.CHANGE_WIFI_MULTICAST_STATE, com.google.android.gms.permission.AD_ID",No,No,No,No,No,No,No,No,No,No,No,Yes,No,Yes,No,No,No,FALSE,N/A,N/A,N/A,N/A,N/A,FALSE,TRUE,FALSE
@string/app_name,co.aibanc.Aibanc_APP,Nigeria/Approved,"android.permission.READ_EXTERNAL_STORAGE, android.permission.VIBRATE, android.permission.POST_NOTIFICATIONS, com.google.android.c2dm.permission.RECEIVE, android.permission.ACCESS_WIFI_STATE, android.permission.WAKE_LOCK, android.permission.ACCESS_NETWORK_STATE, android.permission.WRITE_EXTERNAL_STORAGE, android.permission.DOWNLOAD_WITHOUT_NOTIFICATION, android.permission.INTERNET, com.google.android.finsky.permission.BIND_GET_INSTALL_REFERRER_SERVICE, co.aibanc.Aibanc_APP.DYNAMIC_RECEIVER_NOT_EXPORTED_PERMISSION, android.permission.SYSTEM_ALERT_WINDOW, android.permission.USE_BIOMETRIC",No,No,No,Yes,Yes,No,No,No,No,No,No,No,No,No,No,No,No,TRUE,N/A,N/A,N/A,N/A,N/A,TRUE,TRUE,TRUE
@string/app_name,silkloan.nigeria.credit.cash.loan,Nigeria/Approved,"android.permission.POST_NOTIFICATIONS, android.permission.CAMERA, com.google.android.c2dm.permission.RECEIVE, silkloan.nigeria.credit.cash.loan.DYNAMIC_RECEIVER_NOT_EXPORTED_PERMISSION, android.permission.ACCESS_ADSERVICES_ATTRIBUTION, android.permission.ACCESS_WIFI_STATE, com.android.vending.CHECK_LICENSE, android.permission.WAKE_LOCK, android.permission.READ_SMS, android.permission.ACCESS_NETWORK_STATE, com.google.android.finsky.permission.BIND_GET_INSTALL_REFERRER_SERVICE, android.permission.INTERNET, android.permission.ACCESS_COARSE_LOCATION, com.google.android.gms.permission.AD_ID, com.huawei.appmarket.service.commondata.permission.GET_COMMON_DATA",No,No,No,No,No,No,No,No,No,No,No,No,No,Yes,No,No,No,FALSE,N/A,N/A,N/A,N/A,N/A,FALSE,TRUE,FALSE
PaydayHub,com.paydayhubonline.paydayhub_app,Nigeria/Approved,"android.permission.POST_NOTIFICATIONS, android.permission.VIBRATE, com.google.android.c2dm.permission.RECEIVE, android.permission.RECEIVE_BOOT_COMPLETED, android.permission.SCHEDULE_EXACT_ALARM, android.permission.WAKE_LOCK, android.permission.ACCESS_NETWORK_STATE, android.permission.USE_FULL_SCREEN_INTENT, com.google.android.finsky.permission.BIND_GET_INSTALL_REFERRER_SERVICE, android.permission.INTERNET, com.google.android.gms.permission.AD_ID",No,No,No,No,No,No,No,No,No,No,No,No,No,No,No,No,No,FALSE,N/A,N/A,N/A,N/A,N/A,FALSE,FALSE,FALSE
@string/app_name,com.loan.cash.credit.easemoni.nigeria,Nigeria/Approved,"android.permission.POST_NOTIFICATIONS, com.google.android.c2dm.permission.RECEIVE, android.permission.ACCESS_WIFI_STATE, android.permission.READ_PHONE_STATE, com.huawei.android.launcher.permission.CHANGE_BADGE , android.permission.INTERNET, android.permission.CAMERA, android.permission.WAKE_LOCK, android.permission.WRITE_CALENDAR, android.permission.READ_SMS, android.permission.ACCESS_NETWORK_STATE, android.permission.RECEIVE_SMS, android.permission.AUTHENTICATE_ACCOUNTS, android.permission.READ_CALENDAR, android.permission.CHANGE_WIFI_STATE, com.loan.cash.credit.easemoni.nigeria.DYNAMIC_RECEIVER_NOT_EXPORTED_PERMISSION, com.google.android.finsky.permission.BIND_GET_INSTALL_REFERRER_SERVICE, android.permission.ACCESS_COARSE_LOCATION, com.google.android.gms.permission.AD_ID, com.asus.msa.SupplementaryDID.ACCESS ",No,No,No,No,No,No,No,No,No,No,No,Yes,No,Yes,No,No,No,FALSE,N/A,N/A,N/A,N/A,N/A,FALSE,TRUE,FALSE
@string/app_name,com.finles.mintbag,Nigeria/Approved,"android.permission.READ_CALL_LOG, android.permission.BLUETOOTH_CONNECT, android.permission.CAMERA, android.permission.READ_PROFILE, android.permission.READ_PRIVILEGED_PHONE_STATE, android.permission.READ_CALENDAR, android.permission.CHANGE_WIFI_STATE, android.permission.ACCESS_WIFI_STATE, android.permission.READ_PHONE_STATE, android.permission.LOCAL_MAC_ADDRESS, android.permission.READ_SMS, android.permission.ACCESS_NETWORK_STATE, android.permission.GET_ACCOUNTS, android.permission.INTERNET, android.permission.ACCESS_COARSE_LOCATION, android.permission.CHANGE_NETWORK_STATE",No,Yes,No,No,No,No,No,No,No,No,No,Yes,No,Yes,No,No,No,TRUE,N/A,N/A,N/A,N/A,N/A,FALSE,TRUE,TRUE
Renners,com.bloocode.renners,Nigeria/Approved,"android.permission.POST_NOTIFICATIONS, android.permission.VIBRATE, android.permission.CAMERA, com.google.android.c2dm.permission.RECEIVE, android.permission.RECEIVE_BOOT_COMPLETED, android.permission.ACCESS_WIFI_STATE, android.permission.SCHEDULE_EXACT_ALARM, android.permission.WAKE_LOCK, android.permission.ACCESS_NETWORK_STATE, android.permission.USE_FULL_SCREEN_INTENT, com.google.android.finsky.permission.BIND_GET_INSTALL_REFERRER_SERVICE, android.permission.INTERNET, android.permission.ACCESS_COARSE_LOCATION, com.google.android.gms.permission.AD_ID, com.bloocode.renners.DYNAMIC_RECEIVER_NOT_EXPORTED_PERMISSION",No,No,No,No,No,No,No,No,No,No,No,No,No,No,No,No,No,FALSE,N/A,N/A,N/A,N/A,N/A,FALSE,FALSE,FALSE
@string/app_name,com.smart.naira,Nigeria/Approved,"android.permission.ACCESS_NETWORK_STATE, com.smart.naira.DYNAMIC_RECEIVER_NOT_EXPORTED_PERMISSION, android.permission.INTERNET",No,No,No,No,No,No,No,No,No,No,No,No,No,No,No,No,No,FALSE,N/A,N/A,N/A,N/A,N/A,FALSE,FALSE,FALSE
@string/app_name,com.zeliaapp,Nigeria/Approved,"android.permission.READ_EXTERNAL_STORAGE, android.permission.POST_NOTIFICATIONS, com.sec.android.provider.badge.permission.WRITE, com.google.android.c2dm.permission.RECEIVE, android.permission.ACCESS_ADSERVICES_AD_ID, android.permission.USE_FINGERPRINT, android.permission.ACCESS_WIFI_STATE, com.sonymobile.home.permission.PROVIDER_INSERT_BADGE, com.anddoes.launcher.permission.UPDATE_COUNT, android.permission.ACCESS_FINE_LOCATION, android.permission.INTERNET, com.google.android.providers.gsf.permission.READ_GSERVICES, android.permission.USE_BIOMETRIC, android.permission.CAMERA, android.permission.ACCESS_ADSERVICES_ATTRIBUTION, com.sec.android.provider.badge.permission.READ, android.permission.WAKE_LOCK, com.oppo.launcher.permission.WRITE_SETTINGS, com.huawei.android.launcher.permission.READ_SETTINGS, com.sonyericsson.home.permission.BROADCAST_BADGE, android.permission.READ_MEDIA_IMAGES, android.permission.ACTIVITY_RECOGNITION, android.permission.READ_APP_BADGE, android.permission.RECEIVE_BOOT_COMPLETED, me.everything.badger.permission.BADGE_COUNT_READ, com.zeliaapp.DYNAMIC_RECEIVER_NOT_EXPORTED_PERMISSION, com.htc.launcher.permission.READ_SETTINGS, android.permission.ACCESS_NETWORK_STATE, com.oppo.launcher.permission.READ_SETTINGS, com.huawei.android.launcher.permission.WRITE_SETTINGS, android.permission.FOREGROUND_SERVICE, com.htc.launcher.permission.UPDATE_SHORTCUT, android.permission.WRITE_EXTERNAL_STORAGE, com.google.android.finsky.permission.BIND_GET_INSTALL_REFERRER_SERVICE, com.majeur.launcher.permission.UPDATE_BADGE, android.permission.ACCESS_COARSE_LOCATION, com.google.android.gms.permission.AD_ID, me.everything.badger.permission.BADGE_COUNT_WRITE, com.huawei.android.launcher.permission.CHANGE_BADGE",No,No,No,Yes,Yes,No,No,No,Yes,No,No,No,No,No,No,No,Yes,TRUE,N/A,N/A,N/A,N/A,N/A,TRUE,TRUE,TRUE
@string/app_name,ng.vendorcredit.app,Nigeria/Approved,"android.permission.READ_EXTERNAL_STORAGE, android.permission.WAKE_LOCK, android.permission.WRITE_EXTERNAL_STORAGE, ng.vendorcredit.app.DYNAMIC_RECEIVER_NOT_EXPORTED_PERMISSION, android.permission.INTERNET",No,No,No,Yes,Yes,No,No,No,No,No,No,No,No,No,No,No,No,TRUE,N/A,N/A,N/A,N/A,N/A,TRUE,TRUE,TRUE
@string/app_name,ng.personal.loan.lily.cash,Nigeria/Approved,"android.permission.POST_NOTIFICATIONS, com.google.android.c2dm.permission.RECEIVE, ng.personal.loan.lily.cash.DYNAMIC_RECEIVER_NOT_EXPORTED_PERMISSION, android.permission.ACCESS_WIFI_STATE, android.permission.READ_PHONE_STATE, android.permission.BLUETOOTH, android.permission.INTERNET, android.permission.READ_CALL_LOG, android.permission.CAMERA, android.permission.WAKE_LOCK, android.permission.WRITE_CALENDAR, android.permission.READ_SMS, android.permission.ACCESS_NETWORK_STATE, android.permission.BLUETOOTH_CONNECT, android.permission.READ_CALENDAR, com.google.android.finsky.permission.BIND_GET_INSTALL_REFERRER_SERVICE, android.permission.ACCESS_COARSE_LOCATION, com.google.android.gms.permission.AD_ID, com.google.android.gms.permission.ACTIVITY_RECOGNITION",No,Yes,No,No,No,No,No,No,No,No,No,Yes,No,Yes,No,No,No,TRUE,N/A,N/A,N/A,N/A,N/A,FALSE,TRUE,TRUE
@string/app_name,com.ng.snappycredit,Nigeria/Approved,"android.permission.BLUETOOTH_CONNECT, com.google.android.c2dm.permission.RECEIVE, android.permission.CHANGE_WIFI_STATE, android.permission.ACCESS_WIFI_STATE, android.permission.READ_PHONE_STATE, android.permission.WAKE_LOCK, android.permission.LOCAL_MAC_ADDRESS, android.permission.ACCESS_NETWORK_STATE, com.google.android.finsky.permission.BIND_GET_INSTALL_REFERRER_SERVICE, android.permission.INTERNET, android.permission.ACCESS_COARSE_LOCATION, com.google.android.gms.permission.AD_ID",No,No,No,No,No,No,No,No,No,No,No,Yes,No,No,No,No,No,FALSE,N/A,N/A,N/A,N/A,N/A,FALSE,TRUE,FALSE
@string/app_name,com.go.cash.cash.gocash,Nigeria/Approved,"android.permission.READ_PRECISE_PHONE_STATE, android.permission.CAMERA, android.permission.POST_NOTIFICATIONS, android.permission.READ_PRIVILEGED_PHONE_STATE, com.google.android.c2dm.permission.RECEIVE, android.permission.READ_CALENDAR, android.permission.ACCESS_WIFI_STATE, android.permission.READ_PHONE_STATE, android.permission.WAKE_LOCK, android.permission.READ_SMS, android.permission.ACCESS_NETWORK_STATE, com.google.android.finsky.permission.BIND_GET_INSTALL_REFERRER_SERVICE, android.permission.INTERNET, android.permission.ACCESS_COARSE_LOCATION, com.google.android.gms.permission.AD_ID, android.permission.WRITE_CALENDAR, android.permission.MOUNT_UNMOUNT_FILESYSTEMS",No,No,No,No,No,No,No,No,No,No,No,Yes,Yes,Yes,No,No,No,FALSE,N/A,N/A,N/A,N/A,N/A,FALSE,TRUE,FALSE
monee,com.nidcomsolutions.monee,Nigeria/Approved,"android.permission.POST_NOTIFICATIONS, com.sec.android.provider.badge.permission.WRITE, com.google.android.c2dm.permission.RECEIVE, android.permission.USE_FINGERPRINT, com.sonymobile.home.permission.PROVIDER_INSERT_BADGE, com.anddoes.launcher.permission.UPDATE_COUNT, android.permission.INTERNET, android.permission.ACCESS_FINE_LOCATION, android.permission.USE_BIOMETRIC, com.sec.android.provider.badge.permission.READ, android.permission.WAKE_LOCK, com.oppo.launcher.permission.WRITE_SETTINGS, com.nidcomsolutions.monee.permission.C2D_MESSAGE, com.huawei.android.launcher.permission.READ_SETTINGS, com.sonyericsson.home.permission.BROADCAST_BADGE, android.permission.READ_APP_BADGE, android.permission.VIBRATE, android.permission.RECEIVE_BOOT_COMPLETED, com.nidcomsolutions.monee.DYNAMIC_RECEIVER_NOT_EXPORTED_PERMISSION, me.everything.badger.permission.BADGE_COUNT_READ, com.htc.launcher.permission.READ_SETTINGS, android.permission.ACCESS_NETWORK_STATE, com.oppo.launcher.permission.READ_SETTINGS, com.huawei.android.launcher.permission.WRITE_SETTINGS, android.permission.FOREGROUND_SERVICE, com.htc.launcher.permission.UPDATE_SHORTCUT, com.majeur.launcher.permission.UPDATE_BADGE, android.permission.ACCESS_COARSE_LOCATION, me.everything.badger.permission.BADGE_COUNT_WRITE, com.huawei.android.launcher.permission.CHANGE_BADGE",No,No,No,No,No,No,No,No,No,No,No,No,No,No,No,No,Yes,FALSE,N/A,N/A,N/A,N/A,N/A,TRUE,TRUE,FALSE
@string/app_name,com.libertyassured.libertypay,Nigeria/Approved,"android.permission.ACCESS_NETWORK_STAT, android.permission.READ_EXTERNAL_STORAGE, com.google.android.c2dm.permission.RECEIVE, com.android.vending.CHECK_LICENSE, android.permission.USE_FINGERPRINT, android.permission.ACCESS_WIFI_STATE, android.permission.READ_PHONE_STATE, android.permission.BLUETOOTH, android.permission.GET_ACCOUNTS, android.permission.INTERNET, android.permission.USE_BIOMETRIC, android.permission.CAMERA, android.permission.WAKE_LOCK, android.permission.READ_CONTACTS, android.permission.VIBRATE, android.permission.RECEIVE_BOOT_COMPLETED, android.permission.READ_SMS, android.permission.ACCESS_NETWORK_STATE, android.permission.SYSTEM_ALERT_WINDOW, android.permission.FOREGROUND_SERVICE, android.permission.READ_CALENDAR, android.permission.WRITE_EXTERNAL_STORAGE, com.google.android.finsky.permission.BIND_GET_INSTALL_REFERRER_SERVICE, android.permission.ACCESS_COARSE_LOCATION, com.google.android.gms.permission.AD_ID",Yes,No,No,Yes,Yes,No,No,No,No,No,No,Yes,No,Yes,No,No,No,TRUE,N/A,N/A,N/A,N/A,N/A,TRUE,TRUE,TRUE
@string/app_name,com.yescreditapp,Nigeria/Approved,"android.permission.CAMERA, com.google.android.c2dm.permission.RECEIVE, android.permission.USE_FINGERPRINT, com.google.android.gms.permission.ACTIVITY_RECOGNITION, android.permission.WAKE_LOCK, android.permission.ACCESS_NETWORK_STATE, com.google.android.finsky.permission.BIND_GET_INSTALL_REFERRER_SERVICE, android.permission.INTERNET, android.permission.ACCESS_COARSE_LOCATION, android.permission.FOREGROUND_SERVICE, android.permission.RECORD_AUDIO, com.google.android.providers.gsf.permission.READ_GSERVICES, android.permission.USE_BIOMETRIC",No,No,No,No,No,No,No,No,No,No,No,No,No,No,No,No,No,FALSE,N/A,N/A,N/A,N/A,N/A,FALSE,FALSE,FALSE
Palmcredit,com.transsnetfinancial.palmcredit,Nigeria/Approved,"android.permission.POST_NOTIFICATIONS, android.permission.ACCESS_LOCATION_EXTRA_COMMANDS, com.google.android.c2dm.permission.RECEIVE, android.permission.ACCESS_WIFI_STATE, android.permission.READ_PHONE_STATE, android.permission.USE_FINGERPRINT, android.permission.INTERNET, android.permission.REORDER_TASKS, com.google.android.providers.gsf.permission.READ_GSERVICES, android.permission.USE_BIOMETRIC, android.permission.READ_CALL_LOG, android.permission.CAMERA, android.permission.WAKE_LOCK, com.android.vending.setup.PLAY_SETUP_SERVICE, android.permission.WRITE_CALENDAR, android.permission.VIBRATE, android.permission.RECEIVE_BOOT_COMPLETED, android.permission.READ_SMS, android.permission.ACCESS_NETWORK_STATE, android.permission.SYSTEM_ALERT_WINDOW, android.permission.FOREGROUND_SERVICE, android.permission.GET_TASKS, android.permission.HIGH_SAMPLING_RATE_SENSORS, android.permission.READ_CALENDAR, android.permission.CHANGE_WIFI_STATE, com.google.android.finsky.permission.BIND_GET_INSTALL_REFERRER_SERVICE, android.permission.ACCESS_COARSE_LOCATION, com.google.android.gms.permission.AD_ID",No,Yes,No,No,No,No,No,No,No,No,No,Yes,No,Yes,No,No,No,TRUE,N/A,N/A,N/A,N/A,N/A,FALSE,TRUE,TRUE
Payhippo,app.payhippo,Nigeria/Approved,"app.payhippo.DYNAMIC_RECEIVER_NOT_EXPORTED_PERMISSION, android.permission.CAMERA, android.permission.POST_NOTIFICATIONS, android.permission.READ_EXTERNAL_STORAGE, android.permission.VIBRATE, com.google.android.c2dm.permission.RECEIVE, android.permission.RECEIVE_BOOT_COMPLETED, android.permission.USE_FINGERPRINT, android.permission.WAKE_LOCK, android.permission.ACCESS_NETWORK_STATE, android.permission.WRITE_EXTERNAL_STORAGE, android.permission.INTERNET, android.permission.ACCESS_COARSE_LOCATION, android.permission.FOREGROUND_SERVICE, com.google.android.providers.gsf.permission.READ_GSERVICES, android.permission.USE_BIOMETRIC",No,No,No,Yes,Yes,No,No,No,No,No,No,No,No,No,No,No,No,TRUE,N/A,N/A,N/A,N/A,N/A,TRUE,TRUE,TRUE
@string/app_name,com.p2vest,Nigeria/Approved,"android.permission.READ_EXTERNAL_STORAGE, android.permission.POST_NOTIFICATIONS, com.sec.android.provider.badge.permission.WRITE, com.google.android.c2dm.permission.RECEIVE, com.android.vending.CHECK_LICENSE, android.permission.ACCESS_ADSERVICES_AD_ID, android.permission.USE_FINGERPRINT, android.permission.ACCESS_WIFI_STATE, com.sonymobile.home.permission.PROVIDER_INSERT_BADGE, com.anddoes.launcher.permission.UPDATE_COUNT, android.permission.INTERNET, com.p2vest.DYNAMIC_RECEIVER_NOT_EXPORTED_PERMISSION, android.permission.USE_BIOMETRIC, android.permission.CAMERA, android.permission.ACCESS_ADSERVICES_ATTRIBUTION, com.sec.android.provider.badge.permission.READ, android.permission.WAKE_LOCK, com.oppo.launcher.permission.WRITE_SETTINGS, com.huawei.android.launcher.permission.READ_SETTINGS, com.sonyericsson.home.permission.BROADCAST_BADGE, android.permission.READ_APP_BADGE, android.permission.VIBRATE, android.permission.RECEIVE_BOOT_COMPLETED, me.everything.badger.permission.BADGE_COUNT_READ, com.htc.launcher.permission.READ_SETTINGS, android.permission.ACCESS_NETWORK_STATE, com.oppo.launcher.permission.READ_SETTINGS, com.huawei.android.launcher.permission.WRITE_SETTINGS, com.htc.launcher.permission.UPDATE_SHORTCUT, android.permission.WRITE_EXTERNAL_STORAGE, com.google.android.finsky.permission.BIND_GET_INSTALL_REFERRER_SERVICE, com.majeur.launcher.permission.UPDATE_BADGE, com.google.android.gms.permission.AD_ID, me.everything.badger.permission.BADGE_COUNT_WRITE, com.huawei.android.launcher.permission.CHANGE_BADGE",No,No,No,Yes,Yes,No,No,No,No,No,No,No,No,No,No,No,No,TRUE,N/A,N/A,N/A,N/A,N/A,TRUE,TRUE,TRUE
@string/ac,com.allcredit.ls,Nigeria/Approved,"android.permission.ACCESS_LOCATION_EXTRA_COMMANDS, com.google.android.c2dm.permission.RECEIVE, android.permission.ACCESS_WIFI_STATE, android.permission.READ_PHONE_STATE, android.permission.BLUETOOTH, android.permission.INTERNET, android.permission.REORDER_TASKS, android.permission.CAMERA, android.permission.WAKE_LOCK, com.android.vending.setup.PLAY_SETUP_SERVICE, android.permission.WRITE_CALENDAR, android.permission.VIBRATE, android.permission.RECEIVE_BOOT_COMPLETED, android.permission.READ_SMS, android.permission.ACCESS_NETWORK_STATE, android.permission.RECEIVE_SMS, android.permission.CHANGE_NETWORK_STATE, android.permission.FOREGROUND_SERVICE, android.permission.BLUETOOTH_ADMIN, android.permission.HIGH_SAMPLING_RATE_SENSORS, android.permission.READ_CALENDAR, android.permission.CHANGE_WIFI_STATE, com.google.android.finsky.permission.BIND_GET_INSTALL_REFERRER_SERVICE, android.permission.ACCESS_COARSE_LOCATION",No,No,No,No,No,No,No,No,No,No,No,Yes,No,Yes,No,No,No,FALSE,N/A,N/A,N/A,N/A,N/A,FALSE,TRUE,FALSE
@string/app_name,com.credit.wallet,Nigeria/Approved,"android.permission.READ_CONTACTS, android.permission.CAMERA, android.permission.READ_EXTERNAL_STORAGE, android.permission.ACCESS_LOCATION_EXTRA_COMMANDS, android.permission.READ_CALENDAR, android.permission.CHANGE_WIFI_STATE, android.permission.ACCESS_WIFI_STATE, android.permission.READ_PHONE_STATE, android.permission.READ_SMS, android.permission.ACCESS_MEDIA_LOCATION, android.permission.ACCESS_NETWORK_STATE, com.google.android.finsky.permission.BIND_GET_INSTALL_REFERRER_SERVICE, android.permission.ACCESS_FINE_LOCATION, com.google.android.gms.permission.AD_ID, android.permission.INTERNET, android.permission.ACCESS_COARSE_LOCATION, android.permission.FLASHLIGHT",Yes,No,No,Yes,No,No,No,No,No,No,No,Yes,No,Yes,No,No,Yes,TRUE,N/A,N/A,N/A,N/A,N/A,TRUE,TRUE,TRUE
@string/app_name,com.allaweepersonal.mobile,Nigeria/Approved,"android.permission.READ_EXTERNAL_STORAGE, android.permission.POST_NOTIFICATIONS, com.sec.android.provider.badge.permission.WRITE, com.google.android.c2dm.permission.RECEIVE, android.permission.ACCESS_ADSERVICES_AD_ID, android.permission.USE_FINGERPRINT, com.sonymobile.home.permission.PROVIDER_INSERT_BADGE, com.anddoes.launcher.permission.UPDATE_COUNT, android.permission.INTERNET, android.permission.USE_BIOMETRIC, android.permission.CAMERA, android.permission.ACCESS_ADSERVICES_ATTRIBUTION, com.sec.android.provider.badge.permission.READ, android.permission.WAKE_LOCK, com.oppo.launcher.permission.WRITE_SETTINGS, com.huawei.android.launcher.permission.READ_SETTINGS, com.sonyericsson.home.permission.BROADCAST_BADGE, com.allaweepersonal.mobile.DYNAMIC_RECEIVER_NOT_EXPORTED_PERMISSION, com.allaweepersonal.mobile.permission.C2D_MESSAGE, android.permission.READ_APP_BADGE, android.permission.VIBRATE, android.permission.RECEIVE_BOOT_COMPLETED, me.everything.badger.permission.BADGE_COUNT_READ, com.htc.launcher.permission.READ_SETTINGS, android.permission.ACCESS_NETWORK_STATE, com.oppo.launcher.permission.READ_SETTINGS, com.huawei.android.launcher.permission.WRITE_SETTINGS, android.permission.FOREGROUND_SERVICE, com.htc.launcher.permission.UPDATE_SHORTCUT, android.permission.WRITE_EXTERNAL_STORAGE, com.majeur.launcher.permission.UPDATE_BADGE, com.google.android.finsky.permission.BIND_GET_INSTALL_REFERRER_SERVICE, com.google.android.gms.permission.AD_ID, me.everything.badger.permission.BADGE_COUNT_WRITE, com.huawei.android.launcher.permission.CHANGE_BADGE",No,No,No,Yes,Yes,No,No,No,No,No,No,No,No,No,No,No,No,TRUE,N/A,N/A,N/A,N/A,N/A,TRUE,TRUE,TRUE
Paypoint,com.paypoint.app.ng,Nigeria/Approved,"android.permission.CAMERA, android.permission.POST_NOTIFICATIONS, android.permission.VIBRATE, com.paypoint.app.ng.DYNAMIC_RECEIVER_NOT_EXPORTED_PERMISSION, com.google.android.c2dm.permission.RECEIVE, android.permission.USE_FINGERPRINT, android.permission.WAKE_LOCK, android.permission.ACCESS_NETWORK_STATE, com.google.android.finsky.permission.BIND_GET_INSTALL_REFERRER_SERVICE, android.permission.INTERNET, com.google.android.gms.permission.AD_ID, android.permission.RECORD_AUDIO, android.permission.USE_BIOMETRIC",No,No,No,No,No,No,No,No,No,No,No,No,No,No,No,No,No,FALSE,N/A,N/A,N/A,N/A,N/A,FALSE,FALSE,FALSE
NaijaEase,com.summit.naijaease,Nigeria/Approved,"android.permission.CAMERA, com.android.vending.CHECK_LICENSE, android.permission.ACCESS_WIFI_STATE, android.permission.READ_PHONE_STATE, android.permission.READ_SMS, android.permission.ACCESS_NETWORK_STATE, com.google.android.finsky.permission.BIND_GET_INSTALL_REFERRER_SERVICE, android.permission.INTERNET, com.google.android.gms.permission.AD_ID, android.permission.ACCESS_COARSE_LOCATION, com.summit.naijaease.DYNAMIC_RECEIVER_NOT_EXPORTED_PERMISSION",No,No,No,No,No,No,No,No,No,No,No,Yes,No,Yes,No,No,No,FALSE,N/A,N/A,N/A,N/A,N/A,FALSE,TRUE,FALSE
Newcredit,com.pbank.newcredit,Nigeria/Approved,"android.permission.POST_NOTIFICATIONS, android.permission.ACCESS_LOCATION_EXTRA_COMMANDS, com.google.android.c2dm.permission.RECEIVE, android.permission.ACCESS_WIFI_STATE, android.permission.READ_PHONE_STATE, android.permission.USE_FINGERPRINT, android.permission.INTERNET, android.permission.REORDER_TASKS, com.google.android.providers.gsf.permission.READ_GSERVICES, android.permission.USE_BIOMETRIC, android.permission.READ_CALL_LOG, android.permission.CAMERA, android.permission.WAKE_LOCK, com.android.vending.setup.PLAY_SETUP_SERVICE, android.permission.WRITE_CALENDAR, android.permission.VIBRATE, android.permission.RECEIVE_BOOT_COMPLETED, android.permission.READ_SMS, android.permission.ACCESS_NETWORK_STATE, android.permission.SYSTEM_ALERT_WINDOW, android.permission.FOREGROUND_SERVICE, android.permission.GET_TASKS, android.permission.HIGH_SAMPLING_RATE_SENSORS, android.permission.READ_CALENDAR, android.permission.CHANGE_WIFI_STATE, com.google.android.finsky.permission.BIND_GET_INSTALL_REFERRER_SERVICE, android.permission.ACCESS_COARSE_LOCATION, com.google.android.gms.permission.AD_ID",No,Yes,No,No,No,No,No,No,No,No,No,Yes,No,Yes,No,No,No,TRUE,N/A,N/A,N/A,N/A,N/A,FALSE,TRUE,TRUE
@string/app_name,com.ng.FastCent,Nigeria/Approved,"android.permission.READ_CALL_LOG, android.permission.CAMERA, android.permission.ACCESS_LOCATION_EXTRA_COMMANDS, android.permission.READ_CALENDAR, android.permission.CHANGE_WIFI_STATE, android.permission.ACCESS_WIFI_STATE, android.permission.READ_PHONE_STATE, android.permission.WAKE_LOCK, android.permission.ACCESS_NETWORK_STATE, com.google.android.finsky.permission.BIND_GET_INSTALL_REFERRER_SERVICE, android.permission.INTERNET, android.permission.ACCESS_COARSE_LOCATION, com.google.android.gms.permission.AD_ID, android.permission.WRITE_CALENDAR, android.permission.CHANGE_NETWORK_STATE, android.permission.RECORD_AUDIO",No,Yes,No,No,No,No,No,No,No,No,No,Yes,No,No,No,No,No,TRUE,N/A,N/A,N/A,N/A,N/A,FALSE,TRUE,TRUE
@string/app_name,linkcredit.credit,Nigeria/Approved,"android.permission.VIBRATE, android.permission.READ_PRIVILEGED_PHONE_STATE, com.google.android.c2dm.permission.RECEIVE, android.permission.RECEIVE_BOOT_COMPLETED, android.permission.ACCESS_WIFI_STATE, android.permission.READ_PHONE_STATE, android.permission.KILL_BACKGROUND_PROCESSES, android.permission.WAKE_LOCK, android.permission.ACCESS_NETWORK_STATE, com.google.android.finsky.permission.BIND_GET_INSTALL_REFERRER_SERVICE, android.permission.INTERNET, android.permission.ACCESS_COARSE_LOCATION, com.google.android.gms.permission.AD_ID, android.permission.CHANGE_NETWORK_STATE, android.permission.FOREGROUND_SERVICE",No,No,No,No,No,No,No,No,No,No,No,Yes,No,No,No,No,No,FALSE,N/A,N/A,N/A,N/A,N/A,FALSE,TRUE,FALSE
@string/app_name,com.loan.naira.cash.ng9,Nigeria/Approved,"android.permission.ACCESS_LOCATION_EXTRA_COMMANDS, com.google.android.c2dm.permission.RECEIVE, android.permission.ACCESS_WIFI_STATE, android.permission.READ_PHONE_STATE, android.permission.BLUETOOTH, android.permission.INTERNET, android.permission.MOUNT_UNMOUNT_FILESYSTEMS, android.permission.CAMERA, android.permission.WAKE_LOCK, android.permission.RECEIVE_USER_PRESENT, android.permission.VIBRATE, android.permission.READ_SMS, android.permission.ACCESS_NETWORK_STATE, android.permission.CHANGE_NETWORK_STATE, android.permission.SYSTEM_ALERT_WINDOW, android.permission.FOREGROUND_SERVICE, android.permission.CHANGE_WIFI_STATE, com.google.android.finsky.permission.BIND_GET_INSTALL_REFERRER_SERVICE, android.permission.ACCESS_COARSE_LOCATION, com.google.android.gms.permission.AD_ID",No,No,No,No,No,No,No,No,No,No,No,Yes,No,Yes,No,No,No,FALSE,N/A,N/A,N/A,N/A,N/A,FALSE,TRUE,FALSE
Xcrosscash,com.xcash.xcrosscash,Nigeria/Approved,"android.permission.POST_NOTIFICATIONS, android.permission.ACCESS_LOCATION_EXTRA_COMMANDS, com.google.android.c2dm.permission.RECEIVE, android.permission.ACCESS_WIFI_STATE, android.permission.READ_PHONE_STATE, android.permission.USE_FINGERPRINT, android.permission.INTERNET, android.permission.REORDER_TASKS, com.google.android.providers.gsf.permission.READ_GSERVICES, android.permission.USE_BIOMETRIC, android.permission.READ_CALL_LOG, android.permission.CAMERA, android.permission.WAKE_LOCK, com.android.vending.setup.PLAY_SETUP_SERVICE, android.permission.WRITE_CALENDAR, android.permission.VIBRATE, android.permission.RECEIVE_BOOT_COMPLETED, android.permission.READ_SMS, android.permission.ACCESS_NETWORK_STATE, android.permission.SYSTEM_ALERT_WINDOW, android.permission.FOREGROUND_SERVICE, android.permission.GET_TASKS, android.permission.HIGH_SAMPLING_RATE_SENSORS, android.permission.READ_CALENDAR, android.permission.CHANGE_WIFI_STATE, com.google.android.finsky.permission.BIND_GET_INSTALL_REFERRER_SERVICE, android.permission.ACCESS_COARSE_LOCATION, com.google.android.gms.permission.AD_ID",No,Yes,No,No,No,No,No,No,No,No,No,Yes,No,Yes,No,No,No,TRUE,N/A,N/A,N/A,N/A,N/A,FALSE,TRUE,TRUE
@string/app_name,com.irorun,Nigeria/Approved,"android.permission.POST_NOTIFICATIONS, com.google.android.c2dm.permission.RECEIVE, android.permission.ACCESS_ADSERVICES_AD_ID, android.permission.USE_FINGERPRINT, android.permission.READ_PHONE_STATE, android.permission.ACCESS_WIFI_STATE, android.permission.DOWNLOAD_WITHOUT_NOTIFICATION, android.permission.INTERNET, android.permission.READ_INTERNAL_STORAGE, android.permission.RECORD_AUDIO, android.permission.USE_BIOMETRIC, android.permission.CAMERA, android.permission.MODIFY_AUDIO_SETTINGS, android.permission.ACCESS_ADSERVICES_ATTRIBUTION, android.permission.WAKE_LOCK, com.irorun.DYNAMIC_RECEIVER_NOT_EXPORTED_PERMISSION, android.permission.MANAGE_DOCUMENTS, android.permission.WRITE_CALENDAR, android.permission.VIBRATE, android.permission.RECEIVE_BOOT_COMPLETED, android.permission.READ_SMS, android.permission.ACCESS_NETWORK_STATE, android.permission.SYSTEM_ALERT_WINDOW, android.permission.FOREGROUND_SERVICE, android.permission.WRITE_SETTINGS, android.permission.READ_CALENDAR, com.google.android.finsky.permission.BIND_GET_INSTALL_REFERRER_SERVICE, android.permission.WRITE_EXTERNAL_STORAGE, android.permission.ACCESS_COARSE_LOCATION",No,No,No,No,Yes,No,No,No,No,No,No,Yes,No,Yes,No,No,No,FALSE,N/A,N/A,N/A,N/A,N/A,TRUE,TRUE,FALSE
VoiceMoney,com.voicemoney.vmey,Nigeria/Approved,"com.google.android.c2dm.permission.RECEIVE, com.android.vending.CHECK_LICENSE, android.permission.ACCESS_WIFI_STATE, android.permission.READ_PHONE_STATE, android.permission.INTERNET, android.permission.REQUIRE_SECURE_ENV, com.google.android.providers.gsf.permission.READ_GSERVICES, android.permission.READ_CALL_LOG, android.permission.CAMERA, android.permission.WAKE_LOCK, android.permission.VIBRATE, android.permission.RECEIVE_BOOT_COMPLETED, android.permission.READ_SMS, android.permission.ACCESS_NETWORK_STATE, com.voicemoney.vmey.DYNAMIC_RECEIVER_NOT_EXPORTED_PERMISSION, android.permission.FOREGROUND_SERVICE, android.permission.HIGH_SAMPLING_RATE_SENSORS, android.permission.CHANGE_WIFI_STATE, com.google.android.finsky.permission.BIND_GET_INSTALL_REFERRER_SERVICE, android.permission.ACCESS_COARSE_LOCATION, com.google.android.gms.permission.AD_ID",No,Yes,No,No,No,No,No,No,No,No,No,Yes,No,Yes,No,No,No,TRUE,N/A,N/A,N/A,N/A,N/A,FALSE,TRUE,TRUE
CashX,ixosft.cashx_ng,Nigeria/Approved,"android.permission.READ_MEDIA_VISUAL_USER_SELECTED, android.permission.POST_NOTIFICATIONS, com.google.android.c2dm.permission.RECEIVE, android.permission.ACCESS_ADSERVICES_AD_ID, android.permission.ACCESS_WIFI_STATE, android.permission.USE_FINGERPRINT, android.permission.INTERNET, ixosft.cashx_ng.DYNAMIC_RECEIVER_NOT_EXPORTED_PERMISSION, android.permission.ACCESS_DOWNLOAD_MANAGER, android.permission.USE_BIOMETRIC, android.permission.CAMERA, android.permission.ACCESS_ADSERVICES_ATTRIBUTION, android.permission.WAKE_LOCK, android.permission.RECEIVE_BOOT_COMPLETED, android.permission.ACCESS_NETWORK_STATE, android.permission.FOREGROUND_SERVICE, com.google.android.finsky.permission.BIND_GET_INSTALL_REFERRER_SERVICE, android.permission.ACCESS_COARSE_LOCATION, com.google.android.gms.permission.AD_ID",No,No,No,No,No,No,No,No,No,No,No,No,No,No,No,No,No,FALSE,N/A,N/A,N/A,N/A,N/A,FALSE,FALSE,FALSE
Apex Loan,com.apex.loan.ng.app,Nigeria/Approved,"com.samsung.android.mapsagent.permission.READ_APP_INFO, android.permission.CAMERA, android.permission.ACCESS_ADSERVICES_AD_ID, android.permission.ACCESS_ADSERVICES_ATTRIBUTION, com.android.vending.CHECK_LICENSE, android.permission.ACCESS_WIFI_STATE, android.permission.READ_PHONE_STATE, com.apex.loan.ng.app.DYNAMIC_RECEIVER_NOT_EXPORTED_PERMISSION, android.permission.LOCAL_MAC_ADDRESS, android.permission.READ_SMS, android.permission.ACCESS_NETWORK_STATE, com.google.android.finsky.permission.BIND_GET_INSTALL_REFERRER_SERVICE, android.permission.INTERNET, android.permission.ACCESS_COARSE_LOCATION, com.google.android.gms.permission.AD_ID, com.huawei.appmarket.service.commondata.permission.GET_COMMON_DATA",No,No,No,No,No,No,No,No,No,No,No,Yes,No,Yes,No,No,No,FALSE,N/A,N/A,N/A,N/A,N/A,FALSE,TRUE,FALSE
@string/app_name,com.loan.iustus,Nigeria/Approved,"android.permission.VIBRATE, com.google.android.c2dm.permission.RECEIVE, android.permission.CHANGE_WIFI_STATE, android.permission.ACCESS_WIFI_STATE, android.permission.READ_PHONE_STATE, android.permission.WAKE_LOCK, android.permission.ACCESS_NETWORK_STATE, android.permission.BLUETOOTH, com.google.android.finsky.permission.BIND_GET_INSTALL_REFERRER_SERVICE, android.permission.INTERNET, android.permission.ACCESS_COARSE_LOCATION, com.google.android.gms.permission.AD_ID, android.permission.MOUNT_UNMOUNT_FILESYSTEMS, android.permission.RECEIVE_USER_PRESENT",No,No,No,No,No,No,No,No,No,No,No,Yes,No,No,No,No,No,FALSE,N/A,N/A,N/A,N/A,N/A,FALSE,TRUE,FALSE
SeedFi,com.theseedfi.app,Nigeria/Approved,"android.permission.POST_NOTIFICATIONS, com.google.android.c2dm.permission.RECEIVE, android.permission.ACCESS_ADSERVICES_AD_ID, android.permission.USE_FINGERPRINT, android.permission.ACCESS_WIFI_STATE, com.theseedfi.app.DYNAMIC_RECEIVER_NOT_EXPORTED_PERMISSION, android.permission.INTERNET, com.google.android.providers.gsf.permission.READ_GSERVICES, android.permission.USE_BIOMETRIC, android.permission.CAMERA, android.permission.ACCESS_ADSERVICES_ATTRIBUTION, android.permission.WAKE_LOCK, android.permission.VIBRATE, android.permission.RECEIVE_BOOT_COMPLETED, android.permission.ACCESS_ADSERVICES_CUSTOM_AUDIENCE, com.theseedfi.app.permission.WRITE_SCHEDULE, android.permission.ACCESS_NETWORK_STATE, android.permission.FOREGROUND_SERVICE, com.google.android.finsky.permission.BIND_GET_INSTALL_REFERRER_SERVICE, com.google.android.gms.permission.AD_ID",No,No,No,No,No,No,No,No,No,No,No,No,No,No,No,No,No,FALSE,N/A,N/A,N/A,N/A,N/A,FALSE,FALSE,FALSE
@string/app_name,com.kash.loan.money.cash.rupee,Nigeria/Approved,"com.google.android.c2dm.permission.RECEIVE, android.permission.WAKE_LOCK, android.permission.ACCESS_NETWORK_STATE, com.google.android.finsky.permission.BIND_GET_INSTALL_REFERRER_SERVICE, android.permission.INTERNET, android.permission.FOREGROUND_SERVICE",No,No,No,No,No,No,No,No,No,No,No,No,No,No,No,No,No,FALSE,N/A,N/A,N/A,N/A,N/A,FALSE,FALSE,FALSE
HadiFinance,com.hadifinance.hadifinanceapp,Nigeria/Approved,"android.permission.READ_EXTERNAL_STORAGE, android.permission.POST_NOTIFICATIONS, com.google.android.c2dm.permission.RECEIVE, android.permission.ACCESS_ADSERVICES_AD_ID, android.permission.ACCESS_WIFI_STATE, android.permission.ACCESS_FINE_LOCATION, android.permission.INTERNET, android.permission.RECORD_AUDIO, android.permission.CAMERA, android.permission.ACCESS_ADSERVICES_ATTRIBUTION, com.hadifinance.hadifinanceapp.DYNAMIC_RECEIVER_NOT_EXPORTED_PERMISSION, android.permission.WAKE_LOCK, android.permission.RECEIVE_BOOT_COMPLETED, android.permission.READ_SMS, android.permission.ACCESS_NETWORK_STATE, android.permission.FOREGROUND_SERVICE, android.permission.WRITE_EXTERNAL_STORAGE, com.google.android.finsky.permission.BIND_GET_INSTALL_REFERRER_SERVICE, android.permission.ACCESS_COARSE_LOCATION, com.google.android.gms.permission.AD_ID",No,No,No,Yes,Yes,No,No,No,No,No,No,No,No,Yes,No,No,Yes,TRUE,N/A,N/A,N/A,N/A,N/A,TRUE,TRUE,TRUE
@string/app_name,com.hifund.money.kash.loan,Nigeria/Approved,"android.permission.CAMERA, android.permission.READ_PRIVILEGED_PHONE_STATE, com.google.android.c2dm.permission.RECEIVE, android.permission.READ_CALENDAR, android.permission.CHANGE_WIFI_STATE, android.permission.ACCESS_WIFI_STATE, android.permission.READ_PHONE_STATE, android.permission.WAKE_LOCK, android.permission.READ_SMS, android.permission.ACCESS_NETWORK_STATE, com.google.android.finsky.permission.BIND_GET_INSTALL_REFERRER_SERVICE, android.permission.INTERNET, android.permission.ACCESS_COARSE_LOCATION, com.google.android.gms.permission.AD_ID, android.permission.WRITE_CALENDAR",No,No,No,No,No,No,No,No,No,No,No,Yes,No,Yes,No,No,No,FALSE,N/A,N/A,N/A,N/A,N/A,FALSE,TRUE,FALSE
@string/sysy_hacuyn_vog,com.omnikash.xxko,Nigeria/Approved,"android.permission.READ_CALL_LOG, android.permission.CAMERA, android.permission.READ_PRIVILEGED_PHONE_STATE, android.permission.READ_CALENDAR, com.coloros.permission.READ_COLOROS_CALENDAR, android.permission.ACCESS_WIFI_STATE, android.permission.READ_PHONE_STATE, android.permission.WAKE_LOCK, com.omnikash.xxko.DYNAMIC_RECEIVER_NOT_EXPORTED_PERMISSION, android.permission.READ_SMS, android.permission.ACCESS_NETWORK_STATE, com.google.android.finsky.permission.BIND_GET_INSTALL_REFERRER_SERVICE, android.permission.INTERNET, android.permission.ACCESS_COARSE_LOCATION, com.google.android.gms.permission.AD_ID",No,Yes,No,No,No,No,No,No,No,No,No,Yes,No,Yes,No,No,No,TRUE,N/A,N/A,N/A,N/A,N/A,FALSE,TRUE,TRUE
@string/app_name,com.cash.loan.personal.kash.cash9ja.xcredit.payday.credit9.money,Nigeria/Approved,"android.permission.ACCESS_LOCATION_EXTRA_COMMANDS, com.cash.loan.personal.kash.cash9ja.xcredit.payday.credit9.money.DYNAMIC_RECEIVER_NOT_EXPORTED_PERMISSION, android.permission.ACCESS_WIFI_STATE, android.permission.READ_PHONE_STATE, android.permission.BLUETOOTH, android.permission.GET_ACCOUNTS, android.permission.INTERNET, android.permission.RECORD_AUDIO, android.permission.CAMERA, android.permission.ACCESS_COARSE_UPDATES, android.permission.WAKE_LOCK, android.permission.WRITE_CALENDAR, android.permission.VIBRATE, android.permission.RECEIVE_BOOT_COMPLETED, android.permission.READ_SMS, android.permission.ACCESS_NETWORK_STATE, android.permission.FOREGROUND_SERVICE, android.permission.WRITE_SETTINGS, android.permission.PACKAGE_USAGE_STATS, android.permission.READ_PRIVILEGED_PHONE_STATE, android.permission.READ_CALENDAR, android.permission.CHANGE_WIFI_STATE, android.permission.REPLACE_EXISTING_PACKAGE, android.permission.BATTERY_STATS, android.permission.BROADCAST_STICKY, com.google.android.finsky.permission.BIND_GET_INSTALL_REFERRER_SERVICE, android.permission.ACCESS_COARSE_LOCATION, com.google.android.gms.permission.AD_ID",No,No,No,No,No,No,No,No,No,No,No,Yes,No,Yes,No,No,No,FALSE,N/A,N/A,N/A,N/A,N/A,FALSE,TRUE,FALSE
@string/app_name,com.yanzu.app,Nigeria/Approved,"android.permission.VIBRATE, android.permission.USE_FINGERPRINT, com.yanzu.app.DYNAMIC_RECEIVER_NOT_EXPORTED_PERMISSION, android.permission.INTERNET, android.permission.USE_BIOMETRIC",No,No,No,No,No,No,No,No,No,No,No,No,No,No,No,No,No,FALSE,N/A,N/A,N/A,N/A,N/A,FALSE,FALSE,FALSE
@string/app_name,com.credpal.loan,Nigeria/Approved,"android.permission.READ_EXTERNAL_STORAGE, android.permission.POST_NOTIFICATIONS, android.permission.BIND_NOTIFICATION_LISTENER_SERVICE, com.sec.android.provider.badge.permission.WRITE, com.google.android.c2dm.permission.RECEIVE, android.permission.ACCESS_ADSERVICES_AD_ID, android.permission.USE_FINGERPRINT, com.sonymobile.home.permission.PROVIDER_INSERT_BADGE, com.anddoes.launcher.permission.UPDATE_COUNT, ANDROID.PERMISSION.READ_EXTERNAL_STORAGE, android.permission.INTERNET, android.permission.ACCESS_FINE_LOCATION, com.huawei.appmarket.service.commondata.permission.GET_COMMON_DATA, android.permission.RECORD_AUDIO, android.permission.USE_BIOMETRIC, android.permission.CAMERA, android.permission.ACCESS_ADSERVICES_ATTRIBUTION, com.sec.android.provider.badge.permission.READ, android.permission.WAKE_LOCK, com.oppo.launcher.permission.WRITE_SETTINGS, com.huawei.android.launcher.permission.READ_SETTINGS, com.sonyericsson.home.permission.BROADCAST_BADGE, android.permission.BROADCAST_CLOSE_SYSTEM_DIALOGS, com.credpal.loan.DYNAMIC_RECEIVER_NOT_EXPORTED_PERMISSION, android.permission.READ_CONTACTS, android.permission.READ_APP_BADGE, android.permission.VIBRATE, me.everything.badger.permission.BADGE_COUNT_READ, com.htc.launcher.permission.READ_SETTINGS, android.permission.ACCESS_NETWORK_STATE, com.oppo.launcher.permission.READ_SETTINGS, com.huawei.android.launcher.permission.WRITE_SETTINGS, com.htc.launcher.permission.UPDATE_SHORTCUT, android.permission.SCHEDULE_EXACT_ALARM, android.permission.WRITE_EXTERNAL_STORAGE, com.google.android.finsky.permission.BIND_GET_INSTALL_REFERRER_SERVICE, com.majeur.launcher.permission.UPDATE_BADGE, android.permission.ACCESS_COARSE_LOCATION, com.google.android.gms.permission.AD_ID, me.everything.badger.permission.BADGE_COUNT_WRITE, com.huawei.android.launcher.permission.CHANGE_BADGE",Yes,No,No,Yes,Yes,No,No,No,No,No,No,No,No,No,No,No,Yes,TRUE,N/A,N/A,N/A,N/A,N/A,TRUE,TRUE,TRUE
@string/app_name,com.principal.loan.cash.principalloan,Nigeria/Approved,"android.permission.WRITE_SETTINGS, android.permission.CAMERA, com.google.android.c2dm.permission.RECEIVE, android.permission.READ_CALENDAR, android.permission.ACCESS_ADSERVICES_AD_ID, android.permission.ACCESS_WIFI_STATE, android.permission.READ_PHONE_STATE, android.permission.WAKE_LOCK, android.permission.READ_SMS, android.permission.ACCESS_NETWORK_STATE, com.google.android.finsky.permission.BIND_GET_INSTALL_REFERRER_SERVICE, android.permission.INTERNET, android.permission.ACCESS_COARSE_LOCATION, com.google.android.gms.permission.AD_ID, android.permission.WRITE_CALENDAR",No,No,No,No,No,No,No,No,No,No,No,Yes,No,Yes,No,No,No,FALSE,N/A,N/A,N/A,N/A,N/A,FALSE,TRUE,FALSE
@string/app_name,com.paynextday.payday,Nigeria/Approved,"android.permission.ACCESS_NETWORK_STATE, android.permission.INTERNET",No,No,No,No,No,No,No,No,No,No,No,No,No,No,No,No,No,FALSE,N/A,N/A,N/A,N/A,N/A,FALSE,FALSE,FALSE
@string/app_name,com.commercemen.airmoni,Nigeria/Approved,"android.permission.BLUETOOTH_CONNECT, android.permission.CAMERA, android.permission.READ_PRIVILEGED_PHONE_STATE, android.permission.READ_CALENDAR, android.permission.ACCESS_WIFI_STATE, android.permission.READ_PHONE_STATE, android.permission.WAKE_LOCK, android.permission.READ_SMS, android.permission.ACCESS_NETWORK_STATE, android.permission.BLUETOOTH, com.google.android.finsky.permission.BIND_GET_INSTALL_REFERRER_SERVICE, android.permission.INTERNET, android.permission.ACCESS_COARSE_LOCATION, com.google.android.gms.permission.AD_ID",No,No,No,No,No,No,No,No,No,No,No,Yes,No,Yes,No,No,No,FALSE,N/A,N/A,N/A,N/A,N/A,FALSE,TRUE,FALSE
@string/app_name,com.dodo_mobile,Nigeria/Approved,"android.permission.READ_MEDIA_VISUAL_USER_SELECTED, android.permission.READ_EXTERNAL_STORAGE, android.permission.POST_NOTIFICATIONS, com.sec.android.provider.badge.permission.WRITE, com.google.android.c2dm.permission.RECEIVE, android.permission.USE_FINGERPRINT, android.permission.ACCESS_WIFI_STATE, com.sonymobile.home.permission.PROVIDER_INSERT_BADGE, com.anddoes.launcher.permission.UPDATE_COUNT, android.permission.WRITE_CONTACTS, android.permission.INTERNET, android.permission.RECORD_AUDIO, android.permission.USE_BIOMETRIC, android.permission.CAMERA, com.sec.android.provider.badge.permission.READ, android.permission.WAKE_LOCK, com.oppo.launcher.permission.WRITE_SETTINGS, com.huawei.android.launcher.permission.READ_SETTINGS, com.sonyericsson.home.permission.BROADCAST_BADGE, android.permission.READ_MEDIA_IMAGES, android.permission.READ_CONTACTS, android.permission.READ_APP_BADGE, android.permission.VIBRATE, android.permission.READ_MEDIA_VIDEO, android.permission.RECEIVE_BOOT_COMPLETED, me.everything.badger.permission.BADGE_COUNT_READ, com.htc.launcher.permission.READ_SETTINGS, android.permission.READ_MEDIA_AUDIO, com.dodo_mobile.DYNAMIC_RECEIVER_NOT_EXPORTED_PERMISSION, android.permission.ACCESS_NETWORK_STATE, com.oppo.launcher.permission.READ_SETTINGS, com.huawei.android.launcher.permission.WRITE_SETTINGS, android.permission.SYSTEM_ALERT_WINDOW, com.htc.launcher.permission.UPDATE_SHORTCUT, android.permission.WRITE_EXTERNAL_STORAGE, com.google.android.finsky.permission.BIND_GET_INSTALL_REFERRER_SERVICE, com.majeur.launcher.permission.UPDATE_BADGE, me.everything.badger.permission.BADGE_COUNT_WRITE, com.huawei.android.launcher.permission.CHANGE_BADGE",Yes,No,No,Yes,Yes,No,No,Yes,Yes,Yes,No,No,No,No,No,No,No,TRUE,N/A,N/A,N/A,N/A,N/A,TRUE,TRUE,TRUE
@string/app_name,co.mylendme.mobile,Nigeria/Approved,"android.permission.READ_EXTERNAL_STORAGE, android.permission.GET_ACCOUNTS_PRIVILEGED, android.permission.POST_NOTIFICATIONS, com.sec.android.provider.badge.permission.WRITE, com.google.android.c2dm.permission.RECEIVE, android.permission.ACCESS_WIFI_STATE, android.permission.READ_PHONE_STATE, com.sonymobile.home.permission.PROVIDER_INSERT_BADGE, com.anddoes.launcher.permission.UPDATE_COUNT, android.permission.WRITE_CONTACTS, android.permission.BLUETOOTH, android.permission.GET_ACCOUNTS, android.permission.ACCESS_FINE_LOCATION, android.permission.INTERNET, android.permission.RECORD_AUDIO, co.mylendme.mobile.permission.C2D_MESSAGE, android.permission.CAMERA, com.sec.android.provider.badge.permission.READ, android.permission.WAKE_LOCK, com.oppo.launcher.permission.WRITE_SETTINGS, com.huawei.android.launcher.permission.READ_SETTINGS, com.sonyericsson.home.permission.BROADCAST_BADGE, android.permission.WRITE_CALENDAR, android.permission.READ_CONTACTS, android.permission.READ_APP_BADGE, android.permission.VIBRATE, android.permission.RECEIVE_BOOT_COMPLETED, me.everything.badger.permission.BADGE_COUNT_READ, com.htc.launcher.permission.READ_SETTINGS, android.permission.ACCESS_NETWORK_STATE, com.oppo.launcher.permission.READ_SETTINGS, me.everything.badger.permission.BADGE_COUNT_WRITE, com.huawei.android.launcher.permission.WRITE_SETTINGS, android.permission.FOREGROUND_SERVICE, com.htc.launcher.permission.UPDATE_SHORTCUT, android.permission.READ_PRIVILEGED_PHONE_STATE, android.permission.READ_CALENDAR, android.permission.WRITE_EXTERNAL_STORAGE, com.google.android.finsky.permission.BIND_GET_INSTALL_REFERRER_SERVICE, com.majeur.launcher.permission.UPDATE_BADGE, com.google.android.gms.permission.AD_ID, android.permission.ACCESS_COARSE_LOCATION, android.permission.CALL_PHONE, com.huawei.android.launcher.permission.CHANGE_BADGE",Yes,No,No,Yes,Yes,No,No,No,No,No,No,Yes,No,No,No,No,Yes,TRUE,N/A,N/A,N/A,N/A,N/A,TRUE,TRUE,TRUE
@string/trust_sipjpsafqfu,com.trustloan.finserve.nigeria.creditline.xpress,Nigeria/Approved,"android.permission.READ_CALL_LOG, android.permission.CAMERA, android.permission.READ_PROFILE, android.permission.POST_NOTIFICATIONS, com.trustloan.finserve.nigeria.creditline.xpress.DYNAMIC_RECEIVER_NOT_EXPORTED_PERMISSION, com.google.android.c2dm.permission.RECEIVE, android.permission.READ_CALENDAR, android.permission.ACCESS_ADSERVICES_ATTRIBUTION, android.permission.ACCESS_ADSERVICES_AD_ID, android.permission.READ_PHONE_STATE, android.permission.WAKE_LOCK, com.android.vending.CHECK_LICENSE, android.permission.READ_SMS, android.permission.ACCESS_NETWORK_STATE, com.google.android.finsky.permission.BIND_GET_INSTALL_REFERRER_SERVICE, android.permission.INTERNET, com.google.android.gms.permission.AD_ID",No,Yes,No,No,No,No,No,No,No,No,No,Yes,No,Yes,No,No,No,TRUE,N/A,N/A,N/A,N/A,N/A,FALSE,TRUE,TRUE
@string/app_name,com.muska.tech.nairago,Nigeria/Approved,"android.permission.BLUETOOTH_CONNECT, android.permission.CAMERA, android.permission.BLUETOOTH_SCAN, android.permission.BLUETOOTH_ADMIN, android.permission.ACCESS_WIFI_STATE, android.permission.READ_PHONE_STATE, android.permission.LOCAL_MAC_ADDRESS, android.permission.READ_SMS, android.permission.ACCESS_NETWORK_STATE, android.permission.BLUETOOTH, android.permission.INTERNET, android.permission.ACCESS_COARSE_LOCATION, android.permission.BLUETOOTH_ADVERTISE, com.google.android.gms.permission.AD_ID",No,No,No,No,No,No,No,No,No,No,No,Yes,No,Yes,No,No,No,FALSE,N/A,N/A,N/A,N/A,N/A,FALSE,TRUE,FALSE
KashCash,ng.kashcash.kash,Nigeria/Approved,"android.permission.ACCESS_LOCATION_EXTRA_COMMANDS, com.google.android.c2dm.permission.RECEIVE, android.permission.ACCESS_WIFI_STATE, android.permission.READ_PHONE_STATE, android.permission.USE_FINGERPRINT, com.android.browser.permission.READ_HISTORY_BOOKMARKS, android.permission.BLUETOOTH, android.permission.INTERNET, android.permission.REORDER_TASKS, com.google.android.providers.gsf.permission.READ_GSERVICES, android.permission.USE_BIOMETRIC, android.permission.CAMERA, android.permission.WAKE_LOCK, com.android.vending.setup.PLAY_SETUP_SERVICE, android.permission.WRITE_CALENDAR, android.permission.VIBRATE, android.permission.RECEIVE_BOOT_COMPLETED, android.permission.READ_SMS, android.permission.ACCESS_NETWORK_STATE, android.permission.RECEIVE_SMS, android.permission.SYSTEM_ALERT_WINDOW, android.permission.FOREGROUND_SERVICE, android.permission.GET_TASKS, android.permission.BLUETOOTH_ADMIN, android.permission.HIGH_SAMPLING_RATE_SENSORS, android.permission.READ_CALENDAR, android.permission.CHANGE_WIFI_STATE, com.google.android.finsky.permission.BIND_GET_INSTALL_REFERRER_SERVICE, android.permission.ACCESS_COARSE_LOCATION, com.google.android.gms.permission.AD_ID",No,No,No,No,No,No,No,No,No,No,No,Yes,No,Yes,No,No,No,FALSE,N/A,N/A,N/A,N/A,N/A,FALSE,TRUE,FALSE
Frimoni,com.nigeria.frimoni,Nigeria/Approved,"android.permission.CAMERA, android.permission.POST_NOTIFICATIONS, com.google.android.c2dm.permission.RECEIVE, android.permission.ACCESS_WIFI_STATE, android.permission.WAKE_LOCK, other_temp1, android.permission.ACCESS_NETWORK_STATE, com.google.android.finsky.permission.BIND_GET_INSTALL_REFERRER_SERVICE, android.permission.INTERNET, android.permission.ACCESS_COARSE_LOCATION, com.google.android.gms.permission.AD_ID, android.permission.WRITE_CALENDAR, com.nigeria.frimoni.DYNAMIC_RECEIVER_NOT_EXPORTED_PERMISSION",No,No,No,No,No,No,No,No,No,No,No,No,No,No,No,No,No,FALSE,N/A,N/A,N/A,N/A,N/A,FALSE,FALSE,FALSE
@string/app_name,com.fintellia.rockshieldmfb,Nigeria/Approved,"android.permission.READ_EXTERNAL_STORAGE, android.permission.POST_NOTIFICATIONS, com.sec.android.provider.badge.permission.WRITE, com.google.android.c2dm.permission.RECEIVE, android.permission.USE_FINGERPRINT, android.permission.ACCESS_WIFI_STATE, com.sonymobile.home.permission.PROVIDER_INSERT_BADGE, com.anddoes.launcher.permission.UPDATE_COUNT, android.permission.DOWNLOAD_WITHOUT_NOTIFICATION, android.permission.INTERNET, com.google.android.providers.gsf.permission.READ_GSERVICES, android.permission.USE_BIOMETRIC, com.sec.android.provider.badge.permission.READ, android.permission.WAKE_LOCK, com.oppo.launcher.permission.WRITE_SETTINGS, com.huawei.android.launcher.permission.READ_SETTINGS, com.sonyericsson.home.permission.BROADCAST_BADGE, android.permission.READ_CONTACTS, android.permission.READ_APP_BADGE, android.permission.VIBRATE, android.permission.RECEIVE_BOOT_COMPLETED, me.everything.badger.permission.BADGE_COUNT_READ, com.htc.launcher.permission.READ_SETTINGS, android.permission.ACCESS_NETWORK_STATE, com.oppo.launcher.permission.READ_SETTINGS, com.huawei.android.launcher.permission.WRITE_SETTINGS, com.fintellia.rockshieldmfb.DYNAMIC_RECEIVER_NOT_EXPORTED_PERMISSION, com.fintellia.rockshieldmfb.permission.C2D_MESSAGE, android.permission.FOREGROUND_SERVICE, com.htc.launcher.permission.UPDATE_SHORTCUT, android.permission.WRITE_EXTERNAL_STORAGE, com.majeur.launcher.permission.UPDATE_BADGE, com.google.android.finsky.permission.BIND_GET_INSTALL_REFERRER_SERVICE, me.everything.badger.permission.BADGE_COUNT_WRITE, com.huawei.android.launcher.permission.CHANGE_BADGE",Yes,No,No,Yes,Yes,No,No,No,No,No,No,No,No,No,No,No,No,TRUE,N/A,N/A,N/A,N/A,N/A,TRUE,TRUE,TRUE
@string/app_name,com.loan.easyfund,Nigeria/Approved,"android.permission.BLUETOOTH_CONNECT, android.permission.CAMERA, android.permission.READ_PRIVILEGED_PHONE_STATE, com.google.android.c2dm.permission.RECEIVE, android.permission.CHANGE_WIFI_STATE, android.permission.ACCESS_WIFI_STATE, android.permission.READ_PHONE_STATE, android.permission.WAKE_LOCK, android.permission.LOCAL_MAC_ADDRESS, android.permission.READ_SMS, android.permission.ACCESS_NETWORK_STATE, android.permission.BLUETOOTH, com.google.android.finsky.permission.BIND_GET_INSTALL_REFERRER_SERVICE, android.permission.INTERNET, android.permission.ACCESS_COARSE_LOCATION, com.google.android.gms.permission.AD_ID, android.permission.CHANGE_NETWORK_STATE",No,No,No,No,No,No,No,No,No,No,No,Yes,No,Yes,No,No,No,FALSE,N/A,N/A,N/A,N/A,N/A,FALSE,TRUE,FALSE
@string/app_name,care.finance,Nigeria/Approved,"android.permission.BLUETOOTH_CONNECT, android.permission.CAMERA, android.permission.PACKAGE_USAGE_STATS, android.permission.READ_CALENDAR, android.permission.ACCESS_WIFI_STATE, android.permission.READ_PHONE_STATE, android.permission.READ_SMS, android.permission.ACCESS_NETWORK_STATE, android.permission.BLUETOOTH, com.google.android.finsky.permission.BIND_GET_INSTALL_REFERRER_SERVICE, android.permission.INTERNET, android.permission.ACCESS_COARSE_LOCATION, com.google.android.gms.permission.AD_ID, android.permission.WRITE_CALENDAR, com.google.android.gms.permission.ACTIVITY_RECOGNITION, com.google.android.providers.gsf.permission.READ_GSERVICES",No,No,No,No,No,No,No,No,No,No,No,Yes,No,Yes,No,No,No,FALSE,N/A,N/A,N/A,N/A,N/A,FALSE,TRUE,FALSE
KwikPay Credit,com.kwikpay,Nigeria/Approved,"android.permission.CAMERA, com.android.vending.CHECK_LICENSE, com.kwikpay.DYNAMIC_RECEIVER_NOT_EXPORTED_PERMISSION, android.permission.ACCESS_NETWORK_STATE, android.permission.INTERNET, com.google.android.providers.gsf.permission.READ_GSERVICES",No,No,No,No,No,No,No,No,No,No,No,No,No,No,No,No,No,FALSE,N/A,N/A,N/A,N/A,N/A,FALSE,FALSE,FALSE
@string/app_name,com.lenddo.mobile.paylater,Nigeria/Approved,"android.permission.POST_NOTIFICATIONS, android.permission.READ_EXTERNAL_STORAGE, com.google.android.c2dm.permission.RECEIVE, android.permission.ACCESS_ADSERVICES_AD_ID, com.lenddo.mobile.paylater.DYNAMIC_RECEIVER_NOT_EXPORTED_PERMISSION, android.permission.ACCESS_WIFI_STATE, android.permission.READ_PHONE_STATE, android.permission.USE_FINGERPRINT, android.permission.INTERNET, android.permission.ACCESS_FINE_LOCATION, android.permission.REORDER_TASKS, android.permission.RECORD_AUDIO, com.google.android.providers.gsf.permission.READ_GSERVICES, android.permission.USE_BIOMETRIC, android.permission.CAMERA, android.permission.ACCESS_ADSERVICES_ATTRIBUTION, android.permission.WAKE_LOCK, android.permission.FOREGROUND_SERVICE_REMOTE_MESSAGING, android.permission.READ_CONTACTS, com.android.launcher.permission.INSTALL_SHORTCUT, com.lenddo.mobile.paylater.permission.WRITE_SCHEDULE, android.permission.VIBRATE, android.permission.RECEIVE_BOOT_COMPLETED, android.permission.FOREGROUND_SERVICE_DATA_SYNC, android.permission.ACCESS_NETWORK_STATE, android.permission.ACCESS_NOTIFICATION_POLICY, android.permission.SYSTEM_ALERT_WINDOW, android.permission.FOREGROUND_SERVICE, android.permission.READ_CALENDAR, android.permission.SCHEDULE_EXACT_ALARM, android.permission.WRITE_EXTERNAL_STORAGE, com.google.android.finsky.permission.BIND_GET_INSTALL_REFERRER_SERVICE, android.permission.ACCESS_COARSE_LOCATION, android.permission.CALL_PHONE, com.google.android.gms.permission.AD_ID",Yes,No,No,Yes,Yes,No,No,No,No,No,No,Yes,No,No,No,No,Yes,TRUE,N/A,N/A,N/A,N/A,N/A,TRUE,TRUE,TRUE
@string/app_name,com.rapaidv1,Nigeria/Approved,"android.permission.READ_EXTERNAL_STORAGE, android.permission.POST_NOTIFICATIONS, com.sec.android.provider.badge.permission.WRITE, com.google.android.c2dm.permission.RECEIVE, android.permission.ACCESS_WIFI_STATE, android.permission.USE_FINGERPRINT, com.sonymobile.home.permission.PROVIDER_INSERT_BADGE, com.anddoes.launcher.permission.UPDATE_COUNT, android.permission.WRITE_CONTACTS, android.permission.INTERNET, android.permission.USE_BIOMETRIC, com.sec.android.provider.badge.permission.READ, android.permission.WAKE_LOCK, com.oppo.launcher.permission.WRITE_SETTINGS, com.huawei.android.launcher.permission.READ_SETTINGS, com.sonyericsson.home.permission.BROADCAST_BADGE, android.permission.WRITE_CALENDAR, android.permission.READ_CONTACTS, android.permission.READ_APP_BADGE, android.permission.VIBRATE, android.permission.RECEIVE_BOOT_COMPLETED, me.everything.badger.permission.BADGE_COUNT_READ, com.htc.launcher.permission.READ_SETTINGS, android.permission.ACCESS_NETWORK_STATE, com.oppo.launcher.permission.READ_SETTINGS, com.rapaidv1.permission.C2D_MESSAGE, com.huawei.android.launcher.permission.WRITE_SETTINGS, android.permission.FOREGROUND_SERVICE, com.htc.launcher.permission.UPDATE_SHORTCUT, android.permission.READ_CALENDAR, android.permission.WRITE_EXTERNAL_STORAGE, com.majeur.launcher.permission.UPDATE_BADGE, com.google.android.finsky.permission.BIND_GET_INSTALL_REFERRER_SERVICE, me.everything.badger.permission.BADGE_COUNT_WRITE, com.huawei.android.launcher.permission.CHANGE_BADGE",Yes,No,No,Yes,Yes,No,No,No,No,No,No,No,No,No,No,No,No,TRUE,N/A,N/A,N/A,N/A,N/A,TRUE,TRUE,TRUE
TradeCredit,com.trade.ca.credit,Nigeria/Approved,"com.google.android.c2dm.permission.RECEIVE, android.permission.ACCESS_WIFI_STATE, android.permission.READ_PHONE_STATE, android.permission.INTERNET, android.permission.REQUIRE_SECURE_ENV, com.google.android.providers.gsf.permission.READ_GSERVICES, android.permission.READ_CALL_LOG, android.permission.CAMERA, android.permission.WAKE_LOCK, android.permission.VIBRATE, android.permission.RECEIVE_BOOT_COMPLETED, android.permission.READ_SMS, android.permission.ACCESS_NETWORK_STATE, android.permission.FOREGROUND_SERVICE, android.permission.HIGH_SAMPLING_RATE_SENSORS, android.permission.CHANGE_WIFI_STATE, com.trade.ca.credit.DYNAMIC_RECEIVER_NOT_EXPORTED_PERMISSION, com.google.android.finsky.permission.BIND_GET_INSTALL_REFERRER_SERVICE, android.permission.ACCESS_COARSE_LOCATION, com.google.android.gms.permission.AD_ID",No,Yes,No,No,No,No,No,No,No,No,No,Yes,No,Yes,No,No,No,TRUE,N/A,N/A,N/A,N/A,N/A,FALSE,TRUE,TRUE
@string/app_name,com.edikemobile,Nigeria/Approved,"android.permission.READ_EXTERNAL_STORAGE, android.permission.POST_NOTIFICATIONS, com.sec.android.provider.badge.permission.WRITE, com.google.android.c2dm.permission.RECEIVE, com.android.vending.CHECK_LICENSE, android.permission.ACCESS_ADSERVICES_AD_ID, android.permission.ACCESS_WIFI_STATE, android.permission.USE_FINGERPRINT, com.sonymobile.home.permission.PROVIDER_INSERT_BADGE, com.anddoes.launcher.permission.UPDATE_COUNT, android.permission.DOWNLOAD_WITHOUT_NOTIFICATION, android.permission.INTERNET, android.permission.USE_BIOMETRIC, android.permission.ACCESS_ADSERVICES_ATTRIBUTION, com.sec.android.provider.badge.permission.READ, android.permission.WAKE_LOCK, com.oppo.launcher.permission.WRITE_SETTINGS, com.huawei.android.launcher.permission.READ_SETTINGS, com.edikemobile.permission.C2D_MESSAGE, com.sonyericsson.home.permission.BROADCAST_BADGE, android.permission.READ_APP_BADGE, android.permission.VIBRATE, android.permission.RECEIVE_BOOT_COMPLETED, me.everything.badger.permission.BADGE_COUNT_READ, com.htc.launcher.permission.READ_SETTINGS, android.permission.ACCESS_NETWORK_STATE, com.oppo.launcher.permission.READ_SETTINGS, com.huawei.android.launcher.permission.WRITE_SETTINGS, android.permission.FOREGROUND_SERVICE, com.htc.launcher.permission.UPDATE_SHORTCUT, com.edikemobile.DYNAMIC_RECEIVER_NOT_EXPORTED_PERMISSION, android.permission.WRITE_EXTERNAL_STORAGE, com.majeur.launcher.permission.UPDATE_BADGE, com.google.android.finsky.permission.BIND_GET_INSTALL_REFERRER_SERVICE, com.google.android.gms.permission.AD_ID, me.everything.badger.permission.BADGE_COUNT_WRITE, com.huawei.android.launcher.permission.CHANGE_BADGE",No,No,No,Yes,Yes,No,No,No,No,No,No,No,No,No,No,No,No,TRUE,N/A,N/A,N/A,N/A,N/A,TRUE,TRUE,TRUE
@string/app_name,co.our.pass.stg,Nigeria/Approved,"android.permission.READ_EXTERNAL_STORAGE, android.permission.POST_NOTIFICATIONS, com.google.android.c2dm.permission.RECEIVE, android.permission.ACCESS_ADSERVICES_AD_ID, com.android.vending.CHECK_LICENSE, android.permission.USE_FINGERPRINT, android.permission.ACCESS_WIFI_STATE, co.our.pass.stg.permission.WRITE_SCHEDULE, android.permission.WRITE_CONTACTS, android.permission.GET_ACCOUNTS, android.permission.INTERNET, android.permission.ACCESS_FINE_LOCATION, android.permission.RECORD_AUDIO, android.permission.USE_BIOMETRIC, android.permission.CAMERA, android.permission.ACCESS_ADSERVICES_ATTRIBUTION, android.permission.WAKE_LOCK, co.our.pass.stg.DYNAMIC_RECEIVER_NOT_EXPORTED_PERMISSION, android.permission.READ_CONTACTS, android.permission.VIBRATE, android.permission.ACCESS_NETWORK_STATE, android.permission.WRITE_EXTERNAL_STORAGE, com.google.android.finsky.permission.BIND_GET_INSTALL_REFERRER_SERVICE, android.permission.ACCESS_COARSE_LOCATION, com.google.android.gms.permission.AD_ID",Yes,No,No,Yes,Yes,No,No,No,No,No,No,No,No,No,No,No,Yes,TRUE,N/A,N/A,N/A,N/A,N/A,TRUE,TRUE,TRUE
CashRun,cash.run.credit.easy.loan,Nigeria/Approved,"com.samsung.android.mapsagent.permission.READ_APP_INFO, android.permission.CAMERA, android.permission.ACCESS_ADSERVICES_AD_ID, android.permission.ACCESS_ADSERVICES_ATTRIBUTION, android.permission.ACCESS_WIFI_STATE, android.permission.READ_PHONE_STATE, android.permission.LOCAL_MAC_ADDRESS, android.permission.READ_SMS, android.permission.ACCESS_NETWORK_STATE, com.google.android.finsky.permission.BIND_GET_INSTALL_REFERRER_SERVICE, android.permission.INTERNET, android.permission.ACCESS_COARSE_LOCATION, com.google.android.gms.permission.AD_ID, cash.run.credit.easy.loan.DYNAMIC_RECEIVER_NOT_EXPORTED_PERMISSION",No,No,No,No,No,No,No,No,No,No,No,Yes,No,Yes,No,No,No,FALSE,N/A,N/A,N/A,N/A,N/A,FALSE,TRUE,FALSE
@string/app_name,com.lendigo.app,Nigeria/Approved,"android.permission.CAMERA, android.permission.VIBRATE, com.google.android.c2dm.permission.RECEIVE, android.permission.ACCESS_WIFI_STATE, android.permission.WAKE_LOCK, android.permission.ACCESS_NETWORK_STATE, android.permission.WRITE_EXTERNAL_STORAGE, com.google.android.finsky.permission.BIND_GET_INSTALL_REFERRER_SERVICE, android.permission.INTERNET, android.permission.ACCESS_COARSE_LOCATION, com.google.android.gms.permission.AD_ID, android.permission.READ_INTERNAL_STORAGE, android.permission.FOREGROUND_SERVICE",No,No,No,No,Yes,No,No,No,No,No,No,No,No,No,No,No,No,FALSE,N/A,N/A,N/A,N/A,N/A,TRUE,TRUE,FALSE
@string/app_name,com.digicore.dot,Nigeria/Approved,"android.permission.READ_EXTERNAL_STORAGE, android.permission.POST_NOTIFICATIONS, com.google.android.c2dm.permission.RECEIVE, android.permission.USE_FINGERPRINT, android.permission.INTERNET, android.permission.CAMERA, android.permission.WAKE_LOCK, android.permission.BROADCAST_CLOSE_SYSTEM_DIALOGS, android.permission.READ_CONTACTS, android.permission.VIBRATE, android.permission.RECEIVE_BOOT_COMPLETED, android.permission.ACCESS_NETWORK_STATE, android.permission.USE_FULL_SCREEN_INTENT, android.permission.ACCESS_NOTIFICATION_POLICY, com.digicore.dot.DYNAMIC_RECEIVER_NOT_EXPORTED_PERMISSION, android.permission.FOREGROUND_SERVICE, android.permission.SCHEDULE_EXACT_ALARM, android.permission.WRITE_EXTERNAL_STORAGE, com.google.android.finsky.permission.BIND_GET_INSTALL_REFERRER_SERVICE",Yes,No,No,Yes,Yes,No,No,No,No,No,No,No,No,No,No,No,No,TRUE,N/A,N/A,N/A,N/A,N/A,TRUE,TRUE,TRUE
@string/app_name,com.letshego.dasdigital,Nigeria/Approved,"android.permission.CAMERA, android.permission.POST_NOTIFICATIONS, com.google.android.c2dm.permission.RECEIVE, android.permission.ACCESS_ADSERVICES_ATTRIBUTION, android.permission.ACCESS_ADSERVICES_AD_ID, com.letshego.dasdigital.DYNAMIC_RECEIVER_NOT_EXPORTED_PERMISSION, android.permission.WAKE_LOCK, android.permission.ACCESS_NETWORK_STATE, com.google.android.finsky.permission.BIND_GET_INSTALL_REFERRER_SERVICE, android.permission.INTERNET, android.permission.RECORD_AUDIO",No,No,No,No,No,No,No,No,No,No,No,No,No,No,No,No,No,FALSE,N/A,N/A,N/A,N/A,N/A,FALSE,FALSE,FALSE
PayLater,com.paylaterapp.paylater,Nigeria/Approved,"android.permission.POST_NOTIFICATIONS, android.permission.READ_EXTERNAL_STORAGE, com.sec.android.provider.badge.permission.WRITE, com.google.android.c2dm.permission.RECEIVE, android.permission.ACCESS_ADSERVICES_AD_ID, com.android.vending.CHECK_LICENSE, android.permission.USE_FINGERPRINT, com.sonymobile.home.permission.PROVIDER_INSERT_BADGE, com.anddoes.launcher.permission.UPDATE_COUNT, android.permission.INTERNET, android.permission.ACCESS_FINE_LOCATION, com.google.android.providers.gsf.permission.READ_GSERVICES, android.permission.USE_BIOMETRIC, android.permission.CAMERA, android.permission.ACCESS_ADSERVICES_ATTRIBUTION, com.sec.android.provider.badge.permission.READ, android.permission.WAKE_LOCK, com.oppo.launcher.permission.WRITE_SETTINGS, com.huawei.android.launcher.permission.READ_SETTINGS, com.sonyericsson.home.permission.BROADCAST_BADGE, com.paylaterapp.paylater.DYNAMIC_RECEIVER_NOT_EXPORTED_PERMISSION, android.permission.READ_APP_BADGE, android.permission.VIBRATE, com.paylaterapp.paylater.permission.C2D_MESSAGE, android.permission.RECEIVE_BOOT_COMPLETED, me.everything.badger.permission.BADGE_COUNT_READ, com.htc.launcher.permission.READ_SETTINGS, android.permission.ACCESS_NETWORK_STATE, com.oppo.launcher.permission.READ_SETTINGS, com.huawei.android.launcher.permission.WRITE_SETTINGS, android.permission.FOREGROUND_SERVICE, com.htc.launcher.permission.UPDATE_SHORTCUT, com.google.android.finsky.permission.BIND_GET_INSTALL_REFERRER_SERVICE, com.majeur.launcher.permission.UPDATE_BADGE, android.permission.CALL_PHONE, android.permission.ACCESS_COARSE_LOCATION, me.everything.badger.permission.BADGE_COUNT_WRITE, com.google.android.gms.permission.AD_ID, android.permission.REQUEST_IGNORE_BATTERY_OPTIMIZATIONS, com.huawei.android.launcher.permission.CHANGE_BADGE",No,No,No,Yes,No,No,No,No,No,No,No,No,No,No,No,No,Yes,TRUE,N/A,N/A,N/A,N/A,N/A,TRUE,TRUE,TRUE
@string/app_name,com.nigeria.android.mooncard,Nigeria/Approved,"android.permission.READ_CALL_LOG, android.permission.BLUETOOTH_CONNECT, android.permission.READ_PRECISE_PHONE_STATE, android.permission.PACKAGE_USAGE_STATS, android.permission.READ_CALENDAR, android.permission.ACCESS_WIFI_STATE, android.permission.READ_PHONE_STATE, android.permission.READ_SMS, android.permission.ACCESS_NETWORK_STATE, android.permission.BLUETOOTH, com.google.android.finsky.permission.BIND_GET_INSTALL_REFERRER_SERVICE, android.permission.INTERNET, android.permission.ACCESS_COARSE_LOCATION, com.google.android.gms.permission.AD_ID, android.permission.WRITE_CALENDAR",No,Yes,No,No,No,No,No,No,No,No,No,Yes,Yes,Yes,No,No,No,TRUE,N/A,N/A,N/A,N/A,N/A,FALSE,TRUE,TRUE
@string/app_name,com.ted.ng.ninecreditgo.credit.loans,Nigeria/Approved,"android.permission.ACCESS_LOCATION_EXTRA_COMMANDS, android.permission.ACCESS_WIFI_STATE, android.permission.READ_PHONE_STATE, android.permission.LOCAL_MAC_ADDRESS, android.permission.BLUETOOTH, android.permission.GET_ACCOUNTS, android.permission.INTERNET, android.permission.RECORD_AUDIO, android.permission.READ_CALL_LOG, android.permission.CAMERA, android.permission.ACCESS_COARSE_UPDATES, android.permission.WAKE_LOCK, android.permission.ACCESS_ORIENTATION, android.permission.WRITE_CALENDAR, android.permission.VIBRATE, android.permission.RECEIVE_BOOT_COMPLETED, android.permission.READ_SMS, android.permission.ACCESS_NETWORK_STATE, android.permission.FOREGROUND_SERVICE, android.permission.WRITE_SETTINGS, android.permission.BLUETOOTH_CONNECT, android.permission.PACKAGE_USAGE_STATS, android.permission.READ_PRIVILEGED_PHONE_STATE, android.permission.READ_CALENDAR, android.permission.CHANGE_WIFI_STATE, android.permission.KILL_BACKGROUND_PROCESSES, android.permission.REPLACE_EXISTING_PACKAGE, android.permission.BATTERY_STATS, android.permission.BROADCAST_STICKY, com.google.android.finsky.permission.BIND_GET_INSTALL_REFERRER_SERVICE, android.permission.ACCESS_COARSE_LOCATION, com.google.android.gms.permission.AD_ID",No,Yes,No,No,No,No,No,No,No,No,No,Yes,No,Yes,No,No,No,TRUE,N/A,N/A,N/A,N/A,N/A,FALSE,TRUE,TRUE
@string/app_name,ng.sycamore.app2,Nigeria/Approved,"android.permission.POST_NOTIFICATIONS, android.permission.READ_EXTERNAL_STORAGE, com.google.android.c2dm.permission.RECEIVE, android.permission.ACCESS_ADSERVICES_AD_ID, android.permission.USE_FINGERPRINT, android.permission.READ_PHONE_STATE, android.permission.ACCESS_WIFI_STATE, android.permission.INTERNET, com.huawei.appmarket.service.commondata.permission.GET_COMMON_DATA, android.permission.RECORD_AUDIO, android.permission.USE_BIOMETRIC, android.permission.CAMERA, android.permission.ACCESS_ADSERVICES_ATTRIBUTION, android.permission.WAKE_LOCK, android.permission.READ_MEDIA_IMAGES, android.permission.FOREGROUND_SERVICE_SPECIAL_USE, android.permission.VIBRATE, android.permission.RECEIVE_BOOT_COMPLETED, android.permission.ACCESS_NETWORK_STATE, ng.sycamore.app2.DYNAMIC_RECEIVER_NOT_EXPORTED_PERMISSION, android.permission.FOREGROUND_SERVICE, android.permission.SCHEDULE_EXACT_ALARM, android.permission.WRITE_EXTERNAL_STORAGE, com.google.android.finsky.permission.BIND_GET_INSTALL_REFERRER_SERVICE, com.google.android.gms.permission.AD_ID",No,No,No,Yes,Yes,No,No,No,Yes,No,No,Yes,No,No,No,No,No,TRUE,N/A,N/A,N/A,N/A,N/A,TRUE,TRUE,TRUE
@string/app_name,com.finpadimobile,Nigeria/Approved,"android.permission.READ_EXTERNAL_STORAGE, android.permission.POST_NOTIFICATIONS, com.sec.android.provider.badge.permission.WRITE, com.google.android.c2dm.permission.RECEIVE, android.permission.USE_FINGERPRINT, com.sonymobile.home.permission.PROVIDER_INSERT_BADGE, com.anddoes.launcher.permission.UPDATE_COUNT, android.permission.INTERNET, android.permission.USE_BIOMETRIC, com.sec.android.provider.badge.permission.READ, android.permission.WAKE_LOCK, com.oppo.launcher.permission.WRITE_SETTINGS, com.huawei.android.launcher.permission.READ_SETTINGS, com.sonyericsson.home.permission.BROADCAST_BADGE, android.permission.READ_APP_BADGE, android.permission.VIBRATE, android.permission.RECEIVE_BOOT_COMPLETED, com.finpadimobile.DYNAMIC_RECEIVER_NOT_EXPORTED_PERMISSION, me.everything.badger.permission.BADGE_COUNT_READ, com.htc.launcher.permission.READ_SETTINGS, android.permission.ACCESS_NETWORK_STATE, com.oppo.launcher.permission.READ_SETTINGS, com.huawei.android.launcher.permission.WRITE_SETTINGS, android.permission.SYSTEM_ALERT_WINDOW, com.htc.launcher.permission.UPDATE_SHORTCUT, android.permission.WRITE_EXTERNAL_STORAGE, com.google.android.finsky.permission.BIND_GET_INSTALL_REFERRER_SERVICE, com.majeur.launcher.permission.UPDATE_BADGE, me.everything.badger.permission.BADGE_COUNT_WRITE, com.huawei.android.launcher.permission.CHANGE_BADGE",No,No,No,Yes,Yes,No,No,No,No,No,No,No,No,No,No,No,No,TRUE,N/A,N/A,N/A,N/A,N/A,TRUE,TRUE,TRUE
@string/app_name,com.end.wall.week,Nigeria/Approved,"android.permission.CAMERA, android.permission.CHANGE_WIFI_STATE, android.permission.ACCESS_WIFI_STATE, android.permission.READ_PHONE_STATE, android.permission.WAKE_LOCK, android.permission.READ_SMS, android.permission.ACCESS_NETWORK_STATE, com.google.android.finsky.permission.BIND_GET_INSTALL_REFERRER_SERVICE, android.permission.INTERNET, android.permission.ACCESS_COARSE_LOCATION, android.permission.CALL_PHONE, android.permission.CHANGE_NETWORK_STATE, android.permission.FOREGROUND_SERVICE",No,No,No,No,No,No,No,No,No,No,No,Yes,No,Yes,No,No,No,FALSE,N/A,N/A,N/A,N/A,N/A,FALSE,TRUE,FALSE
@string/app_name,com.menamobile,Nigeria/Approved,"android.permission.READ_EXTERNAL_STORAGE, android.permission.POST_NOTIFICATIONS, com.sec.android.provider.badge.permission.WRITE, com.google.android.c2dm.permission.RECEIVE, android.permission.USE_FINGERPRINT, android.permission.ACCESS_WIFI_STATE, com.sonymobile.home.permission.PROVIDER_INSERT_BADGE, com.anddoes.launcher.permission.UPDATE_COUNT, android.permission.DOWNLOAD_WITHOUT_NOTIFICATION, android.permission.INTERNET, android.permission.USE_BIOMETRIC, android.permission.CAMERA, com.sec.android.provider.badge.permission.READ, com.menamobile.permission.C2D_MESSAGE, android.permission.WAKE_LOCK, com.oppo.launcher.permission.WRITE_SETTINGS, com.huawei.android.launcher.permission.READ_SETTINGS, com.sonyericsson.home.permission.BROADCAST_BADGE, android.permission.READ_APP_BADGE, android.permission.VIBRATE, android.permission.RECEIVE_BOOT_COMPLETED, me.everything.badger.permission.BADGE_COUNT_READ, com.htc.launcher.permission.READ_SETTINGS, android.permission.READ_SMS, android.permission.ACCESS_NETWORK_STATE, com.oppo.launcher.permission.READ_SETTINGS, com.huawei.android.launcher.permission.WRITE_SETTINGS, android.permission.FOREGROUND_SERVICE, com.htc.launcher.permission.UPDATE_SHORTCUT, android.permission.WRITE_EXTERNAL_STORAGE, com.majeur.launcher.permission.UPDATE_BADGE, com.google.android.finsky.permission.BIND_GET_INSTALL_REFERRER_SERVICE, com.google.android.gms.permission.AD_ID, me.everything.badger.permission.BADGE_COUNT_WRITE, com.huawei.android.launcher.permission.CHANGE_BADGE",No,No,No,Yes,Yes,No,No,No,No,No,No,No,No,Yes,No,No,No,TRUE,N/A,N/A,N/A,N/A,N/A,TRUE,TRUE,TRUE
Hometown,com.hometown.app,Nigeria/Approved,"android.permission.CAMERA, android.permission.POST_NOTIFICATIONS, com.google.android.c2dm.permission.RECEIVE, android.permission.RECEIVE_BOOT_COMPLETED, android.permission.USE_FINGERPRINT, android.permission.WAKE_LOCK, android.permission.WRITE_CONTACTS, android.permission.ACCESS_NETWORK_STATE, com.google.android.finsky.permission.BIND_GET_INSTALL_REFERRER_SERVICE, android.permission.INTERNET, android.permission.FOREGROUND_SERVICE, com.google.android.gms.permission.AD_ID, com.hometown.app.DYNAMIC_RECEIVER_NOT_EXPORTED_PERMISSION, android.permission.READ_CONTACTS, android.permission.USE_BIOMETRIC",Yes,No,No,No,No,No,No,No,No,No,No,No,No,No,No,No,No,TRUE,N/A,N/A,N/A,N/A,N/A,TRUE,TRUE,TRUE
@string/app_name,app.credlockng.merchant,Nigeria/Approved,"android.permission.READ_EXTERNAL_STORAGE, android.permission.POST_NOTIFICATIONS, com.google.android.c2dm.permission.RECEIVE, android.permission.ACCESS_WIFI_STATE, android.permission.USE_FINGERPRINT, android.permission.INTERNET, android.permission.ACCESS_FINE_LOCATION, android.permission.RECORD_AUDIO, com.google.android.providers.gsf.permission.READ_GSERVICES, android.permission.USE_BIOMETRIC, android.permission.CAMERA, android.permission.WAKE_LOCK, app.credlockng.merchant.DYNAMIC_RECEIVER_NOT_EXPORTED_PERMISSION, android.permission.VIBRATE, android.permission.ACCESS_NETWORK_STATE, android.permission.SYSTEM_ALERT_WINDOW, android.permission.WRITE_EXTERNAL_STORAGE, com.google.android.finsky.permission.BIND_GET_INSTALL_REFERRER_SERVICE, android.permission.ACCESS_COARSE_LOCATION, com.google.android.gms.permission.ACTIVITY_RECOGNITION",No,No,No,Yes,Yes,No,No,No,No,No,No,No,No,No,No,No,Yes,TRUE,N/A,N/A,N/A,N/A,N/A,TRUE,TRUE,TRUE
@string/app_name,nr.loan.swift.naira,Nigeria/Approved,"android.permission.POST_NOTIFICATIONS, android.permission.ACCESS_LOCATION_EXTRA_COMMANDS, com.google.android.c2dm.permission.RECEIVE, android.permission.ACCESS_WIFI_STATE, android.permission.READ_PHONE_STATE, android.permission.REAL_GET_TASKS, android.permission.INTERNET, com.huawei.appmarket.service.commondata.permission.GET_COMMON_DATA, com.google.android.providers.gsf.permission.READ_GSERVICES, android.permission.CAMERA, android.permission.ACCESS_ADSERVICES_ATTRIBUTION, android.permission.WAKE_LOCK, android.permission.RECEIVE_USER_PRESENT, android.permission.VIBRATE, android.permission.RECEIVE_BOOT_COMPLETED, android.permission.ACCESS_NETWORK_STATE, android.permission.CHANGE_NETWORK_STATE, android.permission.SYSTEM_ALERT_WINDOW, android.permission.FOREGROUND_SERVICE, android.permission.WRITE_SETTINGS, android.permission.READ_PRIVILEGED_PHONE_STATE, android.permission.CHANGE_WIFI_STATE, com.google.android.finsky.permission.BIND_GET_INSTALL_REFERRER_SERVICE, android.permission.CALL_PHONE, com.google.android.gms.permission.AD_ID",No,No,No,No,No,No,No,No,No,No,No,Yes,No,No,No,No,No,FALSE,N/A,N/A,N/A,N/A,N/A,FALSE,TRUE,FALSE
Quickash,com.nigeria.quickash,Nigeria/Approved,"android.permission.CAMERA, android.permission.POST_NOTIFICATIONS, com.google.android.c2dm.permission.RECEIVE, android.permission.ACCESS_WIFI_STATE, android.permission.WAKE_LOCK, other_temp1, android.permission.ACCESS_NETWORK_STATE, com.google.android.finsky.permission.BIND_GET_INSTALL_REFERRER_SERVICE, com.nigeria.quickash.DYNAMIC_RECEIVER_NOT_EXPORTED_PERMISSION, android.permission.INTERNET, android.permission.ACCESS_COARSE_LOCATION, com.google.android.gms.permission.AD_ID, android.permission.WRITE_CALENDAR, other_temp5",No,No,No,No,No,No,No,No,No,No,No,No,No,No,No,No,No,FALSE,N/A,N/A,N/A,N/A,N/A,FALSE,FALSE,FALSE
@string/app_name,com.cascade.kashnow,Nigeria/Approved,"android.permission.ACCESS_NETWORK_STATE, android.permission.ACCESS_WIFI_STATE, android.permission.INTERNET, com.google.android.gms.permission.AD_ID",No,No,No,No,No,No,No,No,No,No,No,No,No,No,No,No,No,FALSE,N/A,N/A,N/A,N/A,N/A,FALSE,FALSE,FALSE
@string/app_name,com.falcon.teer.baro.cash,Nigeria/Approved,"android.permission.CAMERA, android.permission.VIBRATE, android.permission.HIGH_SAMPLING_RATE_SENSORS, android.permission.CHANGE_WIFI_STATE, android.permission.ACCESS_WIFI_STATE, android.permission.WAKE_LOCK, android.permission.READ_SMS, android.permission.ACCESS_NETWORK_STATE, com.google.android.finsky.permission.BIND_GET_INSTALL_REFERRER_SERVICE, com.falcon.teer.baro.cash.DYNAMIC_RECEIVER_NOT_EXPORTED_PERMISSION, android.permission.INTERNET, android.permission.ACCESS_COARSE_LOCATION, com.google.android.gms.permission.AD_ID, android.permission.CHANGE_NETWORK_STATE",No,No,No,No,No,No,No,No,No,No,No,No,No,Yes,No,No,No,FALSE,N/A,N/A,N/A,N/A,N/A,FALSE,TRUE,FALSE
Tloan,com.tingo.credit.money.nigeria,Nigeria/Approved,"android.permission.CAMERA, android.permission.POST_NOTIFICATIONS, com.google.android.c2dm.permission.RECEIVE, android.permission.ACCESS_WIFI_STATE, android.permission.WAKE_LOCK, com.tingo.credit.money.nigeria.DYNAMIC_RECEIVER_NOT_EXPORTED_PERMISSION, android.permission.ACCESS_NETWORK_STATE, com.google.android.finsky.permission.BIND_GET_INSTALL_REFERRER_SERVICE, android.permission.INTERNET, android.permission.ACCESS_COARSE_LOCATION, com.google.android.gms.permission.AD_ID, android.permission.WRITE_CALENDAR",No,No,No,No,No,No,No,No,No,No,No,No,No,No,No,No,No,FALSE,N/A,N/A,N/A,N/A,N/A,FALSE,FALSE,FALSE
Cash9ja,com.samued.cashnaija,Nigeria/Approved,"com.samued.cashnaija.DYNAMIC_RECEIVER_NOT_EXPORTED_PERMISSION, android.permission.PACKAGE_USAGE_STATS, android.permission.ACCESS_ADSERVICES_AD_ID, android.permission.READ_CALENDAR, android.permission.ACCESS_ADSERVICES_ATTRIBUTION, android.permission.ACCESS_WIFI_STATE, android.permission.READ_PHONE_STATE, android.permission.WAKE_LOCK, android.permission.READ_SMS, android.permission.ACCESS_NETWORK_STATE, android.permission.BLUETOOTH, com.google.android.finsky.permission.BIND_GET_INSTALL_REFERRER_SERVICE, android.permission.INTERNET, android.permission.ACCESS_COARSE_LOCATION, com.google.android.gms.permission.AD_ID, android.permission.WRITE_CALENDAR, com.google.android.providers.gsf.permission.READ_GSERVICES",No,No,No,No,No,No,No,No,No,No,No,Yes,No,Yes,No,No,No,FALSE,N/A,N/A,N/A,N/A,N/A,FALSE,TRUE,FALSE
@string/app_name,com.oxloanpro.cash.credit.nigeria,Nigeria/Approved,"android.permission.CAMERA, android.permission.POST_NOTIFICATIONS, android.permission.BLUETOOTH_ADMIN, com.google.android.c2dm.permission.RECEIVE, android.permission.CHANGE_WIFI_STATE, android.permission.ACCESS_WIFI_STATE, android.permission.READ_PHONE_STATE, android.permission.WAKE_LOCK, android.permission.READ_SMS, android.permission.ACCESS_NETWORK_STATE, android.permission.BLUETOOTH, com.google.android.finsky.permission.BIND_GET_INSTALL_REFERRER_SERVICE, android.permission.INTERNET, android.permission.ACCESS_COARSE_LOCATION, com.google.android.gms.permission.AD_ID, com.oxloanpro.cash.credit.nigeria.DYNAMIC_RECEIVER_NOT_EXPORTED_PERMISSION",No,No,No,No,No,No,No,No,No,No,No,Yes,No,Yes,No,No,No,FALSE,N/A,N/A,N/A,N/A,N/A,FALSE,TRUE,FALSE
Cashpaddie,com.lucky.cashpaddie,Nigeria/Approved,"android.permission.POST_NOTIFICATIONS, android.permission.CAMERA, com.google.android.c2dm.permission.RECEIVE, android.permission.READ_CALENDAR, android.permission.ACCESS_WIFI_STATE, android.permission.READ_PHONE_STATE, android.permission.WAKE_LOCK, android.permission.READ_SMS, android.permission.ACCESS_NETWORK_STATE, com.google.android.finsky.permission.BIND_GET_INSTALL_REFERRER_SERVICE, android.permission.DOWNLOAD_WITHOUT_NOTIFICATION, android.permission.INTERNET, android.permission.ACCESS_COARSE_LOCATION, com.google.android.gms.permission.AD_ID",No,No,No,No,No,No,No,No,No,No,No,Yes,No,Yes,No,No,No,FALSE,N/A,N/A,N/A,N/A,N/A,FALSE,TRUE,FALSE
@string/app_name,swift.loan.naira.app,Nigeria/Approved,"android.permission.POST_NOTIFICATIONS, android.permission.ACCESS_LOCATION_EXTRA_COMMANDS, com.google.android.c2dm.permission.RECEIVE, android.permission.ACCESS_WIFI_STATE, android.permission.READ_PHONE_STATE, android.permission.REAL_GET_TASKS, android.permission.INTERNET, com.huawei.appmarket.service.commondata.permission.GET_COMMON_DATA, com.google.android.providers.gsf.permission.READ_GSERVICES, android.permission.CAMERA, android.permission.ACCESS_ADSERVICES_ATTRIBUTION, android.permission.WAKE_LOCK, android.permission.RECEIVE_USER_PRESENT, android.permission.VIBRATE, android.permission.RECEIVE_BOOT_COMPLETED, android.permission.READ_SMS, android.permission.ACCESS_NETWORK_STATE, android.permission.CHANGE_NETWORK_STATE, android.permission.SYSTEM_ALERT_WINDOW, android.permission.FOREGROUND_SERVICE, android.permission.WRITE_SETTINGS, android.permission.READ_PRIVILEGED_PHONE_STATE, android.permission.CHANGE_WIFI_STATE, com.google.android.finsky.permission.BIND_GET_INSTALL_REFERRER_SERVICE, android.permission.CALL_PHONE, com.google.android.gms.permission.AD_ID",No,No,No,No,No,No,No,No,No,No,No,Yes,No,Yes,No,No,No,FALSE,N/A,N/A,N/A,N/A,N/A,FALSE,TRUE,FALSE
@string/app_name,com.hermoney.app,Nigeria/Approved,"android.permission.CAMERA, android.permission.READ_EXTERNAL_STORAGE, com.google.android.c2dm.permission.RECEIVE, android.permission.RECEIVE_BOOT_COMPLETED, android.permission.USE_FINGERPRINT, android.permission.ACCESS_WIFI_STATE, android.permission.WAKE_LOCK, android.permission.ACCESS_NETWORK_STATE, android.permission.WRITE_EXTERNAL_STORAGE, android.permission.DOWNLOAD_WITHOUT_NOTIFICATION, android.permission.ACCESS_FINE_LOCATION, android.permission.INTERNET, android.permission.ACCESS_COARSE_LOCATION, android.permission.CALL_PHONE, android.permission.FOREGROUND_SERVICE, com.google.android.finsky.permission.BIND_GET_INSTALL_REFERRER_SERVICE, com.hermoney.app.DYNAMIC_RECEIVER_NOT_EXPORTED_PERMISSION, android.permission.USE_BIOMETRIC",No,No,No,Yes,Yes,No,No,No,No,No,No,No,No,No,No,No,Yes,TRUE,N/A,N/A,N/A,N/A,N/A,TRUE,TRUE,TRUE
@string/app_name,com.loan.credit.new.morecash,Nigeria/Approved,"android.permission.CAMERA, android.permission.READ_PRIVILEGED_PHONE_STATE, com.android.vending.CHECK_LICENSE, android.permission.ACCESS_WIFI_STATE, android.permission.READ_PHONE_STATE, android.permission.WAKE_LOCK, android.permission.BROADCAST_STICKY, android.permission.READ_SMS, android.permission.ACCESS_NETWORK_STATE, com.google.android.finsky.permission.BIND_GET_INSTALL_REFERRER_SERVICE, android.permission.INTERNET, android.permission.ACCESS_COARSE_LOCATION, com.google.android.gms.permission.AD_ID, android.permission.MOUNT_UNMOUNT_FILESYSTEMS",No,No,No,No,No,No,No,No,No,No,No,Yes,No,Yes,No,No,No,FALSE,N/A,N/A,N/A,N/A,N/A,FALSE,TRUE,FALSE
Fewchore Mobile,com.exolve.fewchorepay,Nigeria/Approved,"android.permission.BLUETOOTH_CONNECT, android.permission.CAMERA, android.permission.READ_EXTERNAL_STORAGE, android.permission.POST_NOTIFICATIONS, android.permission.READ_MEDIA_VIDEO, com.google.android.c2dm.permission.RECEIVE, com.exolve.fewchorepay.DYNAMIC_RECEIVER_NOT_EXPORTED_PERMISSION, android.permission.USE_FINGERPRINT, android.permission.WAKE_LOCK, android.permission.READ_MEDIA_AUDIO, android.permission.ACCESS_NETWORK_STATE, android.permission.BLUETOOTH, android.permission.WRITE_EXTERNAL_STORAGE, android.permission.INTERNET, android.permission.READ_MEDIA_IMAGES, android.permission.RECORD_AUDIO, android.permission.USE_BIOMETRIC",No,No,No,Yes,Yes,No,No,Yes,Yes,Yes,No,No,No,No,No,No,No,TRUE,N/A,N/A,N/A,N/A,N/A,TRUE,TRUE,TRUE
@string/app_name,com.vybecash.app,Nigeria/Approved,"android.permission.READ_EXTERNAL_STORAGE, android.permission.POST_NOTIFICATIONS, com.sec.android.provider.badge.permission.WRITE, com.google.android.c2dm.permission.RECEIVE, android.permission.ACCESS_ADSERVICES_AD_ID, android.permission.ACCESS_WIFI_STATE, android.permission.USE_FINGERPRINT, com.sonymobile.home.permission.PROVIDER_INSERT_BADGE, com.anddoes.launcher.permission.UPDATE_COUNT, com.vybecash.app.DYNAMIC_RECEIVER_NOT_EXPORTED_PERMISSION, android.permission.WRITE_CONTACTS, android.permission.INTERNET, android.permission.ACCESS_FINE_LOCATION, android.permission.READ_INTERNAL_STORAGE, android.permission.RECORD_AUDIO, android.permission.USE_BIOMETRIC, android.permission.CAMERA, android.permission.MODIFY_AUDIO_SETTINGS, android.permission.ACCESS_ADSERVICES_ATTRIBUTION, com.sec.android.provider.badge.permission.READ, android.permission.WAKE_LOCK, com.oppo.launcher.permission.WRITE_SETTINGS, com.huawei.android.launcher.permission.READ_SETTINGS, com.sonyericsson.home.permission.BROADCAST_BADGE, android.permission.READ_CONTACTS, android.permission.READ_APP_BADGE, android.permission.VIBRATE, android.permission.RECEIVE_BOOT_COMPLETED, me.everything.badger.permission.BADGE_COUNT_READ, com.htc.launcher.permission.READ_SETTINGS, android.permission.ACCESS_NETWORK_STATE, android.permission.USE_FULL_SCREEN_INTENT, com.vybecash.app.permission.C2D_MESSAGE, com.oppo.launcher.permission.READ_SETTINGS, com.huawei.android.launcher.permission.WRITE_SETTINGS, android.permission.FOREGROUND_SERVICE, com.htc.launcher.permission.UPDATE_SHORTCUT, android.permission.SCHEDULE_EXACT_ALARM, android.permission.WRITE_EXTERNAL_STORAGE, com.majeur.launcher.permission.UPDATE_BADGE, com.google.android.finsky.permission.BIND_GET_INSTALL_REFERRER_SERVICE, android.permission.ACCESS_COARSE_LOCATION, com.google.android.gms.permission.AD_ID, me.everything.badger.permission.BADGE_COUNT_WRITE, android.permission.VIDEO_CAPTURE, com.huawei.android.launcher.permission.CHANGE_BADGE",Yes,No,No,Yes,Yes,No,No,No,No,No,No,No,No,No,No,No,Yes,TRUE,N/A,N/A,N/A,N/A,N/A,TRUE,TRUE,TRUE
@string/app_name,com.kashon,Nigeria/Approved,"android.permission.VIBRATE, android.permission.READ_PRIVILEGED_PHONE_STATE, com.google.android.c2dm.permission.RECEIVE, android.permission.READ_CALENDAR, android.permission.RECEIVE_BOOT_COMPLETED, android.permission.ACCESS_WIFI_STATE, android.permission.READ_PHONE_STATE, android.permission.KILL_BACKGROUND_PROCESSES, android.permission.WAKE_LOCK, android.permission.ACCESS_NETWORK_STATE, com.google.android.finsky.permission.BIND_GET_INSTALL_REFERRER_SERVICE, android.permission.INTERNET, android.permission.ACCESS_COARSE_LOCATION, com.google.android.gms.permission.AD_ID, android.permission.WRITE_CALENDAR, android.permission.CHANGE_NETWORK_STATE, android.permission.FOREGROUND_SERVICE",No,No,No,No,No,No,No,No,No,No,No,Yes,No,No,No,No,No,FALSE,N/A,N/A,N/A,N/A,N/A,FALSE,TRUE,FALSE
Ellimoney,com.airopay.agents,Nigeria/Approved,"com.airopay.agents.DYNAMIC_RECEIVER_NOT_EXPORTED_PERMISSION, android.permission.READ_EXTERNAL_STORAGE, android.permission.READ_PRIVILEGED_PHONE_STATE, com.google.android.c2dm.permission.RECEIVE, android.permission.RECEIVE_BOOT_COMPLETED, android.permission.READ_PHONE_STATE, android.permission.WAKE_LOCK, android.permission.NFC, android.permission.ACCESS_NETWORK_STATE, android.permission.INTERNET, com.google.android.gms.permission.AD_ID, android.permission.FOREGROUND_SERVICE",No,No,No,Yes,No,No,No,No,No,No,No,Yes,No,No,No,No,No,TRUE,N/A,N/A,N/A,N/A,N/A,TRUE,TRUE,TRUE
@string/app_name,com.primerabank.primera_mobile,Nigeria/Approved,"android.permission.CAMERA, android.permission.POST_NOTIFICATIONS, android.permission.VIBRATE, android.permission.READ_EXTERNAL_STORAGE, com.google.android.c2dm.permission.RECEIVE, android.permission.USE_FINGERPRINT, android.permission.READ_PHONE_STATE, android.permission.WAKE_LOCK, android.permission.ACCESS_NETWORK_STATE, android.permission.WRITE_EXTERNAL_STORAGE, com.google.android.finsky.permission.BIND_GET_INSTALL_REFERRER_SERVICE, android.permission.INTERNET, com.google.android.gms.permission.AD_ID, com.primerabank.primera_mobile.DYNAMIC_RECEIVER_NOT_EXPORTED_PERMISSION, android.permission.FLASHLIGHT, android.permission.USE_BIOMETRIC",No,No,No,Yes,Yes,No,No,No,No,No,No,Yes,No,No,No,No,No,TRUE,N/A,N/A,N/A,N/A,N/A,TRUE,TRUE,TRUE
E4moni,com.e4moni.loan,Nigeria/Approved,"android.permission.CAMERA, com.e4moni.loan.DYNAMIC_RECEIVER_NOT_EXPORTED_PERMISSION, android.permission.READ_PHONE_STATE, android.permission.WAKE_LOCK, android.permission.ACCESS_NETWORK_STATE, com.google.android.finsky.permission.BIND_GET_INSTALL_REFERRER_SERVICE, android.permission.INTERNET, com.google.android.gms.permission.AD_ID",No,No,No,No,No,No,No,No,No,No,No,Yes,No,No,No,No,No,FALSE,N/A,N/A,N/A,N/A,N/A,FALSE,TRUE,FALSE
@string/app_name,ng.urgent10k.app,Nigeria/Approved,"android.permission.POST_NOTIFICATIONS, com.google.android.c2dm.permission.RECEIVE, android.permission.USE_FINGERPRINT, android.permission.READ_PHONE_STATE, android.permission.ACCESS_WIFI_STATE, android.permission.INTERNET, android.permission.READ_INTERNAL_STORAGE, android.permission.RECORD_AUDIO, android.permission.USE_BIOMETRIC, android.permission.CAMERA, android.permission.MODIFY_AUDIO_SETTINGS, android.permission.WAKE_LOCK, android.permission.MANAGE_DOCUMENTS, android.permission.WRITE_CALENDAR, android.permission.VIBRATE, android.permission.ACCESS_NETWORK_STATE, android.permission.SYSTEM_ALERT_WINDOW, android.permission.WRITE_SETTINGS, com.google.android.finsky.permission.BIND_GET_INSTALL_REFERRER_SERVICE, android.permission.ACCESS_COARSE_LOCATION",No,No,No,No,No,No,No,No,No,No,No,Yes,No,No,No,No,No,FALSE,N/A,N/A,N/A,N/A,N/A,FALSE,TRUE,FALSE
@string/app_name,com.getnaira.online.loan.instant.credit,Nigeria/Approved,"android.permission.ACCESS_LOCATION_EXTRA_COMMANDS, android.permission.ACCESS_WIFI_STATE, android.permission.READ_PHONE_STATE, android.permission.BLUETOOTH, android.permission.GET_ACCOUNTS, android.permission.INTERNET, android.permission.RECORD_AUDIO, android.permission.CAMERA, android.permission.ACCESS_COARSE_UPDATES, android.permission.WAKE_LOCK, android.permission.WRITE_CALENDAR, android.permission.VIBRATE, android.permission.RECEIVE_BOOT_COMPLETED, android.permission.READ_SMS, android.permission.ACCESS_NETWORK_STATE, android.permission.FOREGROUND_SERVICE, android.permission.WRITE_SETTINGS, android.permission.PACKAGE_USAGE_STATS, android.permission.READ_PRIVILEGED_PHONE_STATE, android.permission.READ_CALENDAR, android.permission.CHANGE_WIFI_STATE, android.permission.REPLACE_EXISTING_PACKAGE, android.permission.BATTERY_STATS, android.permission.BROADCAST_STICKY, com.google.android.finsky.permission.BIND_GET_INSTALL_REFERRER_SERVICE, android.permission.ACCESS_COARSE_LOCATION, com.google.android.gms.permission.AD_ID",No,No,No,No,No,No,No,No,No,No,No,Yes,No,Yes,No,No,No,FALSE,N/A,N/A,N/A,N/A,N/A,FALSE,TRUE,FALSE
oxymon,com.oxymon,Nigeria/Approved,android.permission.INTERNET,No,No,No,No,No,No,No,No,No,No,No,No,No,No,No,No,No,FALSE,N/A,N/A,N/A,N/A,N/A,FALSE,FALSE,FALSE
PoCash,com.ivy.pocash,Nigeria/Approved,"android.permission.CAMERA, android.permission.USE_FINGERPRINT, com.ivy.pocash.DYNAMIC_RECEIVER_NOT_EXPORTED_PERMISSION, android.permission.INTERNET, android.permission.ACCESS_COARSE_LOCATION, android.permission.RECORD_AUDIO, android.permission.USE_BIOMETRIC",No,No,No,No,No,No,No,No,No,No,No,No,No,No,No,No,No,FALSE,N/A,N/A,N/A,N/A,N/A,FALSE,FALSE,FALSE
@string/app_name,com.adashe.app.adashe,Nigeria/Approved,"android.permission.READ_EXTERNAL_STORAGE, android.permission.POST_NOTIFICATIONS, com.sec.android.provider.badge.permission.WRITE, com.google.android.c2dm.permission.RECEIVE, android.permission.USE_FINGERPRINT, android.permission.READ_PHONE_STATE, com.sonymobile.home.permission.PROVIDER_INSERT_BADGE, com.anddoes.launcher.permission.UPDATE_COUNT, com.adashe.app.adashe.DYNAMIC_RECEIVER_NOT_EXPORTED_PERMISSION, android.permission.INTERNET, android.permission.ACCESS_FINE_LOCATION, android.permission.RECORD_AUDIO, android.permission.USE_BIOMETRIC, android.permission.CAMERA, com.sec.android.provider.badge.permission.READ, android.permission.WAKE_LOCK, com.oppo.launcher.permission.WRITE_SETTINGS, com.huawei.android.launcher.permission.READ_SETTINGS, com.sonyericsson.home.permission.BROADCAST_BADGE, android.permission.READ_APP_BADGE, android.permission.VIBRATE, android.permission.RECEIVE_BOOT_COMPLETED, me.everything.badger.permission.BADGE_COUNT_READ, com.htc.launcher.permission.READ_SETTINGS, android.permission.ACCESS_NETWORK_STATE, com.oppo.launcher.permission.READ_SETTINGS, com.huawei.android.launcher.permission.WRITE_SETTINGS, android.permission.FOREGROUND_SERVICE, com.htc.launcher.permission.UPDATE_SHORTCUT, android.permission.READ_PHONE_NUMBERS, android.permission.WRITE_EXTERNAL_STORAGE, com.adashe.app.adashe.permission.C2D_MESSAGE, com.majeur.launcher.permission.UPDATE_BADGE, me.everything.badger.permission.BADGE_COUNT_WRITE, com.huawei.android.launcher.permission.CHANGE_BADGE",No,No,No,Yes,Yes,No,No,No,No,No,Yes,Yes,No,No,No,No,Yes,TRUE,N/A,N/A,N/A,N/A,N/A,TRUE,TRUE,TRUE
@string/app_name,com.client.primepay,Nigeria/Approved,"android.permission.READ_CALL_LOG, android.permission.CAMERA, android.permission.READ_CALENDAR, android.permission.CHANGE_WIFI_STATE, android.permission.ACCESS_WIFI_STATE, android.permission.READ_PHONE_STATE, android.permission.WAKE_LOCK, android.permission.ACCESS_NETWORK_STATE, com.google.android.finsky.permission.BIND_GET_INSTALL_REFERRER_SERVICE, android.permission.INTERNET, android.permission.ACCESS_COARSE_LOCATION, com.google.android.gms.permission.AD_ID, android.permission.WRITE_CALENDAR, android.permission.CHANGE_NETWORK_STATE",No,Yes,No,No,No,No,No,No,No,No,No,Yes,No,No,No,No,No,TRUE,N/A,N/A,N/A,N/A,N/A,FALSE,TRUE,TRUE
@string/app_name,com.tradelenda.app,Nigeria/Approved,"android.permission.READ_EXTERNAL_STORAGE, android.permission.POST_NOTIFICATIONS, com.sec.android.provider.badge.permission.WRITE, android.permission.ACCESS_ADSERVICES_AD_ID, com.google.android.c2dm.permission.RECEIVE, android.permission.USE_FINGERPRINT, android.permission.READ_PHONE_STATE, android.permission.ACCESS_WIFI_STATE, com.sonymobile.home.permission.PROVIDER_INSERT_BADGE, com.anddoes.launcher.permission.UPDATE_COUNT, android.permission.DOWNLOAD_WITHOUT_NOTIFICATION, android.permission.INTERNET, android.permission.RECORD_AUDIO, com.google.android.providers.gsf.permission.READ_GSERVICES, android.permission.USE_BIOMETRIC, android.permission.CAMERA, android.permission.ACCESS_ADSERVICES_ATTRIBUTION, com.sec.android.provider.badge.permission.READ, android.permission.WAKE_LOCK, com.oppo.launcher.permission.WRITE_SETTINGS, com.huawei.android.launcher.permission.READ_SETTINGS, com.sonyericsson.home.permission.BROADCAST_BADGE, android.permission.BROADCAST_CLOSE_SYSTEM_DIALOGS, com.fingerprints.service.ACCESS_FINGERPRINT_MANAGER, android.permission.READ_APP_BADGE, android.permission.VIBRATE, android.permission.RECEIVE_BOOT_COMPLETED, me.everything.badger.permission.BADGE_COUNT_READ, android.permission.ACCESS_ADSERVICES_CUSTOM_AUDIENCE, com.htc.launcher.permission.READ_SETTINGS, com.tradelenda.app.permission.C2D_MESSAGE, android.permission.ACCESS_NETWORK_STATE, android.permission.USE_FULL_SCREEN_INTENT, android.permission.ACCESS_NOTIFICATION_POLICY, com.oppo.launcher.permission.READ_SETTINGS, com.huawei.android.launcher.permission.WRITE_SETTINGS, android.permission.SYSTEM_ALERT_WINDOW, android.permission.FOREGROUND_SERVICE, com.samsung.android.providers.context.permission.WRITE_USE_APP_FEATURE_SURVEY, com.htc.launcher.permission.UPDATE_SHORTCUT, com.tradelenda.app.DYNAMIC_RECEIVER_NOT_EXPORTED_PERMISSION, android.permission.SCHEDULE_EXACT_ALARM, android.permission.WRITE_EXTERNAL_STORAGE, com.google.android.finsky.permission.BIND_GET_INSTALL_REFERRER_SERVICE, com.majeur.launcher.permission.UPDATE_BADGE, com.google.android.gms.permission.AD_ID, me.everything.badger.permission.BADGE_COUNT_WRITE, com.huawei.android.launcher.permission.CHANGE_BADGE",No,No,No,Yes,Yes,No,No,No,No,No,No,Yes,No,No,No,No,No,TRUE,N/A,N/A,N/A,N/A,N/A,TRUE,TRUE,TRUE
@string/app_name,com.rubimoni,Nigeria/Approved,"android.permission.VIBRATE, android.permission.RECEIVE_BOOT_COMPLETED, android.permission.ACCESS_WIFI_STATE, android.permission.WAKE_LOCK, android.permission.ACCESS_NETWORK_STATE, com.google.android.finsky.permission.BIND_GET_INSTALL_REFERRER_SERVICE, android.permission.INTERNET, com.google.android.gms.permission.AD_ID",No,No,No,No,No,No,No,No,No,No,No,No,No,No,No,No,No,FALSE,N/A,N/A,N/A,N/A,N/A,FALSE,FALSE,FALSE
@string/app_name,safe.vkashpro.loan,Nigeria/Approved,"android.permission.POST_NOTIFICATIONS, android.permission.ACCESS_WIFI_STATE, android.permission.READ_PHONE_STATE, android.permission.BLUETOOTH, android.permission.INTERNET, freemme.permission.msa, android.permission.WRITE_CALENDAR, com.asus.msa.SupplementaryDID.ACCESS, android.permission.READ_SMS, android.permission.ACCESS_NETWORK_STATE, android.permission.CHANGE_NETWORK_STATE, android.permission.FOREGROUND_SERVICE, android.permission.BLUETOOTH_CONNECT, android.permission.WRITE_SETTINGS, android.permission.READ_CALENDAR, android.permission.CHANGE_WIFI_STATE, com.google.android.finsky.permission.BIND_GET_INSTALL_REFERRER_SERVICE, android.permission.ACCESS_COARSE_LOCATION, com.google.android.gms.permission.AD_ID",No,No,No,No,No,No,No,No,No,No,No,Yes,No,Yes,No,No,No,FALSE,N/A,N/A,N/A,N/A,N/A,FALSE,TRUE,FALSE
@string/app_name,com.fuelcredit,Nigeria/Approved,"android.permission.CAMERA, android.permission.INTERNET",No,No,No,No,No,No,No,No,No,No,No,No,No,No,No,No,No,FALSE,N/A,N/A,N/A,N/A,N/A,FALSE,FALSE,FALSE
Renmoney,com.renmoney.android,Nigeria/Approved,"android.permission.POST_NOTIFICATIONS, android.permission.READ_EXTERNAL_STORAGE, com.google.android.c2dm.permission.RECEIVE, android.permission.ACCESS_ADSERVICES_AD_ID, com.renmoney.android.DYNAMIC_RECEIVER_NOT_EXPORTED_PERMISSION, android.permission.USE_FINGERPRINT, android.permission.READ_PHONE_STATE, android.permission.ACCESS_WIFI_STATE, android.permission.BLUETOOTH, android.permission.GET_ACCOUNTS, android.permission.INTERNET, android.permission.ACCESS_FINE_LOCATION, com.samsung.android.mapsagent.permission.READ_APP_INFO, android.permission.REORDER_TASKS, com.huawei.appmarket.service.commondata.permission.GET_COMMON_DATA, android.permission.RECORD_AUDIO, android.permission.USE_BIOMETRIC, android.permission.CAMERA, android.permission.ACCESS_ADSERVICES_ATTRIBUTION, android.permission.WAKE_LOCK, android.permission.READ_MEDIA_IMAGES, android.permission.WRITE_CALENDAR, android.permission.READ_CONTACTS, android.permission.VIBRATE, android.permission.READ_MEDIA_VIDEO, android.permission.RECEIVE_BOOT_COMPLETED, android.permission.READ_SMS, android.permission.READ_MEDIA_AUDIO, android.permission.ACCESS_NETWORK_STATE, android.permission.FOREGROUND_SERVICE, android.permission.PACKAGE_USAGE_STATS, android.permission.BLUETOOTH_ADMIN, android.permission.READ_PHONE_NUMBERS, android.permission.READ_CALENDAR, android.permission.READ_PRIVILEGED_PHONE_STATE, android.permission.READ_BASIC_PHONE_STATE, android.permission.WRITE_EXTERNAL_STORAGE, com.google.android.finsky.permission.BIND_GET_INSTALL_REFERRER_SERVICE, android.permission.ACCESS_COARSE_LOCATION, android.permission.CALL_PHONE, com.google.android.gms.permission.AD_ID",Yes,No,No,Yes,Yes,No,No,Yes,Yes,Yes,Yes,Yes,No,Yes,No,No,Yes,TRUE,N/A,N/A,N/A,N/A,N/A,TRUE,TRUE,TRUE
@string/app_name,com.pase.club,Nigeria/Approved,"android.permission.BLUETOOTH_CONNECT, com.google.android.c2dm.permission.RECEIVE, com.android.vending.CHECK_LICENSE, android.permission.CHANGE_WIFI_STATE, android.permission.ACCESS_WIFI_STATE, android.permission.READ_PHONE_STATE, android.permission.WAKE_LOCK, android.permission.LOCAL_MAC_ADDRESS, android.permission.ACCESS_NETWORK_STATE, com.google.android.finsky.permission.BIND_GET_INSTALL_REFERRER_SERVICE, android.permission.INTERNET, android.permission.ACCESS_COARSE_LOCATION, com.google.android.gms.permission.AD_ID",No,No,No,No,No,No,No,No,No,No,No,Yes,No,No,No,No,No,FALSE,N/A,N/A,N/A,N/A,N/A,FALSE,TRUE,FALSE
@string/app_name,ng.com.plentycash,Nigeria/Approved,"android.permission.POST_NOTIFICATIONS, android.permission.ACCESS_LOCATION_EXTRA_COMMANDS, com.google.android.c2dm.permission.RECEIVE, android.permission.ACCESS_WIFI_STATE, android.permission.READ_PHONE_STATE, android.permission.INTERNET, com.google.android.providers.gsf.permission.READ_GSERVICES, android.permission.CAMERA, android.permission.WAKE_LOCK, android.permission.RECEIVE_BOOT_COMPLETED, android.permission.READ_SMS, android.permission.ACCESS_NETWORK_STATE, android.permission.CHANGE_NETWORK_STATE, android.permission.FOREGROUND_SERVICE, android.permission.CHANGE_WIFI_STATE, com.google.android.finsky.permission.BIND_GET_INSTALL_REFERRER_SERVICE, android.permission.CALL_PHONE, android.permission.ACCESS_COARSE_LOCATION, com.google.android.gms.permission.AD_ID",No,No,No,No,No,No,No,No,No,No,No,Yes,No,Yes,No,No,No,FALSE,N/A,N/A,N/A,N/A,N/A,FALSE,TRUE,FALSE
@string/app_name,com.kash.money.palm.minicredit.new.naira.loan,Nigeria/Approved,"android.permission.CAMERA, android.permission.READ_PRIVILEGED_PHONE_STATE, android.permission.ACCESS_WIFI_STATE, android.permission.READ_PHONE_STATE, android.permission.WAKE_LOCK, android.permission.BROADCAST_STICKY, android.permission.READ_SMS, android.permission.ACCESS_NETWORK_STATE, com.google.android.finsky.permission.BIND_GET_INSTALL_REFERRER_SERVICE, android.permission.INTERNET, android.permission.ACCESS_COARSE_LOCATION, com.google.android.gms.permission.AD_ID, android.permission.MOUNT_UNMOUNT_FILESYSTEMS",No,No,No,No,No,No,No,No,No,No,No,Yes,No,Yes,No,No,No,FALSE,N/A,N/A,N/A,N/A,N/A,FALSE,TRUE,FALSE
MoneyInMinutes,ng.com.moneyinminutes.mim,Nigeria/Approved,"android.permission.CAMERA, android.permission.POST_NOTIFICATIONS, com.google.android.c2dm.permission.RECEIVE, android.permission.USE_FINGERPRINT, android.permission.READ_PHONE_STATE, android.permission.WAKE_LOCK, android.permission.ACCESS_NETWORK_STATE, com.google.android.finsky.permission.BIND_GET_INSTALL_REFERRER_SERVICE, android.permission.INTERNET, android.permission.ACCESS_COARSE_LOCATION, com.google.android.gms.permission.AD_ID, ng.com.moneyinminutes.mim.DYNAMIC_RECEIVER_NOT_EXPORTED_PERMISSION, android.permission.USE_BIOMETRIC",No,No,No,No,No,No,No,No,No,No,No,Yes,No,No,No,No,No,FALSE,N/A,N/A,N/A,N/A,N/A,FALSE,TRUE,FALSE
@string/app_name,com.trusty.app,Nigeria/Approved,"android.permission.POST_NOTIFICATIONS, com.sec.android.provider.badge.permission.WRITE, com.google.android.c2dm.permission.RECEIVE, android.permission.ACCESS_ADSERVICES_AD_ID, com.sonymobile.home.permission.PROVIDER_INSERT_BADGE, com.anddoes.launcher.permission.UPDATE_COUNT, android.permission.INTERNET, android.permission.CAMERA, android.permission.ACCESS_ADSERVICES_ATTRIBUTION, com.sec.android.provider.badge.permission.READ, android.permission.WAKE_LOCK, com.oppo.launcher.permission.WRITE_SETTINGS, com.huawei.android.launcher.permission.READ_SETTINGS, com.sonyericsson.home.permission.BROADCAST_BADGE, android.permission.READ_APP_BADGE, com.trusty.app.permission.C2D_MESSAGE, android.permission.VIBRATE, android.permission.RECEIVE_BOOT_COMPLETED, me.everything.badger.permission.BADGE_COUNT_READ, android.permission.ACCESS_ADSERVICES_CUSTOM_AUDIENCE, com.htc.launcher.permission.READ_SETTINGS, android.permission.ACCESS_NETWORK_STATE, com.trusty.app.DYNAMIC_RECEIVER_NOT_EXPORTED_PERMISSION, com.oppo.launcher.permission.READ_SETTINGS, com.huawei.android.launcher.permission.WRITE_SETTINGS, android.permission.FOREGROUND_SERVICE, com.htc.launcher.permission.UPDATE_SHORTCUT, com.google.android.finsky.permission.BIND_GET_INSTALL_REFERRER_SERVICE, com.majeur.launcher.permission.UPDATE_BADGE, android.permission.ACCESS_COARSE_LOCATION, com.google.android.gms.permission.AD_ID, me.everything.badger.permission.BADGE_COUNT_WRITE, com.huawei.android.launcher.permission.CHANGE_BADGE",No,No,No,No,No,No,No,No,No,No,No,No,No,No,No,No,No,FALSE,N/A,N/A,N/A,N/A,N/A,FALSE,FALSE,FALSE
@string/app_name,com.pride.pasa,Nigeria/Approved,"android.permission.BLUETOOTH_CONNECT, android.permission.CAMERA, com.google.android.c2dm.permission.RECEIVE, android.permission.CHANGE_WIFI_STATE, android.permission.ACCESS_WIFI_STATE, android.permission.READ_PHONE_STATE, android.permission.WAKE_LOCK, android.permission.LOCAL_MAC_ADDRESS, android.permission.READ_SMS, android.permission.ACCESS_NETWORK_STATE, com.google.android.finsky.permission.BIND_GET_INSTALL_REFERRER_SERVICE, android.permission.INTERNET, android.permission.ACCESS_COARSE_LOCATION, com.google.android.gms.permission.AD_ID",No,No,No,No,No,No,No,No,No,No,No,Yes,No,Yes,No,No,No,FALSE,N/A,N/A,N/A,N/A,N/A,FALSE,TRUE,FALSE
Nicenaira Plus,com.credit.nicenaira,Nigeria/Approved,"android.permission.POST_NOTIFICATIONS, android.permission.CAMERA, com.google.android.c2dm.permission.RECEIVE, android.permission.ACCESS_WIFI_STATE, android.permission.WAKE_LOCK, android.permission.READ_SMS, android.permission.ACCESS_NETWORK_STATE, com.google.android.finsky.permission.BIND_GET_INSTALL_REFERRER_SERVICE, android.permission.INTERNET, android.permission.ACCESS_COARSE_LOCATION, com.google.android.gms.permission.AD_ID, android.permission.WRITE_CALENDAR, com.credit.nicenaira.DYNAMIC_RECEIVER_NOT_EXPORTED_PERMISSION, other_temp5",No,No,No,No,No,No,No,No,No,No,No,No,No,Yes,No,No,No,FALSE,N/A,N/A,N/A,N/A,N/A,FALSE,TRUE,FALSE
Xcash,com.loanx.cashloan,Nigeria/Approved,"android.permission.POST_NOTIFICATIONS, android.permission.ACCESS_LOCATION_EXTRA_COMMANDS, com.google.android.c2dm.permission.RECEIVE, android.permission.ACCESS_WIFI_STATE, android.permission.READ_PHONE_STATE, android.permission.USE_FINGERPRINT, android.permission.INTERNET, android.permission.REORDER_TASKS, com.google.android.providers.gsf.permission.READ_GSERVICES, android.permission.USE_BIOMETRIC, android.permission.READ_CALL_LOG, android.permission.CAMERA, android.permission.WAKE_LOCK, com.android.vending.setup.PLAY_SETUP_SERVICE, android.permission.WRITE_CALENDAR, android.permission.VIBRATE, android.permission.RECEIVE_BOOT_COMPLETED, android.permission.READ_SMS, android.permission.ACCESS_NETWORK_STATE, android.permission.SYSTEM_ALERT_WINDOW, android.permission.FOREGROUND_SERVICE, android.permission.GET_TASKS, android.permission.HIGH_SAMPLING_RATE_SENSORS, android.permission.READ_CALENDAR, android.permission.CHANGE_WIFI_STATE, com.google.android.finsky.permission.BIND_GET_INSTALL_REFERRER_SERVICE, android.permission.ACCESS_COARSE_LOCATION, com.google.android.gms.permission.AD_ID",No,Yes,No,No,No,No,No,No,No,No,No,Yes,No,Yes,No,No,No,TRUE,N/A,N/A,N/A,N/A,N/A,FALSE,TRUE,TRUE
@string/zoomash_gfxeuu,com.zoomcash.app.financial.services.mobilepay,Nigeria/Approved,"android.permission.READ_CALL_LOG, android.permission.CAMERA, android.permission.READ_PROFILE, android.permission.POST_NOTIFICATIONS, com.google.android.c2dm.permission.RECEIVE, android.permission.READ_CALENDAR, android.permission.ACCESS_ADSERVICES_ATTRIBUTION, android.permission.ACCESS_ADSERVICES_AD_ID, android.permission.READ_PHONE_STATE, android.permission.WAKE_LOCK, com.zoomcash.app.financial.services.mobilepay.DYNAMIC_RECEIVER_NOT_EXPORTED_PERMISSION, android.permission.READ_SMS, android.permission.ACCESS_NETWORK_STATE, com.google.android.finsky.permission.BIND_GET_INSTALL_REFERRER_SERVICE, android.permission.INTERNET, com.google.android.gms.permission.AD_ID",No,Yes,No,No,No,No,No,No,No,No,No,Yes,No,Yes,No,No,No,TRUE,N/A,N/A,N/A,N/A,N/A,FALSE,TRUE,TRUE
@string/app_name,nigeria.cash.loan.hiwallet,Nigeria/Approved,"android.permission.READ_CALL_LOG, android.permission.CAMERA, android.permission.ACCESS_LOCATION_EXTRA_COMMANDS, android.permission.READ_CALENDAR, android.permission.CHANGE_WIFI_STATE, android.permission.ACCESS_WIFI_STATE, android.permission.READ_PHONE_STATE, android.permission.WAKE_LOCK, android.permission.ACCESS_NETWORK_STATE, com.google.android.finsky.permission.BIND_GET_INSTALL_REFERRER_SERVICE, android.permission.INTERNET, android.permission.ACCESS_COARSE_LOCATION, com.google.android.gms.permission.AD_ID, android.permission.WRITE_CALENDAR, android.permission.CHANGE_NETWORK_STATE, android.permission.RECORD_AUDIO",No,Yes,No,No,No,No,No,No,No,No,No,Yes,No,No,No,No,No,TRUE,N/A,N/A,N/A,N/A,N/A,FALSE,TRUE,TRUE
@string/app_name,com.info.regxta,Nigeria/Approved,"android.permission.READ_EXTERNAL_STORAGE, android.permission.VIBRATE, android.permission.CAMERA, android.permission.ACCESS_NETWORK_STATE, android.permission.WRITE_EXTERNAL_STORAGE, com.google.android.finsky.permission.BIND_GET_INSTALL_REFERRER_SERVICE, android.permission.INTERNET, android.permission.RECORD_AUDIO, android.permission.SYSTEM_ALERT_WINDOW",No,No,No,Yes,Yes,No,No,No,No,No,No,No,No,No,No,No,No,TRUE,N/A,N/A,N/A,N/A,N/A,TRUE,TRUE,TRUE
UltraCash,ultracash.fast.loan,Nigeria/Approved,"android.permission.READ_CALL_LOG, android.permission.CAMERA, android.permission.CHANGE_WIFI_STATE, android.permission.ACCESS_WIFI_STATE, android.permission.READ_PHONE_STATE, ultracash.fast.loan.DYNAMIC_RECEIVER_NOT_EXPORTED_PERMISSION, android.permission.LOCAL_MAC_ADDRESS, android.permission.READ_SMS, android.permission.ACCESS_NETWORK_STATE, com.google.android.finsky.permission.BIND_GET_INSTALL_REFERRER_SERVICE, com.google.android.providers.gsf.permission.WRITE_GSERVICES, android.permission.INTERNET, android.permission.ACCESS_COARSE_LOCATION, com.google.android.gms.permission.AD_ID, com.google.android.providers.gsf.permission.READ_GSERVICES",No,Yes,No,No,No,No,No,No,No,No,No,Yes,No,Yes,No,No,No,TRUE,N/A,N/A,N/A,N/A,N/A,FALSE,TRUE,TRUE
@string/ee,com.vibecredit,Nigeria/Approved,"android.permission.CAMERA, android.permission.POST_NOTIFICATIONS, android.permission.VIBRATE, com.google.android.c2dm.permission.RECEIVE, android.permission.READ_CALENDAR, android.permission.CHANGE_WIFI_STATE, android.permission.ACCESS_WIFI_STATE, android.permission.READ_PHONE_STATE, android.permission.WAKE_LOCK, android.permission.LOCAL_MAC_ADDRESS, android.permission.READ_SMS, android.permission.ACCESS_NETWORK_STATE, com.google.android.finsky.permission.BIND_GET_INSTALL_REFERRER_SERVICE, android.permission.INTERNET, android.permission.ACCESS_COARSE_LOCATION, com.google.android.gms.permission.AD_ID",No,No,No,No,No,No,No,No,No,No,No,Yes,No,Yes,No,No,No,FALSE,N/A,N/A,N/A,N/A,N/A,FALSE,TRUE,FALSE
@string/app_name,com.cash.lnonline,Nigeria/Approved,"android.permission.POST_NOTIFICATIONS, com.google.android.c2dm.permission.RECEIVE, android.permission.ACCESS_ADSERVICES_AD_ID, android.permission.ACCESS_WIFI_STATE, android.permission.READ_PHONE_STATE, android.permission.INTERNET, com.cash.lnonline.DYNAMIC_RECEIVER_NOT_EXPORTED_PERMISSION, android.permission.CAMERA, android.permission.ACCESS_ADSERVICES_ATTRIBUTION, android.permission.WAKE_LOCK, android.permission.READ_SMS, android.permission.ACCESS_NETWORK_STATE, android.permission.CHANGE_NETWORK_STATE, android.permission.PACKAGE_USAGE_STATS, android.permission.READ_PRIVILEGED_PHONE_STATE, android.permission.KILL_BACKGROUND_PROCESSES, android.permission.BATTERY_STATS, com.google.android.finsky.permission.BIND_GET_INSTALL_REFERRER_SERVICE, com.google.android.gms.permission.AD_ID",No,No,No,No,No,No,No,No,No,No,No,Yes,No,Yes,No,No,No,FALSE,N/A,N/A,N/A,N/A,N/A,FALSE,TRUE,FALSE
KK Cash,kkcash.loan.credit.fast,Nigeria/Approved,"kkcash.loan.credit.fast.DYNAMIC_RECEIVER_NOT_EXPORTED_PERMISSION, android.permission.CAMERA, android.permission.READ_PRIVILEGED_PHONE_STATE, android.permission.ACCESS_ADSERVICES_AD_ID, android.permission.ACCESS_ADSERVICES_ATTRIBUTION, android.permission.CHANGE_WIFI_STATE, android.permission.ACCESS_WIFI_STATE, android.permission.READ_PHONE_STATE, android.permission.LOCAL_MAC_ADDRESS, android.permission.ACCESS_NETWORK_STATE, com.google.android.finsky.permission.BIND_GET_INSTALL_REFERRER_SERVICE, android.permission.INTERNET, android.permission.ACCESS_COARSE_LOCATION, com.google.android.gms.permission.AD_ID, android.permission.CHANGE_NETWORK_STATE, com.huawei.appmarket.service.commondata.permission.GET_COMMON_DATA",No,No,No,No,No,No,No,No,No,No,No,Yes,No,No,No,No,No,FALSE,N/A,N/A,N/A,N/A,N/A,FALSE,TRUE,FALSE
@string/app_name,com.phastmoney,Nigeria/Approved,"android.permission.CAMERA, android.permission.VIBRATE, com.google.android.c2dm.permission.RECEIVE, com.android.vending.CHECK_LICENSE, android.permission.ACCESS_WIFI_STATE, android.permission.WAKE_LOCK, android.permission.ACCESS_NETWORK_STATE, android.permission.WRITE_EXTERNAL_STORAGE, com.google.android.finsky.permission.BIND_GET_INSTALL_REFERRER_SERVICE, android.permission.INTERNET",No,No,No,No,Yes,No,No,No,No,No,No,No,No,No,No,No,No,FALSE,N/A,N/A,N/A,N/A,N/A,TRUE,TRUE,FALSE
@string/app_name,com.raiz.application,Nigeria/Approved,"android.permission.READ_EXTERNAL_STORAGE, android.permission.POST_NOTIFICATIONS, com.sec.android.provider.badge.permission.WRITE, com.google.android.c2dm.permission.RECEIVE, com.android.vending.CHECK_LICENSE, android.permission.USE_FINGERPRINT, android.permission.ACCESS_WIFI_STATE, com.sonymobile.home.permission.PROVIDER_INSERT_BADGE, com.anddoes.launcher.permission.UPDATE_COUNT, android.permission.INTERNET, android.permission.RECORD_AUDIO, android.permission.USE_BIOMETRIC, android.permission.CAMERA, com.sec.android.provider.badge.permission.READ, android.permission.WAKE_LOCK, com.oppo.launcher.permission.WRITE_SETTINGS, com.huawei.android.launcher.permission.READ_SETTINGS, com.sonyericsson.home.permission.BROADCAST_BADGE, android.permission.READ_APP_BADGE, android.permission.VIBRATE, android.permission.RECEIVE_BOOT_COMPLETED, me.everything.badger.permission.BADGE_COUNT_READ, com.htc.launcher.permission.READ_SETTINGS, android.permission.READ_MEDIA_AUDIO, android.permission.ACCESS_NETWORK_STATE, com.oppo.launcher.permission.READ_SETTINGS, com.huawei.android.launcher.permission.WRITE_SETTINGS, android.permission.SYSTEM_ALERT_WINDOW, com.htc.launcher.permission.UPDATE_SHORTCUT, com.raiz.application.DYNAMIC_RECEIVER_NOT_EXPORTED_PERMISSION, android.permission.WRITE_EXTERNAL_STORAGE, com.google.android.finsky.permission.BIND_GET_INSTALL_REFERRER_SERVICE, com.majeur.launcher.permission.UPDATE_BADGE, me.everything.badger.permission.BADGE_COUNT_WRITE, com.huawei.android.launcher.permission.CHANGE_BADGE",No,No,No,Yes,Yes,No,No,Yes,No,No,No,No,No,No,No,No,No,TRUE,N/A,N/A,N/A,N/A,N/A,TRUE,TRUE,TRUE
O2 Finance,com.o2intlfin.loans,Nigeria/Approved,"android.permission.POST_NOTIFICATIONS, android.permission.READ_EXTERNAL_STORAGE, com.google.android.c2dm.permission.RECEIVE, android.permission.WAKE_LOCK, android.permission.WRITE_CONTACTS, android.permission.ACCESS_NETWORK_STATE, android.permission.WRITE_EXTERNAL_STORAGE, android.permission.GET_ACCOUNTS, android.permission.ACCESS_FINE_LOCATION, android.permission.ACCESS_COARSE_LOCATION, android.permission.INTERNET, com.o2intlfin.loans.DYNAMIC_RECEIVER_NOT_EXPORTED_PERMISSION, android.permission.READ_CONTACTS",Yes,No,No,Yes,Yes,No,No,No,No,No,No,No,No,No,No,No,Yes,TRUE,N/A,N/A,N/A,N/A,N/A,TRUE,TRUE,TRUE
MoneyPal,com.zedvance.moneypal,Nigeria/Approved,"android.permission.POST_NOTIFICATIONS, com.zedvance.moneypal.permission.C2D_MESSAGE, com.sec.android.provider.badge.permission.WRITE, com.google.android.c2dm.permission.RECEIVE, android.permission.USE_FINGERPRINT, com.sonymobile.home.permission.PROVIDER_INSERT_BADGE, com.anddoes.launcher.permission.UPDATE_COUNT, android.permission.ACCESS_WIFI_STATE, android.permission.INTERNET, android.permission.USE_BIOMETRIC, android.permission.CAMERA, com.sec.android.provider.badge.permission.READ, android.permission.WAKE_LOCK, com.oppo.launcher.permission.WRITE_SETTINGS, com.huawei.android.launcher.permission.READ_SETTINGS, com.sonyericsson.home.permission.BROADCAST_BADGE, android.permission.READ_APP_BADGE, android.permission.VIBRATE, android.permission.RECEIVE_BOOT_COMPLETED, me.everything.badger.permission.BADGE_COUNT_READ, com.zedvance.moneypal.DYNAMIC_RECEIVER_NOT_EXPORTED_PERMISSION, com.htc.launcher.permission.READ_SETTINGS, android.permission.ACCESS_NETWORK_STATE, android.permission.USE_FULL_SCREEN_INTENT, com.oppo.launcher.permission.READ_SETTINGS, com.huawei.android.launcher.permission.WRITE_SETTINGS, android.permission.FOREGROUND_SERVICE, com.htc.launcher.permission.UPDATE_SHORTCUT, com.majeur.launcher.permission.UPDATE_BADGE, android.permission.ACCESS_COARSE_LOCATION, me.everything.badger.permission.BADGE_COUNT_WRITE, com.huawei.android.launcher.permission.CHANGE_BADGE",No,No,No,No,No,No,No,No,No,No,No,No,No,No,No,No,No,FALSE,N/A,N/A,N/A,N/A,N/A,FALSE,FALSE,FALSE
Loanmate,com.bwfoxlending.nigeria,Nigeria/Approved,"android.permission.POST_NOTIFICATIONS, com.bwfoxlending.nigeria.DYNAMIC_RECEIVER_NOT_EXPORTED_PERMISSION, com.google.android.c2dm.permission.RECEIVE, android.permission.ACCESS_WIFI_STATE, android.permission.POST_NOTIFICATION, android.permission.READ_PHONE_STATE, android.permission.BLUETOOTH, android.permission.INTERNET, android.permission.CAMERA, android.permission.WAKE_LOCK, android.permission.VIBRATE, android.permission.RECEIVE_BOOT_COMPLETED, android.permission.READ_SMS, android.permission.ACCESS_NETWORK_STATE, android.permission.USE_FULL_SCREEN_INTENT, android.permission.CHANGE_WIFI_STATE, android.permission.SCHEDULE_EXACT_ALARM, com.google.android.finsky.permission.BIND_GET_INSTALL_REFERRER_SERVICE, android.permission.ACCESS_COARSE_LOCATION, com.google.android.gms.permission.AD_ID",No,No,No,No,No,No,No,No,No,No,No,Yes,No,Yes,No,No,No,FALSE,N/A,N/A,N/A,N/A,N/A,FALSE,TRUE,FALSE
@string/app_name,co.tradedepot.shop,Nigeria/Approved,"android.permission.READ_EXTERNAL_STORAGE, android.permission.POST_NOTIFICATIONS, com.google.android.c2dm.permission.RECEIVE, android.permission.USE_FINGERPRINT, android.permission.READ_PHONE_STATE, android.permission.WRITE_CONTACTS, co.tradedepot.shop.DYNAMIC_RECEIVER_NOT_EXPORTED_PERMISSION, android.permission.ACCESS_FINE_LOCATION, android.permission.INTERNET, android.permission.RECORD_AUDIO, com.google.android.providers.gsf.permission.READ_GSERVICES, android.permission.USE_BIOMETRIC, android.permission.CAMERA, android.permission.WAKE_LOCK, android.permission.READ_CONTACTS, android.permission.VIBRATE, android.permission.RECEIVE_BOOT_COMPLETED, android.permission.ACCESS_NETWORK_STATE, android.permission.SYSTEM_ALERT_WINDOW, android.permission.FOREGROUND_SERVICE, android.permission.WRITE_EXTERNAL_STORAGE, com.google.android.finsky.permission.BIND_GET_INSTALL_REFERRER_SERVICE, android.permission.ACCESS_COARSE_LOCATION, com.google.android.gms.permission.AD_ID, android.permission.VIDEO_CAPTURE",Yes,No,No,Yes,Yes,No,No,No,No,No,No,Yes,No,No,No,No,Yes,TRUE,N/A,N/A,N/A,N/A,N/A,TRUE,TRUE,TRUE
HerVest,com.hervest,Nigeria/Approved,"android.permission.CAMERA, android.permission.READ_EXTERNAL_STORAGE, android.permission.POST_NOTIFICATIONS, android.permission.VIBRATE, com.google.android.c2dm.permission.RECEIVE, android.permission.USE_FINGERPRINT, android.permission.WAKE_LOCK, android.permission.ACCESS_NETWORK_STATE, android.permission.WRITE_EXTERNAL_STORAGE, com.hervest.DYNAMIC_RECEIVER_NOT_EXPORTED_PERMISSION, android.permission.INTERNET, com.google.android.gms.permission.AD_ID, com.google.android.finsky.permission.BIND_GET_INSTALL_REFERRER_SERVICE, android.permission.RECORD_AUDIO, android.permission.USE_BIOMETRIC",No,No,No,Yes,Yes,No,No,No,No,No,No,No,No,No,No,No,No,TRUE,N/A,N/A,N/A,N/A,N/A,TRUE,TRUE,TRUE
@string/app_name,com.ogacash.app,Nigeria/Approved,"android.permission.POST_NOTIFICATIONS, com.google.android.c2dm.permission.RECEIVE, android.permission.ACCESS_ADSERVICES_AD_ID, android.permission.USE_FINGERPRINT, android.permission.READ_PHONE_STATE, android.permission.ACCESS_WIFI_STATE, android.permission.DOWNLOAD_WITHOUT_NOTIFICATION, android.permission.INTERNET, android.permission.READ_INTERNAL_STORAGE, android.permission.RECORD_AUDIO, android.permission.USE_BIOMETRIC, com.ogacash.app.DYNAMIC_RECEIVER_NOT_EXPORTED_PERMISSION, android.permission.CAMERA, android.permission.MODIFY_AUDIO_SETTINGS, android.permission.ACCESS_ADSERVICES_ATTRIBUTION, android.permission.WAKE_LOCK, android.permission.MANAGE_DOCUMENTS, android.permission.VIBRATE, android.permission.RECEIVE_BOOT_COMPLETED, android.permission.FOREGROUND_SERVICE_DATA_SYNC, android.permission.ACCESS_NETWORK_STATE, android.permission.SYSTEM_ALERT_WINDOW, android.permission.FOREGROUND_SERVICE, android.permission.WRITE_SETTINGS, com.google.android.finsky.permission.BIND_GET_INSTALL_REFERRER_SERVICE, android.permission.ACCESS_COARSE_LOCATION",No,No,No,No,No,No,No,No,No,No,No,Yes,No,No,No,No,No,FALSE,N/A,N/A,N/A,N/A,N/A,FALSE,TRUE,FALSE
@string/app_name,com.silver.gooseplus.wallet.goosewallet,Nigeria/Approved,"android.permission.POST_NOTIFICATIONS, com.google.android.c2dm.permission.RECEIVE, android.permission.ACCESS_ADSERVICES_AD_ID, android.permission.ACCESS_WIFI_STATE, android.permission.READ_PHONE_STATE, android.permission.INTERNET, android.permission.CAMERA, android.permission.ACCESS_ADSERVICES_ATTRIBUTION, android.permission.WAKE_LOCK, android.permission.WRITE_CALENDAR, android.permission.READ_PRECISE_PHONE_STATE, android.permission.READ_SMS, android.permission.ACCESS_NETWORK_STATE, android.permission.READ_PRIVILEGED_PHONE_STATE, android.permission.READ_CALENDAR, android.permission.CHANGE_WIFI_STATE, com.google.android.finsky.permission.BIND_GET_INSTALL_REFERRER_SERVICE, com.silver.gooseplus.wallet.goosewallet.DYNAMIC_RECEIVER_NOT_EXPORTED_PERMISSION, android.permission.ACCESS_COARSE_LOCATION, com.google.android.gms.permission.AD_ID",No,No,No,No,No,No,No,No,No,No,No,Yes,Yes,Yes,No,No,No,FALSE,N/A,N/A,N/A,N/A,N/A,FALSE,TRUE,FALSE
@string/app_name,cashigo.loan.lcreditmax,Nigeria/Approved,"android.permission.POST_NOTIFICATIONS, com.google.android.c2dm.permission.RECEIVE, android.permission.ACCESS_WIFI_STATE, android.permission.READ_PHONE_STATE, android.permission.BLUETOOTH, android.permission.INTERNET, freemme.permission.msa, android.permission.WAKE_LOCK, android.permission.WRITE_CALENDAR, com.asus.msa.SupplementaryDID.ACCESS, android.permission.READ_SMS, android.permission.ACCESS_NETWORK_STATE, android.permission.CHANGE_NETWORK_STATE, android.permission.FOREGROUND_SERVICE, android.permission.BLUETOOTH_CONNECT, android.permission.WRITE_SETTINGS, android.permission.READ_CALENDAR, android.permission.CHANGE_WIFI_STATE, com.google.android.finsky.permission.BIND_GET_INSTALL_REFERRER_SERVICE, android.permission.ACCESS_COARSE_LOCATION, com.google.android.gms.permission.AD_ID, cashigo.loan.lcreditmax.DYNAMIC_RECEIVER_NOT_EXPORTED_PERMISSION",No,No,No,No,No,No,No,No,No,No,No,Yes,No,Yes,No,No,No,FALSE,N/A,N/A,N/A,N/A,N/A,FALSE,TRUE,FALSE
@string/app_name,com.smart.loan.money.smartloan,Nigeria/Approved,"android.permission.CAMERA, com.google.android.c2dm.permission.RECEIVE, android.permission.READ_CALENDAR, android.permission.ACCESS_ADSERVICES_AD_ID, android.permission.ACCESS_WIFI_STATE, android.permission.READ_PHONE_STATE, android.permission.WAKE_LOCK, android.permission.READ_SMS, android.permission.ACCESS_NETWORK_STATE, com.google.android.finsky.permission.BIND_GET_INSTALL_REFERRER_SERVICE, android.permission.INTERNET, android.permission.ACCESS_COARSE_LOCATION, com.google.android.gms.permission.AD_ID, android.permission.WRITE_CALENDAR",No,No,No,No,No,No,No,No,No,No,No,Yes,No,Yes,No,No,No,FALSE,N/A,N/A,N/A,N/A,N/A,FALSE,TRUE,FALSE
Klump,com.klump.inc.mobile,Nigeria/Approved,"android.permission.CAMERA, android.permission.POST_NOTIFICATIONS, android.permission.READ_EXTERNAL_STORAGE, com.google.android.c2dm.permission.RECEIVE, android.permission.ACCESS_ADSERVICES_ATTRIBUTION, android.permission.ACCESS_ADSERVICES_AD_ID, android.permission.WAKE_LOCK, android.permission.ACCESS_NETWORK_STATE, android.permission.WRITE_EXTERNAL_STORAGE, com.google.android.finsky.permission.BIND_GET_INSTALL_REFERRER_SERVICE, android.permission.INTERNET, com.google.android.gms.permission.AD_ID, com.klump.inc.mobile.DYNAMIC_RECEIVER_NOT_EXPORTED_PERMISSION, android.permission.RECORD_AUDIO",No,No,No,Yes,Yes,No,No,No,No,No,No,No,No,No,No,No,No,TRUE,N/A,N/A,N/A,N/A,N/A,TRUE,TRUE,TRUE
WayaCredit,com.mycrat.wayacreditng,Nigeria/Approved,"com.google.android.c2dm.permission.RECEIVE, android.permission.ACCESS_WIFI_STATE, android.permission.READ_PHONE_STATE, android.permission.INTERNET, android.permission.REQUIRE_SECURE_ENV, com.google.android.providers.gsf.permission.READ_GSERVICES, android.permission.READ_CALL_LOG, android.permission.CAMERA, android.permission.WAKE_LOCK, android.permission.VIBRATE, android.permission.RECEIVE_BOOT_COMPLETED, android.permission.READ_SMS, android.permission.ACCESS_NETWORK_STATE, com.mycrat.wayacreditng.DYNAMIC_RECEIVER_NOT_EXPORTED_PERMISSION, android.permission.FOREGROUND_SERVICE, android.permission.HIGH_SAMPLING_RATE_SENSORS, android.permission.CHANGE_WIFI_STATE, com.google.android.finsky.permission.BIND_GET_INSTALL_REFERRER_SERVICE, android.permission.ACCESS_COARSE_LOCATION, com.google.android.gms.permission.AD_ID",No,Yes,No,No,No,No,No,No,No,No,No,Yes,No,Yes,No,No,No,TRUE,N/A,N/A,N/A,N/A,N/A,FALSE,TRUE,TRUE
@string/app_name,com.nigeria.app.vsnaira,Nigeria/Approved,"android.permission.CAMERA, android.permission.VIBRATE, android.permission.POST_NOTIFICATIONS, android.permission.HIGH_SAMPLING_RATE_SENSORS, com.google.android.c2dm.permission.RECEIVE, android.permission.CHANGE_WIFI_STATE, android.permission.ACCESS_WIFI_STATE, android.permission.WAKE_LOCK, android.permission.READ_SMS, android.permission.ACCESS_NETWORK_STATE, com.google.android.finsky.permission.BIND_GET_INSTALL_REFERRER_SERVICE, com.nigeria.app.vsnaira.DYNAMIC_RECEIVER_NOT_EXPORTED_PERMISSION, android.permission.INTERNET, android.permission.ACCESS_COARSE_LOCATION, com.google.android.gms.permission.AD_ID, android.permission.CHANGE_NETWORK_STATE",No,No,No,No,No,No,No,No,No,No,No,No,No,Yes,No,No,No,FALSE,N/A,N/A,N/A,N/A,N/A,FALSE,TRUE,FALSE
Pilla,com.investment.pilla,Nigeria/Approved,"android.permission.READ_EXTERNAL_STORAGE, android.permission.POST_NOTIFICATIONS, android.permission.VIBRATE, com.investment.pilla.DYNAMIC_RECEIVER_NOT_EXPORTED_PERMISSION, android.permission.ACCESS_ADSERVICES_AD_ID, android.permission.ACCESS_ADSERVICES_ATTRIBUTION, com.google.android.c2dm.permission.RECEIVE, android.permission.USE_FINGERPRINT, android.permission.WAKE_LOCK, android.permission.ACCESS_NETWORK_STATE, com.google.android.finsky.permission.BIND_GET_INSTALL_REFERRER_SERVICE, android.permission.INTERNET, android.permission.USE_BIOMETRIC",No,No,No,Yes,No,No,No,No,No,No,No,No,No,No,No,No,No,TRUE,N/A,N/A,N/A,N/A,N/A,TRUE,TRUE,TRUE
@string/app_name,com.otoreport.apkpayfimobile,Nigeria/Approved,"android.permission.READ_EXTERNAL_STORAGE, com.otoreport.apkpayfimobile.permission.C2D_MESSAGE, android.permission.POST_NOTIFICATIONS, com.google.android.c2dm.permission.RECEIVE, android.permission.READ_PHONE_STATE, android.permission.NFC, android.permission.BLUETOOTH, android.permission.GET_ACCOUNTS, android.permission.INTERNET, android.permission.ACCESS_FINE_LOCATION, android.permission.CAMERA, android.permission.WAKE_LOCK, android.permission.READ_CONTACTS, android.permission.VIBRATE, android.permission.ACCESS_NETWORK_STATE, android.permission.BLUETOOTH_CONNECT, android.permission.BLUETOOTH_SCAN, android.permission.BLUETOOTH_ADMIN, android.permission.READ_PRIVILEGED_PHONE_STATE, com.otoreport.apkpayfimobile.DYNAMIC_RECEIVER_NOT_EXPORTED_PERMISSION, com.google.android.finsky.permission.BIND_GET_INSTALL_REFERRER_SERVICE, android.permission.ACCESS_COARSE_LOCATION, com.google.android.gms.permission.AD_ID",Yes,No,No,Yes,No,No,No,No,No,No,No,Yes,No,No,No,No,Yes,TRUE,N/A,N/A,N/A,N/A,N/A,TRUE,TRUE,TRUE
@string/app_name,com.payfi.ng,Nigeria/Approved,"android.permission.READ_EXTERNAL_STORAGE, android.permission.POST_NOTIFICATIONS, com.google.android.c2dm.permission.RECEIVE, android.permission.USE_FINGERPRINT, android.permission.ACCESS_WIFI_STATE, android.permission.INTERNET, android.permission.ACCESS_FINE_LOCATION, android.permission.ACCESS_BACKGROUND_LOCATION, android.permission.RECORD_AUDIO, android.permission.USE_BIOMETRIC, android.permission.CAMERA, android.permission.MODIFY_AUDIO_SETTINGS, android.permission.WAKE_LOCK, android.permission.READ_CONTACTS, android.permission.RECEIVE_BOOT_COMPLETED, android.permission.ACCESS_NETWORK_STATE, android.permission.FOREGROUND_SERVICE, android.permission.SCHEDULE_EXACT_ALARM, android.permission.AUDIO_CAPTURE, android.permission.WRITE_EXTERNAL_STORAGE, com.google.android.finsky.permission.BIND_GET_INSTALL_REFERRER_SERVICE, android.permission.ACCESS_COARSE_LOCATION, com.google.android.gms.permission.AD_ID, android.permission.VIDEO_CAPTURE",Yes,No,No,Yes,Yes,No,No,No,No,No,No,No,No,No,No,No,Yes,TRUE,N/A,N/A,N/A,N/A,N/A,TRUE,TRUE,TRUE
@string/app_name,com.paycredit.app,Nigeria/Approved,"android.permission.POST_NOTIFICATIONS, com.sec.android.provider.badge.permission.WRITE, com.google.android.c2dm.permission.RECEIVE, com.sonymobile.home.permission.PROVIDER_INSERT_BADGE, com.anddoes.launcher.permission.UPDATE_COUNT, android.permission.READ_PHONE_STATE, android.permission.INTERNET, android.permission.CAMERA, com.sec.android.provider.badge.permission.READ, android.permission.WAKE_LOCK, com.oppo.launcher.permission.WRITE_SETTINGS, com.huawei.android.launcher.permission.READ_SETTINGS, com.sonyericsson.home.permission.BROADCAST_BADGE, com.paycredit.app.permission.C2D_MESSAGE, android.permission.READ_APP_BADGE, android.permission.VIBRATE, android.permission.RECEIVE_BOOT_COMPLETED, me.everything.badger.permission.BADGE_COUNT_READ, com.htc.launcher.permission.READ_SETTINGS, android.permission.ACCESS_NETWORK_STATE, com.oppo.launcher.permission.READ_SETTINGS, com.huawei.android.launcher.permission.WRITE_SETTINGS, android.permission.FOREGROUND_SERVICE, com.htc.launcher.permission.UPDATE_SHORTCUT, com.majeur.launcher.permission.UPDATE_BADGE, me.everything.badger.permission.BADGE_COUNT_WRITE, com.huawei.android.launcher.permission.CHANGE_BADGE",No,No,No,No,No,No,No,No,No,No,No,Yes,No,No,No,No,No,FALSE,N/A,N/A,N/A,N/A,N/A,FALSE,TRUE,FALSE
@string/app_name,com.branch_international.branch.branch_demo_android,Nigeria/Approved,"android.permission.POST_NOTIFICATIONS, com.sec.android.provider.badge.permission.WRITE, com.google.android.c2dm.permission.RECEIVE, com.android.vending.CHECK_LICENSE, android.permission.ACCESS_ADSERVICES_AD_ID, android.permission.ACCESS_WIFI_STATE, android.permission.USE_FINGERPRINT, com.sonymobile.home.permission.PROVIDER_INSERT_BADGE, android.permission.NFC, com.anddoes.launcher.permission.UPDATE_COUNT, android.permission.INTERNET, com.google.android.providers.gsf.permission.READ_GSERVICES, android.permission.USE_BIOMETRIC, android.permission.CAMERA, android.permission.ACCESS_ADSERVICES_ATTRIBUTION, com.sec.android.provider.badge.permission.READ, android.permission.WAKE_LOCK, com.oppo.launcher.permission.WRITE_SETTINGS, com.huawei.android.launcher.permission.READ_SETTINGS, com.sonyericsson.home.permission.BROADCAST_BADGE, android.permission.WRITE_CALENDAR, android.permission.READ_CONTACTS, android.permission.READ_APP_BADGE, android.permission.VIBRATE, android.permission.RECEIVE_BOOT_COMPLETED, me.everything.badger.permission.BADGE_COUNT_READ, com.htc.launcher.permission.READ_SETTINGS, android.permission.READ_SMS, android.permission.ACCESS_NETWORK_STATE, BIND_GET_INSTALL_REFERRER_SERVICE, com.oppo.launcher.permission.READ_SETTINGS, com.huawei.android.launcher.permission.WRITE_SETTINGS, android.permission.SYSTEM_ALERT_WINDOW, android.permission.FOREGROUND_SERVICE, com.htc.launcher.permission.UPDATE_SHORTCUT, android.permission.READ_CALENDAR, android.permission.READ_OWNER_DATA, com.google.android.finsky.permission.BIND_GET_INSTALL_REFERRER_SERVICE, com.majeur.launcher.permission.UPDATE_BADGE, android.permission.ACCESS_COARSE_LOCATION, com.google.android.gms.permission.AD_ID, me.everything.badger.permission.BADGE_COUNT_WRITE, com.branch_international.branch.branch_demo_android.DYNAMIC_RECEIVER_NOT_EXPORTED_PERMISSION, com.huawei.android.launcher.permission.CHANGE_BADGE",Yes,No,No,No,No,No,No,No,No,No,No,No,No,Yes,No,No,No,TRUE,N/A,N/A,N/A,N/A,N/A,TRUE,TRUE,TRUE
@string/app_name,com.aladdin.digital,Nigeria/Approved,"com.aladdin.digital.DYNAMIC_RECEIVER_NOT_EXPORTED_PERMISSION, android.permission.READ_EXTERNAL_STORAGE, android.permission.POST_NOTIFICATIONS, com.sec.android.provider.badge.permission.WRITE, com.google.android.c2dm.permission.RECEIVE, android.permission.USE_FINGERPRINT, com.sonymobile.home.permission.PROVIDER_INSERT_BADGE, com.anddoes.launcher.permission.UPDATE_COUNT, android.permission.WRITE_CONTACTS, android.permission.INTERNET, com.huawei.appmarket.service.commondata.permission.GET_COMMON_DATA, android.permission.RECORD_AUDIO, android.permission.USE_BIOMETRIC, android.permission.CAMERA, android.permission.MODIFY_AUDIO_SETTINGS, android.permission.ACCESS_ADSERVICES_ATTRIBUTION, com.sec.android.provider.badge.permission.READ, android.permission.WAKE_LOCK, com.oppo.launcher.permission.WRITE_SETTINGS, com.huawei.android.launcher.permission.READ_SETTINGS, com.sonyericsson.home.permission.BROADCAST_BADGE, android.permission.READ_MEDIA_IMAGES, android.permission.READ_CONTACTS, android.permission.READ_APP_BADGE, android.permission.VIBRATE, android.permission.READ_MEDIA_VIDEO, android.permission.RECEIVE_BOOT_COMPLETED, me.everything.badger.permission.BADGE_COUNT_READ, com.htc.launcher.permission.READ_SETTINGS, android.permission.ACCESS_NETWORK_STATE, com.oppo.launcher.permission.READ_SETTINGS, com.huawei.android.launcher.permission.WRITE_SETTINGS, android.permission.SYSTEM_ALERT_WINDOW, com.htc.launcher.permission.UPDATE_SHORTCUT, android.permission.WRITE_EXTERNAL_STORAGE, com.google.android.finsky.permission.BIND_GET_INSTALL_REFERRER_SERVICE, com.majeur.launcher.permission.UPDATE_BADGE, com.google.android.gms.permission.AD_ID, me.everything.badger.permission.BADGE_COUNT_WRITE, com.huawei.android.launcher.permission.CHANGE_BADGE",Yes,No,No,Yes,Yes,No,No,No,Yes,Yes,No,No,No,No,No,No,No,TRUE,N/A,N/A,N/A,N/A,N/A,TRUE,TRUE,TRUE
Moni,com.rank.moni,Nigeria/Approved,"android.permission.READ_EXTERNAL_STORAGE, android.permission.POST_NOTIFICATIONS, com.google.android.c2dm.permission.RECEIVE, android.permission.ACCESS_ADSERVICES_AD_ID, android.permission.USE_FINGERPRINT, android.permission.NFC, android.permission.WRITE_CONTACTS, android.permission.ACCESS_FINE_LOCATION, android.permission.INTERNET, android.permission.RECORD_AUDIO, android.permission.USE_BIOMETRIC, android.permission.CAMERA, android.permission.MODIFY_AUDIO_SETTINGS, android.permission.ACCESS_ADSERVICES_ATTRIBUTION, android.permission.WAKE_LOCK, android.permission.READ_CONTACTS, com.rank.moni.DYNAMIC_RECEIVER_NOT_EXPORTED_PERMISSION, android.permission.ACTION_MANAGE_ALL_FILES_ACCESS_PERMISSION, android.permission.VIBRATE, android.permission.ACCESS_MEDIA_LOCATION, android.permission.ACCESS_NETWORK_STATE, android.permission.FOREGROUND_SERVICE, com.rank.moni.permission.WRITE_SCHEDULE, android.permission.WRITE_EXTERNAL_STORAGE, com.google.android.finsky.permission.BIND_GET_INSTALL_REFERRER_SERVICE, android.permission.ACCESS_COARSE_LOCATION, com.google.android.gms.permission.AD_ID",Yes,No,No,Yes,Yes,No,No,No,No,No,No,No,No,No,No,No,Yes,TRUE,N/A,N/A,N/A,N/A,N/A,TRUE,TRUE,TRUE
@string/app_name,com.lairaplus.naira.loan.nigeria,Nigeria/Approved,"com.samsung.android.mapsagent.permission.READ_APP_INFO, android.permission.CAMERA, android.permission.ACCESS_ADSERVICES_ATTRIBUTION, com.android.vending.CHECK_LICENSE, android.permission.WAKE_LOCK, android.permission.READ_SMS, com.lairaplus.naira.loan.nigeria.DYNAMIC_RECEIVER_NOT_EXPORTED_PERMISSION, android.permission.ACCESS_NETWORK_STATE, android.permission.BLUETOOTH, com.google.android.finsky.permission.BIND_GET_INSTALL_REFERRER_SERVICE, android.permission.INTERNET, com.google.android.gms.permission.AD_ID, android.permission.ACCESS_COARSE_LOCATION, com.huawei.appmarket.service.commondata.permission.GET_COMMON_DATA",No,No,No,No,No,No,No,No,No,No,No,No,No,Yes,No,No,No,FALSE,N/A,N/A,N/A,N/A,N/A,FALSE,TRUE,FALSE
@string/ct,com.ng.product.ncash,Nigeria/Approved,"android.permission.POST_NOTIFICATIONS, com.google.android.c2dm.permission.RECEIVE, android.permission.ACCESS_WIFI_STATE, android.permission.READ_PHONE_STATE, android.permission.GET_ACCOUNTS, android.permission.INTERNET, android.permission.CAMERA, android.permission.WAKE_LOCK, android.permission.GET_PACKAGE_SIZE, android.permission.VIBRATE, android.permission.READ_SMS, android.permission.ACCESS_NETWORK_STATE, android.permission.RESTART_PACKAGES, android.permission.WRITE_SETTINGS, android.permission.GET_TASKS, android.permission.PACKAGE_USAGE_STATS, android.permission.AUTHENTICATE_ACCOUNTS, android.permission.READ_CALENDAR, android.permission.CHANGE_WIFI_STATE, android.permission.BATTERY_STATS, com.google.android.finsky.permission.BIND_GET_INSTALL_REFERRER_SERVICE, android.permission.ACCESS_COARSE_LOCATION, com.google.android.gms.permission.AD_ID",No,No,No,No,No,No,No,No,No,No,No,Yes,No,Yes,No,No,No,FALSE,N/A,N/A,N/A,N/A,N/A,FALSE,TRUE,FALSE
ivy Credit,com.ivy.cred,Nigeria/Approved,"com.ivy.cred.DYNAMIC_RECEIVER_NOT_EXPORTED_PERMISSION, com.android.vending.CHECK_LICENSE, android.permission.INTERNET, android.permission.ACCESS_COARSE_LOCATION",No,No,No,No,No,No,No,No,No,No,No,No,No,No,No,No,No,FALSE,N/A,N/A,N/A,N/A,N/A,FALSE,FALSE,FALSE
AjeLoan,ng.com.ajeloan,Nigeria/Approved,"android.permission.BLUETOOTH_CONNECT, android.permission.CAMERA, com.google.android.c2dm.permission.RECEIVE, android.permission.CHANGE_WIFI_STATE, android.permission.ACCESS_WIFI_STATE, android.permission.READ_PHONE_STATE, android.permission.WAKE_LOCK, android.permission.LOCAL_MAC_ADDRESS, android.permission.READ_SMS, android.permission.ACCESS_NETWORK_STATE, android.permission.BLUETOOTH, com.google.android.finsky.permission.BIND_GET_INSTALL_REFERRER_SERVICE, android.permission.INTERNET, android.permission.ACCESS_COARSE_LOCATION, com.google.android.gms.permission.AD_ID, ng.com.ajeloan.permission.JPUSH_MESSAGE, android.permission.MOUNT_UNMOUNT_FILESYSTEMS, ng.com.ajeloan.permission.RECEIVE_USER_PRESENT",No,No,No,No,No,No,No,No,No,No,No,Yes,No,Yes,No,No,No,FALSE,N/A,N/A,N/A,N/A,N/A,FALSE,TRUE,FALSE
@string/app_name,com.loan.nicekash,Nigeria/Approved,"android.permission.CAMERA, android.permission.READ_PRIVILEGED_PHONE_STATE, android.permission.ACCESS_WIFI_STATE, android.permission.READ_PHONE_STATE, android.permission.WAKE_LOCK, android.permission.BROADCAST_STICKY, android.permission.READ_SMS, android.permission.ACCESS_NETWORK_STATE, com.google.android.finsky.permission.BIND_GET_INSTALL_REFERRER_SERVICE, android.permission.INTERNET, android.permission.ACCESS_COARSE_LOCATION, com.google.android.gms.permission.AD_ID, android.permission.MOUNT_UNMOUNT_FILESYSTEMS",No,No,No,No,No,No,No,No,No,No,No,Yes,No,Yes,No,No,No,FALSE,N/A,N/A,N/A,N/A,N/A,FALSE,TRUE,FALSE
Floatr,com.floatr.app,Nigeria/Approved,"android.permission.POST_NOTIFICATIONS, android.permission.VIBRATE, android.permission.CAMERA, com.floatr.app.DYNAMIC_RECEIVER_NOT_EXPORTED_PERMISSION, com.google.android.c2dm.permission.RECEIVE, android.permission.RECEIVE_BOOT_COMPLETED, android.permission.USE_FINGERPRINT, android.permission.SCHEDULE_EXACT_ALARM, android.permission.WAKE_LOCK, android.permission.ACCESS_NETWORK_STATE, android.permission.USE_FULL_SCREEN_INTENT, android.permission.INTERNET, android.permission.RECORD_AUDIO, android.permission.USE_BIOMETRIC",No,No,No,No,No,No,No,No,No,No,No,No,No,No,No,No,No,FALSE,N/A,N/A,N/A,N/A,N/A,FALSE,FALSE,FALSE
@string/app_name,io.ionic.riverbank,Nigeria/Approved,"io.ionic.riverbank.DYNAMIC_RECEIVER_NOT_EXPORTED_PERMISSION, android.permission.CAMERA, android.permission.READ_EXTERNAL_STORAGE, android.permission.VIBRATE, android.permission.MODIFY_AUDIO_SETTINGS, com.google.android.c2dm.permission.RECEIVE, android.permission.RECEIVE_BOOT_COMPLETED, android.permission.POST_NOTIFICATIONS, android.permission.WAKE_LOCK, android.permission.ACCESS_BACKGROOUND_LOCATION, android.permission.ACCESS_NETWORK_STATE, android.permission.READ_MEDIA_IMAGES, android.permission.WRITE_EXTERNAL_STORAGE, android.permission.ACCESS_FINE_LOCATION, android.permission.ACCESS_COARSE_LOCATION, android.permission.INTERNET, android.permission.FOREGROUND_SERVICE",No,No,No,Yes,Yes,No,No,No,Yes,No,No,No,No,No,No,No,Yes,TRUE,N/A,N/A,N/A,N/A,N/A,TRUE,TRUE,TRUE
@string/app_name,co.shara.lite,Nigeria/Approved,"android.permission.READ_EXTERNAL_STORAGE, android.permission.READ_PROFILE, com.sec.android.provider.badge.permission.WRITE, com.google.android.c2dm.permission.RECEIVE, com.android.vending.CHECK_LICENSE, android.permission.ACCESS_WIFI_STATE, com.sonymobile.home.permission.PROVIDER_INSERT_BADGE, com.anddoes.launcher.permission.UPDATE_COUNT, android.permission.WRITE_CONTACTS, android.permission.INTERNET, android.permission.ACCESS_FINE_LOCATION, android.permission.RECORD_AUDIO, com.google.android.providers.gsf.permission.READ_GSERVICES, android.permission.CAMERA, com.sec.android.provider.badge.permission.READ, android.permission.WAKE_LOCK, com.oppo.launcher.permission.WRITE_SETTINGS, com.huawei.android.launcher.permission.READ_SETTINGS, com.sonyericsson.home.permission.BROADCAST_BADGE, co.shara.lite.DYNAMIC_RECEIVER_NOT_EXPORTED_PERMISSION, android.permission.READ_CONTACTS, android.permission.READ_APP_BADGE, android.permission.VIBRATE, android.permission.RECEIVE_BOOT_COMPLETED, me.everything.badger.permission.BADGE_COUNT_READ, com.htc.launcher.permission.READ_SETTINGS, android.permission.ACCESS_NETWORK_STATE, com.oppo.launcher.permission.READ_SETTINGS, com.huawei.android.launcher.permission.WRITE_SETTINGS, android.permission.FOREGROUND_SERVICE, com.htc.launcher.permission.UPDATE_SHORTCUT, android.permission.WRITE_PROFILE, co.shara.lite.permission.C2D_MESSAGE, co.shara.lite.permission.WRITE_SCHEDULE, com.google.android.finsky.permission.BIND_GET_INSTALL_REFERRER_SERVICE, android.permission.WRITE_EXTERNAL_STORAGE, com.majeur.launcher.permission.UPDATE_BADGE, android.permission.ACCESS_COARSE_LOCATION, com.google.android.gms.permission.AD_ID, me.everything.badger.permission.BADGE_COUNT_WRITE, com.huawei.android.launcher.permission.CHANGE_BADGE",Yes,No,No,Yes,Yes,No,No,No,No,No,No,No,No,No,No,No,Yes,TRUE,N/A,N/A,N/A,N/A,N/A,TRUE,TRUE,TRUE
@string/app_name,apptwo.credlockng.com,Nigeria/Approved,"android.permission.ACCESS_NETWORK_STATE, apptwo.credlockng.com.DYNAMIC_RECEIVER_NOT_EXPORTED_PERMISSION, android.permission.INTERNET",No,No,No,No,No,No,No,No,No,No,No,No,No,No,No,No,No,FALSE,N/A,N/A,N/A,N/A,N/A,FALSE,FALSE,FALSE
@string/pay_app_name,com.transsnet.palmpay,Nigeria/Approved,"android.permission.POST_NOTIFICATIONS, com.google.android.c2dm.permission.RECEIVE, android.permission.USE_FINGERPRINT, android.permission.READ_PHONE_STATE, android.permission.ACCESS_WIFI_STATE, android.permission.BLUETOOTH, android.permission.INTERNET, com.huawei.appmarket.service.commondata.permission.GET_COMMON_DATA, com.google.android.providers.gsf.permission.READ_GSERVICES, android.permission.USE_BIOMETRIC, android.permission.CAMERA, android.permission.FOREGROUND_SERVICE_MEDIA_PLAYBACK, android.permission.ACCESS_ADSERVICES_ATTRIBUTION, android.permission.WAKE_LOCK, com.transsion.tpush.permission.READ_PROVIDER, android.permission.FLASHLIGHT, android.permission.VIBRATE, android.permission.RECEIVE_BOOT_COMPLETED, com.transsion.dataservice.permission.READ, android.permission.ACCESS_NETWORK_STATE, android.permission.DETECT_SCREEN_CAPTURE, com.transsion.dataservice.permission.WRITE, android.permission.SYSTEM_ALERT_WINDOW, android.permission.FOREGROUND_SERVICE, android.permission.BLUETOOTH_CONNECT, android.permission.BLUETOOTH_SCAN, com.transsion.tpush.permission.WRITE_PROVIDER, android.permission.BLUETOOTH_ADMIN, android.permission.CHANGE_WIFI_STATE, android.permission.KILL_BACKGROUND_PROCESSES, com.google.android.finsky.permission.BIND_GET_INSTALL_REFERRER_SERVICE, com.transsnet.palmpay.DYNAMIC_RECEIVER_NOT_EXPORTED_PERMISSION, android.permission.BLUETOOTH_ADVERTISE, android.permission.ACCESS_COARSE_LOCATION, android.permission.CALL_PHONE, com.google.android.gms.permission.AD_ID",No,No,No,No,No,No,No,No,No,No,No,Yes,No,No,No,No,No,FALSE,N/A,N/A,N/A,N/A,N/A,FALSE,TRUE,FALSE
@string/app_name,com.ng.haloocredit,Nigeria/Approved,"android.permission.READ_CALL_LOG, android.permission.CAMERA, android.permission.ACCESS_LOCATION_EXTRA_COMMANDS, android.permission.READ_CALENDAR, android.permission.CHANGE_WIFI_STATE, android.permission.ACCESS_WIFI_STATE, android.permission.READ_PHONE_STATE, android.permission.WAKE_LOCK, android.permission.ACCESS_NETWORK_STATE, com.google.android.finsky.permission.BIND_GET_INSTALL_REFERRER_SERVICE, android.permission.INTERNET, android.permission.ACCESS_COARSE_LOCATION, com.google.android.gms.permission.AD_ID, android.permission.WRITE_CALENDAR, android.permission.CHANGE_NETWORK_STATE, android.permission.RECORD_AUDIO",No,Yes,No,No,No,No,No,No,No,No,No,Yes,No,No,No,No,No,TRUE,N/A,N/A,N/A,N/A,N/A,FALSE,TRUE,TRUE
@string/ap,com.box.creditt,Nigeria/Approved,"android.permission.CAMERA, android.permission.CHANGE_WIFI_STATE, android.permission.ACCESS_WIFI_STATE, android.permission.READ_PHONE_STATE, android.permission.WAKE_LOCK, android.permission.ACCESS_NETWORK_STATE, android.permission.INTERNET, android.permission.ACCESS_COARSE_LOCATION",No,No,No,No,No,No,No,No,No,No,No,Yes,No,No,No,No,No,FALSE,N/A,N/A,N/A,N/A,N/A,FALSE,TRUE,FALSE
Pennee,com.pennee.tech,Nigeria/Approved,"android.permission.READ_EXTERNAL_STORAGE, android.permission.POST_NOTIFICATIONS, com.google.android.c2dm.permission.RECEIVE, android.permission.USE_FINGERPRINT, android.permission.READ_PHONE_STATE, android.permission.ACCESS_WIFI_STATE, android.permission.ACCESS_FINE_LOCATION, android.permission.INTERNET, android.permission.RECORD_AUDIO, android.permission.USE_BIOMETRIC, android.permission.CAMERA, android.permission.MODIFY_AUDIO_SETTINGS, android.permission.WAKE_LOCK, android.permission.VIBRATE, android.permission.ACCESS_NETWORK_STATE, android.permission.FOREGROUND_SERVICE, android.permission.WRITE_EXTERNAL_STORAGE, com.google.android.finsky.permission.BIND_GET_INSTALL_REFERRER_SERVICE, android.permission.ACCESS_COARSE_LOCATION, com.google.android.gms.permission.AD_ID",No,No,No,Yes,Yes,No,No,No,No,No,No,Yes,No,No,No,No,Yes,TRUE,N/A,N/A,N/A,N/A,N/A,TRUE,TRUE,TRUE
Incash,com.nig.incash.org,Nigeria/Approved,"android.permission.READ_EXTERNAL_STORAGE, android.permission.POST_NOTIFICATIONS, android.permission.VIBRATE, com.nig.incash.org.DYNAMIC_RECEIVER_NOT_EXPORTED_PERMISSION, com.google.android.c2dm.permission.RECEIVE, android.permission.RECEIVE_BOOT_COMPLETED, android.permission.USE_FINGERPRINT, android.permission.SCHEDULE_EXACT_ALARM, android.permission.WAKE_LOCK, android.permission.ACCESS_NETWORK_STATE, android.permission.WRITE_EXTERNAL_STORAGE, android.permission.USE_FULL_SCREEN_INTENT, android.permission.INTERNET, com.google.android.gms.permission.AD_ID, com.google.android.finsky.permission.BIND_GET_INSTALL_REFERRER_SERVICE, android.permission.FOREGROUND_SERVICE, android.permission.USE_BIOMETRIC",No,No,No,Yes,Yes,No,No,No,No,No,No,No,No,No,No,No,No,TRUE,N/A,N/A,N/A,N/A,N/A,TRUE,TRUE,TRUE
FlashCredit,com.loan.aceloan,Nigeria/Approved,"android.permission.CAMERA, android.permission.POST_NOTIFICATIONS, com.google.android.c2dm.permission.RECEIVE, android.permission.ACCESS_WIFI_STATE, android.permission.WAKE_LOCK, other_temp1, com.loan.aceloan.DYNAMIC_RECEIVER_NOT_EXPORTED_PERMISSION, android.permission.ACCESS_NETWORK_STATE, com.google.android.finsky.permission.BIND_GET_INSTALL_REFERRER_SERVICE, android.permission.INTERNET, android.permission.ACCESS_COARSE_LOCATION, com.google.android.gms.permission.AD_ID, android.permission.WRITE_CALENDAR, other_temp5",No,No,No,No,No,No,No,No,No,No,No,No,No,No,No,No,No,FALSE,N/A,N/A,N/A,N/A,N/A,FALSE,FALSE,FALSE
@string/app_name,com.kiakiafinance.app,Nigeria/Approved,"android.permission.READ_EXTERNAL_STORAGE, android.permission.POST_NOTIFICATIONS, com.google.android.c2dm.permission.RECEIVE, android.permission.ACCESS_ADSERVICES_AD_ID, android.permission.USE_FINGERPRINT, android.permission.WRITE_CONTACTS, android.permission.INTERNET, android.permission.RECORD_AUDIO, android.permission.USE_BIOMETRIC, android.permission.CAMERA, android.permission.MODIFY_AUDIO_SETTINGS, android.permission.ACCESS_ADSERVICES_ATTRIBUTION, android.permission.WAKE_LOCK, android.permission.READ_CONTACTS, android.permission.VIBRATE, android.permission.ACCESS_NETWORK_STATE, com.kiakiafinance.app.permission.WRITE_SCHEDULE, com.kiakiafinance.app.DYNAMIC_RECEIVER_NOT_EXPORTED_PERMISSION, android.permission.WRITE_EXTERNAL_STORAGE, com.google.android.finsky.permission.BIND_GET_INSTALL_REFERRER_SERVICE, com.google.android.gms.permission.AD_ID, android.permission.VIDEO_CAPTURE",Yes,No,No,Yes,Yes,No,No,No,No,No,No,No,No,No,No,No,No,TRUE,N/A,N/A,N/A,N/A,N/A,TRUE,TRUE,TRUE
@string/app_name,ng.com.fairmoney.fairmoney,Nigeria/Approved,"android.permission.QUERY_ALL_PACKAGES, android.permission.READ_MEDIA_VISUAL_USER_SELECTED, android.permission.READ_EXTERNAL_STORAGE, android.permission.POST_NOTIFICATIONS, com.google.android.c2dm.permission.RECEIVE, android.permission.ACCESS_ADSERVICES_AD_ID, android.permission.ACCESS_WIFI_STATE, android.permission.READ_PHONE_STATE, android.permission.USE_FINGERPRINT, android.permission.FOREGROUND_SERVICE_LOCATION, android.permission.BLUETOOTH, android.permission.GET_ACCOUNTS, android.permission.ACCESS_FINE_LOCATION, android.permission.INTERNET, android.permission.ACCESS_BACKGROUND_LOCATION, android.permission.REORDER_TASKS, android.permission.USE_BIOMETRIC, android.permission.CAMERA, android.permission.ACCESS_ADSERVICES_ATTRIBUTION, android.permission.WAKE_LOCK, android.permission.READ_MEDIA_IMAGES, android.permission.READ_CONTACTS, android.permission.VIBRATE, android.permission.READ_MEDIA_VIDEO, android.permission.RECEIVE_BOOT_COMPLETED, android.permission.READ_SMS, android.permission.READ_MEDIA_AUDIO, android.permission.ACCESS_NETWORK_STATE, ng.com.fairmoney.fairmoney.DYNAMIC_RECEIVER_NOT_EXPORTED_PERMISSION, android.permission.FOREGROUND_SERVICE, android.permission.READ_CALENDAR, android.permission.WRITE_EXTERNAL_STORAGE, com.google.android.finsky.permission.BIND_GET_INSTALL_REFERRER_SERVICE, com.google.android.gms.permission.AD_ID, android.permission.ACCESS_COARSE_LOCATION",Yes,No,No,Yes,Yes,No,No,Yes,Yes,Yes,No,Yes,No,Yes,No,Yes,Yes,TRUE,N/A,N/A,N/A,N/A,N/A,TRUE,TRUE,TRUE
@string/app_name,com.loan.new.maxmoni,Nigeria/Approved,"android.permission.CAMERA, android.permission.READ_PRIVILEGED_PHONE_STATE, android.permission.ACCESS_WIFI_STATE, android.permission.READ_PHONE_STATE, android.permission.WAKE_LOCK, android.permission.BROADCAST_STICKY, android.permission.READ_SMS, android.permission.ACCESS_NETWORK_STATE, com.google.android.finsky.permission.BIND_GET_INSTALL_REFERRER_SERVICE, android.permission.INTERNET, android.permission.ACCESS_COARSE_LOCATION, com.google.android.gms.permission.AD_ID, android.permission.MOUNT_UNMOUNT_FILESYSTEMS",No,No,No,No,No,No,No,No,No,No,No,Yes,No,Yes,No,No,No,FALSE,N/A,N/A,N/A,N/A,N/A,FALSE,TRUE,FALSE
@string/app_name,com.loan.naira.now,Nigeria/Approved,"android.permission.CAMERA, android.permission.READ_PRIVILEGED_PHONE_STATE, android.permission.ACCESS_WIFI_STATE, android.permission.READ_PHONE_STATE, android.permission.WAKE_LOCK, android.permission.BROADCAST_STICKY, android.permission.READ_SMS, android.permission.ACCESS_NETWORK_STATE, com.google.android.finsky.permission.BIND_GET_INSTALL_REFERRER_SERVICE, android.permission.INTERNET, android.permission.ACCESS_COARSE_LOCATION, com.google.android.gms.permission.AD_ID, android.permission.MOUNT_UNMOUNT_FILESYSTEMS",No,No,No,No,No,No,No,No,No,No,No,Yes,No,Yes,No,No,No,FALSE,N/A,N/A,N/A,N/A,N/A,FALSE,TRUE,FALSE
@string/app_name,com.ng.swifund,Nigeria/Approved,"android.permission.READ_CALL_LOG, android.permission.CAMERA, android.permission.READ_CALENDAR, android.permission.CHANGE_WIFI_STATE, android.permission.ACCESS_WIFI_STATE, android.permission.READ_PHONE_STATE, android.permission.WAKE_LOCK, android.permission.ACCESS_NETWORK_STATE, com.google.android.finsky.permission.BIND_GET_INSTALL_REFERRER_SERVICE, android.permission.INTERNET, android.permission.ACCESS_COARSE_LOCATION, android.permission.ACCESS_BACKGROUND_LOCATION, android.permission.WRITE_CALENDAR, android.permission.CHANGE_NETWORK_STATE, com.google.android.gms.permission.AD_ID",No,Yes,No,No,No,No,No,No,No,No,No,Yes,No,No,No,No,No,TRUE,N/A,N/A,N/A,N/A,N/A,FALSE,TRUE,TRUE
@string/app_name,credit.caycredit.finance.loan.money,Nigeria/Approved,"android.permission.CAMERA, android.permission.BLUETOOTH_ADMIN, android.gms.permission.AD_ID, android.permission.CHANGE_WIFI_STATE, android.permission.ACCESS_WIFI_STATE, android.permission.READ_PHONE_STATE, android.permission.WAKE_LOCK, credit.caycredit.finance.loan.money.DYNAMIC_RECEIVER_NOT_EXPORTED_PERMISSION, android.permission.READ_SMS, android.permission.ACCESS_NETWORK_STATE, android.permission.BLUETOOTH, com.google.android.finsky.permission.BIND_GET_INSTALL_REFERRER_SERVICE, android.permission.INTERNET, com.google.android.gms.permission.AD_ID, android.permission.ACCESS_COARSE_LOCATION, android.permission.CHANGE_NETWORK_STATE",No,No,No,No,No,No,No,No,No,No,No,Yes,No,Yes,No,No,No,FALSE,N/A,N/A,N/A,N/A,N/A,FALSE,TRUE,FALSE
@string/app_name,com.loan.icredit.creditng,Nigeria/Approved,"android.permission.POST_NOTIFICATIONS, com.google.android.c2dm.permission.RECEIVE, android.permission.ACCESS_ADSERVICES_AD_ID, android.permission.ACCESS_WIFI_STATE, android.permission.INTERNET, com.loan.icredit.creditng.DYNAMIC_RECEIVER_NOT_EXPORTED_PERMISSION, android.permission.CAMERA, android.permission.ACCESS_ADSERVICES_ATTRIBUTION, android.permission.WAKE_LOCK, android.permission.FLASHLIGHT, com.android.launcher.permission.INSTALL_SHORTCUT, android.permission.VIBRATE, android.permission.READ_SMS, android.permission.ACCESS_NETWORK_STATE, com.android.launcher.permission.UNINSTALL_SHORTCUT, android.permission.CHANGE_WIFI_STATE, android.permission.EXPAND_STATUS_BAR, com.google.android.finsky.permission.BIND_GET_INSTALL_REFERRER_SERVICE, android.permission.ACCESS_COARSE_LOCATION, com.google.android.gms.permission.AD_ID",No,No,No,No,No,No,No,No,No,No,No,No,No,Yes,No,No,No,FALSE,N/A,N/A,N/A,N/A,N/A,FALSE,TRUE,FALSE
@string/app_name,com.myeazipay.business,Nigeria/Approved,"android.permission.CAMERA, android.permission.READ_EXTERNAL_STORAGE, android.permission.VIBRATE, android.permission.POST_NOTIFICATIONS, com.google.android.c2dm.permission.RECEIVE, android.permission.USE_FINGERPRINT, android.permission.WAKE_LOCK, android.permission.ACCESS_NETWORK_STATE, android.permission.WRITE_EXTERNAL_STORAGE, android.permission.INTERNET, com.google.android.gms.permission.AD_ID, com.myeazipay.business.DYNAMIC_RECEIVER_NOT_EXPORTED_PERMISSION, android.permission.USE_BIOMETRIC",No,No,No,Yes,Yes,No,No,No,No,No,No,No,No,No,No,No,No,TRUE,N/A,N/A,N/A,N/A,N/A,TRUE,TRUE,TRUE
@string/app_name,com.boyu.luans,Nigeria/Approved,"android.permission.BLUETOOTH_CONNECT, android.permission.BLUETOOTH_ADMIN, android.permission.RECEIVE_BOOT_COMPLETED, android.permission.CHANGE_WIFI_STATE, android.permission.ACCESS_WIFI_STATE, android.permission.READ_PHONE_STATE, android.permission.WAKE_LOCK, com.boyu.luans.DYNAMIC_RECEIVER_NOT_EXPORTED_PERMISSION, android.permission.READ_SMS, android.permission.ACCESS_NETWORK_STATE, android.permission.BLUETOOTH, com.google.android.finsky.permission.BIND_GET_INSTALL_REFERRER_SERVICE, android.permission.INTERNET, android.permission.ACCESS_COARSE_LOCATION, com.google.android.gms.permission.AD_ID, android.permission.CALL_PHONE, android.permission.FOREGROUND_SERVICE",No,No,No,No,No,No,No,No,No,No,No,Yes,No,Yes,No,No,No,FALSE,N/A,N/A,N/A,N/A,N/A,FALSE,TRUE,FALSE
@string/app_name,com.may.android.hicredit,Nigeria/Approved,"android.permission.BLUETOOTH_CONNECT, android.permission.POST_NOTIFICATIONS, com.may.android.hicredit.DYNAMIC_RECEIVER_NOT_EXPORTED_PERMISSION, com.google.android.c2dm.permission.RECEIVE, android.permission.ACCESS_ADSERVICES_ATTRIBUTION, android.permission.ACCESS_ADSERVICES_AD_ID, android.permission.ACCESS_WIFI_STATE, android.permission.READ_PHONE_STATE, android.permission.WAKE_LOCK, android.permission.READ_SMS, android.permission.ACCESS_NETWORK_STATE, android.permission.BLUETOOTH, com.google.android.finsky.permission.BIND_GET_INSTALL_REFERRER_SERVICE, android.permission.INTERNET, com.google.android.gms.permission.AD_ID",No,No,No,No,No,No,No,No,No,No,No,Yes,No,Yes,No,No,No,FALSE,N/A,N/A,N/A,N/A,N/A,FALSE,TRUE,FALSE
Newlending,com.loan.newlending.through,Nigeria/Approved,"android.permission.PERMISSION_GRANTED, android.permission.READ_EXTERNAL_STORAGE, com.google.android.c2dm.permission.RECEIVE, android.permission.ACCESS_WIFI_STATE, android.permission.READ_PHONE_STATE, android.permission.WRITE_CONTACTS, android.permission.GET_ACCOUNTS, android.permission.INTERNET, android.permission.ACCESS_FINE_LOCATION, android.permission.CAMERA, android.permission.WAKE_LOCK, android.permission.WRITE_CALENDAR, android.permission.READ_CONTACTS, android.permission.VIBRATE, android.permission.ACCESS_NETWORK_STATE, android.permission.CHANGE_NETWORK_STATE, com.android.alarm.permission.SET_ALARM, android.permission.READ_CALENDAR, android.permission.CHANGE_WIFI_STATE, android.permission.WRITE_EXTERNAL_STORAGE, com.google.android.finsky.permission.BIND_GET_INSTALL_REFERRER_SERVICE, android.permission.ACCESS_COARSE_LOCATION",Yes,No,No,Yes,Yes,No,No,No,No,No,No,Yes,No,No,No,No,Yes,TRUE,N/A,N/A,N/A,N/A,N/A,TRUE,TRUE,TRUE
@string/app_name,com.tpdn.growly.mobile,Nigeria/Approved,"android.permission.WRITE_EXTERNAL_STORAGE, android.permission.INTERNET",No,No,No,No,Yes,No,No,No,No,No,No,No,No,No,No,No,No,FALSE,N/A,N/A,N/A,N/A,N/A,TRUE,TRUE,FALSE
PonyCash,com.ponycash.poca.nysh,Nigeria/Approved,"com.google.android.c2dm.permission.RECEIVE, android.permission.ACCESS_WIFI_STATE, android.permission.READ_PHONE_STATE, android.permission.INTERNET, android.permission.REQUIRE_SECURE_ENV, com.ponycash.poca.nysh.DYNAMIC_RECEIVER_NOT_EXPORTED_PERMISSION, com.google.android.providers.gsf.permission.READ_GSERVICES, android.permission.READ_CALL_LOG, android.permission.CAMERA, android.permission.WAKE_LOCK, android.permission.VIBRATE, android.permission.RECEIVE_BOOT_COMPLETED, android.permission.READ_SMS, android.permission.ACCESS_NETWORK_STATE, android.permission.FOREGROUND_SERVICE, android.permission.HIGH_SAMPLING_RATE_SENSORS, android.permission.CHANGE_WIFI_STATE, com.google.android.finsky.permission.BIND_GET_INSTALL_REFERRER_SERVICE, android.permission.ACCESS_COARSE_LOCATION, com.google.android.gms.permission.AD_ID",No,Yes,No,No,No,No,No,No,No,No,No,Yes,No,Yes,No,No,No,TRUE,N/A,N/A,N/A,N/A,N/A,FALSE,TRUE,TRUE
CreditWise,ng.wise.creditwise,Nigeria/Approved,"android.permission.ACCESS_LOCATION_EXTRA_COMMANDS, com.google.android.c2dm.permission.RECEIVE, android.permission.ACCESS_WIFI_STATE, android.permission.READ_PHONE_STATE, android.permission.USE_FINGERPRINT, com.android.browser.permission.READ_HISTORY_BOOKMARKS, android.permission.BLUETOOTH, android.permission.INTERNET, android.permission.REORDER_TASKS, com.google.android.providers.gsf.permission.READ_GSERVICES, android.permission.USE_BIOMETRIC, android.permission.CAMERA, android.permission.WAKE_LOCK, com.android.vending.setup.PLAY_SETUP_SERVICE, android.permission.WRITE_CALENDAR, android.permission.VIBRATE, android.permission.RECEIVE_BOOT_COMPLETED, android.permission.READ_SMS, android.permission.ACCESS_NETWORK_STATE, android.permission.RECEIVE_SMS, android.permission.SYSTEM_ALERT_WINDOW, android.permission.FOREGROUND_SERVICE, android.permission.GET_TASKS, android.permission.BLUETOOTH_ADMIN, android.permission.HIGH_SAMPLING_RATE_SENSORS, android.permission.READ_CALENDAR, android.permission.CHANGE_WIFI_STATE, com.google.android.finsky.permission.BIND_GET_INSTALL_REFERRER_SERVICE, android.permission.ACCESS_COARSE_LOCATION, com.google.android.gms.permission.AD_ID",No,No,No,No,No,No,No,No,No,No,No,Yes,No,Yes,No,No,No,FALSE,N/A,N/A,N/A,N/A,N/A,FALSE,TRUE,FALSE
@string/app_name,com.fintellia.suprememfbs,Nigeria/Approved,"android.permission.READ_EXTERNAL_STORAGE, android.permission.POST_NOTIFICATIONS, com.sec.android.provider.badge.permission.WRITE, com.google.android.c2dm.permission.RECEIVE, android.permission.USE_FINGERPRINT, android.permission.ACCESS_WIFI_STATE, com.sonymobile.home.permission.PROVIDER_INSERT_BADGE, com.anddoes.launcher.permission.UPDATE_COUNT, android.permission.DOWNLOAD_WITHOUT_NOTIFICATION, android.permission.INTERNET, com.google.android.providers.gsf.permission.READ_GSERVICES, android.permission.USE_BIOMETRIC, android.permission.CAMERA, com.fintellia.suprememfbs.DYNAMIC_RECEIVER_NOT_EXPORTED_PERMISSION, com.sec.android.provider.badge.permission.READ, android.permission.WAKE_LOCK, com.fintellia.suprememfbs.permission.C2D_MESSAGE, com.oppo.launcher.permission.WRITE_SETTINGS, com.huawei.android.launcher.permission.READ_SETTINGS, com.sonyericsson.home.permission.BROADCAST_BADGE, android.permission.READ_CONTACTS, android.permission.READ_APP_BADGE, android.permission.VIBRATE, android.permission.RECEIVE_BOOT_COMPLETED, me.everything.badger.permission.BADGE_COUNT_READ, com.htc.launcher.permission.READ_SETTINGS, android.permission.ACCESS_NETWORK_STATE, com.oppo.launcher.permission.READ_SETTINGS, com.huawei.android.launcher.permission.WRITE_SETTINGS, android.permission.FOREGROUND_SERVICE, com.htc.launcher.permission.UPDATE_SHORTCUT, android.permission.WRITE_EXTERNAL_STORAGE, com.majeur.launcher.permission.UPDATE_BADGE, com.google.android.finsky.permission.BIND_GET_INSTALL_REFERRER_SERVICE, me.everything.badger.permission.BADGE_COUNT_WRITE, com.huawei.android.launcher.permission.CHANGE_BADGE",Yes,No,No,Yes,Yes,No,No,No,No,No,No,No,No,No,No,No,No,TRUE,N/A,N/A,N/A,N/A,N/A,TRUE,TRUE,TRUE
retailboosters,com.retailboosters,Nigeria/Approved,"android.permission.READ_EXTERNAL_STORAGE, android.permission.WAKE_LOCK, android.permission.ACCESS_NETWORK_STATE, android.permission.INTERNET, com.retailboosters.DYNAMIC_RECEIVER_NOT_EXPORTED_PERMISSION",No,No,No,Yes,No,No,No,No,No,No,No,No,No,No,No,No,No,TRUE,N/A,N/A,N/A,N/A,N/A,TRUE,TRUE,TRUE
ClanPay,com.repay.com,Nigeria/Approved,"android.permission.POST_NOTIFICATIONS, com.sec.android.provider.badge.permission.WRITE, com.google.android.c2dm.permission.RECEIVE, com.sonymobile.home.permission.PROVIDER_INSERT_BADGE, com.anddoes.launcher.permission.UPDATE_COUNT, android.permission.ACCESS_FINE_LOCATION, android.permission.INTERNET, com.sec.android.provider.badge.permission.READ, android.permission.WAKE_LOCK, com.oppo.launcher.permission.WRITE_SETTINGS, com.huawei.android.launcher.permission.READ_SETTINGS, com.sonyericsson.home.permission.BROADCAST_BADGE, android.permission.READ_APP_BADGE, android.permission.RECEIVE_BOOT_COMPLETED, me.everything.badger.permission.BADGE_COUNT_READ, com.htc.launcher.permission.READ_SETTINGS, android.permission.ACCESS_NETWORK_STATE, android.permission.ACCESS_NOTIFICATION_POLICY, com.oppo.launcher.permission.READ_SETTINGS, com.huawei.android.launcher.permission.WRITE_SETTINGS, android.permission.FOREGROUND_SERVICE, com.htc.launcher.permission.UPDATE_SHORTCUT, android.permission.GET_TASKS, android.permission.SCHEDULE_EXACT_ALARM, com.google.android.finsky.permission.BIND_GET_INSTALL_REFERRER_SERVICE, com.majeur.launcher.permission.UPDATE_BADGE, android.permission.ACCESS_COARSE_LOCATION, com.google.android.gms.permission.AD_ID, me.everything.badger.permission.BADGE_COUNT_WRITE, com.huawei.android.launcher.permission.CHANGE_BADGE",No,No,No,No,No,No,No,No,No,No,No,No,No,No,No,No,Yes,FALSE,N/A,N/A,N/A,N/A,N/A,TRUE,TRUE,FALSE
@string/app_name,com.wow.pera,Philippines/Approved,"android.permission.POST_NOTIFICATIONS, com.google.android.c2dm.permission.RECEIVE, android.permission.ACCESS_WIFI_STATE, android.permission.READ_PHONE_STATE, android.permission.INTERNET, com.google.android.providers.gsf.permission.READ_GSERVICES, android.permission.CAMERA, android.permission.WAKE_LOCK, android.permission.FLASHLIGHT, android.permission.VIBRATE, android.permission.RECEIVE_BOOT_COMPLETED, android.permission.READ_SMS, android.permission.ACCESS_NETWORK_STATE, com.wow.pera.DYNAMIC_RECEIVER_NOT_EXPORTED_PERMISSION, android.permission.FOREGROUND_SERVICE, android.permission.CHANGE_WIFI_STATE, com.google.android.finsky.permission.BIND_GET_INSTALL_REFERRER_SERVICE, android.permission.CALL_PHONE, android.permission.ACCESS_COARSE_LOCATION, com.google.android.gms.permission.AD_ID",No,No,No,No,No,No,No,No,No,No,No,Yes,No,Yes,No,No,No,TRUE,N/A,N/A,N/A,N/A,N/A,FALSE,TRUE,TRUE
@string/app_name,com.happyperatwo.app,Philippines/Approved,"android.permission.READ_EXTERNAL_STORAGE, com.sec.android.provider.badge.permission.WRITE, com.google.android.c2dm.permission.RECEIVE, android.permission.ACCESS_WIFI_STATE, android.permission.READ_PHONE_STATE, com.sonymobile.home.permission.PROVIDER_INSERT_BADGE, com.anddoes.launcher.permission.UPDATE_COUNT, com.android.browser.permission.READ_HISTORY_BOOKMARKS, getui.permission.GetuiService.com.happyperatwo.app, android.permission.INTERNET, android.permission.ACCESS_FINE_LOCATION, android.permission.RECORD_AUDIO, android.permission.CAMERA, com.sec.android.provider.badge.permission.READ, android.permission.WAKE_LOCK, com.oppo.launcher.permission.WRITE_SETTINGS, com.huawei.android.launcher.permission.READ_SETTINGS, com.sonyericsson.home.permission.BROADCAST_BADGE, android.permission.READ_CONTACTS, android.permission.FLASHLIGHT, android.permission.READ_APP_BADGE, me.everything.badger.permission.BADGE_COUNT_READ, com.htc.launcher.permission.READ_SETTINGS, android.permission.ACCESS_NETWORK_STATE, com.oppo.launcher.permission.READ_SETTINGS, com.huawei.android.launcher.permission.WRITE_SETTINGS, android.permission.SYSTEM_ALERT_WINDOW, android.permission.FOREGROUND_SERVICE, android.permission.WRITE_SETTINGS, android.permission.GET_TASKS, com.samsung.android.providers.context.permission.WRITE_USE_APP_FEATURE_SURVEY, com.happyperatwo.app.permission.RECEIVE_MSG, android.permission.REQUEST_INSTALL_PACKAGES, android.permission.PACKAGE_USAGE_STATS, com.htc.launcher.permission.UPDATE_SHORTCUT, android.permission.CHANGE_WIFI_STATE, android.permission.WRITE_EXTERNAL_STORAGE, com.google.android.finsky.permission.BIND_GET_INSTALL_REFERRER_SERVICE, com.majeur.launcher.permission.UPDATE_BADGE, android.permission.ACCESS_COARSE_LOCATION, me.everything.badger.permission.BADGE_COUNT_WRITE, android.permission.READ_SYNC_SETTINGS, com.huawei.android.launcher.permission.CHANGE_BADGE",Yes,No,No,Yes,Yes,No,No,No,No,No,No,Yes,No,No,No,No,Yes,TRUE,N/A,N/A,N/A,N/A,N/A,TRUE,TRUE,TRUE
@string/app_name,com.bigloan.peso,Philippines/Approved,"android.permission.CAMERA, com.google.android.c2dm.permission.RECEIVE, android.permission.CHANGE_WIFI_STATE, android.permission.ACCESS_WIFI_STATE, android.permission.WAKE_LOCK, android.permission.ACCESS_NETWORK_STATE, com.google.android.finsky.permission.BIND_GET_INSTALL_REFERRER_SERVICE, android.permission.INTERNET, android.permission.MOUNT_UNMOUNT_FILESYSTEMS",No,No,No,No,No,No,No,No,No,No,No,No,No,No,No,No,No,FALSE,N/A,N/A,N/A,N/A,N/A,FALSE,FALSE,FALSE
@string/app_name,ph.loans.mobile,Philippines/Approved,"com.google.android.c2dm.permission.RECEIVE, android.permission.ACCESS_WIFI_STATE, android.permission.READ_PHONE_STATE, android.permission.GET_ACCOUNTS, android.permission.INTERNET, ph.loans.mobile.DYNAMIC_RECEIVER_NOT_EXPORTED_PERMISSION, android.permission.CAMERA, android.permission.ACCESS_ADSERVICES_ATTRIBUTION, android.permission.WRITE_INTERNAL_STORAGE, android.permission.WAKE_LOCK, android.permission.VIBRATE, android.permission.RECEIVE_BOOT_COMPLETED, android.permission.USE_CREDENTIALS, android.permission.ACCESS_NETWORK_STATE, android.permission.MANAGE_ACCOUNTS, android.permission.FOREGROUND_SERVICE, android.permission.WRITE_SYNC_SETTINGS, android.permission.AUTHENTICATE_ACCOUNTS, android.permission.CHANGE_WIFI_STATE, com.google.android.finsky.permission.BIND_GET_INSTALL_REFERRER_SERVICE, android.permission.ACCESS_COARSE_LOCATION, com.google.android.gms.permission.AD_ID, android.permission.READ_SYNC_SETTINGS",No,No,No,No,No,No,No,No,No,No,No,Yes,No,No,No,No,No,TRUE,N/A,N/A,N/A,N/A,N/A,FALSE,TRUE,TRUE
@string/app_name,com.pinpso.pinysey.pinoypeso,Philippines/Approved,"com.pinpso.pinysey.pinoypeso.permission.C2D_MESSAGE, com.google.android.c2dm.permission.RECEIVE, android.permission.ACCESS_WIFI_STATE, android.permission.WAKE_LOCK, android.permission.ACCESS_NETWORK_STATE, com.google.android.finsky.permission.BIND_GET_INSTALL_REFERRER_SERVICE, android.permission.INTERNET",No,No,No,No,No,No,No,No,No,No,No,No,No,No,No,No,No,FALSE,N/A,N/A,N/A,N/A,N/A,FALSE,FALSE,FALSE
@string/app_name,ph.billease,Philippines/Approved,"android.permission.READ_CALL_LOG, android.permission.READ_EXTERNAL_STORAGE, android.permission.READ_PROFILE, android.permission.CAMERA, com.google.android.c2dm.permission.RECEIVE, android.permission.READ_CALENDAR, android.permission.ACCESS_WIFI_STATE, android.permission.WRITE_CONTACTS, android.permission.READ_SMS, android.permission.ACCESS_NETWORK_STATE, android.permission.INTERNET, android.permission.ACCESS_FINE_LOCATION, android.permission.SYSTEM_ALERT_WINDOW, android.permission.ACCESS_COARSE_LOCATION, android.permission.WRITE_CALENDAR, android.permission.READ_CONTACTS",Yes,Yes,No,Yes,No,No,No,No,No,No,No,No,No,Yes,No,No,Yes,TRUE,N/A,N/A,N/A,N/A,N/A,TRUE,TRUE,TRUE
@string/Content_CredoApp,perajet.ph.credoapp,Philippines/Approved,"android.permission.READ_EXTERNAL_STORAGE, android.permission.READ_CALENDAR, android.permission.ACCESS_WIFI_STATE, android.permission.USE_FINGERPRINT, android.permission.ACCESS_NETWORK_STATE, android.permission.BLUETOOTH, android.permission.GET_ACCOUNTS, android.permission.INTERNET, android.permission.READ_CONTACTS",Yes,No,No,Yes,No,No,No,No,No,No,No,No,No,No,No,No,No,TRUE,N/A,N/A,N/A,N/A,N/A,TRUE,TRUE,TRUE
@string/app_name,com.valley.loan,Philippines/Approved,"android.permission.POST_NOTIFICATIONS, com.google.android.c2dm.permission.RECEIVE, android.permission.ACCESS_WIFI_STATE, android.permission.READ_PHONE_STATE, android.permission.INTERNET, com.google.android.providers.gsf.permission.READ_GSERVICES, android.permission.CAMERA, android.permission.WAKE_LOCK, android.permission.FLASHLIGHT, android.permission.VIBRATE, android.permission.RECEIVE_BOOT_COMPLETED, android.permission.READ_SMS, android.permission.ACCESS_NETWORK_STATE, android.permission.CHANGE_NETWORK_STATE, android.permission.FOREGROUND_SERVICE, android.permission.CHANGE_WIFI_STATE, com.google.android.finsky.permission.BIND_GET_INSTALL_REFERRER_SERVICE, android.permission.CALL_PHONE, android.permission.ACCESS_COARSE_LOCATION, com.google.android.gms.permission.AD_ID",No,No,No,No,No,No,No,No,No,No,No,Yes,No,Yes,No,No,No,TRUE,N/A,N/A,N/A,N/A,N/A,FALSE,TRUE,TRUE
@string/app_name,ph.com.aeon.merchant,Philippines/Approved,"android.permission.CAMERA, com.google.android.c2dm.permission.RECEIVE, android.permission.ACCESS_WIFI_STATE, android.permission.READ_PHONE_STATE, android.permission.WAKE_LOCK, android.permission.ACCESS_NETWORK_STATE, com.google.android.finsky.permission.BIND_GET_INSTALL_REFERRER_SERVICE, android.permission.INTERNET, android.permission.RECORD_AUDIO",No,No,No,No,No,No,No,No,No,No,No,Yes,No,No,No,No,No,TRUE,N/A,N/A,N/A,N/A,N/A,FALSE,TRUE,TRUE
@string/app_name,com.myloan.pesocash,Philippines/Approved,"android.permission.CAMERA, android.permission.VIBRATE, android.permission.POST_NOTIFICATIONS, android.permission.HIGH_SAMPLING_RATE_SENSORS, android.permission.ACCESS_ADSERVICES_ATTRIBUTION, android.permission.CHANGE_WIFI_STATE, android.permission.ACCESS_WIFI_STATE, com.google.android.c2dm.permission.RECEIVE, android.permission.WAKE_LOCK, android.permission.READ_SMS, android.permission.ACCESS_NETWORK_STATE, com.google.android.finsky.permission.BIND_GET_INSTALL_REFERRER_SERVICE, android.permission.INTERNET, android.permission.ACCESS_COARSE_LOCATION, com.google.android.gms.permission.AD_ID, android.permission.CHANGE_NETWORK_STATE, com.huawei.appmarket.service.commondata.permission.GET_COMMON_DATA",No,No,No,No,No,No,No,No,No,No,No,No,No,Yes,No,No,No,FALSE,N/A,N/A,N/A,N/A,N/A,FALSE,TRUE,FALSE
@string/app_name,com.firestorm.sea.loanmarket,Philippines/Approved,"android.permission.READ_EXTERNAL_STORAGE, com.google.android.c2dm.permission.RECEIVE, android.permission.CONNECTIVITY_INTERNAL, android.permission.ACCESS_WIFI_STATE, android.permission.READ_PHONE_STATE, com.android.browser.permission.READ_HISTORY_BOOKMARKS, android.permission.BLUETOOTH, android.permission.GET_ACCOUNTS, android.permission.INTERNET, android.permission.ACCESS_FINE_LOCATION, android.permission.MOUNT_UNMOUNT_FILESYSTEMS, android.permission.CONNECTIVITY_USE_RESTRICTED_NETWORKS, android.permission.CAMERA, android.permission.CHANGE_COMPONENT_ENABLED_STATE, android.permission.WAKE_LOCK, android.permission.WRITE_CALENDAR, com.android.chrome.permission.READ_WRITE_BOOKMARK_FOLDERS, android.permission.READ_CONTACTS, com.firestorm.sea.loanmarket.permission.C2D_MESSAGE, android.permission.RECEIVE_BOOT_COMPLETED, android.permission.CHANGE_CONFIGURATION, android.permission.USE_CREDENTIALS, android.intent.action.PACKAGE_REMOVED, android.permission.ACCESS_NETWORK_STATE, android.permission.CHANGE_NETWORK_STATE, android.permission.SYSTEM_ALERT_WINDOW, android.permission.MANAGE_ACCOUNTS, android.permission.REQUEST_INSTALL_PACKAGES, android.permission.BLUETOOTH_ADMIN, android.permission.READ_CALENDAR, android.permission.CHANGE_WIFI_STATE, android.permission.KILL_BACKGROUND_PROCESSES, com.google.android.finsky.permission.BIND_GET_INSTALL_REFERRER_SERVICE, android.permission.WRITE_EXTERNAL_STORAGE, android.permission.ACCESS_COARSE_LOCATION",Yes,No,No,Yes,Yes,No,No,No,No,No,No,Yes,No,No,No,No,Yes,TRUE,N/A,N/A,N/A,N/A,N/A,TRUE,TRUE,TRUE
@string/app_name2,ph.zippeso.online.cash.loan,Philippines/Approved,"android.permission.POST_NOTIFICATIONS, android.permission.ACCESS_LOCATION_EXTRA_COMMANDS, com.google.android.c2dm.permission.RECEIVE, android.permission.ACCESS_WIFI_STATE, android.permission.READ_PHONE_STATE, android.permission.INTERNET, com.google.android.providers.gsf.permission.READ_GSERVICES, android.permission.CAMERA, android.permission.WAKE_LOCK, android.permission.FLASHLIGHT, android.permission.VIBRATE, android.permission.RECEIVE_BOOT_COMPLETED, android.permission.READ_SMS, android.permission.ACCESS_NETWORK_STATE, android.permission.CHANGE_NETWORK_STATE, android.permission.SYSTEM_ALERT_WINDOW, android.permission.FOREGROUND_SERVICE, android.permission.CHANGE_WIFI_STATE, com.google.android.finsky.permission.BIND_GET_INSTALL_REFERRER_SERVICE, android.permission.CALL_PHONE, android.permission.ACCESS_COARSE_LOCATION, com.google.android.gms.permission.AD_ID",No,No,No,No,No,No,No,No,No,No,No,Yes,No,Yes,No,No,No,TRUE,N/A,N/A,N/A,N/A,N/A,FALSE,TRUE,TRUE
@string/app_name,com.balikbayad,Philippines/Approved,"android.permission.READ_CALENDAR, android.permission.CHANGE_WIFI_STATE, android.permission.ACCESS_WIFI_STATE, android.permission.READ_PHONE_STATE, android.permission.WAKE_LOCK, android.permission.RECEIVE_BOOT_COMPLETED, android.permission.ACCESS_NETWORK_STATE, android.permission.BLUETOOTH, com.google.android.finsky.permission.BIND_GET_INSTALL_REFERRER_SERVICE, android.permission.INTERNET, com.google.android.gms.permission.AD_ID, android.permission.FOREGROUND_SERVICE",No,No,No,No,No,No,No,No,No,No,No,Yes,No,No,No,No,No,TRUE,N/A,N/A,N/A,N/A,N/A,FALSE,TRUE,TRUE
@string/main_app_name,ai.deepscore.acom.prod,Philippines/Approved,"android.permission.CAMERA, com.google.android.c2dm.permission.RECEIVE, android.permission.READ_PHONE_STATE, android.permission.WAKE_LOCK, android.permission.ACCESS_NETWORK_STATE, com.google.android.finsky.permission.BIND_GET_INSTALL_REFERRER_SERVICE, android.permission.INTERNET, com.google.android.gms.permission.AD_ID, android.permission.ACCESS_COARSE_LOCATION, android.permission.RECORD_AUDIO",No,No,No,No,No,No,No,No,No,No,No,Yes,No,No,No,No,No,TRUE,N/A,N/A,N/A,N/A,N/A,FALSE,TRUE,TRUE
Vplus,com.v.plus.vplus,Philippines/Approved,"android.permission.POST_NOTIFICATIONS, com.google.android.c2dm.permission.RECEIVE, android.permission.ACCESS_ADSERVICES_AD_ID, android.permission.ACCESS_WIFI_STATE, android.permission.READ_PHONE_STATE, android.permission.INTERNET, com.huawei.appmarket.service.commondata.permission.GET_COMMON_DATA, android.permission.CAMERA, android.permission.ACCESS_ADSERVICES_ATTRIBUTION, android.permission.WAKE_LOCK, com.v.plus.vplus.DYNAMIC_RECEIVER_NOT_EXPORTED_PERMISSION, android.permission.VIBRATE, android.permission.READ_SMS, android.permission.ACCESS_NETWORK_STATE, android.permission.READ_PRIVILEGED_PHONE_STATE, android.permission.READ_CALENDAR, android.permission.CHANGE_WIFI_STATE, com.google.android.finsky.permission.BIND_GET_INSTALL_REFERRER_SERVICE, android.permission.ACCESS_COARSE_LOCATION, com.google.android.gms.permission.AD_ID",No,No,No,No,No,No,No,No,No,No,No,Yes,No,Yes,No,No,No,TRUE,N/A,N/A,N/A,N/A,N/A,FALSE,TRUE,TRUE
@string/app_name,com.philipin.pesokwento.loan,Philippines/Approved,"android.permission.CAMERA, android.permission.POST_NOTIFICATIONS, com.google.android.c2dm.permission.RECEIVE, android.permission.ACCESS_WIFI_STATE, android.permission.READ_PHONE_STATE, android.permission.WAKE_LOCK, android.permission.READ_SMS, android.permission.ACCESS_NETWORK_STATE, com.google.android.finsky.permission.BIND_GET_INSTALL_REFERRER_SERVICE, android.permission.INTERNET, android.permission.ACCESS_COARSE_LOCATION, com.google.android.gms.permission.AD_ID, com.philipin.pesokwento.loan.DYNAMIC_RECEIVER_NOT_EXPORTED_PERMISSION",No,No,No,No,No,No,No,No,No,No,No,Yes,No,Yes,No,No,No,TRUE,N/A,N/A,N/A,N/A,N/A,FALSE,TRUE,TRUE
@string/app_name,com.liang.chan,Philippines/Approved,"android.permission.POST_NOTIFICATIONS, com.google.android.c2dm.permission.RECEIVE, android.permission.ACCESS_WIFI_STATE, android.permission.READ_PHONE_STATE, android.permission.INTERNET, android.permission.CAMERA, android.permission.WAKE_LOCK, android.permission.FLASHLIGHT, android.permission.RECEIVE_BOOT_COMPLETED, android.permission.READ_SMS, android.permission.ACCESS_NETWORK_STATE, com.liang.chan.DYNAMIC_RECEIVER_NOT_EXPORTED_PERMISSION, android.permission.CHANGE_NETWORK_STATE, android.permission.SYSTEM_ALERT_WINDOW, android.permission.FOREGROUND_SERVICE, android.permission.PACKAGE_USAGE_STATS, android.permission.CHANGE_WIFI_STATE, com.google.android.finsky.permission.BIND_GET_INSTALL_REFERRER_SERVICE, android.permission.CALL_PHONE, com.google.android.gms.permission.AD_ID",No,No,No,No,No,No,No,No,No,No,No,Yes,No,Yes,No,No,No,TRUE,N/A,N/A,N/A,N/A,N/A,FALSE,TRUE,TRUE
@string/app_name,in.atome,Philippines/Approved,"android.permission.READ_EXTERNAL_STORAGE, com.google.android.c2dm.permission.RECEIVE, android.permission.ACCESS_WIFI_STATE, android.permission.READ_PHONE_STATE, com.android.browser.permission.READ_HISTORY_BOOKMARKS, android.permission.BLUETOOTH, android.permission.GET_ACCOUNTS, android.permission.INTERNET, android.permission.ACCESS_FINE_LOCATION, android.permission.RECORD_AUDIO, android.permission.CAMERA, android.permission.WAKE_LOCK, android.permission.READ_CONTACTS, android.permission.FLASHLIGHT, android.permission.GET_PACKAGE_SIZE, android.permission.VIBRATE, android.permission.ACCESS_NETWORK_STATE, android.permission.SYSTEM_ALERT_WINDOW, android.permission.FOREGROUND_SERVICE, android.permission.WRITE_EXTERNAL_STORAGE, com.google.android.finsky.permission.BIND_GET_INSTALL_REFERRER_SERVICE, android.permission.ACCESS_COARSE_LOCATION",Yes,No,No,Yes,Yes,No,No,No,No,No,No,Yes,No,No,No,No,Yes,TRUE,N/A,N/A,N/A,N/A,N/A,TRUE,TRUE,TRUE
@string/app_name,com.yigomob.philippine.pesogo,Philippines/Approved,"android.permission.CAMERA, android.permission.READ_EXTERNAL_STORAGE, android.permission.REQUEST_INSTALL_PACKAGES, com.google.android.c2dm.permission.RECEIVE, android.permission.ACCESS_WIFI_STATE, android.permission.READ_PHONE_STATE, android.permission.WAKE_LOCK, android.permission.ACCESS_NETWORK_STATE, android.permission.WRITE_EXTERNAL_STORAGE, com.google.android.finsky.permission.BIND_GET_INSTALL_REFERRER_SERVICE, android.permission.ACCESS_FINE_LOCATION, android.permission.INTERNET, android.permission.ACCESS_COARSE_LOCATION, android.permission.CALL_PHONE, android.permission.READ_CONTACTS",Yes,No,No,Yes,Yes,No,No,No,No,No,No,Yes,No,No,No,No,Yes,TRUE,N/A,N/A,N/A,N/A,N/A,TRUE,TRUE,TRUE
@string/app_name,ph.cashwow11.android,Philippines/Approved,"android.permission.READ_EXTERNAL_STORAGE, android.permission.VIBRATE, android.permission.CAMERA, com.google.android.c2dm.permission.RECEIVE, ph.cashwow11.android.permission.C2D_MESSAGE, android.permission.ACCESS_WIFI_STATE, android.hardware.camera.autofocus, android.permission.READ_PHONE_STATE, android.permission.WAKE_LOCK, android.permission.MANAGE_DOCUMENTS, android.permission.ACCESS_NETWORK_STATE, android.permission.WRITE_EXTERNAL_STORAGE, com.google.android.finsky.permission.BIND_GET_INSTALL_REFERRER_SERVICE, android.permission.INTERNET, android.permission.ACCESS_FINE_LOCATION, android.permission.ACCESS_COARSE_LOCATION, android.permission.READ_CONTACTS, android.permission.FOREGROUND_SERVICE",Yes,No,No,Yes,Yes,No,No,No,No,No,No,Yes,No,No,No,No,Yes,TRUE,N/A,N/A,N/A,N/A,N/A,TRUE,TRUE,TRUE
@string/fr,com.pesoloan,Philippines/Approved,"android.permission.POST_NOTIFICATIONS, com.google.android.c2dm.permission.RECEIVE, android.permission.ACCESS_WIFI_STATE, android.permission.READ_PHONE_STATE, android.permission.USE_FINGERPRINT, android.permission.INTERNET, android.permission.USE_BIOMETRIC, android.permission.READ_CALL_LOG, android.permission.CAMERA, android.permission.WAKE_LOCK, android.permission.WRITE_CALENDAR, android.permission.GET_PACKAGE_SIZE, android.permission.READ_SMS, android.permission.ACCESS_NETWORK_STATE, android.permission.RECEIVE_SMS, android.permission.CHANGE_NETWORK_STATE, android.permission.PACKAGE_USAGE_STATS, android.permission.READ_CALENDAR, android.permission.CHANGE_WIFI_STATE, com.google.android.finsky.permission.BIND_GET_INSTALL_REFERRER_SERVICE, android.permission.ACCESS_COARSE_LOCATION, com.google.android.gms.permission.AD_ID",No,Yes,No,No,No,No,No,No,No,No,No,Yes,No,Yes,No,No,No,TRUE,N/A,N/A,N/A,N/A,N/A,FALSE,TRUE,TRUE
@string/app_name,com.perabag.app,Philippines/Approved,"android.permission.CAMERA, com.google.android.c2dm.permission.RECEIVE, android.permission.ACCESS_WIFI_STATE, android.permission.READ_PHONE_STATE, android.permission.WAKE_LOCK, android.permission.READ_SMS, android.permission.ACCESS_NETWORK_STATE, android.permission.WRITE_EXTERNAL_STORAGE, android.permission.GET_ACCOUNTS, android.permission.INTERNET, android.permission.ACCESS_COARSE_LOCATION, android.permission.BLUETOOTH, com.google.android.gms.permission.AD_ID, com.google.android.finsky.permission.BIND_GET_INSTALL_REFERRER_SERVICE",No,No,No,No,Yes,No,No,No,No,No,No,Yes,No,Yes,No,No,No,TRUE,N/A,N/A,N/A,N/A,N/A,TRUE,TRUE,TRUE
@string/at,com.qiantanglending.vps,Philippines/Approved,"android.permission.READ_EXTERNAL_STORAGE, android.permission.ACCESS_WIFI_STATE, android.permission.READ_PHONE_STATE, android.permission.READ_LOGS, android.permission.READ_SETTINGS, android.permission.INTERNET, android.permission.ACCESS_FINE_LOCATION, android.permission.RECORD_AUDIO, android.permission.MOUNT_UNMOUNT_FILESYSTEMS, android.permission.CAMERA, android.permission.MODIFY_AUDIO_SETTINGS, android.permission.WAKE_LOCK, android.permission.READ_CONTACTS, android.permission.VIBRATE, android.permission.CHANGE_CONFIGURATION, android.permission.ACCESS_NETWORK_STATE, android.permission.SYSTEM_ALERT_WINDOW, android.permission.RECORD_VIDEO, android.permission.WRITE_SETTINGS, android.permission.GET_TASKS, android.permission.WRITE_EXTERNAL_STORAGE, com.google.android.finsky.permission.BIND_GET_INSTALL_REFERRER_SERVICE, android.permission.CALL_PHONE, android.permission.ACCESS_COARSE_LOCATION",Yes,No,No,Yes,Yes,No,No,No,No,No,No,Yes,No,No,No,No,Yes,TRUE,N/A,N/A,N/A,N/A,N/A,TRUE,TRUE,TRUE
@string/app_name,com.andsystems.lendpinoy,Philippines/Approved,"android.permission.POST_NOTIFICATIONS, com.sec.android.provider.badge.permission.WRITE, com.google.android.c2dm.permission.RECEIVE, android.permission.USE_FINGERPRINT, android.permission.ACCESS_WIFI_STATE, com.sonymobile.home.permission.PROVIDER_INSERT_BADGE, com.anddoes.launcher.permission.UPDATE_COUNT, android.permission.INTERNET, android.permission.USE_BIOMETRIC, android.permission.CAMERA, com.sec.android.provider.badge.permission.READ, android.permission.WAKE_LOCK, com.oppo.launcher.permission.WRITE_SETTINGS, com.huawei.android.launcher.permission.READ_SETTINGS, com.sonyericsson.home.permission.BROADCAST_BADGE, android.permission.READ_APP_BADGE, android.permission.VIBRATE, android.permission.RECEIVE_BOOT_COMPLETED, me.everything.badger.permission.BADGE_COUNT_READ, com.htc.launcher.permission.READ_SETTINGS, android.permission.ACCESS_NETWORK_STATE, com.oppo.launcher.permission.READ_SETTINGS, com.huawei.android.launcher.permission.WRITE_SETTINGS, android.permission.FOREGROUND_SERVICE, com.htc.launcher.permission.UPDATE_SHORTCUT, com.google.android.finsky.permission.BIND_GET_INSTALL_REFERRER_SERVICE, com.majeur.launcher.permission.UPDATE_BADGE, android.permission.ACCESS_COARSE_LOCATION, com.google.android.gms.permission.AD_ID, me.everything.badger.permission.BADGE_COUNT_WRITE, com.huawei.android.launcher.permission.CHANGE_BADGE",No,No,No,No,No,No,No,No,No,No,No,No,No,No,No,No,No,FALSE,N/A,N/A,N/A,N/A,N/A,FALSE,FALSE,FALSE
Cashalo,com.oriente.cashalo,Philippines/Approved,"android.permission.POST_NOTIFICATIONS, com.google.android.c2dm.permission.RECEIVE, android.permission.ACCESS_WIFI_STATE, android.permission.READ_PHONE_STATE, android.permission.USE_FINGERPRINT, android.permission.NFC, android.permission.INTERNET, android.permission.RECORD_AUDIO, android.permission.USE_BIOMETRIC, android.permission.CAMERA, android.permission.WAKE_LOCK, com.oriente.cashalo.DYNAMIC_RECEIVER_NOT_EXPORTED_PERMISSION, android.permission.FLASHLIGHT, android.permission.VIBRATE, android.permission.RECEIVE_BOOT_COMPLETED, android.permission.FOREGROUND_SERVICE_DATA_SYNC, android.permission.ACCESS_NETWORK_STATE, android.permission.FOREGROUND_SERVICE, com.google.android.finsky.permission.BIND_GET_INSTALL_REFERRER_SERVICE, android.permission.ACCESS_COARSE_LOCATION, com.google.android.gms.permission.AD_ID",No,No,No,No,No,No,No,No,No,No,No,Yes,No,No,No,No,No,TRUE,N/A,N/A,N/A,N/A,N/A,FALSE,TRUE,TRUE
@string/app_name,versluisant.kredit24,Philippines/Approved,"android.permission.CAMERA, android.permission.READ_EXTERNAL_STORAGE, com.google.android.c2dm.permission.RECEIVE, android.permission.RECEIVE_BOOT_COMPLETED, android.permission.ACCESS_WIFI_STATE, android.permission.READ_PHONE_STATE, android.permission.WAKE_LOCK, android.permission.ACCESS_NETWORK_STATE, android.permission.BLUETOOTH, com.google.android.finsky.permission.BIND_GET_INSTALL_REFERRER_SERVICE, android.permission.INTERNET, android.permission.ACCESS_FINE_LOCATION, android.permission.ACCESS_COARSE_LOCATION, com.google.android.gms.permission.AD_ID, android.permission.WRITE_EXTERNAL_STORAGE, android.permission.READ_CONTACTS",Yes,No,No,Yes,Yes,No,No,No,No,No,No,Yes,No,No,No,No,Yes,TRUE,N/A,N/A,N/A,N/A,N/A,TRUE,TRUE,TRUE
@string/app_name,com.pesohere.android,Philippines/Approved,"android.permission.POST_NOTIFICATIONS, android.permission.CAMERA, android.permission.READ_PRI, com.google.android.c2dm.permission.RECEIVE, android.permission.RECEIVE_BOOT_COMPLETED, android.permission.ACCESS_WIFI_STATE, android.permission.READ_PHONE_STATE, android.permission.USE_FINGERPRINT, android.permission.WAKE_LOCK, android.permission.READ_SMS, android.permission.ACCESS_NETWORK_STATE, com.google.android.finsky.permission.BIND_GET_INSTALL_REFERRER_SERVICE, android.permission.INTERNET, android.permission.ACCESS_COARSE_LOCATION, com.google.android.gms.permission.AD_ID, android.permission.SYSTEM_ALERT_WINDOW, android.permission.FOREGROUND_SERVICE",No,No,No,No,No,No,No,No,No,No,No,Yes,No,Yes,No,No,No,TRUE,N/A,N/A,N/A,N/A,N/A,FALSE,TRUE,TRUE
@string/app_name,com.ph.loan.android,Philippines/Approved,"android.permission.READ_EXTERNAL_STORAGE, com.google.android.c2dm.permission.RECEIVE, android.permission.ACCESS_WIFI_STATE, android.permission.READ_PHONE_STATE, android.permission.BLUETOOTH, android.permission.GET_ACCOUNTS, android.permission.INTERNET, android.permission.ACCESS_FINE_LOCATION, android.permission.REQUEST_DELETE_PACKAGES, android.permission.RECORD_AUDIO, android.permission.CAMERA, android.permission.MODIFY_AUDIO_SETTINGS, android.permission.WAKE_LOCK, android.permission.WRITE_CALENDAR, android.permission.READ_CONTACTS, android.permission.ACCESS_NETWORK_STATE, android.permission.FOREGROUND_SERVICE, android.permission.PACKAGE_USAGE_STATS, android.permission.READ_CALENDAR, android.permission.CHANGE_WIFI_STATE, android.permission.WRITE_EXTERNAL_STORAGE, com.google.android.finsky.permission.BIND_GET_INSTALL_REFERRER_SERVICE, android.permission.ACCESS_COARSE_LOCATION, android.permission.CALL_PHONE",Yes,No,No,Yes,Yes,No,No,No,No,No,No,Yes,No,No,No,No,Yes,TRUE,N/A,N/A,N/A,N/A,N/A,TRUE,TRUE,TRUE
@string/app_name,com.cga.cash,Philippines/Approved,"android.permission.READ_EXTERNAL_STORAGE, com.google.android.c2dm.permission.RECEIVE, android.permission.ACCESS_WIFI_STATE, android.permission.READ_PHONE_STATE, android.permission.BLUETOOTH, android.permission.GET_ACCOUNTS, android.permission.INTERNET, android.permission.ACCESS_FINE_LOCATION, android.permission.CAMERA, android.permission.WAKE_LOCK, android.permission.WRITE_CALENDAR, android.permission.READ_CONTACTS, android.permission.ACCESS_NETWORK_STATE, android.permission.REQUEST_INSTALL_PACKAGES, android.permission.READ_CALENDAR, android.permission.CHANGE_WIFI_STATE, android.permission.WRITE_EXTERNAL_STORAGE, com.google.android.finsky.permission.BIND_GET_INSTALL_REFERRER_SERVICE, android.permission.ACCESS_COARSE_LOCATION",Yes,No,No,Yes,Yes,No,No,No,No,No,No,Yes,No,No,No,No,Yes,TRUE,N/A,N/A,N/A,N/A,N/A,TRUE,TRUE,TRUE
@string/b_,com.juanhand.fast.cash.peso.loan.app,Philippines/Approved,"android.permission.CAMERA, android.permission.POST_NOTIFICATIONS, android.permission.PACKAGE_USAGE_STATS, com.google.android.c2dm.permission.RECEIVE, android.permission.ACCESS_ADSERVICES_ATTRIBUTION, android.permission.ACCESS_WIFI_STATE, android.permission.READ_PHONE_STATE, android.permission.WAKE_LOCK, android.permission.READ_SMS, com.juanhand.fast.cash.peso.loan.app.DYNAMIC_RECEIVER_NOT_EXPORTED_PERMISSION, android.permission.ACCESS_NETWORK_STATE, com.google.android.finsky.permission.BIND_GET_INSTALL_REFERRER_SERVICE, android.permission.INTERNET, com.google.android.gms.permission.AD_ID, com.huawei.appmarket.service.commondata.permission.GET_COMMON_DATA, android.permission.FOREGROUND_SERVICE",No,No,No,No,No,No,No,No,No,No,No,Yes,No,Yes,No,No,No,TRUE,N/A,N/A,N/A,N/A,N/A,FALSE,TRUE,TRUE
@string/app_name,ooifxdso.opxosduf.oqexred,Philippines/Approved,"android.permission.READ_EXTERNAL_STORAGE, android.permission.POST_NOTIFICATIONS, com.google.android.c2dm.permission.RECEIVE, android.permission.ACCESS_WIFI_STATE, android.permission.READ_PHONE_STATE, android.permission.BLUETOOTH, android.permission.INTERNET, android.permission.ACCESS_FINE_LOCATION, android.permission.CAMERA, android.permission.WAKE_LOCK, android.permission.MANAGE_DOCUMENTS, android.permission.READ_CONTACTS, android.permission.VIBRATE, android.hardware.camera.autofocus, android.permission.READ_SMS, android.permission.ACCESS_NETWORK_STATE, android.permission.FOREGROUND_SERVICE, android.permission.BLUETOOTH_CONNECT, android.permission.READ_PHONE_NUMBERS, android.permission.WRITE_EXTERNAL_STORAGE, com.google.android.finsky.permission.BIND_GET_INSTALL_REFERRER_SERVICE, android.permission.ACCESS_COARSE_LOCATION, com.google.android.gms.permission.AD_ID",Yes,No,No,Yes,Yes,No,No,No,No,No,Yes,Yes,No,Yes,No,No,Yes,TRUE,N/A,N/A,N/A,N/A,N/A,TRUE,TRUE,TRUE
@string/app_name,com.nimechokakifala.apk,Philippines/Approved,"com.sec.android.provider.badge.permission.WRITE, com.google.android.c2dm.permission.RECEIVE, com.sonymobile.home.permission.PROVIDER_INSERT_BADGE, com.anddoes.launcher.permission.UPDATE_COUNT, android.permission.INTERNET, com.sec.android.provider.badge.permission.READ, android.permission.WAKE_LOCK, com.oppo.launcher.permission.WRITE_SETTINGS, com.huawei.android.launcher.permission.READ_SETTINGS, com.sonyericsson.home.permission.BROADCAST_BADGE, android.permission.READ_APP_BADGE, android.permission.VIBRATE, android.permission.RECEIVE_BOOT_COMPLETED, me.everything.badger.permission.BADGE_COUNT_READ, com.htc.launcher.permission.READ_SETTINGS, android.permission.ACCESS_NETWORK_STATE, com.oppo.launcher.permission.READ_SETTINGS, com.huawei.android.launcher.permission.WRITE_SETTINGS, com.htc.launcher.permission.UPDATE_SHORTCUT, com.majeur.launcher.permission.UPDATE_BADGE, me.everything.badger.permission.BADGE_COUNT_WRITE, com.nimechokakifala.apk.permission.C2D_MESSAGE, com.huawei.android.launcher.permission.CHANGE_BADGE",No,No,No,No,No,No,No,No,No,No,No,No,No,No,No,No,No,FALSE,N/A,N/A,N/A,N/A,N/A,FALSE,FALSE,FALSE
@string/app_name,ru.kviku.mobile.credits,Philippines/Approved,"android.permission.POST_NOTIFICATIONS, com.google.android.c2dm.permission.RECEIVE, android.permission.ACCESS_ADSERVICES_ATTRIBUTION, android.permission.ACCESS_ADSERVICES_AD_ID, android.permission.ACCESS_WIFI_STATE, android.permission.USE_FINGERPRINT, android.permission.WAKE_LOCK, android.permission.ACCESS_NETWORK_STATE, com.google.android.finsky.permission.BIND_GET_INSTALL_REFERRER_SERVICE, ru.kviku.mobile.credits.DYNAMIC_RECEIVER_NOT_EXPORTED_PERMISSION, android.permission.INTERNET, com.google.android.gms.permission.AD_ID, android.permission.USE_BIOMETRIC",No,No,No,No,No,No,No,No,No,No,No,No,No,No,No,No,No,FALSE,N/A,N/A,N/A,N/A,N/A,FALSE,FALSE,FALSE
@string/app_name,ph.fast.peso,Philippines/Approved,"android.permission.CAMERA, android.permission.READ_EXTERNAL_STORAGE, android.permission.VIBRATE, ph.fast.peso.permission.MIPUSH_RECEIVE, com.google.android.c2dm.permission.RECEIVE, android.permission.ACCESS_WIFI_STATE, android.permission.READ_PHONE_STATE, android.permission.WAKE_LOCK, android.permission.ACCESS_NETWORK_STATE, android.permission.WRITE_EXTERNAL_STORAGE, com.google.android.finsky.permission.BIND_GET_INSTALL_REFERRER_SERVICE, android.permission.INTERNET, android.permission.CALL_PHONE, android.permission.ACCESS_COARSE_LOCATION, android.permission.ACCESS_FINE_LOCATION, android.permission.REORDER_TASKS, android.permission.RECORD_AUDIO, android.permission.READ_CONTACTS",Yes,No,No,Yes,Yes,No,No,No,No,No,No,Yes,No,No,No,No,Yes,TRUE,N/A,N/A,N/A,N/A,N/A,TRUE,TRUE,TRUE
@string/app_name,com.peso2go,Philippines/Approved,"android.permission.READ_CONTACTS, android.permission.READ_EXTERNAL_STORAGE, android.permission.CAMERA, android.permission.READ_PHONE_NUMBERS, android.permission.CHANGE_WIFI_STATE, android.permission.ACCESS_WIFI_STATE, android.permission.WRITE_CONTACTS, android.permission.ACCESS_NETWORK_STATE, android.permission.WRITE_EXTERNAL_STORAGE, com.google.android.finsky.permission.BIND_GET_INSTALL_REFERRER_SERVICE, android.permission.INTERNET, android.permission.ACCESS_COARSE_LOCATION, android.permission.ACCESS_FINE_LOCATION, android.permission.RECORD_AUDIO, android.permission.SYSTEM_ALERT_WINDOW",Yes,No,No,Yes,Yes,No,No,No,No,No,Yes,No,No,No,No,No,Yes,TRUE,N/A,N/A,N/A,N/A,N/A,TRUE,TRUE,TRUE
@string/b3,pesop.jkaht,Philippines/Approved,"android.permission.CAMERA, android.permission.ACCESS_WIFI_STATE, android.permission.ACCESS_NETWORK_STATE, com.google.android.finsky.permission.BIND_GET_INSTALL_REFERRER_SERVICE, android.permission.INTERNET, android.permission.ACCESS_COARSE_LOCATION, android.permission.ACCESS_FINE_LOCATION, android.permission.READ_CONTACTS, android.permission.FOREGROUND_SERVICE",Yes,No,No,No,No,No,No,No,No,No,No,No,No,No,No,No,Yes,TRUE,N/A,N/A,N/A,N/A,N/A,TRUE,TRUE,TRUE
@string/app_name,com.vip.pera,Philippines/Approved,"android.permission.READ_MEDIA_VISUAL_USER_SELECTED, android.permission.CAMERA, android.permission.GET_TASKS, android.permission.POST_NOTIFICATIONS, android.permission.ACCESS_WIFI_STATE, android.permission.WAKE_LOCK, android.permission.READ_SETTINGS, android.permission.READ_SMS, android.permission.ACCESS_NETWORK_STATE, android.permission.RECEIVE_SMS, com.google.android.finsky.permission.BIND_GET_INSTALL_REFERRER_SERVICE, android.permission.INTERNET, android.permission.ACCESS_COARSE_LOCATION, com.google.android.gms.permission.AD_ID, com.vip.pera.DYNAMIC_RECEIVER_NOT_EXPORTED_PERMISSION, android.permission.MOUNT_UNMOUNT_FILESYSTEMS, android.permission.READ_CLIPBOARD, android.permission.FOREGROUND_SERVICE",No,No,No,No,No,No,No,No,No,No,No,No,No,Yes,No,No,No,FALSE,N/A,N/A,N/A,N/A,N/A,FALSE,TRUE,FALSE
@string/app_name,com.tmart.pesoq,Philippines/Approved,"android.permission.POST_NOTIFICATIONS, com.google.android.c2dm.permission.RECEIVE, android.permission.ACCESS_WIFI_STATE, android.permission.INTERNET, android.permission.ACCESS_BACKGROUND_LOCATION, android.permission.CAMERA, android.permission.WAKE_LOCK, android.permission.WRITE_CALENDAR, android.permission.FLASHLIGHT, android.permission.VIBRATE, android.permission.READ_SMS, android.permission.ACCESS_NETWORK_STATE, android.permission.CHANGE_NETWORK_STATE, android.permission.HIGH_SAMPLING_RATE_SENSORS, android.permission.READ_CALENDAR, android.permission.CHANGE_WIFI_STATE, com.google.android.finsky.permission.BIND_GET_INSTALL_REFERRER_SERVICE, android.permission.ACCESS_COARSE_LOCATION, com.google.android.gms.permission.AD_ID",No,No,No,No,No,No,No,No,No,No,No,No,No,Yes,No,No,No,FALSE,N/A,N/A,N/A,N/A,N/A,FALSE,TRUE,FALSE
@string/b3,com.wdjk.mcvay,Philippines/Approved,"android.permission.CAMERA, android.permission.ACCESS_WIFI_STATE, android.permission.READ_PHONE_STATE, android.permission.ACCESS_NETWORK_STATE, com.google.android.finsky.permission.BIND_GET_INSTALL_REFERRER_SERVICE, android.permission.INTERNET, android.permission.ACCESS_COARSE_LOCATION, android.permission.ACCESS_FINE_LOCATION, android.permission.READ_CONTACTS, android.permission.FOREGROUND_SERVICE",Yes,No,No,No,No,No,No,No,No,No,No,Yes,No,No,No,No,Yes,TRUE,N/A,N/A,N/A,N/A,N/A,TRUE,TRUE,TRUE
@string/app_name,com.easy.cash.loan,Philippines/Approved,"android.permission.READ_EXTERNAL_STORAGE, android.permission.ACCESS_LOCATION_EXTRA_COMMANDS, com.google.android.c2dm.permission.RECEIVE, android.permission.ACCESS_WIFI_STATE, android.permission.READ_PHONE_STATE, android.permission.BLUETOOTH, android.permission.INTERNET, android.permission.ACCESS_FINE_LOCATION, android.permission.CAMERA, android.permission.WAKE_LOCK, android.permission.WRITE_CALENDAR, android.permission.READ_CONTACTS, android.permission.VIBRATE, android.permission.ACCESS_NETWORK_STATE, android.permission.CHANGE_NETWORK_STATE, android.permission.FOREGROUND_SERVICE, android.permission.GET_TASKS, android.permission.REQUEST_INSTALL_PACKAGES, android.permission.READ_CALENDAR, android.permission.CHANGE_WIFI_STATE, android.permission.WRITE_EXTERNAL_STORAGE, com.google.android.finsky.permission.BIND_GET_INSTALL_REFERRER_SERVICE, android.permission.ACCESS_COARSE_LOCATION",Yes,No,No,Yes,Yes,No,No,No,No,No,No,Yes,No,No,No,No,Yes,TRUE,N/A,N/A,N/A,N/A,N/A,TRUE,TRUE,TRUE
@string/app_name,com.jrweid.pilipinas.loanmarket,Philippines/Approved,"android.permission.READ_EXTERNAL_STORAGE, android.permission.REQUEST_INSTALL_PACKAGES, com.google.android.c2dm.permission.RECEIVE, android.permission.READ_PHONE_STATE, android.permission.WAKE_LOCK, android.permission.ACCESS_NETWORK_STATE, android.permission.WRITE_EXTERNAL_STORAGE, com.google.android.finsky.permission.BIND_GET_INSTALL_REFERRER_SERVICE, android.permission.INTERNET",No,No,No,Yes,Yes,No,No,No,No,No,No,Yes,No,No,No,No,No,TRUE,N/A,N/A,N/A,N/A,N/A,TRUE,TRUE,TRUE
@string/app_name,com.jrweid.pautang.peso,Philippines/Approved,"android.permission.CAMERA, android.permission.READ_EXTERNAL_STORAGE, android.permission.REQUEST_INSTALL_PACKAGES, com.google.android.c2dm.permission.RECEIVE, android.permission.ACCESS_WIFI_STATE, android.permission.READ_PHONE_STATE, android.permission.WAKE_LOCK, android.permission.ACCESS_NETWORK_STATE, android.permission.WRITE_EXTERNAL_STORAGE, com.google.android.finsky.permission.BIND_GET_INSTALL_REFERRER_SERVICE, android.permission.ACCESS_FINE_LOCATION, android.permission.INTERNET, android.permission.ACCESS_COARSE_LOCATION, android.permission.CALL_PHONE, android.permission.READ_CONTACTS",Yes,No,No,Yes,Yes,No,No,No,No,No,No,Yes,No,No,No,No,Yes,TRUE,N/A,N/A,N/A,N/A,N/A,TRUE,TRUE,TRUE
QuickLa,com.luck.duck.quickla,Philippines/Approved,"android.permission.ACCESS_WIFI_STATE, android.permission.READ_PHONE_STATE, android.permission.LOCAL_MAC_ADDRESS, android.permission.BLUETOOTH, android.permission.INTERNET, com.luck.duck.quickla.DYNAMIC_RECEIVER_NOT_EXPORTED_PERMISSION, android.permission.READ_CALL_LOG, android.permission.CAMERA, android.permission.WAKE_LOCK, android.permission.WRITE_CALENDAR, android.permission.READ_SMS, android.permission.ACCESS_NETWORK_STATE, android.permission.RECEIVE_SMS, android.permission.PACKAGE_USAGE_STATS, android.permission.READ_PRIVILEGED_PHONE_STATE, android.permission.READ_CALENDAR, android.permission.CHANGE_WIFI_STATE, com.google.android.finsky.permission.BIND_GET_INSTALL_REFERRER_SERVICE, android.permission.ACCESS_COARSE_LOCATION, com.google.android.gms.permission.AD_ID",No,Yes,No,No,No,No,No,No,No,No,No,Yes,No,Yes,No,No,No,TRUE,N/A,N/A,N/A,N/A,N/A,FALSE,TRUE,TRUE
@string/app_name,tech.codeblock.okpeso,Philippines/Approved,"android.permission.POST_NOTIFICATIONS, com.google.android.c2dm.permission.RECEIVE, android.permission.ACCESS_WIFI_STATE, android.permission.READ_PHONE_STATE, android.permission.INTERNET, android.permission.CAMERA2, android.permission.CAMERA, android.permission.WAKE_LOCK, tech.codeblock.okpeso.DYNAMIC_RECEIVER_NOT_EXPORTED_PERMISSION, android.permission.RECEIVE_BOOT_COMPLETED, android.permission.READ_SMS, android.permission.ACCESS_NETWORK_STATE, android.permission.FOREGROUND_SERVICE, android.permission.READ_PRIVILEGED_PHONE_STATE, android.permission.READ_CALENDAR, android.permission.SCHEDULE_EXACT_ALARM, com.google.android.finsky.permission.BIND_GET_INSTALL_REFERRER_SERVICE, android.permission.ACCESS_COARSE_LOCATION, com.google.android.gms.permission.AD_ID",No,No,No,No,No,No,No,No,No,No,No,Yes,No,Yes,No,No,No,TRUE,N/A,N/A,N/A,N/A,N/A,FALSE,TRUE,TRUE
PesoBuffet,com.abs.pesobuffet.android,Philippines/Approved,"com.abs.pesobuffet.android.DYNAMIC_RECEIVER_NOT_EXPORTED_PERMISSION, android.permission.ACCESS_WIFI_STATE, android.permission.READ_PHONE_STATE, android.permission.LOCAL_MAC_ADDRESS, android.permission.BLUETOOTH, android.permission.INTERNET, android.permission.READ_CALL_LOG, android.permission.CAMERA, android.permission.WAKE_LOCK, android.permission.WRITE_CALENDAR, android.permission.READ_SMS, android.permission.ACCESS_NETWORK_STATE, android.permission.RECEIVE_SMS, android.permission.PACKAGE_USAGE_STATS, android.permission.READ_PRIVILEGED_PHONE_STATE, android.permission.READ_CALENDAR, android.permission.CHANGE_WIFI_STATE, com.google.android.finsky.permission.BIND_GET_INSTALL_REFERRER_SERVICE, android.permission.ACCESS_COARSE_LOCATION, com.google.android.gms.permission.AD_ID",No,Yes,No,No,No,No,No,No,No,No,No,Yes,No,Yes,No,No,No,TRUE,N/A,N/A,N/A,N/A,N/A,FALSE,TRUE,TRUE
@string/app_name,io.silvrr.finance,Philippines/Approved,"android.permission.PERMISSION_GRANTED, com.google.android.c2dm.permission.RECEIVE, android.permission.ACCESS_WIFI_STATE, android.permission.BLUETOOTH, android.permission.INTERNET, android.permission.ACCESS_FINE_LOCATION, android.permission.RECORD_AUDIO, android.permission.MOUNT_UNMOUNT_FILESYSTEMS, com.google.android.providers.gsf.permission.READ_GSERVICES, android.permission.CAMERA, android.permission.WAKE_LOCK, android.permission.FLASHLIGHT, android.permission.VIBRATE, android.permission.RECEIVE_BOOT_COMPLETED, android.permission.ACCESS_NETWORK_STATE, com.android.alarm.permission.SET_ALARM, android.permission.SYSTEM_ALERT_WINDOW, android.permission.FOREGROUND_SERVICE, android.permission.GET_TASKS, android.permission.REQUEST_INSTALL_PACKAGES, android.permission.BLUETOOTH_ADMIN, android.permission.CHANGE_WIFI_STATE, com.google.android.finsky.permission.BIND_GET_INSTALL_REFERRER_SERVICE, android.permission.ACCESS_COARSE_LOCATION",No,No,No,No,No,No,No,No,No,No,No,No,No,No,No,No,Yes,FALSE,N/A,N/A,N/A,N/A,N/A,TRUE,TRUE,FALSE
@string/app_name,com.touchlend.fcash,Philippines/Approved,"android.permission.CAMERA, android.permission.READ_EXTERNAL_STORAGE, android.permission.GET_TASKS, com.google.android.c2dm.permission.RECEIVE, android.permission.CHANGE_WIFI_STATE, android.permission.ACCESS_WIFI_STATE, android.permission.WAKE_LOCK, android.permission.READ_SETTINGS, android.permission.ACCESS_NETWORK_STATE, android.permission.WRITE_EXTERNAL_STORAGE, com.google.android.finsky.permission.BIND_GET_INSTALL_REFERRER_SERVICE, android.permission.INTERNET, android.permission.ACCESS_COARSE_LOCATION, android.permission.ACCESS_FINE_LOCATION, android.permission.READ_CONTACTS, android.permission.FOREGROUND_SERVICE",Yes,No,No,Yes,Yes,No,No,No,No,No,No,No,No,No,No,No,Yes,TRUE,N/A,N/A,N/A,N/A,N/A,TRUE,TRUE,TRUE
@string/app_name,com.phoneapp.paghiram,Philippines/Approved,"android.permission.READ_EXTERNAL_STORAGE, com.google.android.c2dm.permission.RECEIVE, android.permission.ACCESS_WIFI_STATE, android.permission.READ_PHONE_STATE, com.android.browser.permission.READ_HISTORY_BOOKMARKS, android.permission.GET_ACCOUNTS, android.permission.INTERNET, android.permission.ACCESS_FINE_LOCATION, android.permission.CAMERA, android.permission.WAKE_LOCK, android.permission.FLASHLIGHT, android.permission.READ_CONTACTS, android.permission.VIBRATE, android.permission.ACCESS_NETWORK_STATE, android.permission.CHANGE_NETWORK_STATE, android.permission.CHANGE_WIFI_STATE, android.permission.WRITE_EXTERNAL_STORAGE, com.google.android.finsky.permission.BIND_GET_INSTALL_REFERRER_SERVICE, android.permission.ACCESS_COARSE_LOCATION",Yes,No,No,Yes,Yes,No,No,No,No,No,No,Yes,No,No,No,No,Yes,TRUE,N/A,N/A,N/A,N/A,N/A,TRUE,TRUE,TRUE
MayPera,com.maypera.peso,Philippines/Approved,"android.permission.CAMERA, android.permission.POST_NOTIFICATIONS, com.google.android.c2dm.permission.RECEIVE, android.permission.RECEIVE_BOOT_COMPLETED, android.permission.ACCESS_WIFI_STATE, android.permission.WAKE_LOCK, android.permission.READ_SMS, com.maypera.peso.DYNAMIC_RECEIVER_NOT_EXPORTED_PERMISSION, android.permission.ACCESS_NETWORK_STATE, com.google.android.finsky.permission.BIND_GET_INSTALL_REFERRER_SERVICE, android.permission.INTERNET, android.permission.ACCESS_COARSE_LOCATION, com.google.android.gms.permission.AD_ID, android.permission.FOREGROUND_SERVICE",No,No,No,No,No,No,No,No,No,No,No,No,No,Yes,No,No,No,FALSE,N/A,N/A,N/A,N/A,N/A,FALSE,TRUE,FALSE
@string/app_name,com.lemon.loan,Philippines/Approved,"android.permission.CAMERA, android.permission.READ_EXTERNAL_STORAGE, android.permission.VIBRATE, android.permission.ACCESS_WIFI_STATE, android.permission.READ_PHONE_STATE, android.permission.WAKE_LOCK, android.permission.ACCESS_NETWORK_STATE, android.permission.WRITE_EXTERNAL_STORAGE, com.google.android.finsky.permission.BIND_GET_INSTALL_REFERRER_SERVICE, android.permission.INTERNET, android.permission.CALL_PHONE, android.permission.ACCESS_COARSE_LOCATION, android.permission.ACCESS_FINE_LOCATION, android.permission.REORDER_TASKS, android.permission.RECORD_AUDIO, com.lemon.loan.permission.MIPUSH_RECEIVE, android.permission.READ_CONTACTS, android.permission.FOREGROUND_SERVICE",Yes,No,No,Yes,Yes,No,No,No,No,No,No,Yes,No,No,No,No,Yes,TRUE,N/A,N/A,N/A,N/A,N/A,TRUE,TRUE,TRUE
@string/app_name,ph.cashme666.android,Philippines/Approved,"android.permission.BLUETOOTH_CONNECT, android.permission.CAMERA, android.permission.VIBRATE, android.permission.POST_NOTIFICATIONS, com.google.android.c2dm.permission.RECEIVE, android.permission.ACCESS_WIFI_STATE, android.hardware.camera.autofocus, android.permission.WAKE_LOCK, android.permission.READ_SMS, android.permission.ACCESS_NETWORK_STATE, android.permission.BLUETOOTH, com.google.android.finsky.permission.BIND_GET_INSTALL_REFERRER_SERVICE, android.permission.INTERNET, android.permission.ACCESS_COARSE_LOCATION, com.google.android.gms.permission.AD_ID, android.permission.FOREGROUND_SERVICE",No,No,No,No,No,No,No,No,No,No,No,No,No,Yes,No,No,No,FALSE,N/A,N/A,N/A,N/A,N/A,FALSE,TRUE,FALSE
@string/app_name,com.pesoadvance.app,Philippines/Approved,"android.permission.READ_EXTERNAL_STORAGE, com.google.android.c2dm.permission.RECEIVE, android.permission.ACCESS_WIFI_STATE, android.permission.READ_PHONE_STATE, android.permission.BLUETOOTH, android.permission.INTERNET, android.permission.ACCESS_FINE_LOCATION, android.permission.REORDER_TASKS, android.permission.RECORD_AUDIO, android.permission.CAMERA, android.permission.ACCESS_COARSE_UPDATES, android.permission.WAKE_LOCK, com.pesoadvance.app.permission.MIPUSH_RECEIVE, android.permission.READ_CONTACTS, android.permission.VIBRATE, android.permission.ACCESS_NETWORK_STATE, android.permission.WRITE_SETTINGS, android.permission.GET_TASKS, android.permission.BATTERY_STATS, android.permission.WRITE_EXTERNAL_STORAGE, com.google.android.finsky.permission.BIND_GET_INSTALL_REFERRER_SERVICE, android.permission.CALL_PHONE, android.permission.ACCESS_COARSE_LOCATION",Yes,No,No,Yes,Yes,No,No,No,No,No,No,Yes,No,No,No,No,Yes,TRUE,N/A,N/A,N/A,N/A,N/A,TRUE,TRUE,TRUE
@string/app_name,com.hffeilvbin.pesopocket,Philippines/Approved,"android.permission.READ_EXTERNAL_STORAGE, com.google.android.c2dm.permission.RECEIVE, android.permission.ACCESS_WIFI_STATE, android.permission.BROADCAST_PACKAGE_INSTALL, android.permission.READ_PHONE_STATE, android.permission.INTERNET, android.permission.ACCESS_FINE_LOCATION, android.permission.CAMERA, android.permission.WAKE_LOCK, android.permission.BROADCAST_PACKAGE_CHANGED, android.permission.BROADCAST_PACKAGE_ADDED, android.permission.READ_CONTACTS, android.permission.RECEIVE_BOOT_COMPLETED, com.android.launcher.permission.READ_SETTINGS, android.permission.BROADCAST_PACKAGE_REPLACED, android.permission.ACCESS_NETWORK_STATE, android.permission.CHANGE_NETWORK_STATE, android.permission.FOREGROUND_SERVICE, android.permission.WRITE_SETTINGS, android.permission.CHANGE_WIFI_STATE, android.permission.WRITE_EXTERNAL_STORAGE, com.google.android.finsky.permission.BIND_GET_INSTALL_REFERRER_SERVICE, android.permission.ACCESS_COARSE_LOCATION, android.permission.CAMERA.AUTOFOCUS, android.permission.READ_SYNC_SETTINGS",Yes,No,No,Yes,Yes,No,No,No,No,No,No,Yes,No,No,No,No,Yes,TRUE,N/A,N/A,N/A,N/A,N/A,TRUE,TRUE,TRUE
@string/app_name,com.hffeilvbin.lightkredit,Philippines/Approved,"android.permission.READ_EXTERNAL_STORAGE, com.google.android.c2dm.permission.RECEIVE, android.permission.ACCESS_WIFI_STATE, android.permission.BROADCAST_PACKAGE_INSTALL, android.permission.READ_PHONE_STATE, android.permission.INTERNET, android.permission.ACCESS_FINE_LOCATION, android.permission.CAMERA, android.permission.WAKE_LOCK, android.permission.BROADCAST_PACKAGE_CHANGED, android.permission.BROADCAST_PACKAGE_ADDED, android.permission.READ_CONTACTS, android.permission.RECEIVE_BOOT_COMPLETED, com.android.launcher.permission.READ_SETTINGS, android.permission.BROADCAST_PACKAGE_REPLACED, android.permission.ACCESS_NETWORK_STATE, android.permission.CHANGE_NETWORK_STATE, android.permission.FOREGROUND_SERVICE, android.permission.WRITE_SETTINGS, android.permission.CHANGE_WIFI_STATE, android.permission.WRITE_EXTERNAL_STORAGE, com.google.android.finsky.permission.BIND_GET_INSTALL_REFERRER_SERVICE, android.permission.ACCESS_COARSE_LOCATION, android.permission.CAMERA.AUTOFOCUS, android.permission.READ_SYNC_SETTINGS",Yes,No,No,Yes,Yes,No,No,No,No,No,No,Yes,No,No,No,No,Yes,TRUE,N/A,N/A,N/A,N/A,N/A,TRUE,TRUE,TRUE
@string/app_name,com.yinshan.happycashPro,Philippines/Approved,"android.permission.READ_EXTERNAL_STORAGE, com.google.android.c2dm.permission.RECEIVE, android.permission.ACCESS_WIFI_STATE, android.permission.READ_PHONE_STATE, android.permission.INTERNET, android.permission.ACCESS_FINE_LOCATION, android.permission.RECORD_AUDIO, android.permission.CAMERA, android.permission.WAKE_LOCK, android.permission.READ_CONTACTS, android.permission.VIBRATE, android.permission.SYSTEM_OVERLAY_WINDOW, android.permission.ACCESS_NETWORK_STATE, android.permission.SYSTEM_ALERT_WINDOW, android.permission.FOREGROUND_SERVICE, android.permission.WRITE_EXTERNAL_STORAGE, com.google.android.finsky.permission.BIND_GET_INSTALL_REFERRER_SERVICE, android.permission.ACCESS_COARSE_LOCATION, android.permission.READ_SYNC_SETTINGS",Yes,No,No,Yes,Yes,No,No,No,No,No,No,Yes,No,No,No,No,Yes,TRUE,N/A,N/A,N/A,N/A,N/A,TRUE,TRUE,TRUE
@string/app_name,ph.lhl.pautangpeso,Philippines/Delisted,"android.permission.CAMERA, android.permission.VIBRATE, android.permission.POST_NOTIFICATIONS, android.permission.HIGH_SAMPLING_RATE_SENSORS, com.google.android.c2dm.permission.RECEIVE, android.permission.CHANGE_WIFI_STATE, android.permission.ACCESS_WIFI_STATE, android.permission.WAKE_LOCK, android.permission.READ_SMS, android.permission.ACCESS_NETWORK_STATE, com.google.android.finsky.permission.BIND_GET_INSTALL_REFERRER_SERVICE, ph.lhl.pautangpeso.DYNAMIC_RECEIVER_NOT_EXPORTED_PERMISSION, android.permission.INTERNET, android.permission.ACCESS_COARSE_LOCATION, com.google.android.gms.permission.AD_ID, android.permission.CHANGE_NETWORK_STATE, android.permission.FLASHLIGHT",No,No,No,No,No,No,No,No,No,No,No,No,No,Yes,No,No,No,FALSE,N/A,N/A,N/A,N/A,N/A,FALSE,TRUE,FALSE
Unknown,com.cashstar.mobile,Unknown/Unknown,,No,No,No,No,No,No,No,No,No,No,No,No,No,No,No,No,No,FALSE,N/A,N/A,N/A,N/A,N/A,FALSE,FALSE,FALSE
@string/app_name_str,ph.fk.startloan,Philippines/Delisted,"android.permission.CAMERA, android.permission.READ_EXTERNAL_STORAGE, android.permission.ACCESS_WIFI_STATE, android.permission.ACCESS_NETWORK_STATE, android.permission.WRITE_EXTERNAL_STORAGE, com.google.android.finsky.permission.BIND_GET_INSTALL_REFERRER_SERVICE, android.permission.INTERNET, android.permission.ACCESS_COARSE_LOCATION, android.permission.ACCESS_FINE_LOCATION, android.permission.FOREGROUND_SERVICE",No,No,No,Yes,Yes,No,No,No,No,No,No,No,No,No,No,No,Yes,FALSE,N/A,N/A,N/A,N/A,N/A,TRUE,TRUE,FALSE
Unknown,com.cashstar.mobile,Unknown/Unknown,,No,No,No,No,No,No,No,No,No,No,No,No,No,No,No,No,No,FALSE,N/A,N/A,N/A,N/A,N/A,FALSE,FALSE,FALSE
@string/app_name,com.pera4u.peso,Philippines/Delisted,"android.permission.CAMERA, android.permission.READ_PHONE_STATE, android.permission.WAKE_LOCK, android.permission.ACCESS_NETWORK_STATE, com.google.android.finsky.permission.BIND_GET_INSTALL_REFERRER_SERVICE, android.permission.INTERNET, com.google.android.gms.permission.AD_ID, com.pera4u.peso.DYNAMIC_RECEIVER_NOT_EXPORTED_PERMISSION",No,No,No,No,No,No,No,No,No,No,No,Yes,No,No,No,No,No,TRUE,N/A,N/A,N/A,N/A,N/A,FALSE,TRUE,TRUE
@string/app_name,com.pesopop,Philippines/Delisted,"android.permission.READ_EXTERNAL_STORAGE, android.permission.REQUEST_INSTALL_PACKAGES, android.permission.RECEIVE_BOOT_COMPLETED, android.permission.ACCESS_WIFI_STATE, android.permission.READ_PHONE_STATE, android.permission.ACCESS_NETWORK_STATE, android.permission.WRITE_EXTERNAL_STORAGE, android.permission.INTERNET, android.permission.SYSTEM_ALERT_WINDOW, android.permission.ACCESS_FINE_LOCATION, android.permission.ACCESS_COARSE_LOCATION, android.permission.READ_CONTACTS, android.permission.FOREGROUND_SERVICE",Yes,No,No,Yes,Yes,No,No,No,No,No,No,Yes,No,No,No,No,Yes,TRUE,N/A,N/A,N/A,N/A,N/A,TRUE,TRUE,TRUE
@string/app_name,com.vincocopeso.propitious,Philippines/Delisted,"android.permission.CAMERA, android.permission.ACCESS_WIFI_STATE, android.permission.READ_PHONE_STATE, android.permission.WAKE_LOCK, android.permission.READ_SMS, android.permission.ACCESS_NETWORK_STATE, com.google.android.finsky.permission.BIND_GET_INSTALL_REFERRER_SERVICE, android.permission.INTERNET, com.google.android.gms.permission.AD_ID",No,No,No,No,No,No,No,No,No,No,No,Yes,No,Yes,No,No,No,TRUE,N/A,N/A,N/A,N/A,N/A,FALSE,TRUE,TRUE
@string/b3,luckyloan.shelck,Philippines/Delisted,"android.permission.CAMERA, android.permission.ACCESS_WIFI_STATE, android.permission.ACCESS_NETWORK_STATE, com.google.android.finsky.permission.BIND_GET_INSTALL_REFERRER_SERVICE, android.permission.INTERNET, android.permission.ACCESS_COARSE_LOCATION, android.permission.ACCESS_FINE_LOCATION, android.permission.READ_CONTACTS, android.permission.FOREGROUND_SERVICE",Yes,No,No,No,No,No,No,No,No,No,No,No,No,No,No,No,Yes,TRUE,N/A,N/A,N/A,N/A,N/A,TRUE,TRUE,TRUE
upeso,com.lanhai.upesocash,Philippines/Delisted,"android.permission.READ_CALL_LOG, android.permission.CAMERA, android.permission.POST_NOTIFICATIONS, android.permission.READ_PRIVILEGED_PHONE_STATE, com.google.android.c2dm.permission.RECEIVE, android.permission.ACCESS_ADSERVICES_ATTRIBUTION, android.permission.ACCESS_ADSERVICES_AD_ID, android.permission.ACCESS_WIFI_STATE, android.permission.READ_PHONE_STATE, android.permission.WAKE_LOCK, android.permission.READ_SMS, android.permission.ACCESS_NETWORK_STATE, com.google.android.finsky.permission.BIND_GET_INSTALL_REFERRER_SERVICE, android.permission.INTERNET, com.google.android.gms.permission.AD_ID, com.huawei.appmarket.service.commondata.permission.GET_COMMON_DATA, com.lanhai.upesocash.DYNAMIC_RECEIVER_NOT_EXPORTED_PERMISSION, android.permission.GET_PACKAGE_SIZE",No,Yes,No,No,No,No,No,No,No,No,No,Yes,No,Yes,No,No,No,TRUE,N/A,N/A,N/A,N/A,N/A,FALSE,TRUE,TRUE
@string/app_name_str,ph.fk.pondoloan,Philippines/Delisted,"android.permission.CAMERA, android.permission.READ_EXTERNAL_STORAGE, android.permission.ACCESS_WIFI_STATE, android.permission.ACCESS_NETWORK_STATE, android.permission.WRITE_EXTERNAL_STORAGE, com.google.android.finsky.permission.BIND_GET_INSTALL_REFERRER_SERVICE, android.permission.INTERNET, android.permission.FOREGROUND_SERVICE",No,No,No,Yes,Yes,No,No,No,No,No,No,No,No,No,No,No,No,FALSE,N/A,N/A,N/A,N/A,N/A,TRUE,TRUE,FALSE
