App Name,Package Name,Country/Classification,Permissions,android.permission.READ_CONTACTS,android.permission.READ_CALL_LOG,android.permission.WRITE_CALL_LOG,android.permission.READ_EXTERNAL_STORAGE,android.permission.WRITE_EXTERNAL_STORAGE,android.permission.MANAGE_EXTERNAL_STORAGE,android.permission.MANAGE_MEDIA,android.permission.READ_MEDIA_AUDIO,android.permission.READ_MEDIA_IMAGES,android.permission.READ_MEDIA_VIDEO,android.permission.READ_PHONE_NUMBERS,android.permission.READ_PHONE_STATE,android.permission.READ_PRECISE_PHONE_STATE,android.permission.READ_SMS,android.permission.MANAGE_ONGOING_CALLS,android.permission.QUERY_ALL_PACKAGES,android.permission.ACCESS_FINE_LOCATION,Has Restricted Permission,ViolateGoogle,ViolateLoanWatch,ViolateCountryPolicy
M-Pawa,com.stima_mpawa,Kenya/Approved,"android.permission.INTERNET, android.permission.CALL_PHONE, android.permission.ACCESS_NETWORK_STATE",No,No,No,No,No,No,No,No,No,No,No,No,No,No,No,No,No,FALSE,FALSE,FALSE,FALSE
Ngao Credit,com.extrainch.ngaocredit,Kenya/Approved,"android.permission.POST_NOTIFICATIONS, android.permission.READ_EXTERNAL_STORAGE, android.permission.RECEIVE_BOOT_COMPLETED, android.permission.BLUETOOTH, android.permission.CAMERA, android.permission.WRITE_EXTERNAL_STORAGE, android.permission.ACCESS_NETWORK_STATE, android.permission.READ_PHONE_STATE, com.google.android.c2dm.permission.RECEIVE, android.permission.RECORD_AUDIO, android.permission.INTERNET, android.permission.FOREGROUND_SERVICE, android.permission.ACCESS_COARSE_LOCATION, android.permission.WAKE_LOCK, android.permission.ACCESS_FINE_LOCATION",No,No,No,Yes,Yes,No,No,No,No,No,No,Yes,No,No,No,No,Yes,FALSE,TRUE,TRUE,FALSE
Aptoide,cm.aptoide.pt,Kenya/Approved,"android.permission.ACCESS_WIFI_STATE, android.permission.GET_ACCOUNTS, android.permission.REQUEST_DELETE_PACKAGES, android.permission.READ_SYNC_SETTINGS, android.permission.READ_EXTERNAL_STORAGE, com.android.launcher.permission.INSTALL_SHORTCUT, android.permission.MANAGE_ACCOUNTS, android.permission.WAKE_LOCK, android.permission.READ_SYNC_STATS, android.permission.ACCESS_NETWORK_STATE, android.permission.QUERY_ALL_PACKAGES, android.permission.INTERNET, com.google.android.finsky.permission.BIND_GET_INSTALL_REFERRER_SERVICE, android.permission.WRITE_SYNC_SETTINGS, android.permission.INSTALL_PACKAGES, android.permission.RECEIVE_BOOT_COMPLETED, android.permission.USE_CREDENTIALS, android.permission.WRITE_EXTERNAL_STORAGE, android.permission.CAMERA, android.permission.AUTHENTICATE_ACCOUNTS, android.permission.FOREGROUND_SERVICE, android.permission.REQUEST_INSTALL_PACKAGES, android.permission.CHANGE_WIFI_MULTICAST_STATE",No,No,No,Yes,Yes,No,No,No,No,No,No,No,No,No,No,Yes,No,FALSE,TRUE,TRUE,FALSE
闪电学贷,com.flash.flashcredit,Kenya/Approved,"android.permission.READ_SMS, android.permission.RECEIVE_SMS, android.permission.ACCESS_WIFI_STATE, android.permission.GET_ACCOUNTS, android.permission.SEND_SMS, android.permission.READ_CONTACTS, android.permission.WRITE_SETTINGS, android.permission.BROADCAST_PACKAGE_CHANGED, android.permission.MANAGE_ACCOUNTS, android.permission.CALL_PHONE, android.permission.ACCESS_COARSE_LOCATION, android.permission.WAKE_LOCK, android.permission.BROADCAST_PACKAGE_INSTALL, android.permission.ACCESS_NETWORK_STATE, android.permission.READ_PHONE_STATE, android.permission.VIBRATE, android.permission.INTERNET, android.permission.BROADCAST_PACKAGE_ADDED, android.permission.GET_TASKS, android.permission.CHANGE_NETWORK_STATE, android.permission.CHANGE_WIFI_STATE, android.permission.SYSTEM_ALERT_WINDOW, android.permission.RECEIVE_BOOT_COMPLETED, android.permission.USE_CREDENTIALS, android.permission.RESTART_PACKAGES, android.permission.WRITE_EXTERNAL_STORAGE, android.permission.SET_DEBUG_APP, android.permission.BROADCAST_PACKAGE_REPLACED, android.permission.READ_LOGS, android.permission.ACCESS_FINE_LOCATION",Yes,No,No,No,Yes,No,No,No,No,No,No,Yes,No,Yes,No,No,Yes,TRUE,TRUE,TRUE,TRUE
@7F120095,com.mkopa.app,Kenya/Approved,"android.permission.POST_NOTIFICATIONS, android.permission.RECEIVE_BOOT_COMPLETED, android.permission.VIBRATE, android.permission.ACCESS_NETWORK_STATE, com.google.android.c2dm.permission.RECEIVE, android.permission.FOREGROUND_SERVICE, android.permission.INTERNET, com.google.android.finsky.permission.BIND_GET_INSTALL_REFERRER_SERVICE, android.permission.ACCESS_ADSERVICES_ATTRIBUTION, com.mkopa.app.DYNAMIC_RECEIVER_NOT_EXPORTED_PERMISSION, android.permission.WAKE_LOCK, android.permission.ACCESS_ADSERVICES_AD_ID",No,No,No,No,No,No,No,No,No,No,No,No,No,No,No,No,No,FALSE,FALSE,FALSE,FALSE
Lipa Later,com.lipalater.androidapp,Kenya/Approved,"android.permission.READ_EXTERNAL_STORAGE, android.permission.RECEIVE_BOOT_COMPLETED, android.permission.READ_PHONE_NUMBERS, android.permission.WRITE_EXTERNAL_STORAGE, android.permission.CAMERA, android.permission.READ_PHONE_STATE, android.permission.ACCESS_NETWORK_STATE, com.google.android.c2dm.permission.RECEIVE, android.permission.INTERNET, android.permission.CALL_PHONE, com.google.android.finsky.permission.BIND_GET_INSTALL_REFERRER_SERVICE, android.permission.WAKE_LOCK, android.permission.ACCESS_FINE_LOCATION",No,No,No,Yes,Yes,No,No,No,No,No,Yes,Yes,No,No,No,No,Yes,FALSE,TRUE,TRUE,FALSE
HelaCash,ke.helacash.cash,Kenya/Approved,"android.permission.POST_NOTIFICATIONS, android.permission.READ_SMS, android.permission.ACCESS_WIFI_STATE, ke.helacash.cash.DYNAMIC_RECEIVER_NOT_EXPORTED_PERMISSION, com.google.android.gms.permission.AD_ID, android.permission.READ_CALENDAR, android.permission.WRITE_CALENDAR, com.android.vending.setup.PLAY_SETUP_SERVICE, android.permission.ACCESS_COARSE_LOCATION, android.permission.WAKE_LOCK, android.permission.PACKAGE_USAGE_STATS, android.permission.ACCESS_LOCATION_EXTRA_COMMANDS, android.permission.USE_BIOMETRIC, android.permission.ACCESS_NETWORK_STATE, android.permission.READ_PHONE_STATE, android.permission.VIBRATE, android.permission.USE_FINGERPRINT, android.permission.INTERNET, com.google.android.finsky.permission.BIND_GET_INSTALL_REFERRER_SERVICE, android.permission.GET_TASKS, android.permission.REORDER_TASKS, android.permission.HIGH_SAMPLING_RATE_SENSORS, android.permission.CHANGE_WIFI_STATE, android.permission.SYSTEM_ALERT_WINDOW, android.permission.RECEIVE_BOOT_COMPLETED, android.permission.CAMERA, com.google.android.providers.gsf.permission.READ_GSERVICES, com.google.android.c2dm.permission.RECEIVE, android.permission.FOREGROUND_SERVICE",No,No,No,No,No,No,No,No,No,No,No,Yes,No,Yes,No,No,No,FALSE,FALSE,TRUE,FALSE
@7F0F0020,com.electra.littlepesa,Kenya/Approved,"android.permission.POST_NOTIFICATIONS, android.permission.RECEIVE_BOOT_COMPLETED, android.permission.ACCESS_WIFI_STATE, android.permission.CAMERA, android.permission.ACCESS_NETWORK_STATE, android.permission.READ_PHONE_STATE, com.google.android.c2dm.permission.RECEIVE, android.permission.FOREGROUND_SERVICE, android.permission.INTERNET, com.google.android.finsky.permission.BIND_GET_INSTALL_REFERRER_SERVICE, android.permission.WAKE_LOCK",No,No,No,No,No,No,No,No,No,No,No,Yes,No,No,No,No,No,FALSE,FALSE,TRUE,FALSE
Unknown,,Kenya/Approved,,No,No,No,No,No,No,No,No,No,No,No,No,No,No,No,No,No,FALSE,FALSE,FALSE,FALSE
Rapidloans,ke.co.rapidloans,Kenya/Approved,"com.google.android.c2dm.permission.RECEIVE, android.permission.INTERNET, android.permission.WAKE_LOCK, android.permission.ACCESS_NETWORK_STATE",No,No,No,No,No,No,No,No,No,No,No,No,No,No,No,No,No,FALSE,FALSE,FALSE,FALSE
MaxLend,com.max.lend.kencash,Kenya/Approved,"android.permission.READ_CALENDAR, android.permission.WRITE_CALENDAR, com.samsung.android.mapsagent.permission.READ_APP_INFO, android.permission.READ_SMS, com.max.lend.kencash.DYNAMIC_RECEIVER_NOT_EXPORTED_PERMISSION, android.permission.FLASHLIGHT, android.permission.ACCESS_WIFI_STATE, com.huawei.appmarket.service.commondata.permission.GET_COMMON_DATA, android.permission.CAMERA, android.permission.ACCESS_NETWORK_STATE, android.permission.ACCESS_ADSERVICES_ATTRIBUTION, android.permission.INTERNET, com.google.android.finsky.permission.BIND_GET_INSTALL_REFERRER_SERVICE, android.permission.ACCESS_COARSE_LOCATION, com.google.android.gms.permission.AD_ID, android.permission.CHANGE_WIFI_STATE",No,No,No,No,No,No,No,No,No,No,No,No,No,Yes,No,No,No,FALSE,FALSE,TRUE,FALSE
TruePesa,com.credit.truepesa.loan.kenya,Kenya/Approved,"android.permission.READ_SMS, android.permission.ACCESS_WIFI_STATE, android.permission.BLUETOOTH, android.permission.BLUETOOTH_CONNECT, android.permission.ACCESS_NETWORK_STATE, android.permission.READ_PHONE_STATE, android.permission.INTERNET, com.google.android.finsky.permission.BIND_GET_INSTALL_REFERRER_SERVICE, android.permission.CHANGE_NETWORK_STATE, android.permission.ACCESS_COARSE_LOCATION, android.permission.WAKE_LOCK, com.google.android.gms.permission.AD_ID, android.permission.CHANGE_WIFI_STATE",No,No,No,No,No,No,No,No,No,No,No,Yes,No,Yes,No,No,No,FALSE,FALSE,TRUE,FALSE
Unknown,,Kenya/Approved,,No,No,No,No,No,No,No,No,No,No,No,No,No,No,No,No,No,FALSE,FALSE,FALSE,FALSE
Senti,com.roamtech.dm.azima,Kenya/Approved,"com.majeur.launcher.permission.UPDATE_BADGE, android.permission.READ_SMS, android.permission.RECEIVE_SMS, android.permission.ACCESS_WIFI_STATE, android.permission.GET_ACCOUNTS, android.permission.READ_CONTACTS, com.google.android.gms.permission.AD_ID, me.everything.badger.permission.BADGE_COUNT_READ, com.sec.android.provider.badge.permission.READ, com.htc.launcher.permission.READ_SETTINGS, com.sonymobile.home.permission.PROVIDER_INSERT_BADGE, android.permission.READ_EXTERNAL_STORAGE, com.huawei.android.launcher.permission.READ_SETTINGS, com.anddoes.launcher.permission.UPDATE_COUNT, com.htc.launcher.permission.UPDATE_SHORTCUT, android.permission.CALL_PHONE, com.oppo.launcher.permission.WRITE_SETTINGS, android.permission.ACCESS_COARSE_LOCATION, android.permission.WAKE_LOCK, com.huawei.android.launcher.permission.WRITE_SETTINGS, android.permission.PACKAGE_USAGE_STATS, com.oppo.launcher.permission.READ_SETTINGS, android.permission.ACCESS_NETWORK_STATE, android.permission.READ_PHONE_STATE, android.permission.VIBRATE, android.permission.INTERNET, com.google.android.finsky.permission.BIND_GET_INSTALL_REFERRER_SERVICE, android.permission.CHANGE_NETWORK_STATE, android.permission.CHANGE_WIFI_STATE, android.permission.SYSTEM_ALERT_WINDOW, com.sonyericsson.home.permission.BROADCAST_BADGE, android.permission.RECEIVE_BOOT_COMPLETED, com.sec.android.provider.badge.permission.WRITE, android.permission.WRITE_EXTERNAL_STORAGE, com.google.android.c2dm.permission.RECEIVE, android.permission.FOREGROUND_SERVICE, me.everything.badger.permission.BADGE_COUNT_WRITE, android.permission.READ_APP_BADGE, com.huawei.android.launcher.permission.CHANGE_BADGE, android.permission.ACCESS_FINE_LOCATION",Yes,No,No,Yes,Yes,No,No,No,No,No,No,Yes,No,Yes,No,No,Yes,TRUE,TRUE,TRUE,TRUE
Aptoide,cm.aptoide.pt,Kenya/Approved,"android.permission.ACCESS_WIFI_STATE, android.permission.GET_ACCOUNTS, android.permission.REQUEST_DELETE_PACKAGES, android.permission.READ_SYNC_SETTINGS, android.permission.READ_EXTERNAL_STORAGE, com.android.launcher.permission.INSTALL_SHORTCUT, android.permission.MANAGE_ACCOUNTS, android.permission.WAKE_LOCK, android.permission.READ_SYNC_STATS, android.permission.ACCESS_NETWORK_STATE, android.permission.QUERY_ALL_PACKAGES, android.permission.INTERNET, com.google.android.finsky.permission.BIND_GET_INSTALL_REFERRER_SERVICE, android.permission.WRITE_SYNC_SETTINGS, android.permission.INSTALL_PACKAGES, android.permission.RECEIVE_BOOT_COMPLETED, android.permission.USE_CREDENTIALS, android.permission.WRITE_EXTERNAL_STORAGE, android.permission.CAMERA, android.permission.AUTHENTICATE_ACCOUNTS, android.permission.FOREGROUND_SERVICE, android.permission.REQUEST_INSTALL_PACKAGES, android.permission.CHANGE_WIFI_MULTICAST_STATE",No,No,No,Yes,Yes,No,No,No,No,No,No,No,No,No,No,Yes,No,FALSE,TRUE,TRUE,FALSE
Leja,com.okoleainternational.okoleamobile,Kenya/Approved,"android.permission.USE_FULL_SCREEN_INTENT, android.permission.READ_SMS, android.permission.POST_NOTIFICATIONS, android.permission.RECEIVE_SMS, android.permission.ACCESS_WIFI_STATE, android.permission.READ_CONTACTS, com.google.android.gms.permission.AD_ID, android.permission.CALL_PHONE, android.permission.ACCESS_COARSE_LOCATION, android.permission.WAKE_LOCK, android.permission.SCHEDULE_EXACT_ALARM, android.permission.READ_PHONE_STATE, android.permission.ACCESS_NETWORK_STATE, android.permission.VIBRATE, android.permission.INTERNET, com.google.android.finsky.permission.BIND_GET_INSTALL_REFERRER_SERVICE, android.permission.RECEIVE_BOOT_COMPLETED, android.permission.CAMERA, com.google.android.c2dm.permission.RECEIVE, android.permission.FOREGROUND_SERVICE, android.permission.ACCESS_FINE_LOCATION",Yes,No,No,No,No,No,No,No,No,No,No,Yes,No,Yes,No,No,Yes,TRUE,TRUE,TRUE,TRUE
LetsGo,com.letshego.dasdigital,Kenya/Approved,"com.letshego.dasdigital.DYNAMIC_RECEIVER_NOT_EXPORTED_PERMISSION, android.permission.POST_NOTIFICATIONS, android.permission.RECEIVE_BOOT_COMPLETED, android.permission.CAMERA, android.permission.ACCESS_NETWORK_STATE, android.permission.RECORD_AUDIO, com.google.android.c2dm.permission.RECEIVE, android.permission.FOREGROUND_SERVICE, android.permission.INTERNET, com.google.android.finsky.permission.BIND_GET_INSTALL_REFERRER_SERVICE, android.permission.WAKE_LOCK",No,No,No,No,No,No,No,No,No,No,No,No,No,No,No,No,No,FALSE,FALSE,FALSE,FALSE
@7F10001F,com.fair.kash.money.finance.loan,Kenya/Approved,"android.permission.BLUETOOTH_ADMIN, android.permission.READ_SMS, android.permission.ACCESS_WIFI_STATE, android.permission.BLUETOOTH, android.permission.ACCESS_LOCATION_EXTRA_COMMANDS, android.permission.ACCESS_NETWORK_STATE, android.permission.READ_PHONE_STATE, android.permission.INTERNET, com.google.android.finsky.permission.BIND_GET_INSTALL_REFERRER_SERVICE, android.permission.CHANGE_NETWORK_STATE, android.permission.ACCESS_COARSE_LOCATION, android.permission.WAKE_LOCK, com.google.android.gms.permission.AD_ID, android.permission.CHANGE_WIFI_STATE",No,No,No,No,No,No,No,No,No,No,No,Yes,No,Yes,No,No,No,FALSE,FALSE,TRUE,FALSE
Bayes,bank.com.bank,Kenya/Approved,"bank.com.bank.permission.C2D_MESSAGE, android.permission.READ_EXTERNAL_STORAGE, android.permission.RECEIVE_BOOT_COMPLETED, bank.com.bank.BroadCastReceiverPermission, android.permission.WRITE_EXTERNAL_STORAGE, android.permission.CAMERA, android.permission.ACCESS_NETWORK_STATE, android.permission.READ_PHONE_STATE, com.google.android.c2dm.permission.RECEIVE, android.permission.INTERNET, com.google.android.finsky.permission.BIND_GET_INSTALL_REFERRER_SERVICE, android.permission.WAKE_LOCK",No,No,No,Yes,Yes,No,No,No,No,No,No,Yes,No,No,No,No,No,FALSE,TRUE,TRUE,FALSE
DirectLoan,direct.loans.dirloan.kecredit,Kenya/Approved,"android.permission.POST_NOTIFICATIONS, android.permission.READ_SMS, android.permission.ACCESS_WIFI_STATE, direct.loans.dirloan.kecredit.DYNAMIC_RECEIVER_NOT_EXPORTED_PERMISSION, com.google.android.gms.permission.AD_ID, android.permission.READ_CALENDAR, android.permission.WRITE_CALENDAR, com.android.vending.setup.PLAY_SETUP_SERVICE, android.permission.ACCESS_COARSE_LOCATION, android.permission.WAKE_LOCK, android.permission.PACKAGE_USAGE_STATS, android.permission.ACCESS_LOCATION_EXTRA_COMMANDS, android.permission.USE_BIOMETRIC, android.permission.ACCESS_NETWORK_STATE, android.permission.READ_PHONE_STATE, android.permission.VIBRATE, android.permission.USE_FINGERPRINT, android.permission.INTERNET, com.google.android.finsky.permission.BIND_GET_INSTALL_REFERRER_SERVICE, android.permission.GET_TASKS, android.permission.REORDER_TASKS, android.permission.HIGH_SAMPLING_RATE_SENSORS, android.permission.CHANGE_WIFI_STATE, android.permission.SYSTEM_ALERT_WINDOW, android.permission.RECEIVE_BOOT_COMPLETED, android.permission.CAMERA, com.google.android.providers.gsf.permission.READ_GSERVICES, com.google.android.c2dm.permission.RECEIVE, android.permission.FOREGROUND_SERVICE",No,No,No,No,No,No,No,No,No,No,No,Yes,No,Yes,No,No,No,FALSE,FALSE,TRUE,FALSE
Okolea,com.astronpank.TENK_LOAN,Kenya/Approved,"android.permission.ACCESS_WIFI_STATE, android.permission.INTERNET, android.permission.ACCESS_NETWORK_STATE, android.permission.READ_EXTERNAL_STORAGE",No,No,No,Yes,No,No,No,No,No,No,No,No,No,No,No,No,No,FALSE,TRUE,TRUE,FALSE
Aptoide,cm.aptoide.pt,Kenya/Approved,"android.permission.ACCESS_WIFI_STATE, android.permission.GET_ACCOUNTS, android.permission.REQUEST_DELETE_PACKAGES, android.permission.READ_SYNC_SETTINGS, android.permission.READ_EXTERNAL_STORAGE, com.android.launcher.permission.INSTALL_SHORTCUT, android.permission.MANAGE_ACCOUNTS, android.permission.WAKE_LOCK, android.permission.READ_SYNC_STATS, android.permission.ACCESS_NETWORK_STATE, android.permission.QUERY_ALL_PACKAGES, android.permission.INTERNET, com.google.android.finsky.permission.BIND_GET_INSTALL_REFERRER_SERVICE, android.permission.WRITE_SYNC_SETTINGS, android.permission.INSTALL_PACKAGES, android.permission.RECEIVE_BOOT_COMPLETED, android.permission.USE_CREDENTIALS, android.permission.WRITE_EXTERNAL_STORAGE, android.permission.CAMERA, android.permission.AUTHENTICATE_ACCOUNTS, android.permission.FOREGROUND_SERVICE, android.permission.REQUEST_INSTALL_PACKAGES, android.permission.CHANGE_WIFI_MULTICAST_STATE",No,No,No,Yes,Yes,No,No,No,No,No,No,No,No,No,No,Yes,No,FALSE,TRUE,TRUE,FALSE
Mojacredit,ke.mojacredit,Kenya/Approved,"android.permission.POST_NOTIFICATIONS, android.permission.READ_SMS, android.permission.ACCESS_WIFI_STATE, android.permission.READ_CALL_LOG, com.google.android.gms.permission.AD_ID, android.permission.READ_CALENDAR, android.permission.WRITE_CALENDAR, ke.mojacredit.DYNAMIC_RECEIVER_NOT_EXPORTED_PERMISSION, com.android.vending.setup.PLAY_SETUP_SERVICE, android.permission.ACCESS_COARSE_LOCATION, android.permission.WAKE_LOCK, android.permission.PACKAGE_USAGE_STATS, android.permission.ACCESS_LOCATION_EXTRA_COMMANDS, android.permission.USE_BIOMETRIC, android.permission.ACCESS_NETWORK_STATE, android.permission.READ_PHONE_STATE, android.permission.VIBRATE, android.permission.USE_FINGERPRINT, android.permission.INTERNET, com.google.android.finsky.permission.BIND_GET_INSTALL_REFERRER_SERVICE, android.permission.GET_TASKS, android.permission.REORDER_TASKS, android.permission.HIGH_SAMPLING_RATE_SENSORS, android.permission.CHANGE_WIFI_STATE, android.permission.SYSTEM_ALERT_WINDOW, android.permission.RECEIVE_BOOT_COMPLETED, android.permission.CAMERA, com.google.android.providers.gsf.permission.READ_GSERVICES, com.google.android.c2dm.permission.RECEIVE, android.permission.FOREGROUND_SERVICE",No,Yes,No,No,No,No,No,No,No,No,No,Yes,No,Yes,No,No,No,TRUE,FALSE,TRUE,TRUE
Unknown,,Kenya/Approved,,No,No,No,No,No,No,No,No,No,No,No,No,No,No,No,No,No,FALSE,FALSE,FALSE,FALSE
@7F130021,com.kenya.credit.app.loan.cash.money.pesa,Kenya/Approved,"android.permission.READ_CALENDAR, com.kenya.credit.app.loan.cash.money.pesa.DYNAMIC_RECEIVER_NOT_EXPORTED_PERMISSION, android.permission.POST_NOTIFICATIONS, android.permission.READ_SMS, android.permission.RECEIVE_BOOT_COMPLETED, android.permission.ACCESS_WIFI_STATE, android.permission.ACCESS_NETWORK_STATE, android.permission.READ_PHONE_STATE, com.google.android.c2dm.permission.RECEIVE, android.permission.FOREGROUND_SERVICE, android.permission.INTERNET, android.permission.READ_CALL_LOG, com.google.android.finsky.permission.BIND_GET_INSTALL_REFERRER_SERVICE, android.permission.ACCESS_COARSE_LOCATION, android.permission.WAKE_LOCK, com.google.android.gms.permission.AD_ID, android.permission.CHANGE_WIFI_STATE",No,Yes,No,No,No,No,No,No,No,No,No,Yes,No,Yes,No,No,No,TRUE,FALSE,TRUE,TRUE
Mwanzo loan,com.astronpank.mwanzo,Kenya/Approved,"android.permission.ACCESS_WIFI_STATE, android.permission.INTERNET, android.permission.ACCESS_NETWORK_STATE",No,No,No,No,No,No,No,No,No,No,No,No,No,No,No,No,No,FALSE,FALSE,FALSE,FALSE
UbaPesa,com.ubapesa.app,Kenya/Approved,"com.ubapesa.app.DYNAMIC_RECEIVER_NOT_EXPORTED_PERMISSION, android.permission.POST_NOTIFICATIONS, android.permission.READ_SMS, android.permission.RECEIVE_SMS, android.permission.ACCESS_WIFI_STATE, android.permission.RECEIVE_BOOT_COMPLETED, android.permission.ACCESS_NETWORK_STATE, android.permission.READ_PHONE_STATE, android.permission.VIBRATE, android.permission.FOREGROUND_SERVICE, android.permission.INTERNET, android.permission.GET_ACCOUNTS, com.google.android.c2dm.permission.RECEIVE, com.google.android.finsky.permission.BIND_GET_INSTALL_REFERRER_SERVICE, android.permission.WAKE_LOCK, com.google.android.gms.permission.AD_ID",No,No,No,No,No,No,No,No,No,No,No,Yes,No,Yes,No,No,No,FALSE,FALSE,TRUE,FALSE
Jijenge Credit Limited,com.mobincube.jijenge_credit_limited.sc_5S1N1N,Kenya/Approved,"android.permission.BLUETOOTH_ADMIN, android.permission.RECEIVE_BOOT_COMPLETED, android.permission.ACCESS_WIFI_STATE, android.permission.BLUETOOTH, android.permission.WRITE_EXTERNAL_STORAGE, android.permission.CAMERA, android.permission.ACCESS_NETWORK_STATE, android.permission.READ_PHONE_STATE, com.google.android.c2dm.permission.RECEIVE, com.mobincube.jijenge_credit_limited.sc_5S1N1N.permission.C2D_MESSAGE, android.permission.INTERNET, android.permission.CALL_PHONE, android.permission.GET_ACCOUNTS, android.permission.ACCESS_COARSE_LOCATION, android.permission.WAKE_LOCK, android.permission.ACCESS_FINE_LOCATION",No,No,No,No,Yes,No,No,No,No,No,No,Yes,No,No,No,No,Yes,FALSE,TRUE,TRUE,FALSE
Rewot Ciro Credit,com.rewot.app,Kenya/Approved,"android.permission.POST_NOTIFICATIONS, android.permission.READ_EXTERNAL_STORAGE, android.permission.RECEIVE_BOOT_COMPLETED, android.permission.ACCESS_WIFI_STATE, android.permission.WRITE_EXTERNAL_STORAGE, android.permission.CAMERA, android.permission.ACCESS_NETWORK_STATE, android.permission.VIBRATE, com.google.android.c2dm.permission.RECEIVE, android.permission.FOREGROUND_SERVICE, android.permission.INTERNET, com.google.android.finsky.permission.BIND_GET_INSTALL_REFERRER_SERVICE, android.permission.ACCESS_COARSE_LOCATION, android.permission.WAKE_LOCK, com.rewot.app.DYNAMIC_RECEIVER_NOT_EXPORTED_PERMISSION, com.google.android.gms.permission.AD_ID, android.permission.ACCESS_FINE_LOCATION",No,No,No,Yes,Yes,No,No,No,No,No,No,No,No,No,No,No,Yes,FALSE,TRUE,TRUE,FALSE
MyCredit,com.mycredit.mycredit,Kenya/Approved,"android.permission.RECEIVE_BOOT_COMPLETED, android.permission.ACCESS_WIFI_STATE, android.permission.RECEIVE_SMS, android.permission.WRITE_EXTERNAL_STORAGE, android.permission.ACCESS_NETWORK_STATE, android.permission.READ_PHONE_STATE, android.permission.INTERNET, android.permission.READ_CONTACTS",Yes,No,No,No,Yes,No,No,No,No,No,No,Yes,No,No,No,No,No,TRUE,TRUE,TRUE,TRUE
Soko Hela,com.sokohela.lending,Kenya/Approved,"android.permission.BLUETOOTH_ADMIN, android.permission.READ_EXTERNAL_STORAGE, android.permission.RECEIVE_BOOT_COMPLETED, android.permission.ACCESS_WIFI_STATE, android.permission.READ_PROFILE, android.permission.BLUETOOTH, android.permission.WRITE_EXTERNAL_STORAGE, android.permission.CAMERA, android.permission.ACCESS_NETWORK_STATE, com.google.android.c2dm.permission.RECEIVE, android.permission.INTERNET, android.permission.GET_ACCOUNTS, com.google.android.finsky.permission.BIND_GET_INSTALL_REFERRER_SERVICE, android.permission.ACCESS_COARSE_LOCATION, android.permission.WAKE_LOCK, android.permission.ACCESS_FINE_LOCATION",No,No,No,Yes,Yes,No,No,No,No,No,No,No,No,No,No,No,Yes,FALSE,TRUE,TRUE,FALSE
Zenka Loan App Kenya,com.zenkafinance.microloans,Kenya/Approved,"android.permission.POST_NOTIFICATIONS, android.permission.READ_SMS, android.permission.ACCESS_WIFI_STATE, android.permission.BLUETOOTH, android.permission.CAMERA, android.permission.READ_PHONE_STATE, android.permission.ACCESS_NETWORK_STATE, com.google.android.c2dm.permission.RECEIVE, android.permission.INTERNET, android.permission.CALL_PHONE, android.permission.GET_ACCOUNTS, com.google.android.finsky.permission.BIND_GET_INSTALL_REFERRER_SERVICE, android.permission.ACCESS_COARSE_LOCATION, android.permission.WAKE_LOCK, com.google.android.gms.permission.AD_ID, android.permission.CHANGE_WIFI_STATE, com.zenkafinance.microloans.DYNAMIC_RECEIVER_NOT_EXPORTED_PERMISSION",No,No,No,No,No,No,No,No,No,No,No,Yes,No,Yes,No,No,No,FALSE,FALSE,TRUE,FALSE
Autochek,com.autochek.buysalefixcars,Kenya/Approved,"com.autochek.buysalefixcars.DYNAMIC_RECEIVER_NOT_EXPORTED_PERMISSION, android.permission.POST_NOTIFICATIONS, android.permission.READ_EXTERNAL_STORAGE, android.permission.RECEIVE_BOOT_COMPLETED, android.permission.SCHEDULE_EXACT_ALARM, com.google.android.providers.gsf.permission.READ_GSERVICES, android.permission.ACCESS_NETWORK_STATE, android.permission.VIBRATE, android.permission.READ_MEDIA_AUDIO, com.google.android.c2dm.permission.RECEIVE, android.permission.INTERNET, android.permission.ACCESS_ADSERVICES_ATTRIBUTION, com.google.android.finsky.permission.BIND_GET_INSTALL_REFERRER_SERVICE, android.permission.WAKE_LOCK, android.permission.ACCESS_ADSERVICES_AD_ID",No,No,No,Yes,No,No,No,Yes,No,No,No,No,No,No,No,No,No,FALSE,TRUE,TRUE,FALSE
YoYi,com.sxsydai.yoyi,Nigeria/Delisted,"android.permission.READ_SMS, android.permission.RECEIVE_SMS, android.permission.ACCESS_WIFI_STATE, android.permission.READ_PHONE_STATE, android.permission.ACCESS_NETWORK_STATE, android.permission.INTERNET, com.google.android.finsky.permission.BIND_GET_INSTALL_REFERRER_SERVICE, android.permission.ACCESS_COARSE_LOCATION, android.permission.CHANGE_NETWORK_STATE, android.permission.READ_PRIVILEGED_PHONE_STATE, com.google.android.gms.permission.AD_ID, android.permission.CHANGE_WIFI_STATE, android.permission.SYSTEM_ALERT_WINDOW",No,No,No,No,No,No,No,No,No,No,No,Yes,No,Yes,No,No,No,FALSE,FALSE,TRUE,FALSE
MoneyEstate,com.loancloud.nigeria.moneyestate,Nigeria/Delisted,"android.permission.READ_SMS, android.permission.READ_PRIVILEGED_PHONE_STAT, android.permission.ACCESS_WIFI_STATE, android.permission.READ_SYNC_SETTINGS, android.permission.READ_CONTACTS, android.permission.READ_EXTERNAL_STORAGE, android.permission.MOUNT_UNMOUNT_FILESYSTEMS, android.permission.ACCESS_COARSE_LOCATION, android.permission.WAKE_LOCK, android.permission.ACCESS_NETWORK_STATE, android.permission.READ_PHONE_STATE, android.permission.QUERY_ALL_PACKAGES, android.permission.INTERNET, com.google.android.finsky.permission.BIND_GET_INSTALL_REFERRER_SERVICE, android.permission.CHANGE_WIFI_STATE, android.permission.WRITE_EXTERNAL_STORAGE, android.permission.CAMERA, com.google.android.c2dm.permission.RECEIVE, android.permission.ACCESS_FINE_LOCATION",Yes,No,No,Yes,Yes,No,No,No,No,No,No,Yes,No,Yes,No,Yes,Yes,TRUE,TRUE,TRUE,TRUE
LCredit,ni.lcredit.money.cash,Nigeria/Delisted,"com.majeur.launcher.permission.UPDATE_BADGE, android.permission.READ_SMS, android.permission.ACCESS_WIFI_STATE, android.permission.RECEIVE_USER_PRESENT, android.permission.READ_CONTACTS, me.everything.badger.permission.BADGE_COUNT_READ, com.sec.android.provider.badge.permission.READ, com.htc.launcher.permission.READ_SETTINGS, android.permission.READ_CALENDAR, com.sonymobile.home.permission.PROVIDER_INSERT_BADGE, android.permission.WRITE_CALENDAR, android.permission.WRITE_SETTINGS, com.anddoes.launcher.permission.UPDATE_COUNT, com.huawei.android.launcher.permission.READ_SETTINGS, com.htc.launcher.permission.UPDATE_SHORTCUT, android.permission.MANAGE_ACCOUNTS, com.oppo.launcher.permission.WRITE_SETTINGS, android.permission.ACCESS_COARSE_LOCATION, android.permission.WAKE_LOCK, com.huawei.android.launcher.permission.WRITE_SETTINGS, com.oppo.launcher.permission.READ_SETTINGS, android.permission.CHANGE_CONFIGURATION, android.permission.INTERACT_ACROSS_USERS, android.permission.ACCESS_LOCATION_EXTRA_COMMANDS, android.permission.ACCESS_NETWORK_STATE, android.permission.VIBRATE, android.permission.READ_PHONE_STATE, android.permission.INTERNET, com.google.android.finsky.permission.BIND_GET_INSTALL_REFERRER_SERVICE, android.permission.GET_TASKS, android.permission.CHANGE_NETWORK_STATE, android.permission.CHANGE_WIFI_STATE, com.sonyericsson.home.permission.BROADCAST_BADGE, com.sec.android.provider.badge.permission.WRITE, android.permission.WRITE_EXTERNAL_STORAGE, android.permission.CAMERA, com.google.android.c2dm.permission.RECEIVE, android.permission.FOREGROUND_SERVICE, me.everything.badger.permission.BADGE_COUNT_WRITE, android.permission.READ_APP_BADGE, com.huawei.android.launcher.permission.CHANGE_BADGE, android.permission.ACCESS_FINE_LOCATION",Yes,No,No,No,Yes,No,No,No,No,No,No,Yes,No,Yes,No,No,Yes,TRUE,TRUE,TRUE,TRUE
Flexi Cash,com.legend.cash,Nigeria/Delisted,"android.permission.ACCESS_WIFI_STATE, android.permission.BLUETOOTH, com.legend.cash.manual.dump, com.legend.cash.DYNAMIC_RECEIVER_NOT_EXPORTED_PERMISSION, com.google.android.gms.permission.AD_ID, android.permission.ACCESS_COARSE_LOCATION, android.permission.WAKE_LOCK, android.permission.ACCESS_NETWORK_STATE, android.permission.READ_PHONE_STATE, android.permission.USE_FINGERPRINT, android.permission.VIBRATE, android.permission.INTERNET, com.google.android.finsky.permission.BIND_GET_INSTALL_REFERRER_SERVICE, com.legend.cash.matrix.permission.PROCESS_SUPERVISOR, android.permission.SYSTEM_ALERT_WINDOW, android.permission.RECEIVE_BOOT_COMPLETED, android.permission.FLASHLIGHT, android.permission.CAMERA, com.google.android.c2dm.permission.RECEIVE, android.permission.FOREGROUND_SERVICE",No,No,No,No,No,No,No,No,No,No,No,Yes,No,No,No,No,No,FALSE,FALSE,TRUE,FALSE
ThankUCash,com.hm.thankucard,Nigeria/Delisted,"android.permission.ACCESS_WIFI_STATE, android.permission.CAMERA, android.permission.WRITE_EXTERNAL_STORAGE, android.permission.READ_PHONE_STATE, android.permission.ACCESS_NETWORK_STATE, android.permission.USE_FINGERPRINT, android.permission.INTERNET, android.permission.CALL_PHONE, android.permission.ACCESS_COARSE_LOCATION, android.permission.ACCESS_FINE_LOCATION",No,No,No,No,Yes,No,No,No,No,No,No,Yes,No,No,No,No,Yes,FALSE,TRUE,TRUE,FALSE
NairaLand,com.cash.loan.credit9.kash.plamcredit.naira.payday.money.xcredit,Nigeria/Delisted,"android.permission.READ_SMS, android.permission.RECEIVE_SMS, android.permission.ACCESS_WIFI_STATE, android.permission.GET_ACCOUNTS, android.permission.READ_CONTACTS, android.permission.READ_CALENDAR, android.permission.READ_EXTERNAL_STORAGE, android.permission.READ_PROFILE, android.permission.ACCESS_COARSE_LOCATION, android.permission.WAKE_LOCK, android.permission.ACCESS_NETWORK_STATE, android.permission.READ_PHONE_STATE, android.permission.INTERNET, com.google.android.finsky.permission.BIND_GET_INSTALL_REFERRER_SERVICE, android.permission.CHANGE_WIFI_STATE, android.permission.RECEIVE_BOOT_COMPLETED, android.permission.CAMERA, android.permission.WRITE_EXTERNAL_STORAGE, com.google.android.c2dm.permission.RECEIVE, android.permission.ACCESS_FINE_LOCATION",Yes,No,No,Yes,Yes,No,No,No,No,No,No,Yes,No,Yes,No,No,Yes,TRUE,TRUE,TRUE,TRUE
Quick Loan,com.indiaquickloan.quickloan,Nigeria/Delisted,"android.permission.READ_CONTACTS, android.permission.READ_SMS, android.permission.READ_EXTERNAL_STORAGE, android.permission.ACCESS_FINE_LOCATION, android.permission.ACCESS_WIFI_STATE, android.permission.WRITE_EXTERNAL_STORAGE, android.permission.CAMERA, android.permission.READ_PHONE_STATE, android.permission.ACCESS_NETWORK_STATE, android.permission.QUERY_ALL_PACKAGES, android.permission.INTERNET, android.permission.READ_CALL_LOG, com.google.android.finsky.permission.BIND_GET_INSTALL_REFERRER_SERVICE, android.permission.ACCESS_COARSE_LOCATION, android.permission.ACCESS_BACKGROUND_LOCATION, android.permission.WAKE_LOCK, android.permission.CHANGE_WIFI_STATE",Yes,Yes,No,Yes,Yes,No,No,No,No,No,No,Yes,No,Yes,No,Yes,Yes,TRUE,TRUE,TRUE,TRUE
MOCredit,com.loancloud.nigeria.mocredit,Nigeria/Delisted,"android.permission.READ_SMS, android.permission.READ_PRIVILEGED_PHONE_STAT, android.permission.ACCESS_WIFI_STATE, android.permission.READ_SYNC_SETTINGS, android.permission.READ_CONTACTS, android.permission.READ_EXTERNAL_STORAGE, android.permission.MOUNT_UNMOUNT_FILESYSTEMS, android.permission.ACCESS_COARSE_LOCATION, android.permission.WAKE_LOCK, android.permission.ACCESS_NETWORK_STATE, android.permission.READ_PHONE_STATE, android.permission.QUERY_ALL_PACKAGES, android.permission.INTERNET, com.google.android.finsky.permission.BIND_GET_INSTALL_REFERRER_SERVICE, android.permission.CHANGE_WIFI_STATE, android.permission.WRITE_EXTERNAL_STORAGE, android.permission.CAMERA, com.google.android.c2dm.permission.RECEIVE, android.permission.ACCESS_FINE_LOCATION",Yes,No,No,Yes,Yes,No,No,No,No,No,No,Yes,No,Yes,No,Yes,Yes,TRUE,TRUE,TRUE,TRUE
CashDoor,com.cd.cashdoor,Nigeria/Delisted,"android.permission.LOCAL_MAC_ADDRESS, android.permission.READ_SMS, android.permission.READ_EXTERNAL_STORAGE, android.permission.RECEIVE_SMS, android.permission.ACCESS_WIFI_STATE, android.permission.CAMERA, android.permission.WRITE_EXTERNAL_STORAGE, android.permission.READ_PHONE_STATE, android.permission.ACCESS_NETWORK_STATE, android.permission.INTERNET, com.google.android.finsky.permission.BIND_GET_INSTALL_REFERRER_SERVICE, android.permission.READ_PRIVILEGED_PHONE_STATE, android.permission.ACCESS_COARSE_LOCATION, android.permission.READ_CONTACTS, android.permission.READ_MEDIA_IMAGES, com.google.android.gms.permission.AD_ID, android.permission.ACCESS_FINE_LOCATION",Yes,No,No,Yes,Yes,No,No,No,Yes,No,No,Yes,No,Yes,No,No,Yes,TRUE,TRUE,TRUE,TRUE
CashCredit,com.instant.cash.loan.payday.money.nigeria.new.credit,Nigeria/Delisted,"android.permission.READ_CALENDAR, android.permission.READ_CONTACTS, android.permission.READ_SMS, android.permission.READ_EXTERNAL_STORAGE, android.permission.RECEIVE_SMS, android.permission.ACCESS_WIFI_STATE, android.permission.RECEIVE_BOOT_COMPLETED, android.permission.READ_PROFILE, android.permission.CAMERA, android.permission.WRITE_EXTERNAL_STORAGE, android.permission.ACCESS_NETWORK_STATE, android.permission.READ_PHONE_STATE, com.google.android.c2dm.permission.RECEIVE, android.permission.INTERNET, android.permission.GET_ACCOUNTS, com.google.android.finsky.permission.BIND_GET_INSTALL_REFERRER_SERVICE, android.permission.WAKE_LOCK, android.permission.CHANGE_WIFI_STATE",Yes,No,No,Yes,Yes,No,No,No,No,No,No,Yes,No,Yes,No,No,No,TRUE,TRUE,TRUE,TRUE
JoyCash,joycash.mobile.online.quick.loan.money.cash.app,Nigeria/Delisted,"android.permission.POST_NOTIFICATIONS, android.permission.READ_SMS, android.permission.ACCESS_WIFI_STATE, joycash.mobile.online.quick.loan.money.cash.app.DYNAMIC_RECEIVER_NOT_EXPORTED_PERMISSION, android.permission.READ_CALL_LOG, com.google.android.gms.permission.AD_ID, android.permission.ACCESS_COARSE_LOCATION, android.permission.WAKE_LOCK, android.permission.ACCESS_NETWORK_STATE, android.permission.READ_PHONE_STATE, android.permission.VIBRATE, android.permission.INTERNET, com.google.android.finsky.permission.BIND_GET_INSTALL_REFERRER_SERVICE, android.permission.CHANGE_WIFI_STATE, android.permission.SYSTEM_ALERT_WINDOW, android.permission.RECEIVE_BOOT_COMPLETED, android.permission.CAMERA, com.google.android.c2dm.permission.RECEIVE, android.permission.FOREGROUND_SERVICE",No,Yes,No,No,No,No,No,No,No,No,No,Yes,No,Yes,No,No,No,TRUE,FALSE,TRUE,TRUE
Easynaira,com.positiveslice.easynaira,Nigeria/Delisted,"com.majeur.launcher.permission.UPDATE_BADGE, com.positiveslice.easynaira.permission.C2D_MESSAGE, com.sec.android.provider.badge.permission.READ, me.everything.badger.permission.BADGE_COUNT_READ, com.htc.launcher.permission.READ_SETTINGS, com.sonymobile.home.permission.PROVIDER_INSERT_BADGE, com.anddoes.launcher.permission.UPDATE_COUNT, com.huawei.android.launcher.permission.READ_SETTINGS, com.htc.launcher.permission.UPDATE_SHORTCUT, com.oppo.launcher.permission.WRITE_SETTINGS, android.permission.WAKE_LOCK, com.huawei.android.launcher.permission.WRITE_SETTINGS, com.oppo.launcher.permission.READ_SETTINGS, android.permission.VIBRATE, android.permission.ACCESS_NETWORK_STATE, android.permission.INTERNET, com.sonyericsson.home.permission.BROADCAST_BADGE, com.sec.android.provider.badge.permission.WRITE, com.google.android.c2dm.permission.RECEIVE, me.everything.badger.permission.BADGE_COUNT_WRITE, android.permission.READ_APP_BADGE, com.huawei.android.launcher.permission.CHANGE_BADGE",No,No,No,No,No,No,No,No,No,No,No,No,No,No,No,No,No,FALSE,FALSE,FALSE,FALSE
Eagle Cash,com.eagle.cash,Nigeria/Delisted,"android.permission.READ_EXTERNAL_STORAGE, android.permission.ACCESS_WIFI_STATE, android.permission.INTERNET, android.permission.ACCESS_NETWORK_STATE",No,No,No,Yes,No,No,No,No,No,No,No,No,No,No,No,No,No,TRUE,TRUE,TRUE,TRUE
CashMe,com.cash.me.online.loan.app,Nigeria/Delisted,"android.permission.READ_CALENDAR, android.permission.READ_CONTACTS, android.permission.READ_SMS, android.permission.READ_EXTERNAL_STORAGE, android.permission.RECEIVE_SMS, android.permission.ACCESS_WIFI_STATE, android.permission.RECEIVE_BOOT_COMPLETED, android.permission.READ_PROFILE, android.permission.CAMERA, android.permission.WRITE_EXTERNAL_STORAGE, android.permission.ACCESS_NETWORK_STATE, android.permission.READ_PHONE_STATE, com.google.android.c2dm.permission.RECEIVE, android.permission.INTERNET, android.permission.GET_ACCOUNTS, com.google.android.finsky.permission.BIND_GET_INSTALL_REFERRER_SERVICE, android.permission.WAKE_LOCK, android.permission.CHANGE_WIFI_STATE",Yes,No,No,Yes,Yes,No,No,No,No,No,No,Yes,No,Yes,No,No,No,TRUE,TRUE,TRUE,TRUE
Cash Mall,com.cashmallet.app,Nigeria/Delisted,"android.permission.READ_SMS, android.permission.RECEIVE_SMS, android.permission.ACCESS_WIFI_STATE, android.permission.GET_ACCOUNTS, android.permission.READ_CONTACTS, android.permission.READ_CALENDAR, android.permission.READ_EXTERNAL_STORAGE, android.permission.READ_PROFILE, android.permission.ACCESS_COARSE_LOCATION, android.permission.WAKE_LOCK, android.permission.ACCESS_NETWORK_STATE, android.permission.READ_PHONE_STATE, android.permission.INTERNET, com.google.android.finsky.permission.BIND_GET_INSTALL_REFERRER_SERVICE, android.permission.CHANGE_WIFI_STATE, android.permission.RECEIVE_BOOT_COMPLETED, android.permission.CAMERA, android.permission.WRITE_EXTERNAL_STORAGE, com.google.android.c2dm.permission.RECEIVE, android.permission.ACCESS_FINE_LOCATION",Yes,No,No,Yes,Yes,No,No,No,No,No,No,Yes,No,Yes,No,No,Yes,TRUE,TRUE,TRUE,TRUE
SmartCash,com.loancloud.nigeria.smartcash,Nigeria/Delisted,"android.permission.READ_SMS, android.permission.READ_PRIVILEGED_PHONE_STAT, android.permission.ACCESS_WIFI_STATE, android.permission.READ_SYNC_SETTINGS, android.permission.READ_CONTACTS, android.permission.READ_EXTERNAL_STORAGE, android.permission.MOUNT_UNMOUNT_FILESYSTEMS, android.permission.ACCESS_COARSE_LOCATION, android.permission.WAKE_LOCK, android.permission.ACCESS_NETWORK_STATE, android.permission.READ_PHONE_STATE, android.permission.QUERY_ALL_PACKAGES, android.permission.INTERNET, com.google.android.finsky.permission.BIND_GET_INSTALL_REFERRER_SERVICE, android.permission.CHANGE_WIFI_STATE, android.permission.WRITE_EXTERNAL_STORAGE, android.permission.CAMERA, com.google.android.c2dm.permission.RECEIVE, android.permission.ACCESS_FINE_LOCATION",Yes,No,No,Yes,Yes,No,No,No,No,No,No,Yes,No,Yes,No,Yes,Yes,TRUE,TRUE,TRUE,TRUE
XCredit,com.xcredit.loan.nigeria,Nigeria/Delisted,"android.permission.READ_SMS, android.permission.ACCESS_WIFI_STATE, android.permission.WRITE_CONTACTS, android.permission.READ_CALL_LOG, android.permission.READ_CONTACTS, android.permission.READ_EXTERNAL_STORAGE, android.permission.ACCESS_COARSE_LOCATION, android.permission.WAKE_LOCK, android.permission.ACCESS_NETWORK_STATE, android.permission.READ_PHONE_STATE, android.permission.VIBRATE, android.permission.QUERY_ALL_PACKAGES, android.permission.INTERNET, com.google.android.finsky.permission.BIND_GET_INSTALL_REFERRER_SERVICE, android.permission.CHANGE_WIFI_STATE, android.permission.SYSTEM_ALERT_WINDOW, android.permission.RECEIVE_BOOT_COMPLETED, android.permission.WRITE_EXTERNAL_STORAGE, android.permission.CAMERA, com.google.android.c2dm.permission.RECEIVE, android.permission.REQUEST_INSTALL_PACKAGES, android.permission.ACCESS_FINE_LOCATION",Yes,Yes,No,Yes,Yes,No,No,No,No,No,No,Yes,No,Yes,No,Yes,Yes,TRUE,TRUE,TRUE,TRUE
Gomoni,ng.moni.gomoni,Nigeria/Delisted,"android.permission.READ_SMS, android.permission.RECEIVE_SMS, android.permission.ACCESS_WIFI_STATE, android.permission.BLUETOOTH, com.google.android.gms.permission.AD_ID, android.permission.READ_CALENDAR, android.permission.WRITE_CALENDAR, android.permission.BLUETOOTH_ADMIN, com.android.vending.setup.PLAY_SETUP_SERVICE, android.permission.ACCESS_COARSE_LOCATION, android.permission.WAKE_LOCK, android.permission.ACCESS_LOCATION_EXTRA_COMMANDS, android.permission.ACCESS_NETWORK_STATE, android.permission.READ_PHONE_STATE, android.permission.VIBRATE, android.permission.INTERNET, com.google.android.finsky.permission.BIND_GET_INSTALL_REFERRER_SERVICE, android.permission.GET_TASKS, android.permission.REORDER_TASKS, android.permission.CHANGE_NETWORK_STATE, android.permission.HIGH_SAMPLING_RATE_SENSORS, android.permission.CHANGE_WIFI_STATE, android.permission.SYSTEM_ALERT_WINDOW, com.android.browser.permission.READ_HISTORY_BOOKMARKS, android.permission.RECEIVE_BOOT_COMPLETED, android.permission.CAMERA, com.google.android.c2dm.permission.RECEIVE, android.permission.FOREGROUND_SERVICE",No,No,No,No,No,No,No,No,No,No,No,Yes,No,Yes,No,No,No,FALSE,FALSE,TRUE,FALSE
UCredit,com.ucreditapp.app.cash.loan.carbon.jumia.pay,Nigeria/Delisted,"android.permission.READ_SMS, android.permission.RECEIVE_SMS, android.permission.ACCESS_WIFI_STATE, android.permission.GET_ACCOUNTS, android.permission.READ_CONTACTS, android.permission.READ_CALENDAR, android.permission.READ_EXTERNAL_STORAGE, android.permission.READ_PROFILE, android.permission.ACCESS_COARSE_LOCATION, android.permission.WAKE_LOCK, android.permission.ACCESS_NETWORK_STATE, android.permission.READ_PHONE_STATE, android.permission.INTERNET, com.google.android.finsky.permission.BIND_GET_INSTALL_REFERRER_SERVICE, android.permission.CHANGE_WIFI_STATE, android.permission.RECEIVE_BOOT_COMPLETED, android.permission.CAMERA, android.permission.WRITE_EXTERNAL_STORAGE, com.google.android.c2dm.permission.RECEIVE, android.permission.ACCESS_FINE_LOCATION",Yes,No,No,Yes,Yes,No,No,No,No,No,No,Yes,No,Yes,No,No,Yes,TRUE,TRUE,TRUE,TRUE
Hcash,com.nigeria.cashkj.hcash,Nigeria/Delisted,"android.permission.LOCAL_MAC_ADDRESS, android.permission.READ_SMS, android.permission.ACCESS_WIFI_STATE, android.permission.CAMERA, android.permission.ACCESS_NETWORK_STATE, android.permission.READ_PHONE_STATE, android.permission.RECORD_AUDIO, android.permission.INTERNET, com.google.android.finsky.permission.BIND_GET_INSTALL_REFERRER_SERVICE, android.permission.READ_SYNC_SETTINGS, android.permission.READ_PRIVILEGED_PHONE_STATE, android.permission.ACCESS_COARSE_LOCATION, android.permission.WAKE_LOCK, com.google.android.gms.permission.AD_ID, android.permission.CHANGE_WIFI_STATE",No,No,No,No,No,No,No,No,No,No,No,Yes,No,Yes,No,No,No,FALSE,FALSE,TRUE,FALSE
CashDey,ng.dey.cashdey,Nigeria/Delisted,"android.permission.READ_SMS, android.permission.RECEIVE_SMS, android.permission.ACCESS_WIFI_STATE, android.permission.BLUETOOTH, com.google.android.gms.permission.AD_ID, android.permission.READ_CALENDAR, android.permission.WRITE_CALENDAR, android.permission.BLUETOOTH_ADMIN, com.android.vending.setup.PLAY_SETUP_SERVICE, android.permission.ACCESS_COARSE_LOCATION, android.permission.WAKE_LOCK, android.permission.ACCESS_LOCATION_EXTRA_COMMANDS, android.permission.ACCESS_NETWORK_STATE, android.permission.READ_PHONE_STATE, android.permission.VIBRATE, android.permission.INTERNET, com.google.android.finsky.permission.BIND_GET_INSTALL_REFERRER_SERVICE, android.permission.GET_TASKS, android.permission.REORDER_TASKS, android.permission.CHANGE_NETWORK_STATE, android.permission.HIGH_SAMPLING_RATE_SENSORS, android.permission.CHANGE_WIFI_STATE, android.permission.SYSTEM_ALERT_WINDOW, com.android.browser.permission.READ_HISTORY_BOOKMARKS, android.permission.RECEIVE_BOOT_COMPLETED, android.permission.CAMERA, com.google.android.c2dm.permission.RECEIVE, android.permission.FOREGROUND_SERVICE",No,No,No,No,No,No,No,No,No,No,No,Yes,No,Yes,No,No,No,FALSE,FALSE,TRUE,FALSE
Swiftkash,swiftkash.safe.go,Nigeria/Delisted,"android.permission.READ_SMS, android.permission.ACCESS_WIFI_STATE, android.permission.BLUETOOTH, android.permission.READ_CONTACTS, com.google.android.gms.permission.AD_ID, android.permission.READ_CALENDAR, android.permission.READ_EXTERNAL_STORAGE, android.permission.ACCESS_COARSE_LOCATION, android.permission.ACCESS_LOCATION_EXTRA_COMMANDS, android.permission.BLUETOOTH_CONNECT, android.permission.READ_PHONE_STATE, android.permission.ACCESS_NETWORK_STATE, android.permission.INTERNET, com.google.android.finsky.permission.BIND_GET_INSTALL_REFERRER_SERVICE, android.permission.CHANGE_NETWORK_STATE, android.permission.CHANGE_WIFI_STATE, android.permission.WRITE_EXTERNAL_STORAGE, android.permission.FOREGROUND_SERVICE, android.permission.ACCESS_FINE_LOCATION",Yes,No,No,Yes,Yes,No,No,No,No,No,No,Yes,No,Yes,No,No,Yes,TRUE,TRUE,TRUE,TRUE
Cashlawn,com.grew.sw.cashlawn,Nigeria/Delisted,"android.permission.LOCAL_MAC_ADDRESS, android.permission.READ_SMS, android.permission.ACCESS_WIFI_STATE, android.permission.WRITE_CONTACTS, android.permission.GET_ACCOUNTS, android.permission.READ_CONTACTS, android.permission.READ_EXTERNAL_STORAGE, com.google.android.providers.gsf.permission.WRITE_GSERVICES, android.permission.CALL_PHONE, android.permission.ACCESS_COARSE_LOCATION, android.permission.GET_PACKAGE_SIZE, android.permission.ACCESS_NETWORK_STATE, android.permission.READ_PHONE_STATE, android.permission.INTERNET, com.google.android.finsky.permission.BIND_GET_INSTALL_REFERRER_SERVICE, android.permission.CHANGE_NETWORK_STATE, android.permission.CHANGE_WIFI_STATE, android.permission.WRITE_EXTERNAL_STORAGE, android.permission.CAMERA, com.google.android.providers.gsf.permission.READ_GSERVICES, android.permission.ACCESS_FINE_LOCATION",Yes,No,No,Yes,Yes,No,No,No,No,No,No,Yes,No,Yes,No,No,Yes,TRUE,TRUE,TRUE,TRUE
EasyCash,com.loancloud.nigeria.easycash,Nigeria/Delisted,"android.permission.READ_SMS, android.permission.READ_PRIVILEGED_PHONE_STAT, android.permission.ACCESS_WIFI_STATE, android.permission.READ_SYNC_SETTINGS, android.permission.READ_CONTACTS, android.permission.READ_EXTERNAL_STORAGE, android.permission.MOUNT_UNMOUNT_FILESYSTEMS, android.permission.ACCESS_COARSE_LOCATION, android.permission.WAKE_LOCK, android.permission.ACCESS_NETWORK_STATE, android.permission.READ_PHONE_STATE, android.permission.QUERY_ALL_PACKAGES, android.permission.INTERNET, com.google.android.finsky.permission.BIND_GET_INSTALL_REFERRER_SERVICE, android.permission.CHANGE_WIFI_STATE, android.permission.SYSTEM_ALERT_WINDOW, android.permission.WRITE_EXTERNAL_STORAGE, android.permission.CAMERA, com.google.android.c2dm.permission.RECEIVE, android.permission.FOREGROUND_SERVICE, android.permission.ACCESS_FINE_LOCATION",Yes,No,No,Yes,Yes,No,No,No,No,No,No,Yes,No,Yes,No,Yes,Yes,TRUE,TRUE,TRUE,TRUE
Cash Loan,com.cash.loan.lending.cash.credit,Nigeria/Delisted,"android.permission.LOCAL_MAC_ADDRESS, android.permission.READ_SMS, android.permission.ACCESS_WIFI_STATE, android.permission.READ_CONTACTS, com.google.android.gms.permission.AD_ID, android.permission.READ_CALENDAR, android.permission.WRITE_CALENDAR, android.permission.READ_EXTERNAL_STORAGE, android.permission.READ_PRIVILEGED_PHONE_STATE, android.permission.ACCESS_COARSE_LOCATION, android.permission.WAKE_LOCK, android.permission.ACCESS_NETWORK_STATE, android.permission.READ_PHONE_STATE, android.permission.QUERY_ALL_PACKAGES, android.permission.INTERNET, com.google.android.finsky.permission.BIND_GET_INSTALL_REFERRER_SERVICE, android.permission.CHANGE_WIFI_STATE, android.permission.WRITE_EXTERNAL_STORAGE, com.google.android.c2dm.permission.RECEIVE, com.cash.loan.lending.cash.credit.DYNAMIC_RECEIVER_NOT_EXPORTED_PERMISSION, android.permission.ACCESS_FINE_LOCATION",Yes,No,No,Yes,Yes,No,No,No,No,No,No,Yes,No,Yes,No,Yes,Yes,TRUE,TRUE,TRUE,TRUE
Cash9ja,com.cash9ja.credit.cash.loan.naira,Nigeria/Delisted,"android.permission.READ_SMS, android.permission.ACCESS_WIFI_STATE, android.permission.REPLACE_EXISTING_PACKAGE, android.permission.BLUETOOTH, android.permission.GET_ACCOUNTS, android.permission.READ_CONTACTS, com.google.android.gms.permission.AD_ID, android.permission.READ_CALENDAR, android.permission.WRITE_CALENDAR, android.permission.READ_EXTERNAL_STORAGE, android.permission.READ_PRIVILEGED_PHONE_STATE, android.permission.ACCESS_COARSE_LOCATION, android.permission.WAKE_LOCK, android.permission.PACKAGE_USAGE_STATS, android.permission.ACCESS_COARSE_UPDATES, android.permission.ACCESS_FINE_LOCATION, android.permission.ACCESS_LOCATION_EXTRA_COMMANDS, android.permission.ACCESS_NETWORK_STATE, android.permission.READ_PHONE_STATE, android.permission.VIBRATE, android.permission.BROADCAST_STICKY, android.permission.INTERNET, com.google.android.finsky.permission.BIND_GET_INSTALL_REFERRER_SERVICE, android.permission.CHANGE_WIFI_STATE, android.permission.RECEIVE_BOOT_COMPLETED, android.permission.CAMERA, android.permission.WRITE_EXTERNAL_STORAGE, android.permission.RECORD_AUDIO, android.permission.FOREGROUND_SERVICE, android.permission.BATTERY_STATS, android.permission.WRITE_SETTINGS",Yes,No,No,Yes,Yes,No,No,No,No,No,No,Yes,No,Yes,No,No,Yes,TRUE,TRUE,TRUE,TRUE
SharpCredit,com.sharp.credit.app,Nigeria/Delisted,"android.permission.READ_CALENDAR, android.permission.READ_CONTACTS, android.permission.READ_SMS, android.permission.READ_EXTERNAL_STORAGE, android.permission.RECEIVE_SMS, android.permission.ACCESS_WIFI_STATE, android.permission.RECEIVE_BOOT_COMPLETED, android.permission.READ_PROFILE, android.permission.CAMERA, android.permission.WRITE_EXTERNAL_STORAGE, android.permission.ACCESS_NETWORK_STATE, android.permission.READ_PHONE_STATE, com.google.android.c2dm.permission.RECEIVE, android.permission.INTERNET, android.permission.GET_ACCOUNTS, com.google.android.finsky.permission.BIND_GET_INSTALL_REFERRER_SERVICE, android.permission.WAKE_LOCK, android.permission.CHANGE_WIFI_STATE",Yes,No,No,Yes,Yes,No,No,No,No,No,No,Yes,No,Yes,No,No,No,TRUE,TRUE,TRUE,TRUE
QuickCredit,com.cash.loan.credit.quick.kash.cash9ja.mobile9.mkopo.instant.online.gocash,Nigeria/Delisted,"android.permission.READ_SMS, android.permission.RECEIVE_SMS, android.permission.ACCESS_WIFI_STATE, android.permission.GET_ACCOUNTS, android.permission.READ_CONTACTS, android.permission.READ_CALENDAR, android.permission.READ_EXTERNAL_STORAGE, android.permission.READ_PROFILE, android.permission.ACCESS_COARSE_LOCATION, android.permission.WAKE_LOCK, android.permission.ACCESS_NETWORK_STATE, android.permission.READ_PHONE_STATE, android.permission.INTERNET, com.google.android.finsky.permission.BIND_GET_INSTALL_REFERRER_SERVICE, android.permission.CHANGE_WIFI_STATE, android.permission.RECEIVE_BOOT_COMPLETED, android.permission.CAMERA, android.permission.WRITE_EXTERNAL_STORAGE, com.google.android.c2dm.permission.RECEIVE, android.permission.ACCESS_FINE_LOCATION",Yes,No,No,Yes,Yes,No,No,No,No,No,No,Yes,No,Yes,No,No,Yes,TRUE,TRUE,TRUE,TRUE
Lucky Loan,com.sx.luckyloan,Nigeria/Delisted,"android.permission.READ_CALENDAR, android.permission.POST_NOTIFICATIONS, android.permission.READ_SMS, android.permission.ACCESS_WIFI_STATE, android.permission.CAMERA, android.permission.MOUNT_UNMOUNT_FILESYSTEMS, android.permission.ACCESS_NETWORK_STATE, android.permission.READ_PHONE_STATE, com.google.android.c2dm.permission.RECEIVE, android.permission.ACCESS_MEDIA_LOCATION, android.permission.INTERNET, com.google.android.finsky.permission.BIND_GET_INSTALL_REFERRER_SERVICE, android.permission.FOREGROUND_SERVICE, android.permission.READ_PRIVILEGED_PHONE_STATE, android.permission.ACCESS_COARSE_LOCATION, android.permission.WAKE_LOCK, android.permission.ACCESS_NOTIFICATION_POLICY, com.google.android.gms.permission.AD_ID",No,No,No,No,No,No,No,No,No,No,No,Yes,No,Yes,No,No,No,FALSE,FALSE,TRUE,FALSE
Xcash,com.loanx.cashloan,Nigeria/Delisted,"android.permission.POST_NOTIFICATIONS, android.permission.READ_SMS, android.permission.RECEIVE_SMS, android.permission.ACCESS_WIFI_STATE, android.permission.BLUETOOTH, com.google.android.gms.permission.AD_ID, android.permission.READ_CALENDAR, android.permission.WRITE_CALENDAR, android.permission.BLUETOOTH_ADMIN, com.android.vending.setup.PLAY_SETUP_SERVICE, android.permission.ACCESS_COARSE_LOCATION, android.permission.WAKE_LOCK, android.permission.ACCESS_LOCATION_EXTRA_COMMANDS, android.permission.ACCESS_NETWORK_STATE, android.permission.READ_PHONE_STATE, android.permission.VIBRATE, android.permission.INTERNET, com.google.android.finsky.permission.BIND_GET_INSTALL_REFERRER_SERVICE, android.permission.GET_TASKS, android.permission.REORDER_TASKS, android.permission.CHANGE_NETWORK_STATE, android.permission.HIGH_SAMPLING_RATE_SENSORS, android.permission.CHANGE_WIFI_STATE, android.permission.SYSTEM_ALERT_WINDOW, com.android.browser.permission.READ_HISTORY_BOOKMARKS, android.permission.RECEIVE_BOOT_COMPLETED, android.permission.CAMERA, com.google.android.c2dm.permission.RECEIVE, android.permission.FOREGROUND_SERVICE",No,No,No,No,No,No,No,No,No,No,No,Yes,No,Yes,No,No,No,FALSE,FALSE,TRUE,FALSE
Kashpal,com.kashpal.credit.money.cash.moni,Nigeria/Delisted,"android.permission.READ_SMS, android.permission.ACCESS_WIFI_STATE, android.permission.MODIFY_AUDIO_SETTINGS, com.vivo.notification.permission.BADGE_ICON, android.permission.WRITE_CONTACTS, android.permission.GET_ACCOUNTS, android.permission.READ_CONTACTS, android.permission.READ_CALENDAR, android.permission.READ_EXTERNAL_STORAGE, android.permission.MOUNT_UNMOUNT_FILESYSTEMS, android.permission.CALL_PHONE, android.permission.ACCESS_COARSE_LOCATION, android.permission.WAKE_LOCK, android.permission.ACCESS_FINE_LOCATION, android.permission.ACCESS_LOCATION_EXTRA_COMMANDS, android.permission.ACCESS_NETWORK_STATE, android.permission.READ_PHONE_STATE, android.permission.VIBRATE, android.permission.INTERNET, android.permission.CHANGE_NETWORK_STATE, android.permission.CHANGE_WIFI_STATE, android.permission.FLASHLIGHT, android.permission.WRITE_EXTERNAL_STORAGE, android.permission.CAMERA, android.permission.RECORD_AUDIO, android.permission.READ_LOGS, com.huawei.android.launcher.permission.CHANGE_BADGE, android.permission.WRITE_SETTINGS",Yes,No,No,Yes,Yes,No,No,No,No,No,No,Yes,No,Yes,No,No,Yes,TRUE,TRUE,TRUE,TRUE
Naira9ja,com.naira9ja.loan.credit.cash.borrow,Nigeria/Delisted,"android.permission.POST_NOTIFICATIONS, android.permission.READ_SMS, android.permission.ACCESS_WIFI_STATE, android.permission.READ_CALL_LOG, com.google.android.gms.permission.AD_ID, android.permission.ACCESS_COARSE_LOCATION, android.permission.WAKE_LOCK, android.permission.ACCESS_NETWORK_STATE, android.permission.READ_PHONE_STATE, android.permission.VIBRATE, android.permission.INTERNET, com.google.android.finsky.permission.BIND_GET_INSTALL_REFERRER_SERVICE, android.permission.CHANGE_WIFI_STATE, android.permission.SYSTEM_ALERT_WINDOW, com.naira9ja.loan.credit.cash.borrow.DYNAMIC_RECEIVER_NOT_EXPORTED_PERMISSION, android.permission.RECEIVE_BOOT_COMPLETED, android.permission.CAMERA, com.google.android.c2dm.permission.RECEIVE, android.permission.FOREGROUND_SERVICE",No,Yes,No,No,No,No,No,No,No,No,No,Yes,No,Yes,No,No,No,TRUE,FALSE,TRUE,TRUE
Moneytree,jp.moneytree.moneytree,Nigeria/Delisted,"android.permission.POST_NOTIFICATIONS, com.android.vending.BILLING, android.permission.ACCESS_WIFI_STATE, com.google.android.gms.permission.AD_ID, android.permission.READ_CALENDAR, android.permission.WAKE_LOCK, android.permission.READ_MEDIA_IMAGES, android.permission.USE_BIOMETRIC, android.permission.ACCESS_NETWORK_STATE, android.permission.VIBRATE, android.permission.READ_MEDIA_AUDIO, android.permission.USE_FINGERPRINT, android.permission.INTERNET, com.google.android.finsky.permission.BIND_GET_INSTALL_REFERRER_SERVICE, jp.moneytree.moneytree.DYNAMIC_RECEIVER_NOT_EXPORTED_PERMISSION, android.permission.RECEIVE_BOOT_COMPLETED, android.permission.CAMERA, com.google.android.c2dm.permission.RECEIVE, android.permission.FOREGROUND_SERVICE",No,No,No,No,No,No,No,Yes,Yes,No,No,No,No,No,No,No,No,TRUE,TRUE,TRUE,TRUE
SoftNaira,com.sotifai.nai,Nigeria/Delisted,"android.permission.READ_SMS, android.permission.ACCESS_WIFI_STATE, android.permission.ACCESS_MEDIA_LOCATION, android.permission.GET_ACCOUNTS, android.permission.READ_CONTACTS, com.google.android.gms.permission.AD_ID, android.permission.READ_CALENDAR, android.permission.WRITE_CALENDAR, android.permission.READ_EXTERNAL_STORAGE, android.permission.READ_PROFILE, android.permission.ACCESS_COARSE_LOCATION, android.permission.READ_PRIVILEGED_PHONE_STATE, android.permission.WAKE_LOCK, android.permission.ACCESS_FINE_LOCATION, android.permission.ACCESS_NETWORK_STATE, android.permission.READ_PHONE_STATE, android.permission.VIBRATE, android.permission.INTERNET, com.google.android.finsky.permission.BIND_GET_INSTALL_REFERRER_SERVICE, android.permission.CHANGE_WIFI_STATE, android.hardwre.location.gps, android.permission.RECEIVE_BOOT_COMPLETED, android.permission.CAMERA, android.permission.WRITE_EXTERNAL_STORAGE, com.google.android.c2dm.permission.RECEIVE, android.permission.FOREGROUND_SERVICE, android.permission.REQUEST_INSTALL_PACKAGES, android.permission.WRITE_SETTINGS",Yes,No,No,Yes,Yes,No,No,No,No,No,No,Yes,No,Yes,No,No,Yes,TRUE,TRUE,TRUE,TRUE
MoneyMart,com.lcloan.moneymart,Nigeria/Delisted,"android.permission.READ_CONTACTS, android.permission.READ_SMS, android.permission.READ_EXTERNAL_STORAGE, android.permission.ACCESS_FINE_LOCATION, android.permission.ACCESS_WIFI_STATE, android.permission.CAMERA, android.permission.WRITE_EXTERNAL_STORAGE, android.permission.READ_PHONE_STATE, android.permission.ACCESS_NETWORK_STATE, com.google.android.c2dm.permission.RECEIVE, android.permission.ACCESS_MEDIA_LOCATION, android.permission.INTERNET, com.google.android.finsky.permission.BIND_GET_INSTALL_REFERRER_SERVICE, android.permission.ACCESS_COARSE_LOCATION, android.permission.WAKE_LOCK, android.permission.CHANGE_WIFI_STATE",Yes,No,No,Yes,Yes,No,No,No,No,No,No,Yes,No,Yes,No,No,Yes,TRUE,TRUE,TRUE,TRUE
@7F0F0021,com.loan.crancash.cash,Nigeria/Delisted,"com.samsung.android.mapsagent.permission.READ_APP_INFO, android.permission.READ_SMS, android.permission.BLUETOOTH_ADMIN, com.android.vending.CHECK_LICENSE, com.huawei.appmarket.service.commondata.permission.GET_COMMON_DATA, android.permission.ACCESS_WIFI_STATE, android.permission.BLUETOOTH, android.permission.CAMERA, android.permission.ACCESS_NETWORK_STATE, android.permission.ACCESS_ADSERVICES_ATTRIBUTION, com.google.android.c2dm.permission.RECEIVE, android.permission.INTERNET, com.google.android.finsky.permission.BIND_GET_INSTALL_REFERRER_SERVICE, android.permission.CHANGE_NETWORK_STATE, android.permission.ACCESS_COARSE_LOCATION, android.permission.WAKE_LOCK, com.google.android.gms.permission.AD_ID, android.permission.CHANGE_WIFI_STATE",No,No,No,No,No,No,No,No,No,No,No,No,No,Yes,No,No,No,FALSE,FALSE,TRUE,FALSE
nutLoan,xyz.niki.loan.nut,Nigeria/Delisted,"android.permission.READ_SMS, android.permission.ACCESS_WIFI_STATE, android.permission.CAMERA, android.permission.READ_PHONE_STATE, android.permission.ACCESS_NETWORK_STATE, android.permission.FOREGROUND_SERVICE, android.permission.INTERNET, android.permission.CALL_PHONE, android.permission.READ_PRIVILEGED_PHONE_STATE, android.permission.ACCESS_COARSE_LOCATION, android.permission.WAKE_LOCK, android.permission.CHANGE_WIFI_STATE",No,No,No,No,No,No,No,No,No,No,No,Yes,No,Yes,No,No,No,FALSE,FALSE,TRUE,FALSE
Camelloan,com.cashniriql.camelloan,Nigeria/Delisted,"android.permission.READ_CALENDAR, android.permission.LOCAL_MAC_ADDRESS, android.permission.READ_SMS, android.permission.ACCESS_WIFI_STATE, android.permission.READ_PROFILE, android.permission.CAMERA, android.permission.BLUETOOTH_CONNECT, android.permission.ACCESS_NETWORK_STATE, android.permission.READ_PHONE_STATE, android.permission.INTERNET, android.permission.ACCESS_COARSE_LOCATION, android.permission.READ_PRIVILEGED_PHONE_STATE, android.permission.READ_CALL_LOG, android.permission.CHANGE_WIFI_STATE",No,Yes,No,No,No,No,No,No,No,No,No,Yes,No,Yes,No,No,No,TRUE,FALSE,TRUE,TRUE
SureCredit,ng.sure.surecredit,Nigeria/Delisted,"android.permission.READ_SMS, android.permission.RECEIVE_SMS, android.permission.ACCESS_WIFI_STATE, android.permission.BLUETOOTH, android.permission.READ_CONTACTS, android.permission.READ_CALENDAR, android.permission.WRITE_CALENDAR, android.permission.BLUETOOTH_ADMIN, android.permission.READ_EXTERNAL_STORAGE, com.android.vending.setup.PLAY_SETUP_SERVICE, android.permission.ACCESS_COARSE_LOCATION, android.permission.WAKE_LOCK, android.permission.ACCESS_LOCATION_EXTRA_COMMANDS, android.permission.ACCESS_NETWORK_STATE, android.permission.READ_PHONE_STATE, android.permission.VIBRATE, android.permission.INTERNET, com.google.android.finsky.permission.BIND_GET_INSTALL_REFERRER_SERVICE, android.permission.GET_TASKS, android.permission.REORDER_TASKS, android.permission.CHANGE_NETWORK_STATE, android.permission.CHANGE_WIFI_STATE, android.permission.SYSTEM_ALERT_WINDOW, com.android.systemui.phonelock.permission.READ_CONTENT, com.android.browser.permission.READ_HISTORY_BOOKMARKS, com.android.systemui.phonelock.permission.WRITE_CONTENT, android.permission.RECEIVE_BOOT_COMPLETED, android.permission.READ_PHONE_NUMBERS, android.permission.WRITE_EXTERNAL_STORAGE, android.permission.CAMERA, com.google.android.c2dm.permission.RECEIVE, android.permission.FOREGROUND_SERVICE, android.permission.ACCESS_FINE_LOCATION",Yes,No,No,Yes,Yes,No,No,No,No,No,Yes,Yes,No,Yes,No,No,Yes,TRUE,TRUE,TRUE,TRUE
GGmoney,com.ggmoney.money.online.loan.instant.credit.bank.app,Nigeria/Delisted,"android.permission.READ_SMS, android.permission.RECEIVE_SMS, android.permission.ACCESS_WIFI_STATE, android.permission.GET_ACCOUNTS, android.permission.READ_CONTACTS, android.permission.READ_CALENDAR, android.permission.READ_EXTERNAL_STORAGE, android.permission.READ_PROFILE, android.permission.ACCESS_COARSE_LOCATION, android.permission.WAKE_LOCK, android.permission.ACCESS_NETWORK_STATE, android.permission.READ_PHONE_STATE, android.permission.INTERNET, com.google.android.finsky.permission.BIND_GET_INSTALL_REFERRER_SERVICE, android.permission.CHANGE_WIFI_STATE, android.permission.RECEIVE_BOOT_COMPLETED, android.permission.CAMERA, android.permission.WRITE_EXTERNAL_STORAGE, com.google.android.c2dm.permission.RECEIVE, android.permission.ACCESS_FINE_LOCATION",Yes,No,No,Yes,Yes,No,No,No,No,No,No,Yes,No,Yes,No,No,Yes,TRUE,TRUE,TRUE,TRUE
C Money,com.creditville,Nigeria/Delisted,"android.permission.ACCESS_WIFI_STATE, android.permission.READ_CONTACTS, com.google.android.gms.permission.AD_ID, com.google.android.gms.permission.ACTIVITY_RECOGNITION, android.permission.READ_EXTERNAL_STORAGE, android.permission.READ_PROFILE, android.permission.ACCESS_COARSE_LOCATION, android.permission.WAKE_LOCK, android.permission.USE_BIOMETRIC, android.permission.READ_PHONE_STATE, android.permission.VIBRATE, android.permission.USE_FINGERPRINT, android.permission.ACCESS_NETWORK_STATE, android.permission.INTERNET, com.google.android.finsky.permission.BIND_GET_INSTALL_REFERRER_SERVICE, android.permission.SYSTEM_ALERT_WINDOW, android.permission.READ_INTERNAL_STORAGE, android.permission.RECEIVE_BOOT_COMPLETED, android.permission.CAMERA, android.permission.WRITE_EXTERNAL_STORAGE, com.google.android.providers.gsf.permission.READ_GSERVICES, com.google.android.c2dm.permission.RECEIVE, android.permission.FOREGROUND_SERVICE, android.permission.ACCESS_FINE_LOCATION",Yes,No,No,Yes,Yes,No,No,No,No,No,No,Yes,No,No,No,No,Yes,TRUE,TRUE,TRUE,TRUE
@7F1000E7,com.ng.easecash,Nigeria/Delisted,"android.permission.POST_NOTIFICATIONS, android.permission.READ_SMS, android.permission.ACCESS_WIFI_STATE, android.permission.RESTART_PACKAGES, android.permission.CAMERA, android.permission.ACCESS_NETWORK_STATE, android.permission.VIBRATE, android.permission.READ_PHONE_STATE, com.google.android.c2dm.permission.RECEIVE, android.permission.INTERNET, com.google.android.finsky.permission.BIND_GET_INSTALL_REFERRER_SERVICE, com.google.android.gms.permission.AD_ID, android.permission.CHANGE_WIFI_STATE",No,No,No,No,No,No,No,No,No,No,No,Yes,No,Yes,No,No,No,FALSE,FALSE,TRUE,FALSE
Henloan,com.nairacash.henloan,Nigeria/Delisted,"android.permission.LOCAL_MAC_ADDRESS, android.permission.READ_SMS, android.permission.ACCESS_WIFI_STATE, android.permission.GET_ACCOUNTS, android.permission.READ_CONTACTS, android.permission.READ_CALENDAR, android.permission.READ_EXTERNAL_STORAGE, android.permission.READ_PROFILE, android.permission.READ_PRIVILEGED_PHONE_STATE, android.permission.ACCESS_COARSE_LOCATION, android.permission.BLUETOOTH_CONNECT, android.permission.READ_PHONE_STATE, android.permission.ACCESS_NETWORK_STATE, android.permission.INTERNET, android.permission.CHANGE_NETWORK_STATE, android.permission.CHANGE_WIFI_STATE, android.permission.WRITE_EXTERNAL_STORAGE, android.permission.CAMERA, android.permission.ACCESS_FINE_LOCATION",Yes,No,No,Yes,Yes,No,No,No,No,No,No,Yes,No,Yes,No,No,Yes,TRUE,TRUE,TRUE,TRUE
iMoney,com.elsner.imoney,Nigeria/Delisted,"com.android.vending.BILLING, android.permission.RECEIVE_BOOT_COMPLETED, android.permission.ACCESS_NETWORK_STATE, android.permission.FOREGROUND_SERVICE, android.permission.INTERNET, android.permission.WAKE_LOCK, com.google.android.gms.permission.AD_ID",No,No,No,No,No,No,No,No,No,No,No,No,No,No,No,No,No,FALSE,FALSE,FALSE,FALSE
Flypay Pro,loan.flypaypro.ydysx,Nigeria/Delisted,"android.permission.READ_SMS, android.permission.ACCESS_WIFI_STATE, android.permission.BLUETOOTH, com.google.android.gms.permission.AD_ID, android.permission.READ_CALENDAR, android.permission.WRITE_CALENDAR, android.permission.ACCESS_COARSE_LOCATION, android.permission.ACCESS_LOCATION_EXTRA_COMMANDS, android.permission.BLUETOOTH_CONNECT, android.permission.READ_PHONE_STATE, android.permission.ACCESS_NETWORK_STATE, android.permission.INTERNET, com.google.android.finsky.permission.BIND_GET_INSTALL_REFERRER_SERVICE, com.asus.msa.SupplementaryDID.ACCESS, android.permission.CHANGE_NETWORK_STATE, android.permission.CHANGE_WIFI_STATE, freemme.permission.msa, android.permission.FOREGROUND_SERVICE, android.permission.WRITE_SETTINGS",No,No,No,No,No,No,No,No,No,No,No,Yes,No,Yes,No,No,No,FALSE,FALSE,TRUE,FALSE
CreditBox,com.box.creditt,Nigeria/Delisted,"android.permission.ACCESS_WIFI_STATE, android.permission.CAMERA, android.permission.READ_PHONE_STATE, android.permission.ACCESS_NETWORK_STATE, android.permission.INTERNET, android.permission.ACCESS_COARSE_LOCATION, android.permission.WAKE_LOCK, android.permission.CHANGE_WIFI_STATE",No,No,No,No,No,No,No,No,No,No,No,Yes,No,No,No,No,No,FALSE,FALSE,TRUE,FALSE
Nigeria Loan,com.nigeria.loan.credit.nigerialoan,Nigeria/Delisted,"android.permission.READ_CALENDAR, com.nigeria.loan.credit.nigerialoan.DYNAMIC_RECEIVER_NOT_EXPORTED_PERMISSION, android.permission.POST_NOTIFICATIONS, android.permission.READ_SMS, android.permission.ACCESS_WIFI_STATE, android.permission.CAMERA, android.permission.ACCESS_NETWORK_STATE, android.permission.READ_PHONE_STATE, com.google.android.c2dm.permission.RECEIVE, android.permission.INTERNET, com.google.android.finsky.permission.BIND_GET_INSTALL_REFERRER_SERVICE, android.permission.READ_PRIVILEGED_PHONE_STATE, android.permission.ACCESS_COARSE_LOCATION, android.permission.WAKE_LOCK, com.google.android.gms.permission.AD_ID",No,No,No,No,No,No,No,No,No,No,No,Yes,No,Yes,No,No,No,FALSE,FALSE,TRUE,FALSE
Get Loan,com.qc.getloan,Nigeria/Delisted,"android.permission.READ_SMS, android.permission.ACCESS_WIFI_STATE, android.permission.CAMERA, android.permission.READ_PHONE_STATE, android.permission.ACCESS_NETWORK_STATE, android.permission.INTERNET, com.google.android.finsky.permission.BIND_GET_INSTALL_REFERRER_SERVICE, android.permission.ACCESS_COARSE_LOCATION, android.permission.READ_PRIVILEGED_PHONE_STATE",No,No,No,No,No,No,No,No,No,No,No,Yes,No,Yes,No,No,No,FALSE,FALSE,TRUE,FALSE
Apex Lending,al.cash.easy.creditapp,Nigeria/Delisted,"android.permission.LOCAL_MAC_ADDRESS, android.permission.READ_SMS, android.permission.ACCESS_WIFI_STATE, android.permission.CAMERA, android.permission.ACCESS_NETWORK_STATE, android.permission.READ_PHONE_STATE, android.permission.RECORD_AUDIO, android.permission.FOREGROUND_SERVICE, android.permission.INTERNET, com.google.android.finsky.permission.BIND_GET_INSTALL_REFERRER_SERVICE, android.permission.ACCESS_COARSE_LOCATION, android.permission.CHANGE_NETWORK_STATE, al.cash.easy.creditapp.DYNAMIC_RECEIVER_NOT_EXPORTED_PERMISSION, android.permission.READ_CALL_LOG, android.permission.CHANGE_WIFI_STATE",No,Yes,No,No,No,No,No,No,No,No,No,Yes,No,Yes,No,No,No,TRUE,FALSE,TRUE,TRUE
Secucash,com.ng.secucash,Nigeria/Delisted,"android.permission.LOCAL_MAC_ADDRESS, android.permission.POST_NOTIFICATIONS, android.permission.READ_SMS, android.permission.ACCESS_WIFI_STATE, android.permission.READ_CALL_LOG, com.google.android.gms.permission.AD_ID, android.permission.READ_CALENDAR, android.permission.ACCESS_COARSE_LOCATION, android.permission.WAKE_LOCK, android.permission.PACKAGE_USAGE_STATS, android.permission.GET_PACKAGE_SIZE, android.permission.ACCESS_NETWORK_STATE, android.permission.READ_PHONE_STATE, android.permission.VIBRATE, android.permission.INTERNET, com.google.android.finsky.permission.BIND_GET_INSTALL_REFERRER_SERVICE, android.permission.CHANGE_WIFI_STATE, android.permission.RESTART_PACKAGES, android.permission.CAMERA, com.google.android.c2dm.permission.RECEIVE, android.permission.BATTERY_STATS, android.permission.WRITE_SETTINGS",No,Yes,No,No,No,No,No,No,No,No,No,Yes,No,Yes,No,No,No,TRUE,FALSE,TRUE,TRUE
Galaxy Credit,com.GalaxyCredit,Nigeria/Delisted,"android.permission.ACCESS_WIFI_STATE, com.vivo.notification.permission.BADGE_ICON, android.permission.MODIFY_PHONE_STATE, android.permission.ACCOUNT_MANAGER, android.permission.MOUNT_UNMOUNT_FILESYSTEMS, android.permission.WAKE_LOCK, android.permission.READ_SYNC_STATS, android.permission.ACCESS_NETWORK_STATE, android.permission.READ_PHONE_STATE, android.permission.VIBRATE, android.permission.INTERNET, android.permission.CHANGE_NETWORK_STATE, android.permission.CHANGE_WIFI_STATE, android.permission.ACCESS_SURFACE_FLINGER, android.permission.ADD_VOICEMAIL, android.permission.FLASHLIGHT, android.permission.AUTHENTICATE_ACCOUNTS, android.permission.ACCESS_CHECKIN_PROPERTIES, android.permission.BATTERY_STATS, com.huawei.android.launcher.permission.CHANGE_BADGE, android.permission.WRITE_SETTINGS",No,No,No,No,No,No,No,No,No,No,No,Yes,No,No,No,No,No,FALSE,FALSE,TRUE,FALSE
WeCredit,com.we.ng.credit,Nigeria/Delisted,"android.permission.POST_NOTIFICATIONS, android.permission.READ_SMS, android.permission.ACCESS_WIFI_STATE, com.coloros.mcs.permission.RECIEVE_MCS_MESSAGE, com.google.android.gms.permission.AD_ID, com.we.ng.credit.permission.MIPUSH_RECEIVE, com.heytap.mcs.permission.RECIEVE_MCS_MESSAGE, android.permission.CALL_PHONE, android.permission.ACCESS_COARSE_LOCATION, android.permission.WAKE_LOCK, android.permission.ACCESS_LOCATION_EXTRA_COMMANDS, android.permission.ACCESS_NETWORK_STATE, android.permission.READ_PHONE_STATE, android.permission.VIBRATE, android.permission.INTERNET, com.google.android.finsky.permission.BIND_GET_INSTALL_REFERRER_SERVICE, android.permission.GET_TASKS, android.permission.CHANGE_NETWORK_STATE, android.permission.CHANGE_WIFI_STATE, android.permission.SYSTEM_ALERT_WINDOW, android.permission.RECEIVE_BOOT_COMPLETED, android.permission.CAMERA, com.google.android.providers.gsf.permission.READ_GSERVICES, com.google.android.c2dm.permission.RECEIVE, android.permission.FOREGROUND_SERVICE, android.permission.READ_LOGS",No,No,No,No,No,No,No,No,No,No,No,Yes,No,Yes,No,No,No,FALSE,FALSE,TRUE,FALSE
CashMama,com.loancloud.nigeria.cashmama,Nigeria/Delisted,"android.permission.READ_SMS, android.permission.READ_PRIVILEGED_PHONE_STAT, android.permission.ACCESS_WIFI_STATE, android.permission.READ_SYNC_SETTINGS, android.permission.READ_CONTACTS, android.permission.READ_EXTERNAL_STORAGE, android.permission.MOUNT_UNMOUNT_FILESYSTEMS, android.permission.ACCESS_COARSE_LOCATION, android.permission.WAKE_LOCK, android.permission.ACCESS_NETWORK_STATE, android.permission.READ_PHONE_STATE, android.permission.QUERY_ALL_PACKAGES, android.permission.INTERNET, com.google.android.finsky.permission.BIND_GET_INSTALL_REFERRER_SERVICE, android.permission.CHANGE_WIFI_STATE, android.permission.SYSTEM_ALERT_WINDOW, android.permission.WRITE_EXTERNAL_STORAGE, android.permission.CAMERA, com.google.android.c2dm.permission.RECEIVE, android.permission.FOREGROUND_SERVICE, android.permission.ACCESS_FINE_LOCATION",Yes,No,No,Yes,Yes,No,No,No,No,No,No,Yes,No,Yes,No,Yes,Yes,TRUE,TRUE,TRUE,TRUE
FINE KUDI,cn.fk.fine.kudi,Nigeria/Delisted,"android.permission.POST_NOTIFICATIONS, android.permission.READ_SMS, android.permission.ACCESS_WIFI_STATE, com.google.android.gms.permission.AD_ID, android.permission.CALL_PHONE, android.permission.ACCESS_COARSE_LOCATION, android.permission.WAKE_LOCK, android.permission.ACCESS_LOCATION_EXTRA_COMMANDS, android.permission.ACCESS_NETWORK_STATE, android.permission.READ_PHONE_STATE, android.permission.INTERNET, com.google.android.finsky.permission.BIND_GET_INSTALL_REFERRER_SERVICE, android.permission.CHANGE_NETWORK_STATE, android.permission.CHANGE_WIFI_STATE, android.permission.RECEIVE_BOOT_COMPLETED, android.permission.CAMERA, com.google.android.providers.gsf.permission.READ_GSERVICES, com.google.android.c2dm.permission.RECEIVE, android.permission.FOREGROUND_SERVICE",No,No,No,No,No,No,No,No,No,No,No,Yes,No,Yes,No,No,No,FALSE,FALSE,TRUE,FALSE
Personal loans onlne,com.darm.personaloans,Pakistan/Delisted,"android.permission.POST_NOTIFICATIONS, android.permission.RECEIVE_BOOT_COMPLETED, android.permission.ACCESS_NETWORK_STATE, com.google.android.c2dm.permission.RECEIVE, android.permission.FOREGROUND_SERVICE, com.google.android.finsky.permission.BIND_GET_INSTALL_REFERRER_SERVICE, android.permission.INTERNET, com.darm.personaloans.permission.C2D_MESSAGE, android.permission.WAKE_LOCK, com.google.android.gms.permission.AD_ID",No,No,No,No,No,No,No,No,No,No,No,No,No,No,No,No,No,FALSE,FALSE,FALSE,FALSE
Easy Mobile Loans,com.rapidpayapps.finepayloans,Pakistan/Delisted,"android.permission.INTERNET, android.permission.ACCESS_NETWORK_STATE",No,No,No,No,No,No,No,No,No,No,No,No,No,No,No,No,No,FALSE,FALSE,FALSE,FALSE
Fair Loans,com.fairlend.fairloans,Pakistan/Delisted,"android.permission.ACCESS_WIFI_STATE, android.permission.ACCESS_NETWORK_STATE, android.permission.INTERNET, com.fairlend.fairloans.DYNAMIC_RECEIVER_NOT_EXPORTED_PERMISSION, com.applovin.array.apphub.permission.BIND_APPHUB_SERVICE, com.google.android.gms.permission.AD_ID",No,No,No,No,No,No,No,No,No,No,No,No,No,No,No,No,No,FALSE,FALSE,FALSE,FALSE
Soulfa Loans,com.soulfaquick.soulfa,Pakistan/Delisted,"com.majeur.launcher.permission.UPDATE_BADGE, android.permission.POST_NOTIFICATIONS, android.permission.ACCESS_WIFI_STATE, com.google.android.gms.permission.AD_ID, me.everything.badger.permission.BADGE_COUNT_READ, android.permission.ACCESS_WIFI, com.sec.android.provider.badge.permission.READ, com.htc.launcher.permission.READ_SETTINGS, com.sonymobile.home.permission.PROVIDER_INSERT_BADGE, com.anddoes.launcher.permission.UPDATE_COUNT, com.huawei.android.launcher.permission.READ_SETTINGS, com.htc.launcher.permission.UPDATE_SHORTCUT, com.soulfaquick.soulfa.permission.C2D_MESSAGE, com.oppo.launcher.permission.WRITE_SETTINGS, com.huawei.android.launcher.permission.WRITE_SETTINGS, android.permission.WAKE_LOCK, com.oppo.launcher.permission.READ_SETTINGS, android.permission.ACCESS_NETWORK_STATE, android.permission.VIBRATE, android.permission.INTERNET, com.google.android.finsky.permission.BIND_GET_INSTALL_REFERRER_SERVICE, com.sonyericsson.home.permission.BROADCAST_BADGE, android.permission.RECEIVE_BOOT_COMPLETED, com.sec.android.provider.badge.permission.WRITE, com.google.android.c2dm.permission.RECEIVE, android.permission.FOREGROUND_SERVICE, me.everything.badger.permission.BADGE_COUNT_WRITE, android.permission.READ_APP_BADGE, com.huawei.android.launcher.permission.CHANGE_BADGE",No,No,No,No,No,No,No,No,No,No,No,No,No,No,No,No,No,FALSE,FALSE,FALSE,FALSE
Fibo,com.ftfarm.fibo,Pakistan/Delisted,"android.permission.POST_NOTIFICATIONS, android.permission.ACCESS_WIFI_STATE, android.permission.READ_CONTACTS, com.google.android.gms.permission.AD_ID, android.permission.READ_EXTERNAL_STORAGE, android.permission.ACCESS_COARSE_LOCATION, android.permission.WAKE_LOCK, android.permission.USE_BIOMETRIC, android.permission.ACCESS_NETWORK_STATE, android.permission.VIBRATE, android.permission.USE_FINGERPRINT, android.permission.READ_PHONE_STATE, android.permission.INTERNET, com.google.android.finsky.permission.BIND_GET_INSTALL_REFERRER_SERVICE, android.permission.CHANGE_NETWORK_STATE, android.permission.NFC, android.permission.FLASHLIGHT, android.permission.CAMERA, android.permission.WRITE_EXTERNAL_STORAGE, android.permission.RECORD_AUDIO, com.google.android.c2dm.permission.RECEIVE, com.ftfarm.fibo.DYNAMIC_RECEIVER_NOT_EXPORTED_PERMISSION, android.permission.ACCESS_FINE_LOCATION",Yes,No,No,Yes,Yes,No,No,No,No,No,No,Yes,No,No,No,No,Yes,TRUE,TRUE,TRUE,TRUE
Mini Cash Loan Coach App,com.fast.easy.instant.rapid.quickloan.miniloan.cash.loan.coach,Pakistan/Delisted,"com.majeur.launcher.permission.UPDATE_BADGE, android.permission.POST_NOTIFICATIONS, android.permission.ACCESS_WIFI_STATE, com.google.android.gms.permission.AD_ID, me.everything.badger.permission.BADGE_COUNT_READ, com.sec.android.provider.badge.permission.READ, com.htc.launcher.permission.READ_SETTINGS, com.sonymobile.home.permission.PROVIDER_INSERT_BADGE, com.anddoes.launcher.permission.UPDATE_COUNT, com.huawei.android.launcher.permission.READ_SETTINGS, com.htc.launcher.permission.UPDATE_SHORTCUT, com.oppo.launcher.permission.WRITE_SETTINGS, com.huawei.android.launcher.permission.WRITE_SETTINGS, android.permission.WAKE_LOCK, com.oppo.launcher.permission.READ_SETTINGS, android.permission.ACCESS_NETWORK_STATE, android.permission.VIBRATE, android.permission.INTERNET, com.sonyericsson.home.permission.BROADCAST_BADGE, android.permission.RECEIVE_BOOT_COMPLETED, com.sec.android.provider.badge.permission.WRITE, com.fast.easy.instant.rapid.quickloan.miniloan.cash.loan.coach.DYNAMIC_RECEIVER_NOT_EXPORTED_PERMISSION, com.google.android.c2dm.permission.RECEIVE, android.permission.FOREGROUND_SERVICE, me.everything.badger.permission.BADGE_COUNT_WRITE, android.permission.READ_APP_BADGE, com.huawei.android.launcher.permission.CHANGE_BADGE, com.fast.easy.instant.rapid.quickloan.miniloan.cash.loan.coach.permission.C2D_MESSAGE",No,No,No,No,No,No,No,No,No,No,No,No,No,No,No,No,No,FALSE,FALSE,FALSE,FALSE
Easy Cash,com.capitalpoint.easycashloans,Pakistan/Delisted,"com.capitalpoint.easycashloans.DYNAMIC_RECEIVER_NOT_EXPORTED_PERMISSION, android.permission.ACCESS_WIFI_STATE, android.permission.ACCESS_NETWORK_STATE, android.permission.FOREGROUND_SERVICE, android.permission.INTERNET, com.applovin.array.apphub.permission.BIND_APPHUB_SERVICE, android.permission.WAKE_LOCK, com.google.android.gms.permission.AD_ID",No,No,No,No,No,No,No,No,No,No,No,No,No,No,No,No,No,FALSE,FALSE,FALSE,FALSE
Liberty Loans,com.libertyloans.loans,Pakistan/Delisted,"android.permission.INTERNET, android.permission.ACCESS_NETWORK_STATE",No,No,No,No,No,No,No,No,No,No,No,No,No,No,No,No,No,FALSE,FALSE,FALSE,FALSE
Get Loan On PanCard,com.loan.aadhar.pan.insurance.calculator.getloanonpancard,Pakistan/Delisted,"com.majeur.launcher.permission.UPDATE_BADGE, android.permission.POST_NOTIFICATIONS, android.permission.ACCESS_WIFI_STATE, com.google.android.gms.permission.AD_ID, me.everything.badger.permission.BADGE_COUNT_READ, com.sec.android.provider.badge.permission.READ, com.htc.launcher.permission.READ_SETTINGS, com.sonymobile.home.permission.PROVIDER_INSERT_BADGE, android.permission.READ_EXTERNAL_STORAGE, com.anddoes.launcher.permission.UPDATE_COUNT, com.huawei.android.launcher.permission.READ_SETTINGS, com.htc.launcher.permission.UPDATE_SHORTCUT, com.oppo.launcher.permission.WRITE_SETTINGS, android.permission.ACCESS_COARSE_LOCATION, com.huawei.android.launcher.permission.WRITE_SETTINGS, android.permission.WAKE_LOCK, com.oppo.launcher.permission.READ_SETTINGS, android.permission.VIBRATE, android.permission.ACCESS_NETWORK_STATE, android.permission.INTERNET, com.google.android.finsky.permission.BIND_GET_INSTALL_REFERRER_SERVICE, com.sonyericsson.home.permission.BROADCAST_BADGE, android.permission.RECEIVE_BOOT_COMPLETED, com.sec.android.provider.badge.permission.WRITE, android.permission.WRITE_EXTERNAL_STORAGE, com.google.android.c2dm.permission.RECEIVE, android.permission.FOREGROUND_SERVICE, com.loan.aadhar.pan.insurance.calculator.getloanonpancard.permission.C2D_MESSAGE, me.everything.badger.permission.BADGE_COUNT_WRITE, android.permission.READ_APP_BADGE, com.huawei.android.launcher.permission.CHANGE_BADGE, android.permission.ACCESS_FINE_LOCATION",No,No,No,Yes,Yes,No,No,No,No,No,No,No,No,No,No,No,Yes,TRUE,TRUE,TRUE,TRUE
Salah Loans,com.easyloans.solutions,Pakistan/Delisted,"com.majeur.launcher.permission.UPDATE_BADGE, android.permission.ACCESS_WIFI_STATE, com.google.android.gms.permission.AD_ID, me.everything.badger.permission.BADGE_COUNT_READ, android.permission.ACCESS_WIFI, com.sec.android.provider.badge.permission.READ, com.htc.launcher.permission.READ_SETTINGS, com.sonymobile.home.permission.PROVIDER_INSERT_BADGE, com.anddoes.launcher.permission.UPDATE_COUNT, com.huawei.android.launcher.permission.READ_SETTINGS, com.htc.launcher.permission.UPDATE_SHORTCUT, com.oppo.launcher.permission.WRITE_SETTINGS, com.huawei.android.launcher.permission.WRITE_SETTINGS, android.permission.WAKE_LOCK, com.oppo.launcher.permission.READ_SETTINGS, android.permission.ACCESS_NETWORK_STATE, android.permission.VIBRATE, android.permission.INTERNET, com.google.android.finsky.permission.BIND_GET_INSTALL_REFERRER_SERVICE, com.sonyericsson.home.permission.BROADCAST_BADGE, android.permission.RECEIVE_BOOT_COMPLETED, com.sec.android.provider.badge.permission.WRITE, com.google.android.c2dm.permission.RECEIVE, android.permission.FOREGROUND_SERVICE, me.everything.badger.permission.BADGE_COUNT_WRITE, com.easyloans.solutions.permission.C2D_MESSAGE, android.permission.READ_APP_BADGE, com.huawei.android.launcher.permission.CHANGE_BADGE",No,No,No,No,No,No,No,No,No,No,No,No,No,No,No,No,No,FALSE,FALSE,FALSE,FALSE
Fori Instant Loans,com.easyloans.instantloans.foriloan,Pakistan/Delisted,"com.majeur.launcher.permission.UPDATE_BADGE, android.permission.POST_NOTIFICATIONS, android.permission.ACCESS_WIFI_STATE, com.google.android.gms.permission.AD_ID, me.everything.badger.permission.BADGE_COUNT_READ, android.permission.ACCESS_WIFI, com.sec.android.provider.badge.permission.READ, com.htc.launcher.permission.READ_SETTINGS, com.sonymobile.home.permission.PROVIDER_INSERT_BADGE, com.anddoes.launcher.permission.UPDATE_COUNT, com.huawei.android.launcher.permission.READ_SETTINGS, com.htc.launcher.permission.UPDATE_SHORTCUT, com.easyloans.instantloans.foriloan.permission.C2D_MESSAGE, com.oppo.launcher.permission.WRITE_SETTINGS, com.huawei.android.launcher.permission.WRITE_SETTINGS, android.permission.WAKE_LOCK, com.oppo.launcher.permission.READ_SETTINGS, com.huawei.android.launcher.permission.CHANGE_BADGE, android.permission.ACCESS_NETWORK_STATE, android.permission.VIBRATE, android.permission.INTERNET, com.google.android.finsky.permission.BIND_GET_INSTALL_REFERRER_SERVICE, com.sonyericsson.home.permission.BROADCAST_BADGE, android.permission.RECEIVE_BOOT_COMPLETED, com.sec.android.provider.badge.permission.WRITE, com.google.android.c2dm.permission.RECEIVE, android.permission.FOREGROUND_SERVICE, me.everything.badger.permission.BADGE_COUNT_WRITE, android.permission.READ_APP_BADGE, com.applovin.array.apphub.permission.BIND_APPHUB_SERVICE",No,No,No,No,No,No,No,No,No,No,No,No,No,No,No,No,No,FALSE,FALSE,FALSE,FALSE
现金钱包借贷卡盟分期,com.loanmarket,Pakistan/Delisted,"android.permission.READ_EXTERNAL_STORAGE, android.permission.ACCESS_FINE_LOCATION, android.permission.ACCESS_WIFI_STATE, android.permission.CAMERA, android.permission.WRITE_EXTERNAL_STORAGE, android.permission.READ_PHONE_STATE, android.permission.ACCESS_NETWORK_STATE, android.permission.INTERNET, android.permission.READ_LOGS, android.permission.ACCESS_COARSE_LOCATION, android.permission.CHANGE_WIFI_STATE, android.permission.SYSTEM_ALERT_WINDOW",No,No,No,Yes,Yes,No,No,No,No,No,No,Yes,No,No,No,No,Yes,TRUE,TRUE,TRUE,TRUE
5 Minute Loan Apply Online,com.loanapp.onlineloan.applyonline.calc.Bankbalancecheck,Pakistan/Delisted,"com.majeur.launcher.permission.UPDATE_BADGE, android.permission.POST_NOTIFICATIONS, com.loanapp.onlineloan.applyonline.calc.Bankbalancecheck.permission.C2D_MESSAGE, android.permission.ACCESS_WIFI_STATE, com.google.android.gms.permission.AD_ID, me.everything.badger.permission.BADGE_COUNT_READ, com.sec.android.provider.badge.permission.READ, com.htc.launcher.permission.READ_SETTINGS, com.sonymobile.home.permission.PROVIDER_INSERT_BADGE, android.permission.READ_EXTERNAL_STORAGE, com.anddoes.launcher.permission.UPDATE_COUNT, com.huawei.android.launcher.permission.READ_SETTINGS, com.htc.launcher.permission.UPDATE_SHORTCUT, com.loanapp.onlineloan.applyonline.calc.Bankbalancecheck.DYNAMIC_RECEIVER_NOT_EXPORTED_PERMISSION, com.oppo.launcher.permission.WRITE_SETTINGS, com.huawei.android.launcher.permission.WRITE_SETTINGS, android.permission.WAKE_LOCK, com.oppo.launcher.permission.READ_SETTINGS, android.permission.Ad_ID, android.permission.ACCESS_NETWORK_STATE, android.permission.READ_PHONE_STATE, android.permission.VIBRATE, android.permission.INTERNET, com.sonyericsson.home.permission.BROADCAST_BADGE, android.permission.RECEIVE_BOOT_COMPLETED, com.sec.android.provider.badge.permission.WRITE, android.permission.WRITE_EXTERNAL_STORAGE, android.permission.CAMERA, com.google.android.c2dm.permission.RECEIVE, android.permission.FOREGROUND_SERVICE, me.everything.badger.permission.BADGE_COUNT_WRITE, android.permission.READ_APP_BADGE, com.huawei.android.launcher.permission.CHANGE_BADGE",No,No,No,Yes,Yes,No,No,No,No,No,No,Yes,No,No,No,No,No,TRUE,TRUE,TRUE,TRUE
Mini Credit,com.ptechmini.instantcredit,Pakistan/Delisted,"com.majeur.launcher.permission.UPDATE_BADGE, android.permission.POST_NOTIFICATIONS, android.permission.ACCESS_WIFI_STATE, com.google.android.gms.permission.AD_ID, com.ptechmini.instantcredit.permission.C2D_MESSAGE, me.everything.badger.permission.BADGE_COUNT_READ, android.permission.ACCESS_WIFI, com.sec.android.provider.badge.permission.READ, com.htc.launcher.permission.READ_SETTINGS, com.sonymobile.home.permission.PROVIDER_INSERT_BADGE, com.anddoes.launcher.permission.UPDATE_COUNT, com.huawei.android.launcher.permission.READ_SETTINGS, com.htc.launcher.permission.UPDATE_SHORTCUT, com.oppo.launcher.permission.WRITE_SETTINGS, com.huawei.android.launcher.permission.WRITE_SETTINGS, android.permission.WAKE_LOCK, com.oppo.launcher.permission.READ_SETTINGS, android.permission.ACCESS_NETWORK_STATE, android.permission.VIBRATE, android.permission.INTERNET, com.google.android.finsky.permission.BIND_GET_INSTALL_REFERRER_SERVICE, com.sonyericsson.home.permission.BROADCAST_BADGE, android.permission.RECEIVE_BOOT_COMPLETED, com.sec.android.provider.badge.permission.WRITE, com.google.android.c2dm.permission.RECEIVE, android.permission.FOREGROUND_SERVICE, me.everything.badger.permission.BADGE_COUNT_WRITE, android.permission.READ_APP_BADGE, com.huawei.android.launcher.permission.CHANGE_BADGE",No,No,No,No,No,No,No,No,No,No,No,No,No,No,No,No,No,FALSE,FALSE,FALSE,FALSE
W Cash Loan,com.geeklabdevelopers.wcashloan,Pakistan/Delisted,"android.permission.RECEIVE_BOOT_COMPLETED, android.permission.ACCESS_WIFI_STATE, android.permission.ACCESS_NETWORK_STATE, com.google.android.c2dm.permission.RECEIVE, android.permission.INTERNET, android.permission.ACCESS_COARSE_LOCATION, android.permission.WAKE_LOCK",No,No,No,No,No,No,No,No,No,No,No,No,No,No,No,No,No,FALSE,FALSE,FALSE,FALSE
2023 Loans,com.twentythreeloans,Pakistan/Delisted,"com.majeur.launcher.permission.UPDATE_BADGE, android.permission.POST_NOTIFICATIONS, android.permission.USE_FULL_SCREEN_INTENT, android.permission.ACCESS_WIFI_STATE, android.permission.BROADCAST_CLOSE_SYSTEM_DIALOGS, com.google.android.gms.permission.AD_ID, me.everything.badger.permission.BADGE_COUNT_READ, com.sec.android.provider.badge.permission.READ, com.htc.launcher.permission.READ_SETTINGS, com.sonymobile.home.permission.PROVIDER_INSERT_BADGE, com.anddoes.launcher.permission.UPDATE_COUNT, com.huawei.android.launcher.permission.READ_SETTINGS, com.htc.launcher.permission.UPDATE_SHORTCUT, com.oppo.launcher.permission.WRITE_SETTINGS, com.applovin.array.apphub.permission.BIND_APPHUB_SERVICE, com.huawei.android.launcher.permission.WRITE_SETTINGS, android.permission.WAKE_LOCK, com.oppo.launcher.permission.READ_SETTINGS, android.permission.SCHEDULE_EXACT_ALARM, android.permission.VIBRATE, android.permission.ACCESS_NETWORK_STATE, android.permission.INTERNET, com.google.android.finsky.permission.BIND_GET_INSTALL_REFERRER_SERVICE, com.sonyericsson.home.permission.BROADCAST_BADGE, android.permission.RECEIVE_BOOT_COMPLETED, com.sec.android.provider.badge.permission.WRITE, android.permission.FOREGROUND_SERVICE, me.everything.badger.permission.BADGE_COUNT_WRITE, android.permission.READ_APP_BADGE, com.huawei.android.launcher.permission.CHANGE_BADGE",No,No,No,No,No,No,No,No,No,No,No,No,No,No,No,No,No,FALSE,FALSE,FALSE,FALSE
Hela Credit Loans,com.helacreditloans,Pakistan/Delisted,"com.majeur.launcher.permission.UPDATE_BADGE, android.permission.POST_NOTIFICATIONS, android.permission.USE_FULL_SCREEN_INTENT, android.permission.ACCESS_WIFI_STATE, android.permission.BROADCAST_CLOSE_SYSTEM_DIALOGS, com.google.android.gms.permission.AD_ID, me.everything.badger.permission.BADGE_COUNT_READ, com.sec.android.provider.badge.permission.READ, com.htc.launcher.permission.READ_SETTINGS, com.sonymobile.home.permission.PROVIDER_INSERT_BADGE, com.anddoes.launcher.permission.UPDATE_COUNT, com.huawei.android.launcher.permission.READ_SETTINGS, com.htc.launcher.permission.UPDATE_SHORTCUT, com.oppo.launcher.permission.WRITE_SETTINGS, com.applovin.array.apphub.permission.BIND_APPHUB_SERVICE, com.huawei.android.launcher.permission.WRITE_SETTINGS, android.permission.WAKE_LOCK, com.oppo.launcher.permission.READ_SETTINGS, android.permission.SCHEDULE_EXACT_ALARM, android.permission.VIBRATE, android.permission.ACCESS_NETWORK_STATE, android.permission.INTERNET, com.google.android.finsky.permission.BIND_GET_INSTALL_REFERRER_SERVICE, com.sonyericsson.home.permission.BROADCAST_BADGE, android.permission.RECEIVE_BOOT_COMPLETED, com.sec.android.provider.badge.permission.WRITE, android.permission.FOREGROUND_SERVICE, me.everything.badger.permission.BADGE_COUNT_WRITE, android.permission.READ_APP_BADGE, com.huawei.android.launcher.permission.CHANGE_BADGE",No,No,No,No,No,No,No,No,No,No,No,No,No,No,No,No,No,FALSE,FALSE,FALSE,FALSE
Little Cash,com.optipay.littlecash,Pakistan/Delisted,"android.permission.ACCESS_WIFI_STATE, com.optipay.littlecash.DYNAMIC_RECEIVER_NOT_EXPORTED_PERMISSION, android.permission.ACCESS_NETWORK_STATE, android.permission.VIBRATE, android.permission.INTERNET, com.google.android.gms.permission.AD_ID",No,No,No,No,No,No,No,No,No,No,No,No,No,No,No,No,No,FALSE,FALSE,FALSE,FALSE
Get Easy Paisa Loan App,com.paisaloanguide.loanguidepaisatips,Pakistan/Delisted,"com.majeur.launcher.permission.UPDATE_BADGE, android.permission.POST_NOTIFICATIONS, android.permission.ACCESS_WIFI_STATE, com.google.android.gms.permission.AD_ID, me.everything.badger.permission.BADGE_COUNT_READ, com.sec.android.provider.badge.permission.READ, com.htc.launcher.permission.READ_SETTINGS, com.sonymobile.home.permission.PROVIDER_INSERT_BADGE, android.permission.READ_EXTERNAL_STORAGE, com.anddoes.launcher.permission.UPDATE_COUNT, com.huawei.android.launcher.permission.READ_SETTINGS, com.htc.launcher.permission.UPDATE_SHORTCUT, com.oppo.launcher.permission.WRITE_SETTINGS, com.huawei.android.launcher.permission.WRITE_SETTINGS, android.permission.WAKE_LOCK, com.oppo.launcher.permission.READ_SETTINGS, android.permission.ACCESS_NETWORK_STATE, android.permission.VIBRATE, android.permission.INTERNET, com.google.android.finsky.permission.BIND_GET_INSTALL_REFERRER_SERVICE, com.sonyericsson.home.permission.BROADCAST_BADGE, android.permission.RECEIVE_BOOT_COMPLETED, com.sec.android.provider.badge.permission.WRITE, com.paisaloanguide.loanguidepaisatips.permission.C2D_MESSAGE, android.permission.WRITE_EXTERNAL_STORAGE, com.google.android.c2dm.permission.RECEIVE, android.permission.FOREGROUND_SERVICE, me.everything.badger.permission.BADGE_COUNT_WRITE, android.permission.READ_APP_BADGE, com.huawei.android.launcher.permission.CHANGE_BADGE",No,No,No,Yes,Yes,No,No,No,No,No,No,No,No,No,No,No,No,TRUE,TRUE,TRUE,TRUE
Fast Manee Loan Guide,com.simpleloan.instant.suparkash,Pakistan/Delisted,"android.permission.READ_EXTERNAL_STORAGE, android.permission.RECEIVE_BOOT_COMPLETED, android.permission.WRITE_EXTERNAL_STORAGE, android.permission.CAMERA, android.permission.READ_PHONE_STATE, android.permission.ACCESS_NETWORK_STATE, android.permission.FOREGROUND_SERVICE, android.permission.INTERNET, com.google.android.finsky.permission.BIND_GET_INSTALL_REFERRER_SERVICE, android.permission.WAKE_LOCK, com.google.android.gms.permission.AD_ID",No,No,No,Yes,Yes,No,No,No,No,No,No,Yes,No,No,No,No,No,TRUE,TRUE,TRUE,TRUE
SingleClick Pe Loan,com.singleclick.loanpe.trading.colourloan.b2l,Pakistan/Delisted,"android.permission.READ_CONTACTS, android.permission.CHANGE_WIFI_STATE, android.permission.READ_EXTERNAL_STORAGE, android.permission.RECEIVE_BOOT_COMPLETED, android.permission.ACCESS_WIFI_STATE, android.permission.WRITE_EXTERNAL_STORAGE, android.permission.CAMERA, android.permission.ACCESS_NETWORK_STATE, android.permission.VIBRATE, com.google.android.c2dm.permission.RECEIVE, android.permission.FOREGROUND_SERVICE, android.permission.INTERNET, com.google.android.finsky.permission.BIND_GET_INSTALL_REFERRER_SERVICE, android.permission.ACCESS_COARSE_LOCATION, android.permission.WAKE_LOCK, com.google.android.gms.permission.AD_ID, android.permission.ACCESS_FINE_LOCATION",Yes,No,No,Yes,Yes,No,No,No,No,No,No,No,No,No,No,No,Yes,TRUE,TRUE,TRUE,TRUE
Instant Cash Loan,com.getinstantloan.creditloan.cashloan,Pakistan/Delisted,"android.permission.READ_EXTERNAL_STORAGE, android.permission.ACCESS_WIFI_STATE, android.permission.WRITE_EXTERNAL_STORAGE, android.permission.CAMERA, android.permission.ACCESS_NETWORK_STATE, com.google.android.providers.gsf.permission.READ_GSERVICES, com.google.android.c2dm.permission.RECEIVE, android.permission.FOREGROUND_SERVICE, android.permission.INTERNET, com.google.android.finsky.permission.BIND_GET_INSTALL_REFERRER_SERVICE, com.getinstantloan.creditloan.cashloan.DYNAMIC_RECEIVER_NOT_EXPORTED_PERMISSION, android.permission.WAKE_LOCK, com.google.android.gms.permission.AD_ID, android.permission.CHANGE_WIFI_STATE",No,No,No,Yes,Yes,No,No,No,No,No,No,No,No,No,No,No,No,TRUE,TRUE,TRUE,TRUE
ReadyLoans,com.fairercredit.readyloans,Pakistan/Delisted,"android.permission.ACCESS_WIFI_STATE, android.permission.INTERNET, com.google.android.gms.permission.AD_ID, android.permission.ACCESS_NETWORK_STATE",No,No,No,No,No,No,No,No,No,No,No,No,No,No,No,No,No,FALSE,FALSE,FALSE,FALSE
Cash Dana,com.jalurlaba.app,Pakistan/Delisted,"android.permission.ACCESS_WIFI_STATE, android.permission.WRITE_EXTERNAL_STORAGE, android.permission.READ_PHONE_STATE, android.permission.ACCESS_NETWORK_STATE, android.permission.USE_FINGERPRINT, com.google.android.c2dm.permission.RECEIVE, android.permission.INTERNET, android.permission.REQUEST_INSTALL_PACKAGES, com.google.android.finsky.permission.BIND_GET_INSTALL_REFERRER_SERVICE, android.permission.WAKE_LOCK",No,No,No,No,Yes,No,No,No,No,No,No,Yes,No,No,No,No,No,FALSE,TRUE,TRUE,FALSE
Swift Loans,com.swifts.mobile.loans,Pakistan/Delisted,"com.majeur.launcher.permission.UPDATE_BADGE, android.permission.ACCESS_WIFI_STATE, android.permission.BLUETOOTH, me.everything.badger.permission.BADGE_COUNT_READ, com.sec.android.provider.badge.permission.READ, com.htc.launcher.permission.READ_SETTINGS, com.sonymobile.home.permission.PROVIDER_INSERT_BADGE, com.anddoes.launcher.permission.UPDATE_COUNT, com.huawei.android.launcher.permission.READ_SETTINGS, com.htc.launcher.permission.UPDATE_SHORTCUT, com.oppo.launcher.permission.WRITE_SETTINGS, com.huawei.android.launcher.permission.WRITE_SETTINGS, android.permission.WAKE_LOCK, com.oppo.launcher.permission.READ_SETTINGS, android.permission.ACCESS_NETWORK_STATE, android.permission.VIBRATE, android.permission.INTERNET, com.google.android.finsky.permission.BIND_GET_INSTALL_REFERRER_SERVICE, com.swifts.mobile.loans.permission.C2D_MESSAGE, com.sonyericsson.home.permission.BROADCAST_BADGE, android.permission.RECEIVE_BOOT_COMPLETED, com.sec.android.provider.badge.permission.WRITE, com.google.android.c2dm.permission.RECEIVE, me.everything.badger.permission.BADGE_COUNT_WRITE, android.permission.READ_APP_BADGE, com.huawei.android.launcher.permission.CHANGE_BADGE",No,No,No,No,No,No,No,No,No,No,No,No,No,No,No,No,No,FALSE,FALSE,FALSE,FALSE
Credit Cash - Mobile Cash Loan,com.financeapp.credicash.easycashloan,Pakistan/Delisted,"android.permission.ACCESS_WIFI_STATE, android.permission.ACCESS_NETWORK_STATE, android.permission.FOREGROUND_SERVICE, android.permission.INTERNET, com.google.android.finsky.permission.BIND_GET_INSTALL_REFERRER_SERVICE, android.permission.WAKE_LOCK, com.google.android.gms.permission.AD_ID",No,No,No,No,No,No,No,No,No,No,No,No,No,No,No,No,No,FALSE,FALSE,FALSE,FALSE
Superb Loans,com.superb.loans.borrownow,Pakistan/Delisted,"com.majeur.launcher.permission.UPDATE_BADGE, android.permission.POST_NOTIFICATIONS, android.permission.ACCESS_WIFI_STATE, com.google.android.gms.permission.AD_ID, me.everything.badger.permission.BADGE_COUNT_READ, android.permission.ACCESS_WIFI, com.sec.android.provider.badge.permission.READ, com.htc.launcher.permission.READ_SETTINGS, com.sonymobile.home.permission.PROVIDER_INSERT_BADGE, com.anddoes.launcher.permission.UPDATE_COUNT, com.huawei.android.launcher.permission.READ_SETTINGS, com.htc.launcher.permission.UPDATE_SHORTCUT, com.oppo.launcher.permission.WRITE_SETTINGS, com.huawei.android.launcher.permission.WRITE_SETTINGS, android.permission.WAKE_LOCK, com.oppo.launcher.permission.READ_SETTINGS, com.huawei.android.launcher.permission.CHANGE_BADGE, android.permission.ACCESS_NETWORK_STATE, android.permission.VIBRATE, android.permission.INTERNET, com.google.android.finsky.permission.BIND_GET_INSTALL_REFERRER_SERVICE, com.sonyericsson.home.permission.BROADCAST_BADGE, android.permission.RECEIVE_BOOT_COMPLETED, com.sec.android.provider.badge.permission.WRITE, com.google.android.c2dm.permission.RECEIVE, android.permission.FOREGROUND_SERVICE, me.everything.badger.permission.BADGE_COUNT_WRITE, android.permission.READ_APP_BADGE, com.superb.loans.borrownow.permission.C2D_MESSAGE, com.applovin.array.apphub.permission.BIND_APPHUB_SERVICE",No,No,No,No,No,No,No,No,No,No,No,No,No,No,No,No,No,FALSE,FALSE,FALSE,FALSE
Plati Loans,com.plati.feb.loans,Pakistan/Delisted,"com.majeur.launcher.permission.UPDATE_BADGE, com.sec.android.provider.badge.permission.READ, me.everything.badger.permission.BADGE_COUNT_READ, com.htc.launcher.permission.READ_SETTINGS, com.sonymobile.home.permission.PROVIDER_INSERT_BADGE, com.anddoes.launcher.permission.UPDATE_COUNT, com.huawei.android.launcher.permission.READ_SETTINGS, com.htc.launcher.permission.UPDATE_SHORTCUT, com.oppo.launcher.permission.WRITE_SETTINGS, android.permission.WAKE_LOCK, com.huawei.android.launcher.permission.WRITE_SETTINGS, com.oppo.launcher.permission.READ_SETTINGS, android.permission.ACCESS_NETWORK_STATE, android.permission.VIBRATE, android.permission.INTERNET, com.google.android.finsky.permission.BIND_GET_INSTALL_REFERRER_SERVICE, com.sonyericsson.home.permission.BROADCAST_BADGE, android.permission.RECEIVE_BOOT_COMPLETED, com.sec.android.provider.badge.permission.WRITE, com.google.android.c2dm.permission.RECEIVE, me.everything.badger.permission.BADGE_COUNT_WRITE, com.plati.feb.loans.permission.C2D_MESSAGE, android.permission.READ_APP_BADGE, com.huawei.android.launcher.permission.CHANGE_BADGE",No,No,No,No,No,No,No,No,No,No,No,No,No,No,No,No,No,FALSE,FALSE,FALSE,FALSE
CreditBook,com.creditbookpk.creditbook,Pakistan/Approved,"android.permission.READ_CONTACTS, android.permission.READ_EXTERNAL_STORAGE, android.permission.ACCESS_WIFI_STATE, android.permission.READ_PROFILE, android.permission.CAMERA, android.permission.WRITE_EXTERNAL_STORAGE, android.permission.ACCESS_NETWORK_STATE, com.google.android.c2dm.permission.RECEIVE, android.permission.INTERNET, com.google.android.finsky.permission.BIND_GET_INSTALL_REFERRER_SERVICE, android.permission.WAKE_LOCK",Yes,No,No,Yes,Yes,No,No,No,No,No,No,No,No,No,No,No,No,TRUE,TRUE,TRUE,TRUE
Qist Bazaar,com.app.qistbazaar4,Pakistan/Approved,"com.majeur.launcher.permission.UPDATE_BADGE, android.permission.VIDEO_CAPTURE, com.android.vending.BILLING, android.permission.MODIFY_AUDIO_SETTINGS, com.app.qistbazaar4.permission.C2D_MESSAGE, me.everything.badger.permission.BADGE_COUNT_READ, com.sec.android.provider.badge.permission.READ, com.htc.launcher.permission.READ_SETTINGS, com.sonymobile.home.permission.PROVIDER_INSERT_BADGE, android.permission.READ_EXTERNAL_STORAGE, android.permission.AUDIO_CAPTURE, com.anddoes.launcher.permission.UPDATE_COUNT, com.huawei.android.launcher.permission.READ_SETTINGS, com.htc.launcher.permission.UPDATE_SHORTCUT, com.oppo.launcher.permission.WRITE_SETTINGS, com.huawei.android.launcher.permission.WRITE_SETTINGS, android.permission.WAKE_LOCK, com.oppo.launcher.permission.READ_SETTINGS, android.permission.ACCESS_NETWORK_STATE, android.permission.VIBRATE, android.permission.INTERNET, com.google.android.finsky.permission.BIND_GET_INSTALL_REFERRER_SERVICE, com.sonyericsson.home.permission.BROADCAST_BADGE, android.permission.RECEIVE_BOOT_COMPLETED, com.sec.android.provider.badge.permission.WRITE, android.permission.CAMERA, android.permission.WRITE_EXTERNAL_STORAGE, android.permission.RECORD_AUDIO, com.google.android.c2dm.permission.RECEIVE, me.everything.badger.permission.BADGE_COUNT_WRITE, android.permission.READ_APP_BADGE, com.huawei.android.launcher.permission.CHANGE_BADGE, android.permission.ACCESS_FINE_LOCATION",No,No,No,Yes,Yes,No,No,No,No,No,No,No,No,No,No,No,Yes,TRUE,TRUE,TRUE,TRUE
Taleem,com.m7.taleem,Pakistan/Approved,"android.permission.ACCESS_LOCATION, android.permission.READ_EXTERNAL_STORAGE, android.permission.ACCESS_WIFI_STATE, android.permission.ACCESS_ASSISTED_GPS, android.permission.CAMERA, android.permission.WRITE_EXTERNAL_STORAGE, android.permission.ACCESS_NETWORK_STATE, com.google.android.c2dm.permission.RECEIVE, android.permission.FOREGROUND_SERVICE, android.permission.CALL_PHONE, android.permission.INTERNET, android.permission.ACCESS_GPS, com.google.android.finsky.permission.BIND_GET_INSTALL_REFERRER_SERVICE, android.permission.WAKE_LOCK, com.google.android.gms.permission.AD_ID, android.permission.ACCESS_FINE_LOCATION",No,No,No,Yes,Yes,No,No,No,No,No,No,No,No,No,No,No,Yes,TRUE,TRUE,TRUE,TRUE
MoneyTap,com.mycash.moneytap.app,Pakistan/Approved,"android.permission.POST_NOTIFICATIONS, android.permission.READ_SMS, android.permission.RECEIVE_SMS, android.permission.ACCESS_WIFI_STATE, android.permission.SEND_SMS, com.mycash.moneytap.app.permission.MIPUSH_RECEIVE, com.google.android.gms.permission.AD_ID, android.permission.ACCESS_COARSE_LOCATION, android.permission.READ_PRIVILEGED_PHONE_STATE, android.permission.WAKE_LOCK, android.permission.USE_BIOMETRIC, android.permission.ACCESS_NETWORK_STATE, android.permission.READ_PHONE_STATE, android.permission.VIBRATE, android.permission.USE_FINGERPRINT, android.permission.INTERNET, com.google.android.finsky.permission.BIND_GET_INSTALL_REFERRER_SERVICE, android.permission.GET_TASKS, android.permission.CHANGE_WIFI_STATE, android.permission.RECEIVE_BOOT_COMPLETED, com.mycash.moneytap.app.DYNAMIC_RECEIVER_NOT_EXPORTED_PERMISSION, android.permission.CAMERA, android.permission.WRITE_EXTERNAL_STORAGE, android.permission.RECORD_AUDIO, com.google.android.c2dm.permission.RECEIVE, android.permission.FOREGROUND_SERVICE",No,No,No,No,Yes,No,No,No,No,No,No,Yes,No,Yes,No,No,No,TRUE,TRUE,TRUE,TRUE
@7F0F001C,com.edufi.parent,Pakistan/Approved,"android.permission.POST_NOTIFICATIONS, android.permission.ACCESS_FINE_LOCATION, android.permission.RECEIVE_BOOT_COMPLETED, android.permission.ACCESS_WIFI_STATE, android.permission.WRITE_EXTERNAL_STORAGE, android.permission.VIBRATE, android.permission.ACCESS_NETWORK_STATE, com.google.android.c2dm.permission.RECEIVE, android.permission.INTERNET, android.permission.CHANGE_NETWORK_STATE, android.permission.WAKE_LOCK, android.permission.CHANGE_WIFI_STATE",No,No,No,No,Yes,No,No,No,No,No,No,No,No,No,No,No,Yes,FALSE,TRUE,TRUE,FALSE
@7F13009B,com.zoodel.kz,Pakistan/Approved,"android.permission.POST_NOTIFICATIONS, android.permission.ACCESS_WIFI_STATE, com.google.android.gms.permission.AD_ID, android.permission.READ_EXTERNAL_STORAGE, android.permission.CALL_PHONE, android.permission.ACCESS_COARSE_LOCATION, android.permission.WAKE_LOCK, android.permission.READ_MEDIA_IMAGES, android.permission.READ_MEDIA_VIDEO, android.permission.USE_BIOMETRIC, android.permission.ACCESS_NETWORK_STATE, android.permission.VIBRATE, android.permission.USE_FINGERPRINT, android.permission.INTERNET, com.google.android.finsky.permission.BIND_GET_INSTALL_REFERRER_SERVICE, com.zoodel.kz.DYNAMIC_RECEIVER_NOT_EXPORTED_PERMISSION, android.permission.CHANGE_NETWORK_STATE, android.permission.CHANGE_WIFI_STATE, android.permission.SYSTEM_ALERT_WINDOW, android.permission.RECEIVE_BOOT_COMPLETED, android.permission.WRITE_EXTERNAL_STORAGE, android.permission.CAMERA, com.google.android.c2dm.permission.RECEIVE, android.permission.FOREGROUND_SERVICE, android.permission.ACCESS_FINE_LOCATION",No,No,No,Yes,Yes,No,No,No,Yes,Yes,No,No,No,No,No,No,Yes,TRUE,TRUE,TRUE,TRUE
@7F13019A,com.techlogix.mobilinkcustomer,Pakistan/Approved,"android.permission.POST_NOTIFICATIONS, com.samsung.android.providers.context.permission.WRITE_USE_APP_FEATURE_SURVEY, android.permission.ACCESS_WIFI_STATE, android.permission.BLUETOOTH, android.permission.READ_CONTACTS, com.google.android.gms.permission.AD_ID, com.example.manyexampleapp.c2dm.permission.RECEIVE, com.techlogix.mobilinkcustomer.DYNAMIC_RECEIVER_NOT_EXPORTED_PERMISSION, android.permission.READ_EXTERNAL_STORAGE, android.permission.ACCESS_COARSE_LOCATION, android.permission.WAKE_LOCK, android.permission.READ_MEDIA_IMAGES, com.techlogix.mobilinkcustomer.permission.PUSH_PROVIDER, android.permission.USE_BIOMETRIC, android.permission.ACCESS_NETWORK_STATE, android.permission.VIBRATE, android.permission.USE_FINGERPRINT, android.permission.QUERY_ALL_PACKAGES, android.permission.INTERNET, com.google.android.finsky.permission.BIND_GET_INSTALL_REFERRER_SERVICE, com.techlogix.mobilinkcustomer.permission.PROCESS_PUSH_MSG, android.permission.CHANGE_WIFI_STATE, android.permission.NFC, android.permission.RECEIVE_BOOT_COMPLETED, android.permission.WRITE_EXTERNAL_STORAGE, android.permission.CAMERA, com.google.android.c2dm.permission.RECEIVE, android.permission.FOREGROUND_SERVICE, android.permission.ACCESS_FINE_LOCATION",Yes,No,No,Yes,Yes,No,No,No,Yes,No,No,No,No,No,No,Yes,Yes,TRUE,TRUE,TRUE,TRUE
Paisayaar,com.personale.credit.carry.cash.loan.paisaya,Pakistan/Approved,"android.permission.READ_CALENDAR, android.permission.WRITE_CALENDAR, android.permission.POST_NOTIFICATIONS, android.permission.ACCESS_WIFI_STATE, android.permission.CAMERA, android.permission.ACCESS_NETWORK_STATE, com.google.android.c2dm.permission.RECEIVE, android.permission.FOREGROUND_SERVICE, android.permission.INTERNET, com.google.android.finsky.permission.BIND_GET_INSTALL_REFERRER_SERVICE, android.permission.ACCESS_COARSE_LOCATION, android.permission.READ_PRIVILEGED_PHONE_STATE, android.permission.WAKE_LOCK, com.google.android.gms.permission.AD_ID, android.permission.PACKAGE_USAGE_STATS",No,No,No,No,No,No,No,No,No,No,No,No,No,No,No,No,No,FALSE,FALSE,FALSE,FALSE
@7F10001D,com.abhifinance,Pakistan/Approved,"android.permission.POST_NOTIFICATIONS, android.permission.ACCESS_WIFI_STATE, android.permission.ACCESS_ADSERVICES_ATTRIBUTION, com.google.android.gms.permission.AD_ID, android.permission.READ_EXTERNAL_STORAGE, android.permission.WAKE_LOCK, com.abhifinance.DYNAMIC_RECEIVER_NOT_EXPORTED_PERMISSION, android.permission.USE_BIOMETRIC, android.permission.ACCESS_NETWORK_STATE, android.permission.USE_FINGERPRINT, android.permission.INTERNET, com.google.android.finsky.permission.BIND_GET_INSTALL_REFERRER_SERVICE, android.permission.ACCESS_ADSERVICES_AD_ID, com.android.vending.CHECK_LICENSE, android.permission.RECEIVE_BOOT_COMPLETED, android.permission.WRITE_EXTERNAL_STORAGE, android.permission.RECORD_AUDIO, com.google.android.c2dm.permission.RECEIVE, android.permission.FOREGROUND_SERVICE",No,No,No,Yes,Yes,No,No,No,No,No,No,No,No,No,No,No,No,TRUE,TRUE,TRUE,TRUE
Muawin,com.raqqam.monamitech,Pakistan/Approved,"android.permission.READ_SMS, android.permission.ACCESS_WIFI_STATE, android.permission.BLUETOOTH, android.permission.GET_ACCOUNTS, android.permission.READ_CONTACTS, android.permission.READ_CALENDAR, android.permission.READ_EXTERNAL_STORAGE, android.permission.CALL_PHONE, android.permission.ACCESS_COARSE_LOCATION, android.permission.WAKE_LOCK, android.permission.ACCESS_NETWORK_STATE, android.permission.READ_PHONE_STATE, android.permission.VIBRATE, android.permission.INTERNET, com.google.android.finsky.permission.BIND_GET_INSTALL_REFERRER_SERVICE, android.permission.SYSTEM_ALERT_WINDOW, android.permission.RECEIVE_BOOT_COMPLETED, android.permission.WRITE_EXTERNAL_STORAGE, android.permission.CAMERA, com.google.android.providers.gsf.permission.READ_GSERVICES, com.google.android.c2dm.permission.RECEIVE, android.permission.FOREGROUND_SERVICE, android.permission.REQUEST_WRITE_PERMISSION, android.permission.ACCESS_FINE_LOCATION",Yes,No,No,Yes,Yes,No,No,No,No,No,No,Yes,No,Yes,No,No,Yes,TRUE,TRUE,TRUE,TRUE
SmartQarza App APK For Android Latest Version,com.admin.smartqarzaappapkforandroidlatestversion,Pakistan/Approved,"android.permission.INTERNET, com.admin.smartqarzaappapkforandroidlatestversion.DYNAMIC_RECEIVER_NOT_EXPORTED_PERMISSION, android.permission.POST_NOTIFICATIONS, android.permission.ACCESS_NETWORK_STATE",No,No,No,No,No,No,No,No,No,No,No,No,No,No,No,No,No,FALSE,FALSE,FALSE,FALSE
Rupiah Cepat,com.loan.cash.credit.easy.kilat.cepat.pinjam.uang.dana.rupiah,Indonesia/Approved,"android.permission.POST_NOTIFICATIONS, android.permission.FLASHLIGHT, android.permission.ACCESS_WIFI_STATE, com.huawei.appmarket.service.commondata.permission.GET_COMMON_DATA, android.permission.RECEIVE_BOOT_COMPLETED, android.permission.CAMERA, android.permission.ACCESS_NETWORK_STATE, android.permission.ACCESS_ADSERVICES_ATTRIBUTION, com.google.android.c2dm.permission.RECEIVE, android.permission.FOREGROUND_SERVICE, android.permission.INTERNET, com.google.android.finsky.permission.BIND_GET_INSTALL_REFERRER_SERVICE, android.permission.ACCESS_COARSE_LOCATION, android.permission.WAKE_LOCK, com.google.android.gms.permission.AD_ID, android.permission.CHANGE_WIFI_STATE",No,No,No,No,No,No,No,No,No,No,No,No,No,No,No,No,No,FALSE,FALSE,FALSE,FALSE
Danamerdeka,com.danamerdeka.android,Indonesia/Approved,"android.permission.INTERNET, android.permission.CAMERA, android.permission.SYSTEM_ALERT_WINDOW",No,No,No,No,No,No,No,No,No,No,No,No,No,No,No,No,No,FALSE,FALSE,FALSE,FALSE
@7F100039,com.pinjammodal,Indonesia/Approved,"com.majeur.launcher.permission.UPDATE_BADGE, android.permission.POST_NOTIFICATIONS, android.permission.ACCESS_WIFI_STATE, com.google.android.gms.permission.AD_ID, com.sec.android.provider.badge.permission.READ, com.htc.launcher.permission.READ_SETTINGS, com.sonymobile.home.permission.PROVIDER_INSERT_BADGE, me.everything.badger.permission.BADGE_COUNT_READ, com.anddoes.launcher.permission.UPDATE_COUNT, com.huawei.android.launcher.permission.READ_SETTINGS, com.htc.launcher.permission.UPDATE_SHORTCUT, com.oppo.launcher.permission.WRITE_SETTINGS, android.permission.ACCESS_COARSE_LOCATION, android.permission.WAKE_LOCK, com.huawei.android.launcher.permission.WRITE_SETTINGS, com.oppo.launcher.permission.READ_SETTINGS, android.permission.VIBRATE, android.permission.ACCESS_NETWORK_STATE, android.permission.INTERNET, com.google.android.finsky.permission.BIND_GET_INSTALL_REFERRER_SERVICE, com.sonyericsson.home.permission.BROADCAST_BADGE, android.permission.RECEIVE_BOOT_COMPLETED, com.sec.android.provider.badge.permission.WRITE, android.permission.CAMERA, com.google.android.c2dm.permission.RECEIVE, me.everything.badger.permission.BADGE_COUNT_WRITE, android.permission.READ_APP_BADGE, com.huawei.android.launcher.permission.CHANGE_BADGE, android.permission.ACCESS_FINE_LOCATION",No,No,No,No,No,No,No,No,No,No,No,No,No,No,No,No,Yes,FALSE,TRUE,TRUE,FALSE
DanaBagus,mobile.danabagus.android,Indonesia/Approved,"android.permission.POST_NOTIFICATIONS, android.permission.ACCESS_WIFI_STATE, android.permission.CAMERA, android.permission.ACCESS_NETWORK_STATE, com.google.android.c2dm.permission.RECEIVE, android.permission.FOREGROUND_SERVICE, android.permission.INTERNET, com.google.android.finsky.permission.BIND_GET_INSTALL_REFERRER_SERVICE, android.permission.ACCESS_COARSE_LOCATION, android.permission.WAKE_LOCK, com.google.android.gms.permission.AD_ID, android.permission.ACCESS_FINE_LOCATION",No,No,No,No,No,No,No,No,No,No,No,No,No,No,No,No,Yes,FALSE,TRUE,TRUE,FALSE
@7F11002C,com.silvrr.finance,Indonesia/Approved,"android.permission.POST_NOTIFICATIONS, android.permission.BLUETOOTH_ADMIN, android.permission.ACCESS_WIFI_STATE, android.permission.BLUETOOTH, android.permission.USE_BIOMETRIC, android.permission.CAMERA, android.permission.ACCESS_NETWORK_STATE, android.permission.RECORD_AUDIO, android.permission.USE_FINGERPRINT, com.google.android.c2dm.permission.RECEIVE, android.permission.INTERNET, android.permission.FOREGROUND_SERVICE, com.google.android.finsky.permission.BIND_GET_INSTALL_REFERRER_SERVICE, android.permission.REORDER_TASKS, android.permission.ACCESS_COARSE_LOCATION, com.google.android.gms.permission.AD_ID, android.permission.CHANGE_WIFI_STATE",No,No,No,No,No,No,No,No,No,No,No,No,No,No,No,No,No,FALSE,FALSE,FALSE,FALSE
Cashcepat,com.ecreditpal.cashloan.indo,Indonesia/Approved,"com.majeur.launcher.permission.UPDATE_BADGE, android.permission.POST_NOTIFICATIONS, android.permission.ACCESS_WIFI_STATE, com.google.android.gms.permission.AD_ID, me.everything.badger.permission.BADGE_COUNT_READ, com.sec.android.provider.badge.permission.READ, com.htc.launcher.permission.READ_SETTINGS, com.sonymobile.home.permission.PROVIDER_INSERT_BADGE, com.anddoes.launcher.permission.UPDATE_COUNT, com.huawei.android.launcher.permission.READ_SETTINGS, com.htc.launcher.permission.UPDATE_SHORTCUT, com.oppo.launcher.permission.WRITE_SETTINGS, android.permission.ACCESS_COARSE_LOCATION, com.huawei.android.launcher.permission.WRITE_SETTINGS, android.permission.WAKE_LOCK, com.oppo.launcher.permission.READ_SETTINGS, android.permission.ACCESS_LOCATION_EXTRA_COMMANDS, android.permission.ACCESS_NETWORK_STATE, android.permission.VIBRATE, android.permission.INTERNET, com.google.android.finsky.permission.BIND_GET_INSTALL_REFERRER_SERVICE, android.permission.CHANGE_NETWORK_STATE, android.permission.CHANGE_WIFI_STATE, com.sonyericsson.home.permission.BROADCAST_BADGE, android.permission.RECEIVE_BOOT_COMPLETED, com.sec.android.provider.badge.permission.WRITE, android.permission.CAMERA, com.google.android.c2dm.permission.RECEIVE, android.permission.FOREGROUND_SERVICE, me.everything.badger.permission.BADGE_COUNT_WRITE, android.permission.READ_APP_BADGE, com.ecreditpal.cashloan.indo.permission.C2D_MESSAGE, com.huawei.android.launcher.permission.CHANGE_BADGE",No,No,No,No,No,No,No,No,No,No,No,No,No,No,No,No,No,FALSE,FALSE,FALSE,FALSE
AdaKami,com.adakami.dana.kredit.pinjaman,Indonesia/Approved,"android.permission.POST_NOTIFICATIONS, android.permission.FLASHLIGHT, android.permission.PREVENT_POWER_KEY, android.permission.ACCESS_WIFI_STATE, android.permission.CAMERA, android.permission.RECORD_AUDIO, android.permission.ACCESS_NETWORK_STATE, android.permission.VIBRATE, android.permission.FOREGROUND_SERVICE, android.permission.INTERNET, com.google.android.finsky.permission.BIND_GET_INSTALL_REFERRER_SERVICE, com.google.android.c2dm.permission.RECEIVE, android.permission.CHANGE_NETWORK_STATE, android.permission.DETECT_SCREEN_CAPTURE, android.permission.ACCESS_COARSE_LOCATION, android.permission.WAKE_LOCK, com.google.android.gms.permission.AD_ID",No,No,No,No,No,No,No,No,No,No,No,No,No,No,No,No,No,FALSE,FALSE,FALSE,FALSE
360Kredi,com.id.kredi360,Indonesia/Approved,"android.permission.ACCESS_WIFI_STATE, android.permission.BLUETOOTH, com.adjust.preinstall.READ_PERMISSION, android.permission.READ_SYNC_SETTINGS, com.google.android.gms.permission.AD_ID, android.permission.DOWNLOAD_WITHOUT_NOTIFICATION, android.permission.PERMISSION_GRANTED, android.permission.ACCESS_COARSE_LOCATION, android.permission.WAKE_LOCK, android.permission.ACCESS_NETWORK_STATE, android.permission.INTERNET, com.google.android.finsky.permission.BIND_GET_INSTALL_REFERRER_SERVICE, com.id.kredi360.DYNAMIC_RECEIVER_NOT_EXPORTED_PERMISSION, android.permission.CHANGE_WIFI_STATE, android.permission.RECEIVE_BOOT_COMPLETED, android.permission.CAMERA, com.google.android.c2dm.permission.RECEIVE, android.permission.FOREGROUND_SERVICE, android.permission.WRITE_SETTINGS",No,No,No,No,No,No,No,No,No,No,No,No,No,No,No,No,No,FALSE,FALSE,FALSE,FALSE
Danakini,com.pyeuiioa.zaxfrccf,Indonesia/Approved,"android.permission.READ_CONTACTS, android.permission.READ_EXTERNAL_STORAGE, android.permission.WRITE_EXTERNAL_STORAGE, android.permission.CAMERA, android.permission.VIBRATE, android.permission.READ_PHONE_STATE, android.permission.RECORD_AUDIO, android.permission.ACCESS_NETWORK_STATE, android.permission.INTERNET, com.google.android.finsky.permission.BIND_GET_INSTALL_REFERRER_SERVICE, com.google.android.c2dm.permission.RECEIVE, android.permission.ACCESS_COARSE_LOCATION, android.permission.WAKE_LOCK, android.permission.ACCESS_FINE_LOCATION",Yes,No,No,Yes,Yes,No,No,No,No,No,No,Yes,No,No,No,No,Yes,FALSE,TRUE,TRUE,FALSE
KTA Kilat,com.pinjam.ktakilat,Indonesia/Approved,"com.majeur.launcher.permission.UPDATE_BADGE, com.pinjam.ktakilat.permission.C2D_MESSAGE, me.everything.badger.permission.BADGE_COUNT_READ, com.sec.android.provider.badge.permission.READ, com.htc.launcher.permission.READ_SETTINGS, com.sonymobile.home.permission.PROVIDER_INSERT_BADGE, android.permission.READ_EXTERNAL_STORAGE, com.anddoes.launcher.permission.UPDATE_COUNT, com.huawei.android.launcher.permission.READ_SETTINGS, com.htc.launcher.permission.UPDATE_SHORTCUT, com.oppo.launcher.permission.WRITE_SETTINGS, com.huawei.android.launcher.permission.WRITE_SETTINGS, android.permission.WAKE_LOCK, com.oppo.launcher.permission.READ_SETTINGS, android.permission.ACCESS_NETWORK_STATE, android.permission.VIBRATE, android.permission.INTERNET, com.google.android.finsky.permission.BIND_GET_INSTALL_REFERRER_SERVICE, android.permission.GET_TASKS, com.sonyericsson.home.permission.BROADCAST_BADGE, android.permission.RECEIVE_BOOT_COMPLETED, com.sec.android.provider.badge.permission.WRITE, android.permission.WRITE_EXTERNAL_STORAGE, com.google.android.c2dm.permission.RECEIVE, me.everything.badger.permission.BADGE_COUNT_WRITE, android.permission.READ_APP_BADGE, com.huawei.android.launcher.permission.CHANGE_BADGE",No,No,No,Yes,Yes,No,No,No,No,No,No,No,No,No,No,No,No,FALSE,TRUE,TRUE,FALSE
Pinjam Gampang,com.kpt.android,Indonesia/Approved,"android.permission.POST_NOTIFICATIONS, android.permission.ACCESS_WIFI_STATE, android.permission.CAMERA, android.permission.ACCESS_NETWORK_STATE, android.hardware.camera.autofocus, com.google.android.c2dm.permission.RECEIVE, android.hardware.camera, android.permission.INTERNET, com.google.android.finsky.permission.BIND_GET_INSTALL_REFERRER_SERVICE, android.permission.ACCESS_COARSE_LOCATION, android.permission.WAKE_LOCK, com.google.android.gms.permission.AD_ID",No,No,No,No,No,No,No,No,No,No,No,No,No,No,No,No,No,FALSE,FALSE,FALSE,FALSE
@7F1400A7,com.akseleran.crowdfund,Indonesia/Approved,"com.akseleran.crowdfund.DYNAMIC_RECEIVER_NOT_EXPORTED_PERMISSION, android.permission.POST_NOTIFICATIONS, android.permission.RECEIVE_BOOT_COMPLETED, android.permission.ACCESS_NETWORK_STATE, android.permission.ACCESS_ADSERVICES_ATTRIBUTION, com.google.android.c2dm.permission.RECEIVE, android.permission.FOREGROUND_SERVICE, android.permission.INTERNET, com.google.android.finsky.permission.BIND_GET_INSTALL_REFERRER_SERVICE, android.permission.WAKE_LOCK, com.google.android.gms.permission.AD_ID, android.permission.ACCESS_ADSERVICES_AD_ID",No,No,No,No,No,No,No,No,No,No,No,No,No,No,No,No,No,FALSE,FALSE,FALSE,FALSE
IVOJI,id.ivoji,Indonesia/Approved,"android.permission.POST_NOTIFICATIONS, com.huawei.appmarket.service.commondata.permission.GET_COMMON_DATA, android.permission.CAMERA, android.permission.ACCESS_NETWORK_STATE, android.permission.ACCESS_ADSERVICES_ATTRIBUTION, com.google.android.c2dm.permission.RECEIVE, android.permission.INTERNET, com.google.android.finsky.permission.BIND_GET_INSTALL_REFERRER_SERVICE, android.permission.ACCESS_COARSE_LOCATION, android.permission.HIGH_SAMPLING_RATE_SENSORS, android.permission.WAKE_LOCK, com.google.android.gms.permission.AD_ID, id.ivoji.DYNAMIC_RECEIVER_NOT_EXPORTED_PERMISSION",No,No,No,No,No,No,No,No,No,No,No,No,No,No,No,No,No,FALSE,FALSE,FALSE,FALSE
Duha Syariah,com.duhasyariah.app,Indonesia/Approved,"android.permission.CAMERA, android.permission.WRITE_EXTERNAL_STORAGE, android.permission.ACCESS_NETWORK_STATE, android.permission.INTERNET, android.permission.ACCESS_COARSE_LOCATION, android.permission.ACCESS_FINE_LOCATION",No,No,No,No,Yes,No,No,No,No,No,No,No,No,No,No,No,Yes,FALSE,TRUE,TRUE,FALSE
Indosaku,com.indosk.sensid,Indonesia/Approved,"com.indosk.sensid.DYNAMIC_RECEIVER_NOT_EXPORTED_PERMISSION, android.permission.POST_NOTIFICATIONS, android.permission.CHANGE_WIFI_STATE, android.permission.ACCESS_WIFI_STATE, android.permission.CAMERA, android.permission.ACCESS_NETWORK_STATE, android.permission.ACCESS_ADSERVICES_ATTRIBUTION, com.google.android.c2dm.permission.RECEIVE, android.permission.INTERNET, com.google.android.finsky.permission.BIND_GET_INSTALL_REFERRER_SERVICE, android.permission.ACCESS_COARSE_LOCATION, android.permission.WAKE_LOCK, com.google.android.gms.permission.AD_ID, android.permission.ACCESS_ADSERVICES_AD_ID",No,No,No,No,No,No,No,No,No,No,No,No,No,No,No,No,No,FALSE,FALSE,FALSE,FALSE
Avantee,com.id.avantee,Indonesia/Approved,"android.permission.READ_EXTERNAL_STORAGE, android.permission.ACCESS_WIFI_STATE, android.permission.MOUNT_UNMOUNT_FILESYSTEMS, android.permission.WRITE_EXTERNAL_STORAGE, android.permission.ACCESS_NETWORK_STATE, android.permission.READ_PHONE_STATE, android.permission.INTERNET",No,No,No,Yes,Yes,No,No,No,No,No,No,Yes,No,No,No,No,No,FALSE,TRUE,TRUE,FALSE
Ammana Lender,id.ammana.app,Indonesia/Approved,"com.majeur.launcher.permission.UPDATE_BADGE, android.permission.GET_ACCOUNTS, me.everything.badger.permission.BADGE_COUNT_READ, com.sec.android.provider.badge.permission.READ, com.htc.launcher.permission.READ_SETTINGS, com.sonymobile.home.permission.PROVIDER_INSERT_BADGE, com.anddoes.launcher.permission.UPDATE_COUNT, com.huawei.android.launcher.permission.READ_SETTINGS, com.htc.launcher.permission.UPDATE_SHORTCUT, com.oppo.launcher.permission.WRITE_SETTINGS, com.huawei.android.launcher.permission.WRITE_SETTINGS, android.permission.WAKE_LOCK, com.oppo.launcher.permission.READ_SETTINGS, id.ammana.app.permission.RECEIVE_ADM_MESSAGE, android.permission.ACCESS_NETWORK_STATE, android.permission.VIBRATE, android.permission.INTERNET, com.amazon.device.messaging.permission.RECEIVE, com.sonyericsson.home.permission.BROADCAST_BADGE, android.permission.FLASHLIGHT, android.permission.USE_CREDENTIALS, id.ammana.app.permission.C2D_MESSAGE, android.permission.RECEIVE_BOOT_COMPLETED, android.permission.CAMERA, com.sec.android.provider.badge.permission.WRITE, com.google.android.c2dm.permission.RECEIVE, me.everything.badger.permission.BADGE_COUNT_WRITE, android.permission.READ_APP_BADGE, com.huawei.android.launcher.permission.CHANGE_BADGE",No,No,No,No,No,No,No,No,No,No,No,No,No,No,No,No,No,FALSE,FALSE,FALSE,FALSE
@7F0F0032,com.ammana.app,Indonesia/Approved,"android.permission.POST_NOTIFICATIONS, android.permission.ACCESS_WIFI_STATE, android.permission.BLUETOOTH, com.google.android.gms.permission.AD_ID, android.permission.DOWNLOAD_WITHOUT_NOTIFICATION, android.permission.READ_CALENDAR, android.permission.WRITE_CALENDAR, com.ammana.app.DYNAMIC_RECEIVER_NOT_EXPORTED_PERMISSION, android.permission.ACCESS_COARSE_LOCATION, android.permission.WAKE_LOCK, android.permission.BLUETOOTH_SCAN, android.permission.USE_BIOMETRIC, android.permission.ACCESS_NETWORK_STATE, android.permission.USE_FINGERPRINT, android.permission.INTERNET, com.google.android.finsky.permission.BIND_GET_INSTALL_REFERRER_SERVICE, android.permission.NEARBY_WIFI_DEVICES, android.permission.CHANGE_WIFI_STATE, com.android.vending.CHECK_LICENSE, android.permission.RECEIVE_BOOT_COMPLETED, android.permission.CAMERA, com.google.android.c2dm.permission.RECEIVE, android.permission.FOREGROUND_SERVICE",No,No,No,No,No,No,No,No,No,No,No,No,No,No,No,No,No,FALSE,FALSE,FALSE,FALSE
Kredito,com.kredito.fintek,Indonesia/Approved,"android.permission.POST_NOTIFICATIONS, android.permission.ACCESS_FINE_LOCATION, android.permission.FLASHLIGHT, android.permission.ACCESS_WIFI_STATE, android.permission.CAMERA, android.permission.ACCESS_NETWORK_STATE, android.permission.VIBRATE, com.google.android.c2dm.permission.RECEIVE, android.permission.INTERNET, com.google.android.finsky.permission.BIND_GET_INSTALL_REFERRER_SERVICE, android.permission.ACCESS_COARSE_LOCATION, android.permission.WAKE_LOCK, com.kredito.fintek.DYNAMIC_RECEIVER_NOT_EXPORTED_PERMISSION, com.google.android.gms.permission.AD_ID, android.permission.CHANGE_WIFI_STATE, android.permission.SYSTEM_ALERT_WINDOW",No,No,No,No,No,No,No,No,No,No,No,No,No,No,No,No,Yes,FALSE,TRUE,TRUE,FALSE
iGrow Lender,id.igrow.sponsor,Indonesia/Approved,"android.permission.USE_FULL_SCREEN_INTENT, android.permission.RECEIVE_BOOT_COMPLETED, android.permission.USE_BIOMETRIC, android.permission.CAMERA, android.permission.VIBRATE, android.permission.ACCESS_NETWORK_STATE, android.permission.USE_FINGERPRINT, com.google.android.c2dm.permission.RECEIVE, android.permission.INTERNET, android.permission.REQUEST_INSTALL_PACKAGES, com.google.android.finsky.permission.BIND_GET_INSTALL_REFERRER_SERVICE, android.permission.WAKE_LOCK",No,No,No,No,No,No,No,No,No,No,No,No,No,No,No,No,No,FALSE,FALSE,FALSE,FALSE
DanaRupiah,id.danarupiah.weshare.jiekuan,Indonesia/Approved,"com.majeur.launcher.permission.UPDATE_BADGE, android.permission.ACCESS_WIFI_STATE, android.permission.BLUETOOTH, android.permission.RECEIVE_USER_PRESENT, me.everything.badger.permission.BADGE_COUNT_READ, com.sec.android.provider.badge.permission.READ, com.htc.launcher.permission.READ_SETTINGS, com.sonymobile.home.permission.PROVIDER_INSERT_BADGE, android.permission.WRITE_SETTINGS, com.anddoes.launcher.permission.UPDATE_COUNT, com.huawei.android.launcher.permission.READ_SETTINGS, com.htc.launcher.permission.UPDATE_SHORTCUT, com.oppo.launcher.permission.WRITE_SETTINGS, android.permission.ACCESS_COARSE_LOCATION, com.huawei.android.launcher.permission.WRITE_SETTINGS, android.permission.WAKE_LOCK, com.oppo.launcher.permission.READ_SETTINGS, android.permission.CHANGE_CONFIGURATION, android.permission.ACCESS_LOCATION_EXTRA_COMMANDS, android.permission.ACCESS_NETWORK_STATE, android.permission.VIBRATE, android.permission.QUERY_ALL_PACKAGES, android.permission.INTERNET, com.google.android.finsky.permission.BIND_GET_INSTALL_REFERRER_SERVICE, android.permission.GET_TASKS, android.permission.CHANGE_NETWORK_STATE, android.permission.CHANGE_WIFI_STATE, com.sonyericsson.home.permission.BROADCAST_BADGE, com.sec.android.provider.badge.permission.WRITE, android.permission.CAMERA, com.google.android.c2dm.permission.RECEIVE, android.permission.FOREGROUND_SERVICE, me.everything.badger.permission.BADGE_COUNT_WRITE, android.permission.READ_APP_BADGE, com.huawei.android.launcher.permission.CHANGE_BADGE, android.permission.ACCESS_FINE_LOCATION",No,No,No,No,No,No,No,No,No,No,No,No,No,No,No,Yes,Yes,FALSE,TRUE,TRUE,FALSE
@7F130993,com.cmcm.uangme,Indonesia/Approved,"android.permission.POST_NOTIFICATIONS, android.permission.ACCESS_WIFI_STATE, android.permission.ACCESS_LOCATION_EXTRA_COMMANDS, android.permission.BLUETOOTH, android.permission.CAMERA, android.permission.ACCESS_NETWORK_STATE, com.google.android.c2dm.permission.RECEIVE, android.permission.INTERNET, com.google.android.finsky.permission.BIND_GET_INSTALL_REFERRER_SERVICE, android.permission.ACCESS_COARSE_LOCATION, android.permission.WAKE_LOCK, com.google.android.gms.permission.AD_ID, android.permission.CHANGE_WIFI_STATE",No,No,No,No,No,No,No,No,No,No,No,No,No,No,No,No,No,FALSE,FALSE,FALSE,FALSE
@7F110021,com.pinjamwinwin,Indonesia/Approved,"android.permission.POST_NOTIFICATIONS, android.permission.ACCESS_WIFI_STATE, com.pinjamwinwin.DYNAMIC_RECEIVER_NOT_EXPORTED_PERMISSION, android.permission.USE_BIOMETRIC, android.permission.CAMERA, android.permission.ACCESS_NETWORK_STATE, android.permission.RECORD_AUDIO, android.permission.ACCESS_ADSERVICES_ATTRIBUTION, com.google.android.c2dm.permission.RECEIVE, android.permission.INTERNET, android.permission.ACCESS_ADSERVICES_AD_ID, android.permission.PACKAGE_USAGE_STATS, com.google.android.finsky.permission.BIND_GET_INSTALL_REFERRER_SERVICE, android.permission.ACCESS_COARSE_LOCATION, android.permission.WAKE_LOCK, com.google.android.gms.permission.AD_ID, android.permission.CHANGE_WIFI_STATE",No,No,No,No,No,No,No,No,No,No,No,No,No,No,No,No,No,FALSE,FALSE,FALSE,FALSE
@7F0F001E,com.klikcairapp,Indonesia/Approved,"com.android.vending.CHECK_LICENSE, android.permission.DOWNLOAD_WITHOUT_NOTIFICATION, android.permission.ACCESS_WIFI_STATE, com.klikcairapp.DYNAMIC_RECEIVER_NOT_EXPORTED_PERMISSION, android.permission.CAMERA, android.permission.ACCESS_NETWORK_STATE, com.google.android.c2dm.permission.RECEIVE, android.permission.INTERNET, com.google.android.finsky.permission.BIND_GET_INSTALL_REFERRER_SERVICE, android.permission.WAKE_LOCK, android.permission.ACCESS_FINE_LOCATION, android.permission.SYSTEM_ALERT_WINDOW",No,No,No,No,No,No,No,No,No,No,No,No,No,No,No,No,Yes,FALSE,TRUE,TRUE,FALSE
Danamas Lender (Pendana),id.co.danamas.v5,Indonesia/Approved,"com.majeur.launcher.permission.UPDATE_BADGE, android.permission.ACCESS_WIFI_STATE, android.permission.BLUETOOTH, com.sec.android.provider.badge.permission.READ, com.htc.launcher.permission.READ_SETTINGS, com.sonymobile.home.permission.PROVIDER_INSERT_BADGE, com.anddoes.launcher.permission.UPDATE_COUNT, com.huawei.android.launcher.permission.READ_SETTINGS, com.htc.launcher.permission.UPDATE_SHORTCUT, com.oppo.launcher.permission.WRITE_SETTINGS, com.huawei.android.launcher.permission.WRITE_SETTINGS, android.permission.WAKE_LOCK, com.oppo.launcher.permission.READ_SETTINGS, android.permission.USE_BIOMETRIC, android.permission.ACCESS_NETWORK_STATE, android.permission.VIBRATE, android.permission.USE_FINGERPRINT, android.permission.INTERNET, com.google.android.finsky.permission.BIND_GET_INSTALL_REFERRER_SERVICE, com.android.vending.CHECK_LICENSE, com.sonyericsson.home.permission.BROADCAST_BADGE, android.permission.RECEIVE_BOOT_COMPLETED, com.sec.android.provider.badge.permission.WRITE, android.permission.CAMERA, com.google.android.providers.gsf.permission.READ_GSERVICES, com.google.android.c2dm.permission.RECEIVE, android.permission.FOREGROUND_SERVICE, android.permission.READ_APP_BADGE, com.huawei.android.launcher.permission.CHANGE_BADGE",No,No,No,No,No,No,No,No,No,No,No,No,No,No,No,No,No,FALSE,FALSE,FALSE,FALSE
Modal Nasional,com.modalnasional.fintech,Indonesia/Approved,"android.permission.POST_NOTIFICATIONS, android.permission.CAMERA, android.permission.ACCESS_NETWORK_STATE, com.google.android.c2dm.permission.RECEIVE, android.permission.INTERNET, com.google.android.finsky.permission.BIND_GET_INSTALL_REFERRER_SERVICE, android.permission.ACCESS_COARSE_LOCATION, android.permission.HIGH_SAMPLING_RATE_SENSORS, android.permission.WAKE_LOCK, com.google.android.gms.permission.AD_ID",No,No,No,No,No,No,No,No,No,No,No,No,No,No,No,No,No,FALSE,FALSE,FALSE,FALSE
Pinjam Dana Mudah,com.pinjam.dana.tunai.indo,Indonesia/Approved,"com.done.pinjamtunai.permission.C2D_MESSAGEvj, android.permission.ACCESS_NETWORK_STATE, com.google.android.c2dm.permission.RECEIVE, android.permission.INTERNET, android.permission.WAKE_LOCK",No,No,No,No,No,No,No,No,No,No,No,No,No,No,No,No,No,FALSE,FALSE,FALSE,FALSE
Danabijak,com.danabijak.mobile,Indonesia/Approved,"android.permission.READ_EXTERNAL_STORAGE, android.permission.CAMERA, android.permission.WRITE_EXTERNAL_STORAGE, android.permission.ACCESS_NETWORK_STATE, android.permission.INTERNET, android.permission.ACCESS_FINE_LOCATION",No,No,No,Yes,Yes,No,No,No,No,No,No,No,No,No,No,No,Yes,FALSE,TRUE,TRUE,FALSE
Easycash,com.fintopia.idnEasycash.google,Indonesia/Approved,"android.permission.POST_NOTIFICATIONS, android.permission.ACCESS_WIFI_STATE, android.permission.BLUETOOTH, android.permission.ACCESS_ADSERVICES_ATTRIBUTION, com.google.android.gms.permission.AD_ID, android.permission.ACCESS_COARSE_LOCATION, android.permission.WAKE_LOCK, android.permission.USE_BIOMETRIC, android.permission.ACCESS_NETWORK_STATE, android.permission.USE_FINGERPRINT, android.permission.INTERNET, com.google.android.finsky.permission.BIND_GET_INSTALL_REFERRER_SERVICE, android.permission.GET_TASKS, android.permission.CHANGE_NETWORK_STATE, android.permission.ACCESS_ADSERVICES_AD_ID, android.permission.SYSTEM_ALERT_WINDOW, android.permission.CAMERA, com.google.android.c2dm.permission.RECEIVE, android.permission.FOREGROUND_SERVICE, com.fintopia.idnEasycash.google.DYNAMIC_RECEIVER_NOT_EXPORTED_PERMISSION",No,No,No,No,No,No,No,No,No,No,No,No,No,No,No,No,No,FALSE,FALSE,FALSE,FALSE
Kredinesia,com.onecard.kredinesia,Indonesia/Approved,"android.permission.POST_NOTIFICATIONS, android.permission.ACCESS_WIFI_STATE, android.permission.USE_BIOMETRIC, android.permission.CAMERA, android.permission.VIBRATE, android.permission.ACCESS_NETWORK_STATE, android.permission.USE_FINGERPRINT, com.google.android.c2dm.permission.RECEIVE, android.permission.INTERNET, com.google.android.finsky.permission.BIND_GET_INSTALL_REFERRER_SERVICE, android.permission.CHANGE_NETWORK_STATE, android.permission.ACCESS_COARSE_LOCATION, android.permission.WAKE_LOCK, com.google.android.gms.permission.AD_ID, android.permission.CHANGE_WIFI_STATE",No,No,No,No,No,No,No,No,No,No,No,No,No,No,No,No,No,FALSE,FALSE,FALSE,FALSE
Solusiku,com.mysolusiku.solusiku,Indonesia/Approved,"android.permission.READ_EXTERNAL_STORAGE, android.permission.ACCESS_WIFI_STATE, android.permission.WRITE_EXTERNAL_STORAGE, android.permission.READ_PHONE_STATE, android.permission.ACCESS_NETWORK_STATE, com.google.android.c2dm.permission.RECEIVE, android.permission.INTERNET, com.google.android.finsky.permission.BIND_GET_INSTALL_REFERRER_SERVICE, android.permission.GET_TASKS, android.permission.ACCESS_COARSE_LOCATION, android.permission.WAKE_LOCK, android.permission.ACCESS_FINE_LOCATION",No,No,No,Yes,Yes,No,No,No,No,No,No,Yes,No,No,No,No,Yes,FALSE,TRUE,TRUE,FALSE
Invoila,com.solmitrafintec.solmitramobile,Indonesia/Approved,"com.android.browser.permission.READ_HISTORY_BOOKMARKS, android.permission.ACCESS_FINE_LOCATION, android.permission.ACCESS_WIFI_STATE, com.energeek.sengketadev.permission.C2D_MESSAGE, com.energeek.sengketadev.permission.MAPS_RECEIVE, android.permission.CAMERA, com.google.android.providers.gsf.permission.READ_GSERVICES, android.permission.VIBRATE, android.permission.ACCESS_NETWORK_STATE, android.permission.USE_FINGERPRINT, com.google.android.c2dm.permission.RECEIVE, android.permission.INTERNET, android.permission.GET_ACCOUNTS, android.hardware.camera.autofocus, com.google.android.finsky.permission.BIND_GET_INSTALL_REFERRER_SERVICE, android.permission.ACCESS_COARSE_LOCATION, android.permission.WAKE_LOCK, android.permission.PACKAGE_USAGE_STATS",No,No,No,No,No,No,No,No,No,No,No,No,No,No,No,No,Yes,FALSE,TRUE,TRUE,FALSE
KTA KILAT,com.ktakilat.loan,Indonesia/Approved,"android.permission.READ_SMS, android.permission.ACCESS_WIFI_STATE, android.permission.READ_CALL_LOG, android.permission.READ_EXTERNAL_STORAGE, android.permission.CALL_PHONE, android.permission.ACCESS_COARSE_LOCATION, android.permission.WAKE_LOCK, com.ktakilat.loan.permission.C2D_MESSAGE, android.permission.ACCESS_NETWORK_STATE, android.permission.VIBRATE, android.permission.INTERNET, com.google.android.finsky.permission.BIND_GET_INSTALL_REFERRER_SERVICE, android.permission.CHANGE_NETWORK_STATE, android.permission.CHANGE_WIFI_STATE, android.permission.SYSTEM_ALERT_WINDOW, android.permission.RECEIVE_BOOT_COMPLETED, android.permission.CAMERA, android.permission.WRITE_EXTERNAL_STORAGE, com.google.android.c2dm.permission.RECEIVE, android.permission.ACCESS_FINE_LOCATION",No,Yes,No,Yes,Yes,No,No,No,No,No,No,No,No,Yes,No,No,Yes,FALSE,TRUE,TRUE,FALSE
UKU,com.mintq.gocash,Indonesia/Approved,"android.permission.POST_NOTIFICATIONS, android.permission.TRANSMIT_IR, android.permission.ACCESS_WIFI_STATE, android.permission.BLUETOOTH, android.permission.CAMERA, android.permission.ACCESS_NETWORK_STATE, android.permission.RECORD_AUDIO, android.permission.USE_FINGERPRINT, android.permission.VIBRATE, android.permission.INTERNET, com.google.android.c2dm.permission.RECEIVE, com.google.android.finsky.permission.BIND_GET_INSTALL_REFERRER_SERVICE, android.permission.ACCESS_COARSE_LOCATION, android.permission.WAKE_LOCK, com.google.android.gms.permission.AD_ID",No,No,No,No,No,No,No,No,No,No,No,No,No,No,No,No,No,FALSE,FALSE,FALSE,FALSE
@7F0F001E,com.danasyariah.mobiledanasyariah,Indonesia/Approved,"android.permission.MICROPHONE, android.permission.RECEIVE_BOOT_COMPLETED, android.permission.MODIFY_AUDIO_SETTINGS, android.permission.BLUETOOTH, android.permission.USE_BIOMETRIC, android.permission.CAMERA, android.permission.ACCESS_WIFI_STATE, android.permission.RECORD_AUDIO, android.permission.ACCESS_NETWORK_STATE, com.google.android.c2dm.permission.RECEIVE, android.permission.FOREGROUND_SERVICE, android.permission.INTERNET, com.google.android.finsky.permission.BIND_GET_INSTALL_REFERRER_SERVICE, android.permission.ACCESS_COARSE_LOCATION, android.permission.WAKE_LOCK, android.permission.ACCESS_FINE_LOCATION",No,No,No,No,No,No,No,No,No,No,No,No,No,No,No,No,Yes,FALSE,TRUE,TRUE,FALSE
@7F0E001B,com.paem.intl,Indonesia/Approved,"android.permission.CHANGE_CONFIGURATION, android.permission.POST_NOTIFICATIONS, android.permission.FLASHLIGHT, android.permission.USE_BIOMETRIC, android.permission.CAMERA, android.permission.ACCESS_NETWORK_STATE, android.permission.VIBRATE, android.permission.RECORD_AUDIO, android.permission.USE_FINGERPRINT, android.permission.INTERNET, com.google.android.c2dm.permission.RECEIVE, android.permission.NEARBY_WIFI_DEVICES, com.google.android.finsky.permission.BIND_GET_INSTALL_REFERRER_SERVICE, android.permission.FOREGROUND_SERVICE, android.permission.ACCESS_COARSE_LOCATION, com.google.android.gms.permission.AD_ID",No,No,No,No,No,No,No,No,No,No,No,No,No,No,No,No,No,FALSE,FALSE,FALSE,FALSE
Danamas Borrower (Peminjam),id.co.danamasbor,Indonesia/Approved,"com.majeur.launcher.permission.UPDATE_BADGE, android.permission.ACCESS_WIFI_STATE, com.sec.android.provider.badge.permission.READ, com.htc.launcher.permission.READ_SETTINGS, com.sonymobile.home.permission.PROVIDER_INSERT_BADGE, com.anddoes.launcher.permission.UPDATE_COUNT, com.huawei.android.launcher.permission.READ_SETTINGS, com.htc.launcher.permission.UPDATE_SHORTCUT, com.oppo.launcher.permission.WRITE_SETTINGS, android.permission.ACCESS_COARSE_LOCATION, com.huawei.android.launcher.permission.WRITE_SETTINGS, android.permission.WAKE_LOCK, com.oppo.launcher.permission.READ_SETTINGS, android.permission.ACCESS_NETWORK_STATE, android.permission.INTERNET, com.google.android.finsky.permission.BIND_GET_INSTALL_REFERRER_SERVICE, com.android.vending.CHECK_LICENSE, com.sonyericsson.home.permission.BROADCAST_BADGE, android.permission.RECEIVE_BOOT_COMPLETED, com.sec.android.provider.badge.permission.WRITE, android.permission.CAMERA, com.google.android.providers.gsf.permission.READ_GSERVICES, com.google.android.c2dm.permission.RECEIVE, android.permission.FOREGROUND_SERVICE, android.permission.READ_APP_BADGE, com.huawei.android.launcher.permission.CHANGE_BADGE, android.permission.ACCESS_FINE_LOCATION",No,No,No,No,No,No,No,No,No,No,No,No,No,No,No,No,Yes,FALSE,TRUE,TRUE,FALSE
@7F0E001D,id.co.tokomodal.mobile,Indonesia/Approved,"android.permission.POST_NOTIFICATIONS, android.permission.BLUETOOTH, android.permission.CAMERA, android.permission.WRITE_EXTERNAL_STORAGE, android.permission.RECORD_AUDIO, android.permission.ACCESS_NETWORK_STATE, com.google.android.c2dm.permission.RECEIVE, android.permission.INTERNET, com.google.android.finsky.permission.BIND_GET_INSTALL_REFERRER_SERVICE, id.co.tokomodal.mobile.DYNAMIC_RECEIVER_NOT_EXPORTED_PERMISSION, android.permission.WAKE_LOCK, com.google.android.gms.permission.AD_ID",No,No,No,No,Yes,No,No,No,No,No,No,No,No,No,No,No,No,FALSE,TRUE,TRUE,FALSE
Fintek Syariah,id.co.finteksyariah.app.pembiayaan,Indonesia/Approved,"android.permission.ACCESS_FINE_LOCATION, android.permission.ACCESS_WIFI_STATE, android.permission.CAMERA, android.permission.RECORD_AUDIO, android.permission.ACCESS_NETWORK_STATE, android.permission.VIBRATE, android.permission.INTERNET, com.google.android.finsky.permission.BIND_GET_INSTALL_REFERRER_SERVICE, android.permission.ACCESS_COARSE_LOCATION, org.apache.http.legacy, android.permission.WAKE_LOCK, android.permission.CHANGE_WIFI_STATE",No,No,No,No,No,No,No,No,No,No,No,No,No,No,No,No,Yes,FALSE,TRUE,TRUE,FALSE
PinjamanGo,com.pinjamango,Indonesia/Approved,"android.permission.READ_SMS, android.permission.RECEIVE_SMS, android.permission.ACCESS_WIFI_STATE, android.permission.BLUETOOTH, android.permission.GET_ACCOUNTS, android.permission.SEND_SMS, android.permission.GET_ACCOUNTS_PRIVILEGED, android.permission.READ_CALL_LOG, android.permission.READ_CONTACTS, android.permission.READ_EXTERNAL_STORAGE, android.permission.MOUNT_UNMOUNT_FILESYSTEMS, android.permission.INSTALL_SHORTCUT, android.permission.CALL_PHONE, android.permission.ACCESS_COARSE_LOCATION, android.permission.WAKE_LOCK, android.permission.PACKAGE_USAGE_STATS, com.pinjamango.permission.C2D_MESSAGE, android.permission.ACCESS_NETWORK_STATE, android.permission.READ_PHONE_STATE, android.permission.INTERNET, com.google.android.finsky.permission.BIND_GET_INSTALL_REFERRER_SERVICE, android.permission.GET_TASKS, android.permission.CHANGE_WIFI_STATE, android.permission.FLASHLIGHT, android.permission.USE_CREDENTIALS, android.permission.READ_PHONE_NUMBERS, android.permission.WRITE_EXTERNAL_STORAGE, android.permission.CAMERA, android.permission.RECORD_AUDIO, com.google.android.c2dm.permission.RECEIVE, android.permission.REQUEST_INSTALL_PACKAGES, android.permission.READ_LOGS, android.permission.ACCESS_FINE_LOCATION",Yes,Yes,No,Yes,Yes,No,No,No,No,No,Yes,Yes,No,Yes,No,No,Yes,FALSE,TRUE,TRUE,FALSE
Crowde,com.crowde.investor,Indonesia/Approved,"android.permission.READ_EXTERNAL_STORAGE, android.permission.WRITE_EXTERNAL_STORAGE, android.permission.ACCESS_NETWORK_STATE, android.permission.FOREGROUND_SERVICE, android.permission.INTERNET, android.permission.SYSTEM_ALERT_WINDOW",No,No,No,Yes,Yes,No,No,No,No,No,No,No,No,No,No,No,No,FALSE,TRUE,TRUE,FALSE
Finmas,com.oriente.finmas,Indonesia/Approved,"android.permission.RECEIVE_BOOT_COMPLETED, android.permission.ACCESS_WIFI_STATE, android.permission.BLUETOOTH, android.permission.FLASHLIGHT, android.permission.CAMERA, com.google.android.providers.gsf.permission.READ_GSERVICES, android.permission.ACCESS_NETWORK_STATE, android.permission.VIBRATE, android.permission.USE_FINGERPRINT, com.google.android.c2dm.permission.RECEIVE, android.permission.INTERNET, com.google.android.finsky.permission.BIND_GET_INSTALL_REFERRER_SERVICE, android.permission.REORDER_TASKS, android.permission.ACCESS_COARSE_LOCATION, android.permission.WAKE_LOCK, android.permission.ACCESS_FINE_LOCATION",No,No,No,No,No,No,No,No,No,No,No,No,No,No,No,No,Yes,FALSE,TRUE,TRUE,FALSE
MEKAR PINJAM,id.mekartigasampurna.mekarpinjam.app,Indonesia/Approved,"android.permission.ACCESS_WIFI_STATE, android.permission.READ_CONTACTS, android.permission.READ_EXTERNAL_STORAGE, android.permission.MOUNT_UNMOUNT_FILESYSTEMS, android.permission.CALL_PHONE, android.permission.ACCESS_COARSE_LOCATION, android.permission.WAKE_LOCK, id.mekartigasampurna.mekarpinjam.app.permission.C2D_MESSAGE, android.permission.ACCESS_LOCATION_EXTRA_COMMANDS, android.permission.READ_PHONE_STATE, android.permission.ACCESS_NETWORK_STATE, android.permission.VIBRATE, android.permission.INTERNET, android.permission.REORDER_TASKS, android.permission.SYSTEM_ALERT_WINDOW, android.permission.CAMERA, android.permission.WRITE_EXTERNAL_STORAGE, android.permission.RECORD_AUDIO, com.google.android.c2dm.permission.RECEIVE, android.permission.ACCESS_FINE_LOCATION",Yes,No,No,Yes,Yes,No,No,No,No,No,No,Yes,No,No,No,No,Yes,FALSE,TRUE,TRUE,FALSE
Klik Kami,com.ayo.klikkami,Indonesia/Approved,"android.permission.ACCESS_WIFI_STATE, android.permission.CAMERA, android.permission.ACCESS_NETWORK_STATE, android.permission.FOREGROUND_SERVICE, android.permission.INTERNET, com.google.android.finsky.permission.BIND_GET_INSTALL_REFERRER_SERVICE, android.permission.ACCESS_COARSE_LOCATION, android.permission.ACCESS_FINE_LOCATION",No,No,No,No,No,No,No,No,No,No,No,No,No,No,No,No,Yes,FALSE,TRUE,TRUE,FALSE
Dana Cepat,biro.pinjamuang.ngreditmurahki,Indonesia/Approved,"android.permission.READ_EXTERNAL_STORAGE, android.permission.ACCESS_WIFI_STATE, android.permission.WRITE_EXTERNAL_STORAGE, android.permission.ACCESS_NETWORK_STATE, android.permission.INTERNET, android.permission.WAKE_LOCK",No,No,No,Yes,Yes,No,No,No,No,No,No,No,No,No,No,No,No,FALSE,TRUE,TRUE,FALSE
DompetKilat,com.dompetkilat.pinjaman,Indonesia/Approved,"com.majeur.launcher.permission.UPDATE_BADGE, android.permission.ACCESS_WIFI_STATE, android.permission.BLUETOOTH, com.dompetkilat.pinjaman.permission.C2D_MESSAGE, me.everything.badger.permission.BADGE_COUNT_READ, com.sec.android.provider.badge.permission.READ, com.htc.launcher.permission.READ_SETTINGS, com.sonymobile.home.permission.PROVIDER_INSERT_BADGE, com.anddoes.launcher.permission.UPDATE_COUNT, com.huawei.android.launcher.permission.READ_SETTINGS, com.htc.launcher.permission.UPDATE_SHORTCUT, com.oppo.launcher.permission.WRITE_SETTINGS, android.permission.ACCESS_COARSE_LOCATION, android.permission.WAKE_LOCK, com.huawei.android.launcher.permission.WRITE_SETTINGS, com.oppo.launcher.permission.READ_SETTINGS, android.permission.ACCESS_NETWORK_STATE, android.permission.INTERNET, android.permission.CHANGE_WIFI_STATE, com.sonyericsson.home.permission.BROADCAST_BADGE, com.sec.android.provider.badge.permission.WRITE, android.permission.CAMERA, com.google.android.c2dm.permission.RECEIVE, me.everything.badger.permission.BADGE_COUNT_WRITE, android.permission.READ_APP_BADGE, com.huawei.android.launcher.permission.CHANGE_BADGE, android.permission.ACCESS_FINE_LOCATION",No,No,No,No,No,No,No,No,No,No,No,No,No,No,No,No,Yes,FALSE,TRUE,TRUE,FALSE
DanaKita,com.wDanaKita_KBL,Indonesia/Approved,"com.majeur.launcher.permission.UPDATE_BADGE, android.permission.ACCESS_WIFI_STATE, android.permission.BLUETOOTH, android.permission.GET_ACCOUNTS, com.sec.android.provider.badge.permission.READ, com.htc.launcher.permission.READ_SETTINGS, com.sonymobile.home.permission.PROVIDER_INSERT_BADGE, com.google.android.gms.permission.ACTIVITY_RECOGNITION, android.permission.BLUETOOTH_ADMIN, android.permission.READ_EXTERNAL_STORAGE, com.android.launcher.permission.INSTALL_SHORTCUT, com.anddoes.launcher.permission.UPDATE_COUNT, com.huawei.android.launcher.permission.READ_SETTINGS, com.htc.launcher.permission.UPDATE_SHORTCUT, android.permission.ACCESS_COARSE_LOCATION, com.huawei.android.launcher.permission.WRITE_SETTINGS, android.permission.WAKE_LOCK, com.android.alarm.permission.SET_ALARM, android.permission.ACCESS_NETWORK_STATE, android.permission.READ_PHONE_STATE, android.permission.INTERNET, android.permission.CHANGE_WIFI_STATE, android.permission.SYSTEM_ALERT_WINDOW, com.android.browser.permission.READ_HISTORY_BOOKMARKS, android.webkit.permission.PLUGIN, com.sonyericsson.home.permission.BROADCAST_BADGE, android.permission.RECEIVE_BOOT_COMPLETED, com.sec.android.provider.badge.permission.WRITE, android.permission.WRITE_EXTERNAL_STORAGE, com.google.android.c2dm.permission.RECEIVE, com.huawei.android.launcher.permission.CHANGE_BADGE, android.permission.ACCESS_FINE_LOCATION",No,No,No,Yes,Yes,No,No,No,No,No,No,Yes,No,No,No,No,Yes,FALSE,TRUE,TRUE,FALSE
Akseleran,com.akseleran.crowdfund,Indonesia/Approved,"android.permission.ACCESS_WIFI_STATE, android.permission.CAMERA, com.google.android.providers.gsf.permission.READ_GSERVICES, android.permission.ACCESS_NETWORK_STATE, com.google.android.c2dm.permission.RECEIVE, android.permission.INTERNET, com.google.android.finsky.permission.BIND_GET_INSTALL_REFERRER_SERVICE, android.permission.WAKE_LOCK",No,No,No,No,No,No,No,No,No,No,No,No,No,No,No,No,No,FALSE,FALSE,FALSE,FALSE
Singa,com.asf.singa,Indonesia/Approved,"android.permission.POST_NOTIFICATIONS, android.permission.ACCESS_WIFI_STATE, android.permission.ACCESS_ADSERVICES_ATTRIBUTION, com.google.android.gms.permission.AD_ID, android.permission.READ_CALENDAR, android.permission.WRITE_CALENDAR, android.permission.ACCESS_COARSE_LOCATION, android.permission.WAKE_LOCK, com.asf.singa.DYNAMIC_RECEIVER_NOT_EXPORTED_PERMISSION, android.permission.ACCESS_NETWORK_STATE, android.permission.INTERNET, com.google.android.finsky.permission.BIND_GET_INSTALL_REFERRER_SERVICE, android.permission.ACCESS_ADSERVICES_TOPICS, android.permission.CHANGE_NETWORK_STATE, android.permission.CHANGE_WIFI_STATE, android.permission.ACCESS_ADSERVICES_AD_ID, android.permission.CAMERA, com.google.android.c2dm.permission.RECEIVE, android.permission.FOREGROUND_SERVICE",No,No,No,No,No,No,No,No,No,No,No,No,No,No,No,No,No,FALSE,FALSE,FALSE,FALSE
Danakini,com.pbejydgb.ygzxmzcg,Indonesia/Approved,"android.permission.READ_CONTACTS, android.permission.READ_EXTERNAL_STORAGE, android.permission.WRITE_EXTERNAL_STORAGE, android.permission.CAMERA, android.permission.VIBRATE, android.permission.READ_PHONE_STATE, android.permission.RECORD_AUDIO, android.permission.ACCESS_NETWORK_STATE, android.permission.INTERNET, com.google.android.finsky.permission.BIND_GET_INSTALL_REFERRER_SERVICE, com.google.android.c2dm.permission.RECEIVE, android.permission.ACCESS_COARSE_LOCATION, android.permission.WAKE_LOCK, android.permission.ACCESS_FINE_LOCATION",Yes,No,No,Yes,Yes,No,No,No,No,No,No,Yes,No,No,No,No,Yes,FALSE,TRUE,TRUE,FALSE
@7F10004A,com.iss.client.cairin,Indonesia/Approved,"android.permission.POST_NOTIFICATIONS, android.permission.CHANGE_WIFI_STATE, com.huawei.appmarket.service.commondata.permission.GET_COMMON_DATA, android.permission.ACCESS_WIFI_STATE, android.permission.BLUETOOTH, android.permission.CAMERA, android.permission.ACCESS_NETWORK_STATE, android.permission.ACCESS_ADSERVICES_ATTRIBUTION, com.google.android.c2dm.permission.RECEIVE, android.permission.INTERNET, com.google.android.finsky.permission.BIND_GET_INSTALL_REFERRER_SERVICE, android.permission.REORDER_TASKS, android.permission.READ_LOGS, android.permission.ACCESS_COARSE_LOCATION, android.permission.WAKE_LOCK, com.google.android.gms.permission.AD_ID, com.iss.client.cairin.DYNAMIC_RECEIVER_NOT_EXPORTED_PERMISSION, android.permission.SYSTEM_ALERT_WINDOW",No,No,No,No,No,No,No,No,No,No,No,No,No,No,No,No,No,FALSE,FALSE,FALSE,FALSE
PinjamDuit,com.stanfordtek.pinjamduit,Indonesia/Approved,"android.permission.POST_NOTIFICATIONS, android.permission.RECEIVE_BOOT_COMPLETED, android.permission.ACCESS_WIFI_STATE, android.permission.CAMERA, android.permission.ACCESS_NETWORK_STATE, com.stanfordtek.pinjamduit.DYNAMIC_RECEIVER_NOT_EXPORTED_PERMISSION, com.google.android.c2dm.permission.RECEIVE, android.permission.FOREGROUND_SERVICE, android.permission.INTERNET, com.google.android.finsky.permission.BIND_GET_INSTALL_REFERRER_SERVICE, android.permission.ACCESS_COARSE_LOCATION, android.permission.WAKE_LOCK, com.google.android.gms.permission.AD_ID",No,No,No,No,No,No,No,No,No,No,No,No,No,No,No,No,No,FALSE,FALSE,FALSE,FALSE
True Loan,team.trueloan.loan,Nigeria/Approved,"android.permission.READ_SMS, android.permission.ACCESS_WIFI_STATE, android.permission.BLUETOOTH, team.trueloan.loan.DYNAMIC_RECEIVER_NOT_EXPORTED_PERMISSION, android.permission.ACCESS_ADSERVICES_ATTRIBUTION, com.google.android.gms.permission.AD_ID, android.permission.READ_CALENDAR, android.permission.WRITE_CALENDAR, android.permission.ACCESS_ADSERVICES_CUSTOM_AUDIENCE, android.permission.ACCESS_COARSE_LOCATION, android.permission.WAKE_LOCK, android.permission.PACKAGE_USAGE_STATS, android.permission.READ_PHONE_STATE, android.permission.ACCESS_NETWORK_STATE, android.permission.INTERNET, com.google.android.finsky.permission.BIND_GET_INSTALL_REFERRER_SERVICE, com.android.vending.CHECK_LICENSE, android.permission.ACCESS_ADSERVICES_AD_ID, com.google.android.providers.gsf.permission.READ_GSERVICES",No,No,No,No,No,No,No,No,No,No,No,Yes,No,Yes,No,No,No,FALSE,FALSE,TRUE,FALSE
@7F12001D,com.rexmfb.mobile,Nigeria/Approved,"android.permission.POST_NOTIFICATIONS, android.permission.ACCESS_WIFI_STATE, com.rexmfb.mobile.DYNAMIC_RECEIVER_NOT_EXPORTED_PERMISSION, android.permission.ACCESS_ADSERVICES_ATTRIBUTION, com.google.android.gms.permission.AD_ID, android.permission.READ_EXTERNAL_STORAGE, android.permission.WAKE_LOCK, android.permission.USE_BIOMETRIC, android.permission.ACCESS_NETWORK_STATE, android.permission.VIBRATE, android.permission.USE_FINGERPRINT, android.permission.INTERNET, com.google.android.finsky.permission.BIND_GET_INSTALL_REFERRER_SERVICE, android.permission.ACCESS_ADSERVICES_AD_ID, android.permission.WRITE_EXTERNAL_STORAGE, android.permission.CAMERA, android.permission.RECORD_AUDIO, com.rexmfb.mobile.permission.WRITE_SCHEDULE, com.google.android.c2dm.permission.RECEIVE, android.permission.ACCESS_FINE_LOCATION",No,No,No,Yes,Yes,No,No,No,No,No,No,No,No,No,No,No,Yes,TRUE,TRUE,TRUE,TRUE
@7F140024,com.futurecash.nl.re,Nigeria/Approved,"android.permission.READ_CALENDAR, android.permission.WRITE_CALENDAR, android.permission.READ_SMS, android.permission.ACCESS_WIFI_STATE, com.futurecash.nl.re.DYNAMIC_RECEIVER_NOT_EXPORTED_PERMISSION, android.permission.ACCESS_NETWORK_STATE, android.permission.READ_PHONE_STATE, android.permission.INTERNET, com.google.android.finsky.permission.BIND_GET_INSTALL_REFERRER_SERVICE, android.permission.ACCESS_COARSE_LOCATION, android.permission.WAKE_LOCK, com.google.android.gms.permission.AD_ID, android.permission.PACKAGE_USAGE_STATS",No,No,No,No,No,No,No,No,No,No,No,Yes,No,Yes,No,No,No,FALSE,FALSE,TRUE,FALSE
Umba,com.beatha.mkopokaka,Nigeria/Approved,"android.permission.POST_NOTIFICATIONS, android.permission.READ_SMS, android.permission.ACCESS_WIFI_STATE, android.permission.ACCESS_MEDIA_LOCATION, android.permission.GET_ACCOUNTS, android.permission.READ_CONTACTS, com.google.android.gms.permission.AD_ID, android.permission.READ_EXTERNAL_STORAGE, android.permission.ACCESS_COARSE_LOCATION, android.permission.WAKE_LOCK, android.permission.READ_MEDIA_IMAGES, android.permission.READ_MEDIA_VIDEO, android.permission.USE_BIOMETRIC, android.permission.READ_PHONE_STATE, android.permission.VIBRATE, android.permission.ACCESS_NETWORK_STATE, android.permission.USE_FINGERPRINT, android.permission.INTERNET, android.permission.READ_MEDIA_AUDIO, com.google.android.finsky.permission.BIND_GET_INSTALL_REFERRER_SERVICE, android.permission.RECEIVE_BOOT_COMPLETED, android.permission.READ_PHONE_NUMBERS, android.permission.WRITE_EXTERNAL_STORAGE, android.permission.CAMERA, com.google.android.c2dm.permission.RECEIVE, android.permission.FOREGROUND_SERVICE, com.beatha.mkopokaka.DYNAMIC_RECEIVER_NOT_EXPORTED_PERMISSION, android.permission.ACCESS_FINE_LOCATION",Yes,No,No,Yes,Yes,No,No,Yes,Yes,Yes,Yes,Yes,No,Yes,No,No,Yes,TRUE,TRUE,TRUE,TRUE
9money,com.credit.ninemoney,Nigeria/Approved,"android.permission.READ_CALENDAR, android.permission.WRITE_CALENDAR, android.permission.POST_NOTIFICATIONS, android.permission.READ_SMS, android.permission.ACCESS_WIFI_STATE, android.permission.CAMERA, android.permission.ACCESS_NETWORK_STATE, android.permission.READ_PHONE_STATE, com.google.android.c2dm.permission.RECEIVE, android.permission.INTERNET, com.google.android.finsky.permission.BIND_GET_INSTALL_REFERRER_SERVICE, android.permission.ACCESS_COARSE_LOCATION, android.permission.WAKE_LOCK, com.google.android.gms.permission.AD_ID, android.permission.DOWNLOAD_WITHOUT_NOTIFICATION",No,No,No,No,No,No,No,No,No,No,No,Yes,No,Yes,No,No,No,FALSE,FALSE,TRUE,FALSE
@7F11001D,business.finance.flex,Nigeria/Approved,"com.majeur.launcher.permission.UPDATE_BADGE, android.permission.POST_NOTIFICATIONS, com.samsung.android.providers.context.permission.WRITE_USE_APP_FEATURE_SURVEY, android.permission.ACCESS_WIFI_STATE, business.finance.flex.DYNAMIC_RECEIVER_NOT_EXPORTED_PERMISSION, com.google.android.gms.permission.AD_ID, com.sec.android.provider.badge.permission.READ, com.htc.launcher.permission.READ_SETTINGS, com.sonymobile.home.permission.PROVIDER_INSERT_BADGE, me.everything.badger.permission.BADGE_COUNT_READ, android.permission.READ_EXTERNAL_STORAGE, com.anddoes.launcher.permission.UPDATE_COUNT, com.huawei.android.launcher.permission.READ_SETTINGS, com.htc.launcher.permission.UPDATE_SHORTCUT, com.oppo.launcher.permission.WRITE_SETTINGS, android.permission.WAKE_LOCK, com.huawei.android.launcher.permission.WRITE_SETTINGS, business.finance.flex.permission.C2D_MESSAGE, com.oppo.launcher.permission.READ_SETTINGS, android.permission.USE_BIOMETRIC, android.permission.ACCESS_NETWORK_STATE, android.permission.VIBRATE, android.permission.USE_FINGERPRINT, android.permission.INTERNET, com.google.android.finsky.permission.BIND_GET_INSTALL_REFERRER_SERVICE, com.android.vending.CHECK_LICENSE, android.permission.READ_INTERNAL_STORAGE, com.sonyericsson.home.permission.BROADCAST_BADGE, com.fingerprints.service.ACCESS_FINGERPRINT_MANAGER, android.permission.RECEIVE_BOOT_COMPLETED, com.sec.android.provider.badge.permission.WRITE, android.permission.WRITE_EXTERNAL_STORAGE, android.permission.CAMERA, com.google.android.c2dm.permission.RECEIVE, android.permission.FOREGROUND_SERVICE, me.everything.badger.permission.BADGE_COUNT_WRITE, android.permission.READ_APP_BADGE, com.huawei.android.launcher.permission.CHANGE_BADGE, android.permission.WRITE_SETTINGS",No,No,No,Yes,Yes,No,No,No,No,No,No,No,No,No,No,No,No,TRUE,TRUE,TRUE,TRUE
EasyKash,easykash.creditapp.loan,Nigeria/Approved,"easykash.creditapp.loan.DYNAMIC_RECEIVER_NOT_EXPORTED_PERMISSION, android.permission.READ_SMS, android.permission.ACCESS_WIFI_STATE, android.permission.CAMERA, com.google.android.providers.gsf.permission.READ_GSERVICES, android.permission.READ_PHONE_STATE, android.permission.ACCESS_NETWORK_STATE, android.permission.FOREGROUND_SERVICE, android.permission.INTERNET, com.google.android.finsky.permission.BIND_GET_INSTALL_REFERRER_SERVICE, android.permission.ACCESS_COARSE_LOCATION, android.permission.READ_CALL_LOG, com.google.android.gms.permission.AD_ID, android.permission.CHANGE_WIFI_STATE",No,Yes,No,No,No,No,No,No,No,No,No,Yes,No,Yes,No,No,No,TRUE,FALSE,TRUE,TRUE
Menofund,com.menofund.ng,Nigeria/Approved,"android.permission.INTERNET, android.permission.ACCESS_NETWORK_STATE",No,No,No,No,No,No,No,No,No,No,No,No,No,No,No,No,No,FALSE,FALSE,FALSE,FALSE
@7F10001C,com.application.lend,Nigeria/Approved,"android.permission.INTERNET, com.application.lend.DYNAMIC_RECEIVER_NOT_EXPORTED_PERMISSION",No,No,No,No,No,No,No,No,No,No,No,No,No,No,No,No,No,FALSE,FALSE,FALSE,FALSE
@7F0E001C,ng.kobogo.mobile,Nigeria/Approved,"android.permission.READ_CALENDAR, android.permission.WRITE_CALENDAR, com.samsung.android.mapsagent.permission.READ_APP_INFO, android.permission.POST_NOTIFICATIONS, com.huawei.appmarket.service.commondata.permission.GET_COMMON_DATA, android.permission.ACCESS_WIFI_STATE, android.permission.ACCESS_NETWORK_STATE, android.permission.ACCESS_ADSERVICES_ATTRIBUTION, com.google.android.c2dm.permission.RECEIVE, android.permission.INTERNET, com.google.android.finsky.permission.BIND_GET_INSTALL_REFERRER_SERVICE, android.permission.WAKE_LOCK, com.google.android.gms.permission.AD_ID, ng.kobogo.mobile.DYNAMIC_RECEIVER_NOT_EXPORTED_PERMISSION, android.permission.ACCESS_ADSERVICES_AD_ID",No,No,No,No,No,No,No,No,No,No,No,No,No,No,No,No,No,FALSE,FALSE,FALSE,FALSE
@7F0E001D,com.veendhq.mobileApp,Nigeria/Approved,"android.permission.READ_EXTERNAL_STORAGE, android.permission.MODIFY_AUDIO_SETTINGS, android.permission.ACCESS_WIFI_STATE, android.permission.WAKE_LOCK, android.permission.CAMERA, android.permission.WRITE_EXTERNAL_STORAGE, android.permission.ACCESS_NETWORK_STATE, com.google.android.c2dm.permission.RECEIVE, android.permission.INTERNET, com.google.android.finsky.permission.BIND_GET_INSTALL_REFERRER_SERVICE, android.permission.READ_CONTACTS, com.android.vending.CHECK_LICENSE",Yes,No,No,Yes,Yes,No,No,No,No,No,No,No,No,No,No,No,No,TRUE,TRUE,TRUE,TRUE
@7F120021,com.aella.comportal,Nigeria/Approved,"android.permission.POST_NOTIFICATIONS, android.permission.ACCESS_WIFI_STATE, android.permission.ACCESS_ADSERVICES_ATTRIBUTION, android.permission.ACCESS_BACKGROUND_LOCATION, com.google.android.gms.permission.AD_ID, com.aella.comportal.DYNAMIC_RECEIVER_NOT_EXPORTED_PERMISSION, android.permission.ACCESS_COARSE_LOCATION, android.permission.WAKE_LOCK, android.permission.USE_BIOMETRIC, android.permission.VIBRATE, android.permission.ACCESS_NETWORK_STATE, android.permission.READ_PHONE_STATE, android.permission.USE_FINGERPRINT, android.permission.INTERNET, com.google.android.finsky.permission.BIND_GET_INSTALL_REFERRER_SERVICE, android.permission.ACCESS_ADSERVICES_AD_ID, android.permission.FOREGROUND_SERVICE_LOCATION, android.permission.RECEIVE_BOOT_COMPLETED, android.permission.CAMERA, android.permission.RECORD_AUDIO, com.google.android.c2dm.permission.RECEIVE, android.permission.FOREGROUND_SERVICE, android.permission.ACCESS_FINE_LOCATION",No,No,No,No,No,No,No,No,No,No,No,Yes,No,No,No,No,Yes,FALSE,TRUE,TRUE,FALSE
IntsWallet,com.ng.flexfund,Nigeria/Approved,"android.permission.READ_CALENDAR, android.permission.WRITE_CALENDAR, android.permission.ACCESS_WIFI_STATE, android.permission.CAMERA, android.permission.ACCESS_NETWORK_STATE, android.permission.READ_PHONE_STATE, android.permission.INTERNET, android.permission.ACCESS_COARSE_LOCATION, android.permission.CHANGE_NETWORK_STATE, android.permission.READ_CALL_LOG, android.permission.WAKE_LOCK, com.google.android.gms.permission.AD_ID, android.permission.CHANGE_WIFI_STATE",No,Yes,No,No,No,No,No,No,No,No,No,Yes,No,No,No,No,No,TRUE,FALSE,TRUE,TRUE
HIZO,com.hizo.hizo,Nigeria/Approved,"android.permission.POST_NOTIFICATIONS, android.permission.CAMERA, android.permission.VIBRATE, android.permission.ACCESS_NETWORK_STATE, android.permission.RECORD_AUDIO, com.google.android.c2dm.permission.RECEIVE, android.permission.INTERNET, com.google.android.finsky.permission.BIND_GET_INSTALL_REFERRER_SERVICE, com.hizo.hizo.permission.WRITE_SCHEDULE, android.permission.WAKE_LOCK, com.google.android.gms.permission.AD_ID, com.hizo.hizo.DYNAMIC_RECEIVER_NOT_EXPORTED_PERMISSION",No,No,No,No,No,No,No,No,No,No,No,No,No,No,No,No,No,FALSE,FALSE,FALSE,FALSE
Tcredit,com.nigeria.tcredit,Nigeria/Approved,"android.permission.READ_CALENDAR, android.permission.POST_NOTIFICATIONS, android.permission.READ_SMS, android.permission.ACCESS_WIFI_STATE, android.permission.CAMERA, android.permission.ACCESS_NETWORK_STATE, android.permission.READ_PHONE_STATE, com.google.android.c2dm.permission.RECEIVE, android.permission.INTERNET, com.google.android.finsky.permission.BIND_GET_INSTALL_REFERRER_SERVICE, android.permission.ACCESS_COARSE_LOCATION, android.permission.WAKE_LOCK, com.google.android.gms.permission.AD_ID, android.permission.DOWNLOAD_WITHOUT_NOTIFICATION",No,No,No,No,No,No,No,No,No,No,No,Yes,No,Yes,No,No,No,FALSE,FALSE,TRUE,FALSE
SavingsBox,com.reliance.savingsbox,Nigeria/Approved,"android.permission.POST_NOTIFICATIONS, android.permission.ACCESS_ADSERVICES_ATTRIBUTION, com.google.android.gms.permission.AD_ID, android.permission.READ_EXTERNAL_STORAGE, android.permission.WAKE_LOCK, android.permission.READ_MEDIA_IMAGES, android.permission.MICROPHONE, android.permission.READ_MEDIA_VIDEO, android.permission.READ_MEDIA_VIDEOS, android.permission.USE_BIOMETRIC, android.permission.ACCESS_NETWORK_STATE, android.permission.READ_MEDIA_AUDIO, android.permission.USE_FINGERPRINT, android.permission.VIBRATE, android.permission.INTERNET, com.google.android.finsky.permission.BIND_GET_INSTALL_REFERRER_SERVICE, android.permission.ACCESS_ADSERVICES_AD_ID, android.permission.WRITE_EXTERNAL_STORAGE, android.permission.CAMERA, android.permission.RECORD_AUDIO, com.google.android.c2dm.permission.RECEIVE, com.reliance.savingsbox.DYNAMIC_RECEIVER_NOT_EXPORTED_PERMISSION, com.reliance.savingsbox.permission.WRITE_SCHEDULE",No,No,No,Yes,Yes,No,No,Yes,Yes,Yes,No,No,No,No,No,No,No,TRUE,TRUE,TRUE,TRUE
@7F1400DC,co.tractionapp.traction,Nigeria/Approved,"android.permission.REQUEST_IGNORE_BATTERY_OPTIMIZATIONS, android.permission.ACCESS_WIFI_STATE, android.permission.BLUETOOTH, android.permission.CLOUDPOS_LED, android.permission.ACCESS_MEDIA_LOCATION, android.permission.CLOUDPOS_SAFE_MODULE_READONLY, android.permission.READ_CONTACTS, com.google.android.gms.permission.AD_ID, android.permission.CLOUDPOS_MSR, android.permission.BLUETOOTH_ADMIN, android.permission.READ_EXTERNAL_STORAGE, android.permission.CLOUDPOS_SAFE_MODULE, android.permission.CLOUDPOS_EMV, android.permission.CLOUDPOS_PIN_UPDATE_USER_KEY, android.permission.ACCESS_COARSE_LOCATION, android.permission.CLOUDPOS_SMARTCARD, android.permission.WAKE_LOCK, android.permission.ACTION_OPEN_DOCUMENT, android.permission.READ_MEDIA_IMAGES, android.permission.CLOUDPOS_PIN_UPDATE_MASTER_KEY, android.permission.READ_MEDIA_VIDEO, android.permission.CLOUDPOS_PIN_GET_PIN_BLOCK, android.permission.BLUETOOTH_SCAN, android.permission.CLOUDPOS_PRINTER, android.permission.CLOUDPOS_PIN_ENCRYPT_DATA, android.permission.BLUETOOTH_CONNECT, android.permission.ACCESS_NETWORK_STATE, android.permission.READ_MEDIA_AUDIO, android.permission.BROADCAST_STICKY, android.permission.INTERNET, com.google.android.finsky.permission.BIND_GET_INSTALL_REFERRER_SERVICE, android.permission.REORDER_TASKS, android.permission.RECEIVE_BOOT_COMPLETED, android.permission.WRITE_EXTERNAL_STORAGE, android.permission.CAMERA, android.permission.CLOUDPOS_PIN_MAC, com.google.android.c2dm.permission.RECEIVE, android.permission.FOREGROUND_SERVICE, android.permission.CLOUDPOS_CONTACTLESS_CARD, android.permission.CLOUDPOS_PINPAD, android.permission.ACCESS_FINE_LOCATION",Yes,No,No,Yes,Yes,No,No,Yes,Yes,Yes,No,No,No,No,No,No,Yes,TRUE,TRUE,TRUE,TRUE
Pivo,africa.pivo,Nigeria/Approved,"android.permission.POST_NOTIFICATIONS, android.permission.USE_FULL_SCREEN_INTENT, android.permission.READ_EXTERNAL_STORAGE, android.permission.RECEIVE_BOOT_COMPLETED, android.permission.USE_BIOMETRIC, android.permission.SCHEDULE_EXACT_ALARM, africa.pivo.DYNAMIC_RECEIVER_NOT_EXPORTED_PERMISSION, android.permission.VIBRATE, android.permission.ACCESS_NETWORK_STATE, android.permission.USE_FINGERPRINT, android.permission.QUERY_ALL_PACKAGES, android.permission.INTERNET, com.google.android.c2dm.permission.RECEIVE, com.google.android.finsky.permission.BIND_GET_INSTALL_REFERRER_SERVICE, android.permission.READ_MEDIA_AUDIO, android.permission.WAKE_LOCK, android.permission.READ_MEDIA_IMAGES, com.google.android.gms.permission.AD_ID",No,No,No,Yes,No,No,No,Yes,Yes,No,No,No,No,No,No,Yes,No,TRUE,TRUE,TRUE,TRUE
@7F110043,com.nice.credit.nigeria,Nigeria/Approved,"android.permission.LOCAL_MAC_ADDRESS, android.permission.ACCESS_WIFI_STATE, android.permission.BLUETOOTH, android.permission.ACCESS_NETWORK_STATE, android.permission.READ_PHONE_STATE, com.google.android.c2dm.permission.RECEIVE, android.permission.INTERNET, com.google.android.finsky.permission.BIND_GET_INSTALL_REFERRER_SERVICE, android.permission.ACCESS_COARSE_LOCATION, android.permission.WAKE_LOCK, com.google.android.gms.permission.AD_ID",No,No,No,No,No,No,No,No,No,No,No,Yes,No,No,No,No,No,FALSE,FALSE,TRUE,FALSE
@7F130043,io.quickcheck.loans,Nigeria/Approved,"android.permission.POST_NOTIFICATIONS, android.permission.READ_SMS, android.permission.ACCESS_WIFI_STATE, android.permission.ACCESS_ADSERVICES_ATTRIBUTION, com.google.android.gms.permission.AD_ID, android.permission.READ_EXTERNAL_STORAGE, io.quickcheck.loans.DYNAMIC_RECEIVER_NOT_EXPORTED_PERMISSION, android.permission.ACCESS_COARSE_LOCATION, android.permission.WAKE_LOCK, android.permission.USE_BIOMETRIC, android.permission.VIBRATE, android.permission.ACCESS_NETWORK_STATE, android.permission.USE_FINGERPRINT, android.permission.READ_PHONE_STATE, android.permission.INTERNET, com.google.android.finsky.permission.BIND_GET_INSTALL_REFERRER_SERVICE, android.permission.ACCESS_ADSERVICES_AD_ID, android.permission.SYSTEM_ALERT_WINDOW, com.truecaller.permission.sdk.internal.read_account_state, android.permission.RECEIVE_BOOT_COMPLETED, android.permission.WRITE_EXTERNAL_STORAGE, android.permission.CAMERA, com.google.android.c2dm.permission.RECEIVE, android.permission.FOREGROUND_SERVICE, android.permission.ACCESS_FINE_LOCATION",No,No,No,Yes,Yes,No,No,No,No,No,No,Yes,No,Yes,No,No,Yes,TRUE,TRUE,TRUE,TRUE
@7F120027,com.jaraCash,Nigeria/Approved,"com.jaraCash.DYNAMIC_RECEIVER_NOT_EXPORTED_PERMISSION, android.permission.VIBRATE, android.permission.INTERNET, android.permission.ACCESS_NETWORK_STATE",No,No,No,No,No,No,No,No,No,No,No,No,No,No,No,No,No,FALSE,FALSE,FALSE,FALSE
@7F110087,go.get.credit,Nigeria/Approved,"android.permission.POST_NOTIFICATIONS, android.permission.READ_SMS, com.huawei.appmarket.service.commondata.permission.GET_COMMON_DATA, android.permission.ACCESS_WIFI_STATE, android.permission.BLUETOOTH, com.google.android.providers.gsf.permission.READ_GSERVICES, android.permission.BLUETOOTH_CONNECT, android.permission.ACCESS_NETWORK_STATE, android.permission.READ_PHONE_STATE, android.permission.ACCESS_ADSERVICES_ATTRIBUTION, com.google.android.c2dm.permission.RECEIVE, android.permission.INTERNET, go.get.credit.DYNAMIC_RECEIVER_NOT_EXPORTED_PERMISSION, com.google.android.finsky.permission.BIND_GET_INSTALL_REFERRER_SERVICE, android.permission.WAKE_LOCK, com.google.android.gms.permission.AD_ID",No,No,No,No,No,No,No,No,No,No,No,Yes,No,Yes,No,No,No,FALSE,FALSE,TRUE,FALSE
GoLoan,com.wegoloan.app.nigeria,Nigeria/Approved,"android.permission.READ_CALENDAR, android.permission.LOCAL_MAC_ADDRESS, android.permission.READ_SMS, android.permission.POST_NOTIFICATIONS, android.permission.ACCESS_WIFI_STATE, android.permission.CAMERA, android.permission.ACCESS_NETWORK_STATE, android.permission.READ_PHONE_STATE, com.google.android.c2dm.permission.RECEIVE, android.permission.INTERNET, com.google.android.finsky.permission.BIND_GET_INSTALL_REFERRER_SERVICE, android.permission.CHANGE_WIFI_MULTICAST_STATE, android.permission.READ_PRIVILEGED_PHONE_STATE, android.permission.ACCESS_COARSE_LOCATION, android.permission.WAKE_LOCK, com.google.android.gms.permission.AD_ID, android.permission.CHANGE_WIFI_STATE",No,No,No,No,No,No,No,No,No,No,No,Yes,No,Yes,No,No,No,FALSE,FALSE,TRUE,FALSE
@7F10001D,co.aibanc.Aibanc_APP,Nigeria/Approved,"android.permission.POST_NOTIFICATIONS, android.permission.READ_EXTERNAL_STORAGE, android.permission.ACCESS_WIFI_STATE, android.permission.USE_BIOMETRIC, android.permission.WRITE_EXTERNAL_STORAGE, android.permission.VIBRATE, android.permission.ACCESS_NETWORK_STATE, com.google.android.c2dm.permission.RECEIVE, android.permission.INTERNET, com.google.android.finsky.permission.BIND_GET_INSTALL_REFERRER_SERVICE, co.aibanc.Aibanc_APP.DYNAMIC_RECEIVER_NOT_EXPORTED_PERMISSION, android.permission.WAKE_LOCK, android.permission.DOWNLOAD_WITHOUT_NOTIFICATION, android.permission.SYSTEM_ALERT_WINDOW",No,No,No,Yes,Yes,No,No,No,No,No,No,No,No,No,No,No,No,TRUE,TRUE,TRUE,TRUE
@7F100022,silkloan.nigeria.credit.cash.loan,Nigeria/Approved,"android.permission.POST_NOTIFICATIONS, android.permission.READ_SMS, com.huawei.appmarket.service.commondata.permission.GET_COMMON_DATA, android.permission.ACCESS_WIFI_STATE, silkloan.nigeria.credit.cash.loan.DYNAMIC_RECEIVER_NOT_EXPORTED_PERMISSION, android.permission.CAMERA, android.permission.ACCESS_NETWORK_STATE, android.permission.ACCESS_ADSERVICES_ATTRIBUTION, com.google.android.c2dm.permission.RECEIVE, android.permission.INTERNET, com.google.android.finsky.permission.BIND_GET_INSTALL_REFERRER_SERVICE, android.permission.ACCESS_COARSE_LOCATION, android.permission.WAKE_LOCK, com.google.android.gms.permission.AD_ID, com.android.vending.CHECK_LICENSE",No,No,No,No,No,No,No,No,No,No,No,No,No,Yes,No,No,No,FALSE,FALSE,TRUE,FALSE
PaydayHub,com.paydayhubonline.paydayhub_app,Nigeria/Approved,"android.permission.POST_NOTIFICATIONS, android.permission.USE_FULL_SCREEN_INTENT, android.permission.RECEIVE_BOOT_COMPLETED, android.permission.SCHEDULE_EXACT_ALARM, android.permission.ACCESS_NETWORK_STATE, android.permission.VIBRATE, com.google.android.c2dm.permission.RECEIVE, android.permission.INTERNET, com.google.android.finsky.permission.BIND_GET_INSTALL_REFERRER_SERVICE, android.permission.WAKE_LOCK, com.google.android.gms.permission.AD_ID",No,No,No,No,No,No,No,No,No,No,No,No,No,No,No,No,No,FALSE,FALSE,FALSE,FALSE
EaseMoni,com.loan.cash.credit.easemoni.nigeria,Nigeria/Approved,"android.permission.POST_NOTIFICATIONS, android.permission.READ_SMS, android.permission.RECEIVE_SMS, android.permission.ACCESS_WIFI_STATE, com.asus.msa.SupplementaryDID.ACCESS , com.google.android.gms.permission.AD_ID, android.permission.READ_CALENDAR, android.permission.WRITE_CALENDAR, android.permission.ACCESS_COARSE_LOCATION, android.permission.WAKE_LOCK, com.huawei.android.launcher.permission.CHANGE_BADGE , com.loan.cash.credit.easemoni.nigeria.DYNAMIC_RECEIVER_NOT_EXPORTED_PERMISSION, android.permission.ACCESS_NETWORK_STATE, android.permission.READ_PHONE_STATE, android.permission.INTERNET, com.google.android.finsky.permission.BIND_GET_INSTALL_REFERRER_SERVICE, android.permission.CHANGE_WIFI_STATE, android.permission.CAMERA, android.permission.AUTHENTICATE_ACCOUNTS, com.google.android.c2dm.permission.RECEIVE",No,No,No,No,No,No,No,No,No,No,No,Yes,No,Yes,No,No,No,FALSE,FALSE,TRUE,FALSE
MintBag,com.finles.mintbag,Nigeria/Approved,"android.permission.READ_CALENDAR, android.permission.LOCAL_MAC_ADDRESS, android.permission.READ_SMS, android.permission.ACCESS_WIFI_STATE, android.permission.READ_PROFILE, android.permission.CAMERA, android.permission.BLUETOOTH_CONNECT, android.permission.READ_PHONE_STATE, android.permission.ACCESS_NETWORK_STATE, android.permission.INTERNET, android.permission.READ_PRIVILEGED_PHONE_STATE, android.permission.GET_ACCOUNTS, android.permission.READ_CALL_LOG, android.permission.CHANGE_NETWORK_STATE, android.permission.ACCESS_COARSE_LOCATION, android.permission.CHANGE_WIFI_STATE",No,Yes,No,No,No,No,No,No,No,No,No,Yes,No,Yes,No,No,No,TRUE,FALSE,TRUE,TRUE
Renners,com.bloocode.renners,Nigeria/Approved,"android.permission.POST_NOTIFICATIONS, android.permission.USE_FULL_SCREEN_INTENT, android.permission.RECEIVE_BOOT_COMPLETED, android.permission.ACCESS_WIFI_STATE, android.permission.SCHEDULE_EXACT_ALARM, android.permission.CAMERA, android.permission.ACCESS_NETWORK_STATE, android.permission.VIBRATE, com.google.android.c2dm.permission.RECEIVE, android.permission.INTERNET, com.google.android.finsky.permission.BIND_GET_INSTALL_REFERRER_SERVICE, android.permission.ACCESS_COARSE_LOCATION, android.permission.WAKE_LOCK, com.google.android.gms.permission.AD_ID, com.bloocode.renners.DYNAMIC_RECEIVER_NOT_EXPORTED_PERMISSION",No,No,No,No,No,No,No,No,No,No,No,No,No,No,No,No,No,FALSE,FALSE,FALSE,FALSE
@7F0D0021,com.smart.naira,Nigeria/Approved,"android.permission.INTERNET, com.smart.naira.DYNAMIC_RECEIVER_NOT_EXPORTED_PERMISSION, android.permission.ACCESS_NETWORK_STATE",No,No,No,No,No,No,No,No,No,No,No,No,No,No,No,No,No,FALSE,FALSE,FALSE,FALSE
@7F120089,com.zeliaapp,Nigeria/Approved,"com.majeur.launcher.permission.UPDATE_BADGE, android.permission.POST_NOTIFICATIONS, android.permission.ACCESS_WIFI_STATE, android.permission.ACCESS_ADSERVICES_ATTRIBUTION, com.google.android.gms.permission.AD_ID, com.sec.android.provider.badge.permission.READ, com.htc.launcher.permission.READ_SETTINGS, com.sonymobile.home.permission.PROVIDER_INSERT_BADGE, me.everything.badger.permission.BADGE_COUNT_READ, android.permission.READ_EXTERNAL_STORAGE, com.anddoes.launcher.permission.UPDATE_COUNT, com.huawei.android.launcher.permission.READ_SETTINGS, com.htc.launcher.permission.UPDATE_SHORTCUT, com.oppo.launcher.permission.WRITE_SETTINGS, android.permission.ACCESS_COARSE_LOCATION, android.permission.WAKE_LOCK, android.permission.READ_MEDIA_IMAGES, com.huawei.android.launcher.permission.WRITE_SETTINGS, com.oppo.launcher.permission.READ_SETTINGS, android.permission.USE_BIOMETRIC, android.permission.ACCESS_NETWORK_STATE, android.permission.ACTIVITY_RECOGNITION, android.permission.USE_FINGERPRINT, android.permission.INTERNET, com.google.android.finsky.permission.BIND_GET_INSTALL_REFERRER_SERVICE, android.permission.ACCESS_ADSERVICES_AD_ID, com.sonyericsson.home.permission.BROADCAST_BADGE, android.permission.RECEIVE_BOOT_COMPLETED, com.sec.android.provider.badge.permission.WRITE, android.permission.WRITE_EXTERNAL_STORAGE, android.permission.CAMERA, com.google.android.providers.gsf.permission.READ_GSERVICES, com.google.android.c2dm.permission.RECEIVE, android.permission.FOREGROUND_SERVICE, me.everything.badger.permission.BADGE_COUNT_WRITE, android.permission.READ_APP_BADGE, com.zeliaapp.DYNAMIC_RECEIVER_NOT_EXPORTED_PERMISSION, com.huawei.android.launcher.permission.CHANGE_BADGE, android.permission.ACCESS_FINE_LOCATION",No,No,No,Yes,Yes,No,No,No,Yes,No,No,No,No,No,No,No,Yes,TRUE,TRUE,TRUE,TRUE
@7F0F001E,ng.vendorcredit.app,Nigeria/Approved,"android.permission.READ_EXTERNAL_STORAGE, ng.vendorcredit.app.DYNAMIC_RECEIVER_NOT_EXPORTED_PERMISSION, android.permission.WRITE_EXTERNAL_STORAGE, android.permission.INTERNET, android.permission.WAKE_LOCK",No,No,No,Yes,Yes,No,No,No,No,No,No,No,No,No,No,No,No,TRUE,TRUE,TRUE,TRUE
Lilycash,ng.personal.loan.lily.cash,Nigeria/Approved,"android.permission.POST_NOTIFICATIONS, android.permission.READ_SMS, android.permission.ACCESS_WIFI_STATE, android.permission.BLUETOOTH, android.permission.READ_CALL_LOG, com.google.android.gms.permission.AD_ID, com.google.android.gms.permission.ACTIVITY_RECOGNITION, android.permission.READ_CALENDAR, android.permission.WRITE_CALENDAR, android.permission.ACCESS_COARSE_LOCATION, android.permission.WAKE_LOCK, ng.personal.loan.lily.cash.DYNAMIC_RECEIVER_NOT_EXPORTED_PERMISSION, android.permission.BLUETOOTH_CONNECT, android.permission.ACCESS_NETWORK_STATE, android.permission.READ_PHONE_STATE, android.permission.INTERNET, com.google.android.finsky.permission.BIND_GET_INSTALL_REFERRER_SERVICE, android.permission.CAMERA, com.google.android.c2dm.permission.RECEIVE",No,Yes,No,No,No,No,No,No,No,No,No,Yes,No,Yes,No,No,No,TRUE,FALSE,TRUE,TRUE
@7F100041,com.ng.snappycredit,Nigeria/Approved,"android.permission.LOCAL_MAC_ADDRESS, android.permission.ACCESS_WIFI_STATE, android.permission.BLUETOOTH_CONNECT, android.permission.ACCESS_NETWORK_STATE, android.permission.READ_PHONE_STATE, com.google.android.c2dm.permission.RECEIVE, android.permission.INTERNET, com.google.android.finsky.permission.BIND_GET_INSTALL_REFERRER_SERVICE, android.permission.ACCESS_COARSE_LOCATION, android.permission.WAKE_LOCK, com.google.android.gms.permission.AD_ID, android.permission.CHANGE_WIFI_STATE",No,No,No,No,No,No,No,No,No,No,No,Yes,No,No,No,No,No,FALSE,FALSE,TRUE,FALSE
@7F10001D,com.go.cash.cash.gocash,Nigeria/Approved,"android.permission.READ_CALENDAR, android.permission.READ_PRECISE_PHONE_STATE, android.permission.WRITE_CALENDAR, android.permission.POST_NOTIFICATIONS, android.permission.READ_SMS, android.permission.ACCESS_WIFI_STATE, android.permission.CAMERA, android.permission.MOUNT_UNMOUNT_FILESYSTEMS, android.permission.ACCESS_NETWORK_STATE, android.permission.READ_PHONE_STATE, com.google.android.c2dm.permission.RECEIVE, android.permission.INTERNET, android.permission.READ_PRIVILEGED_PHONE_STATE, com.google.android.finsky.permission.BIND_GET_INSTALL_REFERRER_SERVICE, android.permission.ACCESS_COARSE_LOCATION, android.permission.WAKE_LOCK, com.google.android.gms.permission.AD_ID",No,No,No,No,No,No,No,No,No,No,No,Yes,Yes,Yes,No,No,No,FALSE,FALSE,TRUE,FALSE
monee,com.nidcomsolutions.monee,Nigeria/Approved,"com.majeur.launcher.permission.UPDATE_BADGE, android.permission.POST_NOTIFICATIONS, me.everything.badger.permission.BADGE_COUNT_READ, com.sec.android.provider.badge.permission.READ, com.htc.launcher.permission.READ_SETTINGS, com.sonymobile.home.permission.PROVIDER_INSERT_BADGE, com.anddoes.launcher.permission.UPDATE_COUNT, com.huawei.android.launcher.permission.READ_SETTINGS, com.htc.launcher.permission.UPDATE_SHORTCUT, com.nidcomsolutions.monee.DYNAMIC_RECEIVER_NOT_EXPORTED_PERMISSION, com.oppo.launcher.permission.WRITE_SETTINGS, android.permission.ACCESS_COARSE_LOCATION, com.huawei.android.launcher.permission.WRITE_SETTINGS, android.permission.WAKE_LOCK, com.oppo.launcher.permission.READ_SETTINGS, android.permission.USE_BIOMETRIC, android.permission.ACCESS_NETWORK_STATE, android.permission.VIBRATE, android.permission.USE_FINGERPRINT, android.permission.INTERNET, com.sonyericsson.home.permission.BROADCAST_BADGE, android.permission.RECEIVE_BOOT_COMPLETED, com.sec.android.provider.badge.permission.WRITE, com.nidcomsolutions.monee.permission.C2D_MESSAGE, com.google.android.c2dm.permission.RECEIVE, android.permission.FOREGROUND_SERVICE, me.everything.badger.permission.BADGE_COUNT_WRITE, android.permission.READ_APP_BADGE, com.huawei.android.launcher.permission.CHANGE_BADGE, android.permission.ACCESS_FINE_LOCATION",No,No,No,No,No,No,No,No,No,No,No,No,No,No,No,No,Yes,FALSE,TRUE,TRUE,FALSE
liberty-pay,com.libertyassured.libertypay,Nigeria/Approved,"android.permission.READ_SMS, android.permission.ACCESS_WIFI_STATE, android.permission.BLUETOOTH, android.permission.GET_ACCOUNTS, android.permission.READ_CONTACTS, com.google.android.gms.permission.AD_ID, android.permission.READ_CALENDAR, android.permission.READ_EXTERNAL_STORAGE, android.permission.ACCESS_COARSE_LOCATION, android.permission.WAKE_LOCK, android.permission.USE_BIOMETRIC, android.permission.VIBRATE, android.permission.ACCESS_NETWORK_STATE, android.permission.USE_FINGERPRINT, android.permission.READ_PHONE_STATE, android.permission.INTERNET, com.google.android.finsky.permission.BIND_GET_INSTALL_REFERRER_SERVICE, com.android.vending.CHECK_LICENSE, android.permission.SYSTEM_ALERT_WINDOW, android.permission.RECEIVE_BOOT_COMPLETED, android.permission.WRITE_EXTERNAL_STORAGE, android.permission.CAMERA, com.google.android.c2dm.permission.RECEIVE, android.permission.FOREGROUND_SERVICE, android.permission.ACCESS_NETWORK_STAT",Yes,No,No,Yes,Yes,No,No,No,No,No,No,Yes,No,Yes,No,No,No,TRUE,TRUE,TRUE,TRUE
YesCreditApp,com.yescreditapp,Nigeria/Approved,"com.google.android.gms.permission.ACTIVITY_RECOGNITION, android.permission.USE_BIOMETRIC, android.permission.CAMERA, com.google.android.providers.gsf.permission.READ_GSERVICES, android.permission.RECORD_AUDIO, android.permission.ACCESS_NETWORK_STATE, android.permission.USE_FINGERPRINT, android.permission.FOREGROUND_SERVICE, android.permission.INTERNET, com.google.android.c2dm.permission.RECEIVE, com.google.android.finsky.permission.BIND_GET_INSTALL_REFERRER_SERVICE, android.permission.ACCESS_COARSE_LOCATION, android.permission.WAKE_LOCK",No,No,No,No,No,No,No,No,No,No,No,No,No,No,No,No,No,FALSE,FALSE,FALSE,FALSE
Palmcredit,com.transsnetfinancial.palmcredit,Nigeria/Approved,"android.permission.POST_NOTIFICATIONS, android.permission.READ_SMS, android.permission.ACCESS_WIFI_STATE, android.permission.READ_CALL_LOG, com.google.android.gms.permission.AD_ID, android.permission.READ_CALENDAR, android.permission.WRITE_CALENDAR, com.android.vending.setup.PLAY_SETUP_SERVICE, android.permission.ACCESS_COARSE_LOCATION, android.permission.WAKE_LOCK, android.permission.ACCESS_LOCATION_EXTRA_COMMANDS, android.permission.USE_BIOMETRIC, android.permission.ACCESS_NETWORK_STATE, android.permission.READ_PHONE_STATE, android.permission.VIBRATE, android.permission.USE_FINGERPRINT, android.permission.INTERNET, com.google.android.finsky.permission.BIND_GET_INSTALL_REFERRER_SERVICE, android.permission.GET_TASKS, android.permission.REORDER_TASKS, android.permission.HIGH_SAMPLING_RATE_SENSORS, android.permission.CHANGE_WIFI_STATE, android.permission.SYSTEM_ALERT_WINDOW, android.permission.RECEIVE_BOOT_COMPLETED, android.permission.CAMERA, com.google.android.providers.gsf.permission.READ_GSERVICES, com.google.android.c2dm.permission.RECEIVE, android.permission.FOREGROUND_SERVICE",No,Yes,No,No,No,No,No,No,No,No,No,Yes,No,Yes,No,No,No,TRUE,FALSE,TRUE,TRUE
Payhippo,app.payhippo,Nigeria/Approved,"android.permission.POST_NOTIFICATIONS, android.permission.READ_EXTERNAL_STORAGE, android.permission.RECEIVE_BOOT_COMPLETED, app.payhippo.DYNAMIC_RECEIVER_NOT_EXPORTED_PERMISSION, android.permission.USE_BIOMETRIC, android.permission.CAMERA, android.permission.WRITE_EXTERNAL_STORAGE, android.permission.VIBRATE, android.permission.ACCESS_NETWORK_STATE, com.google.android.providers.gsf.permission.READ_GSERVICES, com.google.android.c2dm.permission.RECEIVE, android.permission.INTERNET, android.permission.USE_FINGERPRINT, android.permission.FOREGROUND_SERVICE, android.permission.ACCESS_COARSE_LOCATION, android.permission.WAKE_LOCK",No,No,No,Yes,Yes,No,No,No,No,No,No,No,No,No,No,No,No,TRUE,TRUE,TRUE,TRUE
@7F110021,com.p2vest,Nigeria/Approved,"com.majeur.launcher.permission.UPDATE_BADGE, android.permission.POST_NOTIFICATIONS, android.permission.ACCESS_WIFI_STATE, android.permission.ACCESS_ADSERVICES_ATTRIBUTION, com.google.android.gms.permission.AD_ID, com.sec.android.provider.badge.permission.READ, com.htc.launcher.permission.READ_SETTINGS, com.sonymobile.home.permission.PROVIDER_INSERT_BADGE, me.everything.badger.permission.BADGE_COUNT_READ, com.p2vest.DYNAMIC_RECEIVER_NOT_EXPORTED_PERMISSION, android.permission.READ_EXTERNAL_STORAGE, com.anddoes.launcher.permission.UPDATE_COUNT, com.huawei.android.launcher.permission.READ_SETTINGS, com.htc.launcher.permission.UPDATE_SHORTCUT, com.oppo.launcher.permission.WRITE_SETTINGS, android.permission.WAKE_LOCK, com.huawei.android.launcher.permission.WRITE_SETTINGS, com.oppo.launcher.permission.READ_SETTINGS, android.permission.USE_BIOMETRIC, android.permission.VIBRATE, android.permission.ACCESS_NETWORK_STATE, android.permission.USE_FINGERPRINT, android.permission.INTERNET, com.google.android.finsky.permission.BIND_GET_INSTALL_REFERRER_SERVICE, android.permission.ACCESS_ADSERVICES_AD_ID, com.android.vending.CHECK_LICENSE, com.sonyericsson.home.permission.BROADCAST_BADGE, android.permission.RECEIVE_BOOT_COMPLETED, com.sec.android.provider.badge.permission.WRITE, android.permission.CAMERA, android.permission.WRITE_EXTERNAL_STORAGE, com.google.android.c2dm.permission.RECEIVE, me.everything.badger.permission.BADGE_COUNT_WRITE, android.permission.READ_APP_BADGE, com.huawei.android.launcher.permission.CHANGE_BADGE",No,No,No,Yes,Yes,No,No,No,No,No,No,No,No,No,No,No,No,TRUE,TRUE,TRUE,TRUE
AllCredit,com.allcredit.ls,Nigeria/Approved,"android.permission.READ_SMS, android.permission.RECEIVE_SMS, android.permission.ACCESS_WIFI_STATE, android.permission.BLUETOOTH, android.permission.READ_CALENDAR, android.permission.WRITE_CALENDAR, android.permission.BLUETOOTH_ADMIN, com.android.vending.setup.PLAY_SETUP_SERVICE, android.permission.ACCESS_COARSE_LOCATION, android.permission.WAKE_LOCK, android.permission.ACCESS_LOCATION_EXTRA_COMMANDS, android.permission.READ_PHONE_STATE, android.permission.ACCESS_NETWORK_STATE, android.permission.VIBRATE, android.permission.INTERNET, com.google.android.finsky.permission.BIND_GET_INSTALL_REFERRER_SERVICE, android.permission.REORDER_TASKS, android.permission.CHANGE_NETWORK_STATE, android.permission.HIGH_SAMPLING_RATE_SENSORS, android.permission.CHANGE_WIFI_STATE, android.permission.RECEIVE_BOOT_COMPLETED, android.permission.CAMERA, com.google.android.c2dm.permission.RECEIVE, android.permission.FOREGROUND_SERVICE",No,No,No,No,No,No,No,No,No,No,No,Yes,No,Yes,No,No,No,FALSE,FALSE,TRUE,FALSE
Credit Wallet,com.credit.wallet,Nigeria/Approved,"android.permission.READ_CALENDAR, android.permission.READ_SMS, android.permission.READ_EXTERNAL_STORAGE, android.permission.ACCESS_FINE_LOCATION, android.permission.FLASHLIGHT, android.permission.ACCESS_WIFI_STATE, android.permission.ACCESS_LOCATION_EXTRA_COMMANDS, android.permission.CAMERA, android.permission.ACCESS_NETWORK_STATE, android.permission.READ_PHONE_STATE, android.permission.ACCESS_MEDIA_LOCATION, android.permission.INTERNET, com.google.android.finsky.permission.BIND_GET_INSTALL_REFERRER_SERVICE, android.permission.ACCESS_COARSE_LOCATION, android.permission.READ_CONTACTS, com.google.android.gms.permission.AD_ID, android.permission.CHANGE_WIFI_STATE",Yes,No,No,Yes,No,No,No,No,No,No,No,Yes,No,Yes,No,No,Yes,TRUE,TRUE,TRUE,TRUE
@7F11001C,com.allaweepersonal.mobile,Nigeria/Approved,"com.majeur.launcher.permission.UPDATE_BADGE, android.permission.POST_NOTIFICATIONS, com.allaweepersonal.mobile.DYNAMIC_RECEIVER_NOT_EXPORTED_PERMISSION, android.permission.ACCESS_ADSERVICES_ATTRIBUTION, com.google.android.gms.permission.AD_ID, com.sec.android.provider.badge.permission.READ, com.htc.launcher.permission.READ_SETTINGS, com.sonymobile.home.permission.PROVIDER_INSERT_BADGE, me.everything.badger.permission.BADGE_COUNT_READ, android.permission.READ_EXTERNAL_STORAGE, com.anddoes.launcher.permission.UPDATE_COUNT, com.huawei.android.launcher.permission.READ_SETTINGS, com.htc.launcher.permission.UPDATE_SHORTCUT, com.oppo.launcher.permission.WRITE_SETTINGS, android.permission.WAKE_LOCK, com.huawei.android.launcher.permission.WRITE_SETTINGS, com.oppo.launcher.permission.READ_SETTINGS, android.permission.USE_BIOMETRIC, android.permission.ACCESS_NETWORK_STATE, android.permission.VIBRATE, android.permission.USE_FINGERPRINT, android.permission.INTERNET, com.google.android.finsky.permission.BIND_GET_INSTALL_REFERRER_SERVICE, android.permission.ACCESS_ADSERVICES_AD_ID, com.sonyericsson.home.permission.BROADCAST_BADGE, android.permission.RECEIVE_BOOT_COMPLETED, com.sec.android.provider.badge.permission.WRITE, android.permission.WRITE_EXTERNAL_STORAGE, android.permission.CAMERA, com.google.android.c2dm.permission.RECEIVE, android.permission.FOREGROUND_SERVICE, me.everything.badger.permission.BADGE_COUNT_WRITE, android.permission.READ_APP_BADGE, com.huawei.android.launcher.permission.CHANGE_BADGE, com.allaweepersonal.mobile.permission.C2D_MESSAGE",No,No,No,Yes,Yes,No,No,No,No,No,No,No,No,No,No,No,No,TRUE,TRUE,TRUE,TRUE
Paypoint,com.paypoint.app.ng,Nigeria/Approved,"android.permission.POST_NOTIFICATIONS, android.permission.USE_BIOMETRIC, android.permission.CAMERA, android.permission.RECORD_AUDIO, android.permission.ACCESS_NETWORK_STATE, android.permission.VIBRATE, android.permission.USE_FINGERPRINT, android.permission.INTERNET, com.google.android.c2dm.permission.RECEIVE, com.google.android.finsky.permission.BIND_GET_INSTALL_REFERRER_SERVICE, com.paypoint.app.ng.DYNAMIC_RECEIVER_NOT_EXPORTED_PERMISSION, android.permission.WAKE_LOCK, com.google.android.gms.permission.AD_ID",No,No,No,No,No,No,No,No,No,No,No,No,No,No,No,No,No,FALSE,FALSE,FALSE,FALSE
NaijaEase,com.summit.naijaease,Nigeria/Approved,"android.permission.READ_SMS, android.permission.ACCESS_WIFI_STATE, android.permission.CAMERA, android.permission.READ_PHONE_STATE, android.permission.ACCESS_NETWORK_STATE, android.permission.INTERNET, com.summit.naijaease.DYNAMIC_RECEIVER_NOT_EXPORTED_PERMISSION, com.google.android.finsky.permission.BIND_GET_INSTALL_REFERRER_SERVICE, android.permission.ACCESS_COARSE_LOCATION, com.google.android.gms.permission.AD_ID, com.android.vending.CHECK_LICENSE",No,No,No,No,No,No,No,No,No,No,No,Yes,No,Yes,No,No,No,FALSE,FALSE,TRUE,FALSE
Newcredit,com.pbank.newcredit,Nigeria/Approved,"android.permission.POST_NOTIFICATIONS, android.permission.READ_SMS, android.permission.ACCESS_WIFI_STATE, android.permission.READ_CALL_LOG, com.google.android.gms.permission.AD_ID, android.permission.READ_CALENDAR, android.permission.WRITE_CALENDAR, com.android.vending.setup.PLAY_SETUP_SERVICE, android.permission.ACCESS_COARSE_LOCATION, android.permission.WAKE_LOCK, android.permission.ACCESS_LOCATION_EXTRA_COMMANDS, android.permission.USE_BIOMETRIC, android.permission.ACCESS_NETWORK_STATE, android.permission.READ_PHONE_STATE, android.permission.VIBRATE, android.permission.USE_FINGERPRINT, android.permission.INTERNET, com.google.android.finsky.permission.BIND_GET_INSTALL_REFERRER_SERVICE, android.permission.GET_TASKS, android.permission.REORDER_TASKS, android.permission.HIGH_SAMPLING_RATE_SENSORS, android.permission.CHANGE_WIFI_STATE, android.permission.SYSTEM_ALERT_WINDOW, android.permission.RECEIVE_BOOT_COMPLETED, android.permission.CAMERA, com.google.android.providers.gsf.permission.READ_GSERVICES, com.google.android.c2dm.permission.RECEIVE, android.permission.FOREGROUND_SERVICE",No,Yes,No,No,No,No,No,No,No,No,No,Yes,No,Yes,No,No,No,TRUE,FALSE,TRUE,TRUE
@7F0E001C,com.ng.FastCent,Nigeria/Approved,"android.permission.READ_CALENDAR, android.permission.WRITE_CALENDAR, android.permission.ACCESS_LOCATION_EXTRA_COMMANDS, android.permission.ACCESS_WIFI_STATE, android.permission.CAMERA, android.permission.RECORD_AUDIO, android.permission.ACCESS_NETWORK_STATE, android.permission.READ_PHONE_STATE, android.permission.INTERNET, android.permission.ACCESS_COARSE_LOCATION, com.google.android.finsky.permission.BIND_GET_INSTALL_REFERRER_SERVICE, android.permission.CHANGE_NETWORK_STATE, android.permission.READ_CALL_LOG, android.permission.WAKE_LOCK, com.google.android.gms.permission.AD_ID, android.permission.CHANGE_WIFI_STATE",No,Yes,No,No,No,No,No,No,No,No,No,Yes,No,No,No,No,No,TRUE,FALSE,TRUE,TRUE
@7F110050,linkcredit.credit,Nigeria/Approved,"android.permission.KILL_BACKGROUND_PROCESSES, android.permission.RECEIVE_BOOT_COMPLETED, android.permission.ACCESS_WIFI_STATE, android.permission.ACCESS_NETWORK_STATE, android.permission.READ_PHONE_STATE, android.permission.VIBRATE, android.permission.FOREGROUND_SERVICE, android.permission.INTERNET, android.permission.ACCESS_COARSE_LOCATION, com.google.android.c2dm.permission.RECEIVE, com.google.android.finsky.permission.BIND_GET_INSTALL_REFERRER_SERVICE, android.permission.CHANGE_NETWORK_STATE, android.permission.READ_PRIVILEGED_PHONE_STATE, android.permission.WAKE_LOCK, com.google.android.gms.permission.AD_ID",No,No,No,No,No,No,No,No,No,No,No,Yes,No,No,No,No,No,FALSE,FALSE,TRUE,FALSE
@7F100023,com.loan.naira.cash.ng9,Nigeria/Approved,"android.permission.READ_SMS, android.permission.ACCESS_WIFI_STATE, android.permission.BLUETOOTH, android.permission.RECEIVE_USER_PRESENT, com.google.android.gms.permission.AD_ID, android.permission.MOUNT_UNMOUNT_FILESYSTEMS, android.permission.ACCESS_COARSE_LOCATION, android.permission.WAKE_LOCK, android.permission.ACCESS_LOCATION_EXTRA_COMMANDS, android.permission.ACCESS_NETWORK_STATE, android.permission.READ_PHONE_STATE, android.permission.VIBRATE, android.permission.INTERNET, com.google.android.finsky.permission.BIND_GET_INSTALL_REFERRER_SERVICE, android.permission.CHANGE_NETWORK_STATE, android.permission.CHANGE_WIFI_STATE, android.permission.SYSTEM_ALERT_WINDOW, android.permission.CAMERA, com.google.android.c2dm.permission.RECEIVE, android.permission.FOREGROUND_SERVICE",No,No,No,No,No,No,No,No,No,No,No,Yes,No,Yes,No,No,No,FALSE,FALSE,TRUE,FALSE
Xcrosscash,com.xcash.xcrosscash,Nigeria/Approved,"android.permission.POST_NOTIFICATIONS, android.permission.READ_SMS, android.permission.ACCESS_WIFI_STATE, android.permission.READ_CALL_LOG, com.google.android.gms.permission.AD_ID, android.permission.READ_CALENDAR, android.permission.WRITE_CALENDAR, com.android.vending.setup.PLAY_SETUP_SERVICE, android.permission.ACCESS_COARSE_LOCATION, android.permission.WAKE_LOCK, android.permission.ACCESS_LOCATION_EXTRA_COMMANDS, android.permission.USE_BIOMETRIC, android.permission.ACCESS_NETWORK_STATE, android.permission.READ_PHONE_STATE, android.permission.VIBRATE, android.permission.USE_FINGERPRINT, android.permission.INTERNET, com.google.android.finsky.permission.BIND_GET_INSTALL_REFERRER_SERVICE, android.permission.GET_TASKS, android.permission.REORDER_TASKS, android.permission.HIGH_SAMPLING_RATE_SENSORS, android.permission.CHANGE_WIFI_STATE, android.permission.SYSTEM_ALERT_WINDOW, android.permission.RECEIVE_BOOT_COMPLETED, android.permission.CAMERA, com.google.android.providers.gsf.permission.READ_GSERVICES, com.google.android.c2dm.permission.RECEIVE, android.permission.FOREGROUND_SERVICE",No,Yes,No,No,No,No,No,No,No,No,No,Yes,No,Yes,No,No,No,TRUE,FALSE,TRUE,TRUE
@7F130021,com.irorun,Nigeria/Approved,"android.permission.POST_NOTIFICATIONS, android.permission.READ_SMS, android.permission.MODIFY_AUDIO_SETTINGS, android.permission.MANAGE_DOCUMENTS, android.permission.ACCESS_WIFI_STATE, android.permission.ACCESS_ADSERVICES_ATTRIBUTION, android.permission.DOWNLOAD_WITHOUT_NOTIFICATION, android.permission.READ_CALENDAR, android.permission.WRITE_CALENDAR, android.permission.ACCESS_COARSE_LOCATION, android.permission.WAKE_LOCK, android.permission.USE_BIOMETRIC, android.permission.READ_PHONE_STATE, android.permission.VIBRATE, android.permission.USE_FINGERPRINT, android.permission.ACCESS_NETWORK_STATE, android.permission.INTERNET, com.google.android.finsky.permission.BIND_GET_INSTALL_REFERRER_SERVICE, com.irorun.DYNAMIC_RECEIVER_NOT_EXPORTED_PERMISSION, android.permission.ACCESS_ADSERVICES_AD_ID, android.permission.SYSTEM_ALERT_WINDOW, android.permission.READ_INTERNAL_STORAGE, android.permission.RECEIVE_BOOT_COMPLETED, android.permission.CAMERA, android.permission.WRITE_EXTERNAL_STORAGE, android.permission.RECORD_AUDIO, com.google.android.c2dm.permission.RECEIVE, android.permission.FOREGROUND_SERVICE, android.permission.WRITE_SETTINGS",No,No,No,No,Yes,No,No,No,No,No,No,Yes,No,Yes,No,No,No,FALSE,TRUE,TRUE,FALSE
VoiceMoney,com.voicemoney.vmey,Nigeria/Approved,"android.permission.READ_SMS, android.permission.ACCESS_WIFI_STATE, android.permission.READ_CALL_LOG, com.google.android.gms.permission.AD_ID, com.voicemoney.vmey.DYNAMIC_RECEIVER_NOT_EXPORTED_PERMISSION, android.permission.REQUIRE_SECURE_ENV, android.permission.ACCESS_COARSE_LOCATION, android.permission.WAKE_LOCK, android.permission.ACCESS_NETWORK_STATE, android.permission.READ_PHONE_STATE, android.permission.VIBRATE, android.permission.INTERNET, com.google.android.finsky.permission.BIND_GET_INSTALL_REFERRER_SERVICE, android.permission.HIGH_SAMPLING_RATE_SENSORS, com.android.vending.CHECK_LICENSE, android.permission.CHANGE_WIFI_STATE, android.permission.RECEIVE_BOOT_COMPLETED, com.google.android.providers.gsf.permission.READ_GSERVICES, android.permission.CAMERA, com.google.android.c2dm.permission.RECEIVE, android.permission.FOREGROUND_SERVICE",No,Yes,No,No,No,No,No,No,No,No,No,Yes,No,Yes,No,No,No,TRUE,FALSE,TRUE,TRUE
CashX,ixosft.cashx_ng,Nigeria/Approved,"android.permission.POST_NOTIFICATIONS, android.permission.ACCESS_WIFI_STATE, android.permission.ACCESS_ADSERVICES_ATTRIBUTION, com.google.android.gms.permission.AD_ID, android.permission.ACCESS_DOWNLOAD_MANAGER, android.permission.ACCESS_COARSE_LOCATION, android.permission.WAKE_LOCK, ixosft.cashx_ng.DYNAMIC_RECEIVER_NOT_EXPORTED_PERMISSION, android.permission.USE_BIOMETRIC, android.permission.ACCESS_NETWORK_STATE, android.permission.USE_FINGERPRINT, android.permission.INTERNET, com.google.android.finsky.permission.BIND_GET_INSTALL_REFERRER_SERVICE, android.permission.ACCESS_ADSERVICES_AD_ID, android.permission.RECEIVE_BOOT_COMPLETED, android.permission.CAMERA, com.google.android.c2dm.permission.RECEIVE, android.permission.FOREGROUND_SERVICE, android.permission.READ_MEDIA_VISUAL_USER_SELECTED",No,No,No,No,No,No,No,No,No,No,No,No,No,No,No,No,No,FALSE,FALSE,FALSE,FALSE
Apex Loan,com.apex.loan.ng.app,Nigeria/Approved,"com.samsung.android.mapsagent.permission.READ_APP_INFO, android.permission.LOCAL_MAC_ADDRESS, android.permission.READ_SMS, com.huawei.appmarket.service.commondata.permission.GET_COMMON_DATA, android.permission.ACCESS_WIFI_STATE, com.apex.loan.ng.app.DYNAMIC_RECEIVER_NOT_EXPORTED_PERMISSION, android.permission.CAMERA, android.permission.ACCESS_NETWORK_STATE, android.permission.READ_PHONE_STATE, android.permission.ACCESS_ADSERVICES_ATTRIBUTION, android.permission.ACCESS_ADSERVICES_AD_ID, android.permission.INTERNET, com.google.android.finsky.permission.BIND_GET_INSTALL_REFERRER_SERVICE, android.permission.ACCESS_COARSE_LOCATION, com.google.android.gms.permission.AD_ID, com.android.vending.CHECK_LICENSE",No,No,No,No,No,No,No,No,No,No,No,Yes,No,Yes,No,No,No,FALSE,FALSE,TRUE,FALSE
@7F0F0022,com.loan.iustus,Nigeria/Approved,"android.permission.ACCESS_WIFI_STATE, android.permission.BLUETOOTH, android.permission.RECEIVE_USER_PRESENT, android.permission.MOUNT_UNMOUNT_FILESYSTEMS, android.permission.ACCESS_NETWORK_STATE, android.permission.READ_PHONE_STATE, android.permission.VIBRATE, com.google.android.c2dm.permission.RECEIVE, android.permission.INTERNET, com.google.android.finsky.permission.BIND_GET_INSTALL_REFERRER_SERVICE, android.permission.ACCESS_COARSE_LOCATION, android.permission.WAKE_LOCK, com.google.android.gms.permission.AD_ID, android.permission.CHANGE_WIFI_STATE",No,No,No,No,No,No,No,No,No,No,No,Yes,No,No,No,No,No,FALSE,FALSE,TRUE,FALSE
SeedFi,com.theseedfi.app,Nigeria/Approved,"android.permission.POST_NOTIFICATIONS, android.permission.ACCESS_WIFI_STATE, android.permission.ACCESS_ADSERVICES_ATTRIBUTION, com.google.android.gms.permission.AD_ID, android.permission.ACCESS_ADSERVICES_CUSTOM_AUDIENCE, android.permission.WAKE_LOCK, android.permission.USE_BIOMETRIC, android.permission.ACCESS_NETWORK_STATE, android.permission.VIBRATE, android.permission.USE_FINGERPRINT, android.permission.INTERNET, com.google.android.finsky.permission.BIND_GET_INSTALL_REFERRER_SERVICE, com.theseedfi.app.permission.WRITE_SCHEDULE, android.permission.ACCESS_ADSERVICES_AD_ID, android.permission.RECEIVE_BOOT_COMPLETED, com.theseedfi.app.DYNAMIC_RECEIVER_NOT_EXPORTED_PERMISSION, android.permission.CAMERA, com.google.android.providers.gsf.permission.READ_GSERVICES, com.google.android.c2dm.permission.RECEIVE, android.permission.FOREGROUND_SERVICE",No,No,No,No,No,No,No,No,No,No,No,No,No,No,No,No,No,FALSE,FALSE,FALSE,FALSE
Kash Loan,com.kash.loan.money.cash.rupee,Nigeria/Approved,"android.permission.ACCESS_NETWORK_STATE, com.google.android.c2dm.permission.RECEIVE, android.permission.FOREGROUND_SERVICE, com.google.android.finsky.permission.BIND_GET_INSTALL_REFERRER_SERVICE, android.permission.INTERNET, android.permission.WAKE_LOCK",No,No,No,No,No,No,No,No,No,No,No,No,No,No,No,No,No,FALSE,FALSE,FALSE,FALSE
HadiFinance,com.hadifinance.hadifinanceapp,Nigeria/Approved,"android.permission.POST_NOTIFICATIONS, android.permission.READ_SMS, android.permission.ACCESS_WIFI_STATE, android.permission.ACCESS_ADSERVICES_ATTRIBUTION, com.google.android.gms.permission.AD_ID, android.permission.READ_EXTERNAL_STORAGE, com.hadifinance.hadifinanceapp.DYNAMIC_RECEIVER_NOT_EXPORTED_PERMISSION, android.permission.ACCESS_COARSE_LOCATION, android.permission.WAKE_LOCK, android.permission.ACCESS_NETWORK_STATE, android.permission.INTERNET, com.google.android.finsky.permission.BIND_GET_INSTALL_REFERRER_SERVICE, android.permission.ACCESS_ADSERVICES_AD_ID, android.permission.RECEIVE_BOOT_COMPLETED, android.permission.CAMERA, android.permission.WRITE_EXTERNAL_STORAGE, android.permission.RECORD_AUDIO, com.google.android.c2dm.permission.RECEIVE, android.permission.FOREGROUND_SERVICE, android.permission.ACCESS_FINE_LOCATION",No,No,No,Yes,Yes,No,No,No,No,No,No,No,No,Yes,No,No,Yes,TRUE,TRUE,TRUE,TRUE
@7F0E001B,com.hifund.money.kash.loan,Nigeria/Approved,"android.permission.READ_CALENDAR, android.permission.WRITE_CALENDAR, android.permission.READ_SMS, android.permission.ACCESS_WIFI_STATE, android.permission.CAMERA, android.permission.ACCESS_NETWORK_STATE, android.permission.READ_PHONE_STATE, com.google.android.c2dm.permission.RECEIVE, android.permission.INTERNET, android.permission.READ_PRIVILEGED_PHONE_STATE, com.google.android.finsky.permission.BIND_GET_INSTALL_REFERRER_SERVICE, android.permission.ACCESS_COARSE_LOCATION, android.permission.WAKE_LOCK, com.google.android.gms.permission.AD_ID, android.permission.CHANGE_WIFI_STATE",No,No,No,No,No,No,No,No,No,No,No,Yes,No,Yes,No,No,No,FALSE,FALSE,TRUE,FALSE
@7F110162,com.omnikash.xxko,Nigeria/Approved,"android.permission.READ_CALENDAR, android.permission.READ_SMS, android.permission.ACCESS_WIFI_STATE, android.permission.CAMERA, com.omnikash.xxko.DYNAMIC_RECEIVER_NOT_EXPORTED_PERMISSION, android.permission.ACCESS_NETWORK_STATE, android.permission.READ_PHONE_STATE, android.permission.INTERNET, android.permission.ACCESS_COARSE_LOCATION, android.permission.READ_CALL_LOG, com.google.android.finsky.permission.BIND_GET_INSTALL_REFERRER_SERVICE, com.coloros.permission.READ_COLOROS_CALENDAR, android.permission.READ_PRIVILEGED_PHONE_STATE, android.permission.WAKE_LOCK, com.google.android.gms.permission.AD_ID",No,Yes,No,No,No,No,No,No,No,No,No,Yes,No,Yes,No,No,No,TRUE,FALSE,TRUE,TRUE
Easy Money Loan,com.cash.loan.personal.kash.cash9ja.xcredit.payday.credit9.money,Nigeria/Approved,"android.permission.READ_SMS, android.permission.ACCESS_WIFI_STATE, android.permission.REPLACE_EXISTING_PACKAGE, android.permission.BLUETOOTH, com.cash.loan.personal.kash.cash9ja.xcredit.payday.credit9.money.DYNAMIC_RECEIVER_NOT_EXPORTED_PERMISSION, android.permission.GET_ACCOUNTS, com.google.android.gms.permission.AD_ID, android.permission.READ_CALENDAR, android.permission.WRITE_CALENDAR, android.permission.ACCESS_COARSE_LOCATION, android.permission.READ_PRIVILEGED_PHONE_STATE, android.permission.WAKE_LOCK, android.permission.PACKAGE_USAGE_STATS, android.permission.ACCESS_COARSE_UPDATES, android.permission.ACCESS_LOCATION_EXTRA_COMMANDS, android.permission.ACCESS_NETWORK_STATE, android.permission.READ_PHONE_STATE, android.permission.VIBRATE, android.permission.BROADCAST_STICKY, android.permission.INTERNET, com.google.android.finsky.permission.BIND_GET_INSTALL_REFERRER_SERVICE, android.permission.CHANGE_WIFI_STATE, android.permission.RECEIVE_BOOT_COMPLETED, android.permission.CAMERA, android.permission.RECORD_AUDIO, android.permission.FOREGROUND_SERVICE, android.permission.BATTERY_STATS, android.permission.WRITE_SETTINGS",No,No,No,No,No,No,No,No,No,No,No,Yes,No,Yes,No,No,No,FALSE,FALSE,TRUE,FALSE
@7F10001D,com.yanzu.app,Nigeria/Approved,"com.yanzu.app.DYNAMIC_RECEIVER_NOT_EXPORTED_PERMISSION, android.permission.USE_BIOMETRIC, android.permission.VIBRATE, android.permission.USE_FINGERPRINT, android.permission.INTERNET",No,No,No,No,No,No,No,No,No,No,No,No,No,No,No,No,No,FALSE,FALSE,FALSE,FALSE
@7F12001C,com.credpal.loan,Nigeria/Approved,"com.majeur.launcher.permission.UPDATE_BADGE, android.permission.POST_NOTIFICATIONS, android.permission.ACCESS_ADSERVICES_ATTRIBUTION, android.permission.BROADCAST_CLOSE_SYSTEM_DIALOGS, android.permission.READ_CONTACTS, ANDROID.PERMISSION.READ_EXTERNAL_STORAGE, com.google.android.gms.permission.AD_ID, android.permission.BIND_NOTIFICATION_LISTENER_SERVICE, com.sec.android.provider.badge.permission.READ, com.htc.launcher.permission.READ_SETTINGS, com.sonymobile.home.permission.PROVIDER_INSERT_BADGE, me.everything.badger.permission.BADGE_COUNT_READ, android.permission.READ_EXTERNAL_STORAGE, com.anddoes.launcher.permission.UPDATE_COUNT, com.huawei.android.launcher.permission.READ_SETTINGS, com.htc.launcher.permission.UPDATE_SHORTCUT, com.oppo.launcher.permission.WRITE_SETTINGS, android.permission.ACCESS_COARSE_LOCATION, android.permission.WAKE_LOCK, com.huawei.android.launcher.permission.WRITE_SETTINGS, com.oppo.launcher.permission.READ_SETTINGS, com.huawei.appmarket.service.commondata.permission.GET_COMMON_DATA, android.permission.USE_BIOMETRIC, android.permission.SCHEDULE_EXACT_ALARM, android.permission.VIBRATE, android.permission.ACCESS_NETWORK_STATE, android.permission.USE_FINGERPRINT, android.permission.INTERNET, com.google.android.finsky.permission.BIND_GET_INSTALL_REFERRER_SERVICE, android.permission.ACCESS_ADSERVICES_AD_ID, com.sonyericsson.home.permission.BROADCAST_BADGE, com.sec.android.provider.badge.permission.WRITE, android.permission.CAMERA, android.permission.WRITE_EXTERNAL_STORAGE, android.permission.RECORD_AUDIO, com.google.android.c2dm.permission.RECEIVE, me.everything.badger.permission.BADGE_COUNT_WRITE, android.permission.READ_APP_BADGE, com.huawei.android.launcher.permission.CHANGE_BADGE, com.credpal.loan.DYNAMIC_RECEIVER_NOT_EXPORTED_PERMISSION, android.permission.ACCESS_FINE_LOCATION",Yes,No,No,Yes,Yes,No,No,No,No,No,No,No,No,No,No,No,Yes,TRUE,TRUE,TRUE,TRUE
@7F10001C,com.principal.loan.cash.principalloan,Nigeria/Approved,"android.permission.READ_CALENDAR, android.permission.WRITE_CALENDAR, android.permission.READ_SMS, android.permission.ACCESS_WIFI_STATE, android.permission.CAMERA, android.permission.ACCESS_NETWORK_STATE, android.permission.READ_PHONE_STATE, com.google.android.c2dm.permission.RECEIVE, android.permission.ACCESS_ADSERVICES_AD_ID, android.permission.INTERNET, com.google.android.finsky.permission.BIND_GET_INSTALL_REFERRER_SERVICE, android.permission.ACCESS_COARSE_LOCATION, android.permission.WAKE_LOCK, com.google.android.gms.permission.AD_ID, android.permission.WRITE_SETTINGS",No,No,No,No,No,No,No,No,No,No,No,Yes,No,Yes,No,No,No,FALSE,FALSE,TRUE,FALSE
nextpayday,com.paynextday.payday,Nigeria/Approved,"android.permission.INTERNET, android.permission.ACCESS_NETWORK_STATE",No,No,No,No,No,No,No,No,No,No,No,No,No,No,No,No,No,FALSE,FALSE,FALSE,FALSE
@7F11001B,com.commercemen.airmoni,Nigeria/Approved,"android.permission.READ_CALENDAR, android.permission.READ_SMS, android.permission.ACCESS_WIFI_STATE, android.permission.BLUETOOTH, android.permission.CAMERA, android.permission.BLUETOOTH_CONNECT, android.permission.ACCESS_NETWORK_STATE, android.permission.READ_PHONE_STATE, android.permission.INTERNET, android.permission.READ_PRIVILEGED_PHONE_STATE, com.google.android.finsky.permission.BIND_GET_INSTALL_REFERRER_SERVICE, android.permission.ACCESS_COARSE_LOCATION, android.permission.WAKE_LOCK, com.google.android.gms.permission.AD_ID",No,No,No,No,No,No,No,No,No,No,No,Yes,No,Yes,No,No,No,FALSE,FALSE,TRUE,FALSE
@7F11001E,com.dodo_mobile,Nigeria/Approved,"com.majeur.launcher.permission.UPDATE_BADGE, android.permission.POST_NOTIFICATIONS, android.permission.ACCESS_WIFI_STATE, android.permission.WRITE_CONTACTS, android.permission.READ_CONTACTS, com.sec.android.provider.badge.permission.READ, com.htc.launcher.permission.READ_SETTINGS, com.sonymobile.home.permission.PROVIDER_INSERT_BADGE, me.everything.badger.permission.BADGE_COUNT_READ, android.permission.READ_EXTERNAL_STORAGE, com.anddoes.launcher.permission.UPDATE_COUNT, com.huawei.android.launcher.permission.READ_SETTINGS, com.htc.launcher.permission.UPDATE_SHORTCUT, com.oppo.launcher.permission.WRITE_SETTINGS, android.permission.WAKE_LOCK, android.permission.READ_MEDIA_IMAGES, com.huawei.android.launcher.permission.WRITE_SETTINGS, com.oppo.launcher.permission.READ_SETTINGS, android.permission.READ_MEDIA_VIDEO, android.permission.USE_BIOMETRIC, android.permission.VIBRATE, android.permission.ACCESS_NETWORK_STATE, android.permission.USE_FINGERPRINT, android.permission.READ_MEDIA_AUDIO, android.permission.INTERNET, com.google.android.finsky.permission.BIND_GET_INSTALL_REFERRER_SERVICE, com.dodo_mobile.DYNAMIC_RECEIVER_NOT_EXPORTED_PERMISSION, android.permission.SYSTEM_ALERT_WINDOW, com.sonyericsson.home.permission.BROADCAST_BADGE, android.permission.RECEIVE_BOOT_COMPLETED, com.sec.android.provider.badge.permission.WRITE, android.permission.CAMERA, android.permission.WRITE_EXTERNAL_STORAGE, android.permission.RECORD_AUDIO, com.google.android.c2dm.permission.RECEIVE, me.everything.badger.permission.BADGE_COUNT_WRITE, android.permission.READ_APP_BADGE, com.huawei.android.launcher.permission.CHANGE_BADGE, android.permission.READ_MEDIA_VISUAL_USER_SELECTED",Yes,No,No,Yes,Yes,No,No,Yes,Yes,Yes,No,No,No,No,No,No,No,TRUE,TRUE,TRUE,TRUE
@7F11001D,co.mylendme.mobile,Nigeria/Approved,"com.majeur.launcher.permission.UPDATE_BADGE, android.permission.POST_NOTIFICATIONS, android.permission.ACCESS_WIFI_STATE, android.permission.BLUETOOTH, android.permission.WRITE_CONTACTS, android.permission.GET_ACCOUNTS, android.permission.GET_ACCOUNTS_PRIVILEGED, android.permission.READ_CONTACTS, com.google.android.gms.permission.AD_ID, com.sec.android.provider.badge.permission.READ, com.htc.launcher.permission.READ_SETTINGS, com.sonymobile.home.permission.PROVIDER_INSERT_BADGE, android.permission.READ_CALENDAR, me.everything.badger.permission.BADGE_COUNT_READ, android.permission.WRITE_CALENDAR, android.permission.READ_EXTERNAL_STORAGE, com.anddoes.launcher.permission.UPDATE_COUNT, com.huawei.android.launcher.permission.READ_SETTINGS, com.htc.launcher.permission.UPDATE_SHORTCUT, android.permission.CALL_PHONE, com.oppo.launcher.permission.WRITE_SETTINGS, android.permission.READ_PRIVILEGED_PHONE_STATE, android.permission.ACCESS_COARSE_LOCATION, android.permission.WAKE_LOCK, com.huawei.android.launcher.permission.WRITE_SETTINGS, com.oppo.launcher.permission.READ_SETTINGS, android.permission.ACCESS_NETWORK_STATE, android.permission.READ_PHONE_STATE, android.permission.VIBRATE, android.permission.INTERNET, com.google.android.finsky.permission.BIND_GET_INSTALL_REFERRER_SERVICE, co.mylendme.mobile.permission.C2D_MESSAGE, com.sonyericsson.home.permission.BROADCAST_BADGE, android.permission.RECEIVE_BOOT_COMPLETED, com.sec.android.provider.badge.permission.WRITE, android.permission.WRITE_EXTERNAL_STORAGE, android.permission.CAMERA, android.permission.RECORD_AUDIO, com.google.android.c2dm.permission.RECEIVE, android.permission.FOREGROUND_SERVICE, me.everything.badger.permission.BADGE_COUNT_WRITE, android.permission.READ_APP_BADGE, com.huawei.android.launcher.permission.CHANGE_BADGE, android.permission.ACCESS_FINE_LOCATION",Yes,No,No,Yes,Yes,No,No,No,No,No,No,Yes,No,No,No,No,Yes,TRUE,TRUE,TRUE,TRUE
@7F100179,com.trustloan.finserve.nigeria.creditline.xpress,Nigeria/Approved,"android.permission.READ_CALENDAR, android.permission.POST_NOTIFICATIONS, android.permission.READ_SMS, com.android.vending.CHECK_LICENSE, android.permission.READ_PROFILE, android.permission.CAMERA, android.permission.READ_PHONE_STATE, android.permission.ACCESS_NETWORK_STATE, com.google.android.c2dm.permission.RECEIVE, android.permission.ACCESS_ADSERVICES_ATTRIBUTION, android.permission.INTERNET, com.google.android.finsky.permission.BIND_GET_INSTALL_REFERRER_SERVICE, com.trustloan.finserve.nigeria.creditline.xpress.DYNAMIC_RECEIVER_NOT_EXPORTED_PERMISSION, android.permission.READ_CALL_LOG, android.permission.WAKE_LOCK, com.google.android.gms.permission.AD_ID, android.permission.ACCESS_ADSERVICES_AD_ID",No,Yes,No,No,No,No,No,No,No,No,No,Yes,No,Yes,No,No,No,TRUE,FALSE,TRUE,TRUE
NairaGo,com.muska.tech.nairago,Nigeria/Approved,"android.permission.LOCAL_MAC_ADDRESS, android.permission.BLUETOOTH_SCAN, android.permission.BLUETOOTH_ADMIN, android.permission.READ_SMS, android.permission.ACCESS_WIFI_STATE, android.permission.BLUETOOTH, android.permission.CAMERA, android.permission.BLUETOOTH_CONNECT, android.permission.ACCESS_NETWORK_STATE, android.permission.READ_PHONE_STATE, android.permission.INTERNET, android.permission.BLUETOOTH_ADVERTISE, android.permission.ACCESS_COARSE_LOCATION, com.google.android.gms.permission.AD_ID",No,No,No,No,No,No,No,No,No,No,No,Yes,No,Yes,No,No,No,FALSE,FALSE,TRUE,FALSE
KashCash,ng.kashcash.kash,Nigeria/Approved,"android.permission.READ_SMS, android.permission.RECEIVE_SMS, android.permission.ACCESS_WIFI_STATE, android.permission.BLUETOOTH, com.google.android.gms.permission.AD_ID, android.permission.READ_CALENDAR, android.permission.WRITE_CALENDAR, android.permission.BLUETOOTH_ADMIN, com.android.vending.setup.PLAY_SETUP_SERVICE, android.permission.ACCESS_COARSE_LOCATION, android.permission.WAKE_LOCK, android.permission.ACCESS_LOCATION_EXTRA_COMMANDS, android.permission.USE_BIOMETRIC, android.permission.ACCESS_NETWORK_STATE, android.permission.READ_PHONE_STATE, android.permission.VIBRATE, android.permission.USE_FINGERPRINT, android.permission.INTERNET, com.google.android.finsky.permission.BIND_GET_INSTALL_REFERRER_SERVICE, android.permission.GET_TASKS, android.permission.REORDER_TASKS, android.permission.HIGH_SAMPLING_RATE_SENSORS, android.permission.CHANGE_WIFI_STATE, android.permission.SYSTEM_ALERT_WINDOW, com.android.browser.permission.READ_HISTORY_BOOKMARKS, android.permission.RECEIVE_BOOT_COMPLETED, android.permission.CAMERA, com.google.android.providers.gsf.permission.READ_GSERVICES, com.google.android.c2dm.permission.RECEIVE, android.permission.FOREGROUND_SERVICE",No,No,No,No,No,No,No,No,No,No,No,Yes,No,Yes,No,No,No,FALSE,FALSE,TRUE,FALSE
Frimoni,com.nigeria.frimoni,Nigeria/Approved,"android.permission.WRITE_CALENDAR, android.permission.POST_NOTIFICATIONS, com.nigeria.frimoni.DYNAMIC_RECEIVER_NOT_EXPORTED_PERMISSION, android.permission.ACCESS_WIFI_STATE, android.permission.CAMERA, android.permission.ACCESS_NETWORK_STATE, com.google.android.c2dm.permission.RECEIVE, com.nigeria.frimoni.other_temp1, android.permission.INTERNET, com.google.android.finsky.permission.BIND_GET_INSTALL_REFERRER_SERVICE, android.permission.ACCESS_COARSE_LOCATION, android.permission.WAKE_LOCK, com.google.android.gms.permission.AD_ID",No,No,No,No,No,No,No,No,No,No,No,No,No,No,No,No,No,FALSE,FALSE,FALSE,FALSE
@7F10003D,com.fintellia.rockshieldmfb,Nigeria/Approved,"com.majeur.launcher.permission.UPDATE_BADGE, android.permission.POST_NOTIFICATIONS, android.permission.ACCESS_WIFI_STATE, android.permission.READ_CONTACTS, com.sec.android.provider.badge.permission.READ, com.htc.launcher.permission.READ_SETTINGS, android.permission.DOWNLOAD_WITHOUT_NOTIFICATION, com.sonymobile.home.permission.PROVIDER_INSERT_BADGE, me.everything.badger.permission.BADGE_COUNT_READ, android.permission.READ_EXTERNAL_STORAGE, com.anddoes.launcher.permission.UPDATE_COUNT, com.huawei.android.launcher.permission.READ_SETTINGS, com.htc.launcher.permission.UPDATE_SHORTCUT, com.fintellia.rockshieldmfb.permission.C2D_MESSAGE, com.fintellia.rockshieldmfb.DYNAMIC_RECEIVER_NOT_EXPORTED_PERMISSION, com.oppo.launcher.permission.WRITE_SETTINGS, android.permission.WAKE_LOCK, com.huawei.android.launcher.permission.WRITE_SETTINGS, com.oppo.launcher.permission.READ_SETTINGS, android.permission.USE_BIOMETRIC, android.permission.ACCESS_NETWORK_STATE, android.permission.VIBRATE, android.permission.USE_FINGERPRINT, android.permission.INTERNET, com.google.android.finsky.permission.BIND_GET_INSTALL_REFERRER_SERVICE, com.sonyericsson.home.permission.BROADCAST_BADGE, android.permission.RECEIVE_BOOT_COMPLETED, com.sec.android.provider.badge.permission.WRITE, android.permission.WRITE_EXTERNAL_STORAGE, com.google.android.providers.gsf.permission.READ_GSERVICES, com.google.android.c2dm.permission.RECEIVE, android.permission.FOREGROUND_SERVICE, me.everything.badger.permission.BADGE_COUNT_WRITE, android.permission.READ_APP_BADGE, com.huawei.android.launcher.permission.CHANGE_BADGE",Yes,No,No,Yes,Yes,No,No,No,No,No,No,No,No,No,No,No,No,TRUE,TRUE,TRUE,TRUE
@7F110042,com.loan.easyfund,Nigeria/Approved,"android.permission.LOCAL_MAC_ADDRESS, android.permission.READ_SMS, android.permission.ACCESS_WIFI_STATE, android.permission.BLUETOOTH, android.permission.CAMERA, android.permission.BLUETOOTH_CONNECT, android.permission.READ_PHONE_STATE, android.permission.ACCESS_NETWORK_STATE, com.google.android.c2dm.permission.RECEIVE, android.permission.INTERNET, android.permission.READ_PRIVILEGED_PHONE_STATE, com.google.android.finsky.permission.BIND_GET_INSTALL_REFERRER_SERVICE, android.permission.CHANGE_NETWORK_STATE, android.permission.ACCESS_COARSE_LOCATION, android.permission.WAKE_LOCK, com.google.android.gms.permission.AD_ID, android.permission.CHANGE_WIFI_STATE",No,No,No,No,No,No,No,No,No,No,No,Yes,No,Yes,No,No,No,FALSE,FALSE,TRUE,FALSE
Care Finance,care.finance,Nigeria/Approved,"android.permission.READ_CALENDAR, com.google.android.gms.permission.ACTIVITY_RECOGNITION, android.permission.WRITE_CALENDAR, android.permission.READ_SMS, android.permission.ACCESS_WIFI_STATE, android.permission.BLUETOOTH, android.permission.CAMERA, android.permission.BLUETOOTH_CONNECT, android.permission.ACCESS_NETWORK_STATE, android.permission.READ_PHONE_STATE, com.google.android.providers.gsf.permission.READ_GSERVICES, android.permission.INTERNET, com.google.android.finsky.permission.BIND_GET_INSTALL_REFERRER_SERVICE, android.permission.ACCESS_COARSE_LOCATION, com.google.android.gms.permission.AD_ID, android.permission.PACKAGE_USAGE_STATS",No,No,No,No,No,No,No,No,No,No,No,Yes,No,Yes,No,No,No,FALSE,FALSE,TRUE,FALSE
KwikPay Credit,com.kwikpay,Nigeria/Approved,"com.kwikpay.DYNAMIC_RECEIVER_NOT_EXPORTED_PERMISSION, com.google.android.providers.gsf.permission.READ_GSERVICES, android.permission.CAMERA, android.permission.ACCESS_NETWORK_STATE, android.permission.INTERNET, com.android.vending.CHECK_LICENSE",No,No,No,No,No,No,No,No,No,No,No,No,No,No,No,No,No,FALSE,FALSE,FALSE,FALSE
@7F1401A7,com.lenddo.mobile.paylater,Nigeria/Approved,"com.lenddo.mobile.paylater.permission.WRITE_SCHEDULE, android.permission.POST_NOTIFICATIONS, android.permission.ACCESS_WIFI_STATE, android.permission.FOREGROUND_SERVICE_DATA_SYNC, android.permission.ACCESS_ADSERVICES_ATTRIBUTION, android.permission.READ_CONTACTS, com.google.android.gms.permission.AD_ID, android.permission.READ_CALENDAR, android.permission.READ_EXTERNAL_STORAGE, com.android.launcher.permission.INSTALL_SHORTCUT, android.permission.CALL_PHONE, android.permission.ACCESS_COARSE_LOCATION, android.permission.WAKE_LOCK, com.lenddo.mobile.paylater.DYNAMIC_RECEIVER_NOT_EXPORTED_PERMISSION, android.permission.FOREGROUND_SERVICE_REMOTE_MESSAGING, android.permission.SCHEDULE_EXACT_ALARM, android.permission.USE_BIOMETRIC, android.permission.ACCESS_NETWORK_STATE, android.permission.READ_PHONE_STATE, android.permission.VIBRATE, android.permission.USE_FINGERPRINT, android.permission.INTERNET, com.google.android.finsky.permission.BIND_GET_INSTALL_REFERRER_SERVICE, android.permission.REORDER_TASKS, android.permission.ACCESS_NOTIFICATION_POLICY, android.permission.ACCESS_ADSERVICES_AD_ID, android.permission.SYSTEM_ALERT_WINDOW, android.permission.RECEIVE_BOOT_COMPLETED, android.permission.CAMERA, android.permission.WRITE_EXTERNAL_STORAGE, android.permission.RECORD_AUDIO, com.google.android.providers.gsf.permission.READ_GSERVICES, com.google.android.c2dm.permission.RECEIVE, android.permission.FOREGROUND_SERVICE, android.permission.ACCESS_FINE_LOCATION",Yes,No,No,Yes,Yes,No,No,No,No,No,No,Yes,No,No,No,No,Yes,TRUE,TRUE,TRUE,TRUE
Rapaid,com.rapaidv1,Nigeria/Approved,"com.majeur.launcher.permission.UPDATE_BADGE, android.permission.POST_NOTIFICATIONS, android.permission.ACCESS_WIFI_STATE, android.permission.WRITE_CONTACTS, android.permission.READ_CONTACTS, me.everything.badger.permission.BADGE_COUNT_READ, com.sec.android.provider.badge.permission.READ, com.htc.launcher.permission.READ_SETTINGS, android.permission.READ_CALENDAR, com.sonymobile.home.permission.PROVIDER_INSERT_BADGE, android.permission.WRITE_CALENDAR, android.permission.READ_EXTERNAL_STORAGE, com.anddoes.launcher.permission.UPDATE_COUNT, com.huawei.android.launcher.permission.READ_SETTINGS, com.htc.launcher.permission.UPDATE_SHORTCUT, com.oppo.launcher.permission.WRITE_SETTINGS, android.permission.WAKE_LOCK, com.huawei.android.launcher.permission.WRITE_SETTINGS, com.oppo.launcher.permission.READ_SETTINGS, android.permission.USE_BIOMETRIC, android.permission.ACCESS_NETWORK_STATE, com.rapaidv1.permission.C2D_MESSAGE, android.permission.USE_FINGERPRINT, android.permission.VIBRATE, android.permission.INTERNET, com.google.android.finsky.permission.BIND_GET_INSTALL_REFERRER_SERVICE, com.sonyericsson.home.permission.BROADCAST_BADGE, android.permission.RECEIVE_BOOT_COMPLETED, com.sec.android.provider.badge.permission.WRITE, android.permission.WRITE_EXTERNAL_STORAGE, com.google.android.c2dm.permission.RECEIVE, android.permission.FOREGROUND_SERVICE, me.everything.badger.permission.BADGE_COUNT_WRITE, android.permission.READ_APP_BADGE, com.huawei.android.launcher.permission.CHANGE_BADGE",Yes,No,No,Yes,Yes,No,No,No,No,No,No,No,No,No,No,No,No,TRUE,TRUE,TRUE,TRUE
TradeCredit,com.trade.ca.credit,Nigeria/Approved,"android.permission.READ_SMS, android.permission.ACCESS_WIFI_STATE, com.trade.ca.credit.DYNAMIC_RECEIVER_NOT_EXPORTED_PERMISSION, android.permission.READ_CALL_LOG, com.google.android.gms.permission.AD_ID, android.permission.REQUIRE_SECURE_ENV, android.permission.ACCESS_COARSE_LOCATION, android.permission.WAKE_LOCK, android.permission.ACCESS_NETWORK_STATE, android.permission.READ_PHONE_STATE, android.permission.VIBRATE, android.permission.INTERNET, com.google.android.finsky.permission.BIND_GET_INSTALL_REFERRER_SERVICE, android.permission.HIGH_SAMPLING_RATE_SENSORS, android.permission.CHANGE_WIFI_STATE, android.permission.RECEIVE_BOOT_COMPLETED, com.google.android.providers.gsf.permission.READ_GSERVICES, android.permission.CAMERA, com.google.android.c2dm.permission.RECEIVE, android.permission.FOREGROUND_SERVICE",No,Yes,No,No,No,No,No,No,No,No,No,Yes,No,Yes,No,No,No,TRUE,FALSE,TRUE,TRUE
@7F0F001E,com.edikemobile,Nigeria/Approved,"com.majeur.launcher.permission.UPDATE_BADGE, android.permission.POST_NOTIFICATIONS, android.permission.ACCESS_WIFI_STATE, android.permission.ACCESS_ADSERVICES_ATTRIBUTION, com.google.android.gms.permission.AD_ID, com.sec.android.provider.badge.permission.READ, com.htc.launcher.permission.READ_SETTINGS, android.permission.DOWNLOAD_WITHOUT_NOTIFICATION, com.sonymobile.home.permission.PROVIDER_INSERT_BADGE, me.everything.badger.permission.BADGE_COUNT_READ, android.permission.READ_EXTERNAL_STORAGE, com.anddoes.launcher.permission.UPDATE_COUNT, com.huawei.android.launcher.permission.READ_SETTINGS, com.htc.launcher.permission.UPDATE_SHORTCUT, com.edikemobile.DYNAMIC_RECEIVER_NOT_EXPORTED_PERMISSION, com.oppo.launcher.permission.WRITE_SETTINGS, android.permission.WAKE_LOCK, com.huawei.android.launcher.permission.WRITE_SETTINGS, com.oppo.launcher.permission.READ_SETTINGS, com.edikemobile.permission.C2D_MESSAGE, android.permission.USE_BIOMETRIC, android.permission.VIBRATE, android.permission.ACCESS_NETWORK_STATE, android.permission.USE_FINGERPRINT, android.permission.INTERNET, com.google.android.finsky.permission.BIND_GET_INSTALL_REFERRER_SERVICE, com.android.vending.CHECK_LICENSE, android.permission.ACCESS_ADSERVICES_AD_ID, com.sonyericsson.home.permission.BROADCAST_BADGE, android.permission.RECEIVE_BOOT_COMPLETED, com.sec.android.provider.badge.permission.WRITE, android.permission.WRITE_EXTERNAL_STORAGE, com.google.android.c2dm.permission.RECEIVE, android.permission.FOREGROUND_SERVICE, me.everything.badger.permission.BADGE_COUNT_WRITE, android.permission.READ_APP_BADGE, com.huawei.android.launcher.permission.CHANGE_BADGE",No,No,No,Yes,Yes,No,No,No,No,No,No,No,No,No,No,No,No,TRUE,TRUE,TRUE,TRUE
@7F120022,co.our.pass.stg,Nigeria/Approved,"android.permission.POST_NOTIFICATIONS, android.permission.ACCESS_WIFI_STATE, android.permission.ACCESS_ADSERVICES_ATTRIBUTION, android.permission.WRITE_CONTACTS, android.permission.GET_ACCOUNTS, android.permission.READ_CONTACTS, com.google.android.gms.permission.AD_ID, co.our.pass.stg.DYNAMIC_RECEIVER_NOT_EXPORTED_PERMISSION, android.permission.READ_EXTERNAL_STORAGE, android.permission.ACCESS_COARSE_LOCATION, android.permission.WAKE_LOCK, android.permission.USE_BIOMETRIC, android.permission.ACCESS_NETWORK_STATE, android.permission.VIBRATE, android.permission.USE_FINGERPRINT, android.permission.INTERNET, com.google.android.finsky.permission.BIND_GET_INSTALL_REFERRER_SERVICE, co.our.pass.stg.permission.WRITE_SCHEDULE, android.permission.ACCESS_ADSERVICES_AD_ID, com.android.vending.CHECK_LICENSE, android.permission.WRITE_EXTERNAL_STORAGE, android.permission.CAMERA, android.permission.RECORD_AUDIO, com.google.android.c2dm.permission.RECEIVE, android.permission.ACCESS_FINE_LOCATION",Yes,No,No,Yes,Yes,No,No,No,No,No,No,No,No,No,No,No,Yes,TRUE,TRUE,TRUE,TRUE
CashRun,cash.run.credit.easy.loan,Nigeria/Approved,"com.samsung.android.mapsagent.permission.READ_APP_INFO, android.permission.LOCAL_MAC_ADDRESS, android.permission.READ_SMS, android.permission.ACCESS_WIFI_STATE, android.permission.CAMERA, android.permission.ACCESS_NETWORK_STATE, android.permission.READ_PHONE_STATE, android.permission.ACCESS_ADSERVICES_ATTRIBUTION, android.permission.INTERNET, cash.run.credit.easy.loan.DYNAMIC_RECEIVER_NOT_EXPORTED_PERMISSION, com.google.android.finsky.permission.BIND_GET_INSTALL_REFERRER_SERVICE, android.permission.ACCESS_COARSE_LOCATION, com.google.android.gms.permission.AD_ID, android.permission.ACCESS_ADSERVICES_AD_ID",No,No,No,No,No,No,No,No,No,No,No,Yes,No,Yes,No,No,No,FALSE,FALSE,TRUE,FALSE
Lendigo,com.lendigo.app,Nigeria/Approved,"android.permission.READ_INTERNAL_STORAGE, android.permission.ACCESS_WIFI_STATE, android.permission.CAMERA, android.permission.WRITE_EXTERNAL_STORAGE, android.permission.ACCESS_NETWORK_STATE, android.permission.VIBRATE, com.google.android.c2dm.permission.RECEIVE, android.permission.FOREGROUND_SERVICE, android.permission.INTERNET, com.google.android.finsky.permission.BIND_GET_INSTALL_REFERRER_SERVICE, android.permission.ACCESS_COARSE_LOCATION, android.permission.WAKE_LOCK, com.google.android.gms.permission.AD_ID",No,No,No,No,Yes,No,No,No,No,No,No,No,No,No,No,No,No,FALSE,TRUE,TRUE,FALSE
@7F10001E,com.digicore.dot,Nigeria/Approved,"android.permission.POST_NOTIFICATIONS, android.permission.USE_FULL_SCREEN_INTENT, android.permission.BROADCAST_CLOSE_SYSTEM_DIALOGS, android.permission.READ_CONTACTS, com.digicore.dot.DYNAMIC_RECEIVER_NOT_EXPORTED_PERMISSION, android.permission.READ_EXTERNAL_STORAGE, android.permission.WAKE_LOCK, android.permission.SCHEDULE_EXACT_ALARM, android.permission.ACCESS_NETWORK_STATE, android.permission.VIBRATE, android.permission.USE_FINGERPRINT, android.permission.INTERNET, com.google.android.finsky.permission.BIND_GET_INSTALL_REFERRER_SERVICE, android.permission.ACCESS_NOTIFICATION_POLICY, android.permission.RECEIVE_BOOT_COMPLETED, android.permission.CAMERA, android.permission.WRITE_EXTERNAL_STORAGE, com.google.android.c2dm.permission.RECEIVE, android.permission.FOREGROUND_SERVICE",Yes,No,No,Yes,Yes,No,No,No,No,No,No,No,No,No,No,No,No,TRUE,TRUE,TRUE,TRUE
@7F140032,com.letshego.dasdigital,Nigeria/Approved,"com.letshego.dasdigital.DYNAMIC_RECEIVER_NOT_EXPORTED_PERMISSION, android.permission.POST_NOTIFICATIONS, android.permission.CAMERA, android.permission.RECORD_AUDIO, android.permission.ACCESS_NETWORK_STATE, com.google.android.c2dm.permission.RECEIVE, android.permission.ACCESS_ADSERVICES_ATTRIBUTION, android.permission.INTERNET, com.google.android.finsky.permission.BIND_GET_INSTALL_REFERRER_SERVICE, android.permission.WAKE_LOCK, android.permission.ACCESS_ADSERVICES_AD_ID",No,No,No,No,No,No,No,No,No,No,No,No,No,No,No,No,No,FALSE,FALSE,FALSE,FALSE
PayLater,com.paylaterapp.paylater,Nigeria/Approved,"com.majeur.launcher.permission.UPDATE_BADGE, android.permission.POST_NOTIFICATIONS, android.permission.REQUEST_IGNORE_BATTERY_OPTIMIZATIONS, android.permission.ACCESS_ADSERVICES_ATTRIBUTION, com.google.android.gms.permission.AD_ID, me.everything.badger.permission.BADGE_COUNT_READ, com.sec.android.provider.badge.permission.READ, com.htc.launcher.permission.READ_SETTINGS, com.sonymobile.home.permission.PROVIDER_INSERT_BADGE, com.paylaterapp.paylater.permission.C2D_MESSAGE, android.permission.READ_EXTERNAL_STORAGE, com.anddoes.launcher.permission.UPDATE_COUNT, com.huawei.android.launcher.permission.READ_SETTINGS, com.htc.launcher.permission.UPDATE_SHORTCUT, android.permission.CALL_PHONE, com.paylaterapp.paylater.DYNAMIC_RECEIVER_NOT_EXPORTED_PERMISSION, com.oppo.launcher.permission.WRITE_SETTINGS, android.permission.ACCESS_COARSE_LOCATION, android.permission.WAKE_LOCK, com.huawei.android.launcher.permission.WRITE_SETTINGS, com.oppo.launcher.permission.READ_SETTINGS, android.permission.USE_BIOMETRIC, android.permission.ACCESS_NETWORK_STATE, android.permission.VIBRATE, android.permission.USE_FINGERPRINT, android.permission.INTERNET, com.google.android.finsky.permission.BIND_GET_INSTALL_REFERRER_SERVICE, android.permission.ACCESS_ADSERVICES_AD_ID, com.android.vending.CHECK_LICENSE, com.sonyericsson.home.permission.BROADCAST_BADGE, android.permission.RECEIVE_BOOT_COMPLETED, com.sec.android.provider.badge.permission.WRITE, android.permission.CAMERA, com.google.android.providers.gsf.permission.READ_GSERVICES, com.google.android.c2dm.permission.RECEIVE, android.permission.FOREGROUND_SERVICE, me.everything.badger.permission.BADGE_COUNT_WRITE, android.permission.READ_APP_BADGE, com.huawei.android.launcher.permission.CHANGE_BADGE, android.permission.ACCESS_FINE_LOCATION",No,No,No,Yes,No,No,No,No,No,No,No,No,No,No,No,No,Yes,TRUE,TRUE,TRUE,TRUE
@7F0F002C,com.nigeria.android.mooncard,Nigeria/Approved,"android.permission.READ_CALENDAR, android.permission.WRITE_CALENDAR, android.permission.READ_PRECISE_PHONE_STATE, android.permission.READ_SMS, android.permission.ACCESS_WIFI_STATE, android.permission.BLUETOOTH, android.permission.BLUETOOTH_CONNECT, android.permission.READ_PHONE_STATE, android.permission.ACCESS_NETWORK_STATE, android.permission.INTERNET, android.permission.ACCESS_COARSE_LOCATION, com.google.android.finsky.permission.BIND_GET_INSTALL_REFERRER_SERVICE, android.permission.READ_CALL_LOG, com.google.android.gms.permission.AD_ID, android.permission.PACKAGE_USAGE_STATS",No,Yes,No,No,No,No,No,No,No,No,No,Yes,Yes,Yes,No,No,No,TRUE,FALSE,TRUE,TRUE
9Credit Go,com.ted.ng.ninecreditgo.credit.loans,Nigeria/Approved,"android.permission.LOCAL_MAC_ADDRESS, android.permission.READ_SMS, android.permission.ACCESS_WIFI_STATE, android.permission.REPLACE_EXISTING_PACKAGE, android.permission.BLUETOOTH, android.permission.GET_ACCOUNTS, android.permission.READ_CALL_LOG, com.google.android.gms.permission.AD_ID, android.permission.READ_CALENDAR, android.permission.KILL_BACKGROUND_PROCESSES, android.permission.WRITE_CALENDAR, android.permission.ACCESS_COARSE_LOCATION, android.permission.READ_PRIVILEGED_PHONE_STATE, android.permission.WAKE_LOCK, android.permission.PACKAGE_USAGE_STATS, android.permission.ACCESS_COARSE_UPDATES, android.permission.ACCESS_LOCATION_EXTRA_COMMANDS, android.permission.BLUETOOTH_CONNECT, android.permission.ACCESS_NETWORK_STATE, android.permission.READ_PHONE_STATE, android.permission.VIBRATE, android.permission.BROADCAST_STICKY, android.permission.INTERNET, com.google.android.finsky.permission.BIND_GET_INSTALL_REFERRER_SERVICE, android.permission.CHANGE_WIFI_STATE, android.permission.RECEIVE_BOOT_COMPLETED, android.permission.CAMERA, android.permission.RECORD_AUDIO, android.permission.FOREGROUND_SERVICE, android.permission.ACCESS_ORIENTATION, android.permission.BATTERY_STATS, android.permission.WRITE_SETTINGS",No,Yes,No,No,No,No,No,No,No,No,No,Yes,No,Yes,No,No,No,TRUE,FALSE,TRUE,TRUE
@7F110036,ng.sycamore.app2,Nigeria/Approved,"android.permission.POST_NOTIFICATIONS, android.permission.ACCESS_WIFI_STATE, android.permission.ACCESS_ADSERVICES_ATTRIBUTION, com.google.android.gms.permission.AD_ID, android.permission.READ_EXTERNAL_STORAGE, android.permission.FOREGROUND_SERVICE_SPECIAL_USE, android.permission.WAKE_LOCK, android.permission.READ_MEDIA_IMAGES, com.huawei.appmarket.service.commondata.permission.GET_COMMON_DATA, android.permission.USE_BIOMETRIC, android.permission.SCHEDULE_EXACT_ALARM, android.permission.VIBRATE, android.permission.ACCESS_NETWORK_STATE, android.permission.USE_FINGERPRINT, android.permission.READ_PHONE_STATE, android.permission.INTERNET, com.google.android.finsky.permission.BIND_GET_INSTALL_REFERRER_SERVICE, ng.sycamore.app2.DYNAMIC_RECEIVER_NOT_EXPORTED_PERMISSION, android.permission.ACCESS_ADSERVICES_AD_ID, android.permission.RECEIVE_BOOT_COMPLETED, android.permission.CAMERA, android.permission.WRITE_EXTERNAL_STORAGE, android.permission.RECORD_AUDIO, com.google.android.c2dm.permission.RECEIVE, android.permission.FOREGROUND_SERVICE",No,No,No,Yes,Yes,No,No,No,Yes,No,No,Yes,No,No,No,No,No,TRUE,TRUE,TRUE,TRUE
@7F10001D,com.finpadimobile,Nigeria/Approved,"com.majeur.launcher.permission.UPDATE_BADGE, android.permission.POST_NOTIFICATIONS, com.finpadimobile.DYNAMIC_RECEIVER_NOT_EXPORTED_PERMISSION, com.sec.android.provider.badge.permission.READ, com.htc.launcher.permission.READ_SETTINGS, com.sonymobile.home.permission.PROVIDER_INSERT_BADGE, me.everything.badger.permission.BADGE_COUNT_READ, android.permission.READ_EXTERNAL_STORAGE, com.anddoes.launcher.permission.UPDATE_COUNT, com.huawei.android.launcher.permission.READ_SETTINGS, com.htc.launcher.permission.UPDATE_SHORTCUT, com.oppo.launcher.permission.WRITE_SETTINGS, android.permission.WAKE_LOCK, com.huawei.android.launcher.permission.WRITE_SETTINGS, com.oppo.launcher.permission.READ_SETTINGS, android.permission.USE_BIOMETRIC, android.permission.VIBRATE, android.permission.ACCESS_NETWORK_STATE, android.permission.USE_FINGERPRINT, android.permission.INTERNET, com.google.android.finsky.permission.BIND_GET_INSTALL_REFERRER_SERVICE, android.permission.SYSTEM_ALERT_WINDOW, com.sonyericsson.home.permission.BROADCAST_BADGE, android.permission.RECEIVE_BOOT_COMPLETED, com.sec.android.provider.badge.permission.WRITE, android.permission.WRITE_EXTERNAL_STORAGE, com.google.android.c2dm.permission.RECEIVE, me.everything.badger.permission.BADGE_COUNT_WRITE, android.permission.READ_APP_BADGE, com.huawei.android.launcher.permission.CHANGE_BADGE",No,No,No,Yes,Yes,No,No,No,No,No,No,No,No,No,No,No,No,TRUE,TRUE,TRUE,TRUE
@7F10001C,com.end.wall.week,Nigeria/Approved,"android.permission.READ_SMS, android.permission.ACCESS_WIFI_STATE, android.permission.CAMERA, android.permission.READ_PHONE_STATE, android.permission.ACCESS_NETWORK_STATE, android.permission.FOREGROUND_SERVICE, android.permission.INTERNET, android.permission.CALL_PHONE, com.google.android.finsky.permission.BIND_GET_INSTALL_REFERRER_SERVICE, android.permission.CHANGE_NETWORK_STATE, android.permission.ACCESS_COARSE_LOCATION, android.permission.WAKE_LOCK, android.permission.CHANGE_WIFI_STATE",No,No,No,No,No,No,No,No,No,No,No,Yes,No,Yes,No,No,No,FALSE,FALSE,TRUE,FALSE
MenaCred,com.menamobile,Nigeria/Approved,"com.majeur.launcher.permission.UPDATE_BADGE, android.permission.POST_NOTIFICATIONS, android.permission.READ_SMS, android.permission.ACCESS_WIFI_STATE, com.menamobile.permission.C2D_MESSAGE, com.google.android.gms.permission.AD_ID, me.everything.badger.permission.BADGE_COUNT_READ, com.sonymobile.home.permission.PROVIDER_INSERT_BADGE, com.sec.android.provider.badge.permission.READ, com.htc.launcher.permission.READ_SETTINGS, android.permission.DOWNLOAD_WITHOUT_NOTIFICATION, android.permission.READ_EXTERNAL_STORAGE, com.anddoes.launcher.permission.UPDATE_COUNT, com.huawei.android.launcher.permission.READ_SETTINGS, com.htc.launcher.permission.UPDATE_SHORTCUT, com.oppo.launcher.permission.WRITE_SETTINGS, com.huawei.android.launcher.permission.WRITE_SETTINGS, android.permission.WAKE_LOCK, com.oppo.launcher.permission.READ_SETTINGS, android.permission.USE_BIOMETRIC, android.permission.ACCESS_NETWORK_STATE, android.permission.VIBRATE, android.permission.USE_FINGERPRINT, android.permission.INTERNET, com.google.android.finsky.permission.BIND_GET_INSTALL_REFERRER_SERVICE, com.sonyericsson.home.permission.BROADCAST_BADGE, android.permission.RECEIVE_BOOT_COMPLETED, com.sec.android.provider.badge.permission.WRITE, android.permission.CAMERA, android.permission.WRITE_EXTERNAL_STORAGE, com.google.android.c2dm.permission.RECEIVE, android.permission.FOREGROUND_SERVICE, me.everything.badger.permission.BADGE_COUNT_WRITE, android.permission.READ_APP_BADGE, com.huawei.android.launcher.permission.CHANGE_BADGE",No,No,No,Yes,Yes,No,No,No,No,No,No,No,No,Yes,No,No,No,TRUE,TRUE,TRUE,TRUE
Hometown,com.hometown.app,Nigeria/Approved,"android.permission.READ_CONTACTS, android.permission.POST_NOTIFICATIONS, android.permission.RECEIVE_BOOT_COMPLETED, android.permission.USE_BIOMETRIC, android.permission.CAMERA, android.permission.ACCESS_NETWORK_STATE, android.permission.WRITE_CONTACTS, android.permission.FOREGROUND_SERVICE, android.permission.INTERNET, com.google.android.c2dm.permission.RECEIVE, android.permission.USE_FINGERPRINT, com.google.android.finsky.permission.BIND_GET_INSTALL_REFERRER_SERVICE, com.hometown.app.DYNAMIC_RECEIVER_NOT_EXPORTED_PERMISSION, android.permission.WAKE_LOCK, com.google.android.gms.permission.AD_ID",Yes,No,No,No,No,No,No,No,No,No,No,No,No,No,No,No,No,TRUE,TRUE,TRUE,TRUE
@7F11001D,app.credlockng.merchant,Nigeria/Approved,"android.permission.POST_NOTIFICATIONS, android.permission.ACCESS_WIFI_STATE, com.google.android.gms.permission.ACTIVITY_RECOGNITION, android.permission.READ_EXTERNAL_STORAGE, android.permission.ACCESS_COARSE_LOCATION, android.permission.WAKE_LOCK, android.permission.USE_BIOMETRIC, android.permission.VIBRATE, android.permission.ACCESS_NETWORK_STATE, android.permission.USE_FINGERPRINT, android.permission.INTERNET, com.google.android.finsky.permission.BIND_GET_INSTALL_REFERRER_SERVICE, app.credlockng.merchant.DYNAMIC_RECEIVER_NOT_EXPORTED_PERMISSION, android.permission.SYSTEM_ALERT_WINDOW, android.permission.CAMERA, android.permission.WRITE_EXTERNAL_STORAGE, android.permission.RECORD_AUDIO, com.google.android.providers.gsf.permission.READ_GSERVICES, com.google.android.c2dm.permission.RECEIVE, android.permission.ACCESS_FINE_LOCATION",No,No,No,Yes,Yes,No,No,No,No,No,No,No,No,No,No,No,Yes,TRUE,TRUE,TRUE,TRUE
@7F10001C,nr.loan.swift.naira,Nigeria/Approved,"android.permission.POST_NOTIFICATIONS, android.permission.ACCESS_WIFI_STATE, android.permission.RECEIVE_USER_PRESENT, android.permission.ACCESS_ADSERVICES_ATTRIBUTION, com.google.android.gms.permission.AD_ID, android.permission.REAL_GET_TASKS, android.permission.CALL_PHONE, android.permission.READ_PRIVILEGED_PHONE_STATE, android.permission.WAKE_LOCK, com.huawei.appmarket.service.commondata.permission.GET_COMMON_DATA, android.permission.ACCESS_LOCATION_EXTRA_COMMANDS, android.permission.VIBRATE, android.permission.ACCESS_NETWORK_STATE, android.permission.READ_PHONE_STATE, android.permission.INTERNET, com.google.android.finsky.permission.BIND_GET_INSTALL_REFERRER_SERVICE, android.permission.CHANGE_NETWORK_STATE, android.permission.CHANGE_WIFI_STATE, android.permission.SYSTEM_ALERT_WINDOW, android.permission.RECEIVE_BOOT_COMPLETED, android.permission.CAMERA, com.google.android.providers.gsf.permission.READ_GSERVICES, com.google.android.c2dm.permission.RECEIVE, android.permission.FOREGROUND_SERVICE, android.permission.WRITE_SETTINGS",No,No,No,No,No,No,No,No,No,No,No,Yes,No,No,No,No,No,FALSE,FALSE,TRUE,FALSE
Quickash,com.nigeria.quickash,Nigeria/Approved,"android.permission.WRITE_CALENDAR, com.nigeria.quickash.other_temp1, android.permission.POST_NOTIFICATIONS, android.permission.ACCESS_WIFI_STATE, android.permission.CAMERA, android.permission.ACCESS_NETWORK_STATE, com.nigeria.quickash.other_temp5, com.google.android.c2dm.permission.RECEIVE, android.permission.INTERNET, com.google.android.finsky.permission.BIND_GET_INSTALL_REFERRER_SERVICE, android.permission.ACCESS_COARSE_LOCATION, android.permission.WAKE_LOCK, com.google.android.gms.permission.AD_ID, com.nigeria.quickash.DYNAMIC_RECEIVER_NOT_EXPORTED_PERMISSION",No,No,No,No,No,No,No,No,No,No,No,No,No,No,No,No,No,FALSE,FALSE,FALSE,FALSE
Kash Now,com.cascade.kashnow,Nigeria/Approved,"android.permission.ACCESS_WIFI_STATE, android.permission.INTERNET, com.google.android.gms.permission.AD_ID, android.permission.ACCESS_NETWORK_STATE",No,No,No,No,No,No,No,No,No,No,No,No,No,No,No,No,No,FALSE,FALSE,FALSE,FALSE
OKCash,com.falcon.teer.baro.cash,Nigeria/Approved,"android.permission.READ_SMS, android.permission.ACCESS_WIFI_STATE, com.falcon.teer.baro.cash.DYNAMIC_RECEIVER_NOT_EXPORTED_PERMISSION, android.permission.CAMERA, android.permission.VIBRATE, android.permission.ACCESS_NETWORK_STATE, android.permission.INTERNET, com.google.android.finsky.permission.BIND_GET_INSTALL_REFERRER_SERVICE, android.permission.CHANGE_NETWORK_STATE, android.permission.ACCESS_COARSE_LOCATION, android.permission.HIGH_SAMPLING_RATE_SENSORS, android.permission.WAKE_LOCK, com.google.android.gms.permission.AD_ID, android.permission.CHANGE_WIFI_STATE",No,No,No,No,No,No,No,No,No,No,No,No,No,Yes,No,No,No,FALSE,FALSE,TRUE,FALSE
Tloan,com.tingo.credit.money.nigeria,Nigeria/Approved,"android.permission.WRITE_CALENDAR, android.permission.POST_NOTIFICATIONS, android.permission.ACCESS_WIFI_STATE, android.permission.CAMERA, android.permission.ACCESS_NETWORK_STATE, com.tingo.credit.money.nigeria.DYNAMIC_RECEIVER_NOT_EXPORTED_PERMISSION, com.google.android.c2dm.permission.RECEIVE, android.permission.INTERNET, com.google.android.finsky.permission.BIND_GET_INSTALL_REFERRER_SERVICE, android.permission.ACCESS_COARSE_LOCATION, android.permission.WAKE_LOCK, com.google.android.gms.permission.AD_ID",No,No,No,No,No,No,No,No,No,No,No,No,No,No,No,No,No,FALSE,FALSE,FALSE,FALSE
Cash9ja,com.samued.cashnaija,Nigeria/Approved,"android.permission.READ_CALENDAR, android.permission.WRITE_CALENDAR, android.permission.READ_SMS, com.samued.cashnaija.DYNAMIC_RECEIVER_NOT_EXPORTED_PERMISSION, android.permission.ACCESS_WIFI_STATE, android.permission.BLUETOOTH, com.google.android.providers.gsf.permission.READ_GSERVICES, android.permission.READ_PHONE_STATE, android.permission.ACCESS_NETWORK_STATE, android.permission.ACCESS_ADSERVICES_ATTRIBUTION, android.permission.INTERNET, com.google.android.finsky.permission.BIND_GET_INSTALL_REFERRER_SERVICE, android.permission.PACKAGE_USAGE_STATS, android.permission.ACCESS_COARSE_LOCATION, android.permission.WAKE_LOCK, com.google.android.gms.permission.AD_ID, android.permission.ACCESS_ADSERVICES_AD_ID",No,No,No,No,No,No,No,No,No,No,No,Yes,No,Yes,No,No,No,FALSE,FALSE,TRUE,FALSE
@7F0F001C,com.oxloanpro.cash.credit.nigeria,Nigeria/Approved,"android.permission.POST_NOTIFICATIONS, android.permission.READ_SMS, android.permission.BLUETOOTH_ADMIN, android.permission.ACCESS_WIFI_STATE, android.permission.BLUETOOTH, android.permission.CAMERA, android.permission.READ_PHONE_STATE, android.permission.ACCESS_NETWORK_STATE, com.google.android.c2dm.permission.RECEIVE, com.oxloanpro.cash.credit.nigeria.DYNAMIC_RECEIVER_NOT_EXPORTED_PERMISSION, android.permission.INTERNET, com.google.android.finsky.permission.BIND_GET_INSTALL_REFERRER_SERVICE, android.permission.ACCESS_COARSE_LOCATION, android.permission.WAKE_LOCK, com.google.android.gms.permission.AD_ID, android.permission.CHANGE_WIFI_STATE",No,No,No,No,No,No,No,No,No,No,No,Yes,No,Yes,No,No,No,FALSE,FALSE,TRUE,FALSE
Cashpaddie,com.lucky.cashpaddie,Nigeria/Approved,"android.permission.READ_CALENDAR, android.permission.POST_NOTIFICATIONS, android.permission.READ_SMS, android.permission.ACCESS_WIFI_STATE, android.permission.CAMERA, android.permission.ACCESS_NETWORK_STATE, android.permission.READ_PHONE_STATE, com.google.android.c2dm.permission.RECEIVE, android.permission.INTERNET, com.google.android.finsky.permission.BIND_GET_INSTALL_REFERRER_SERVICE, android.permission.ACCESS_COARSE_LOCATION, android.permission.WAKE_LOCK, com.google.android.gms.permission.AD_ID, android.permission.DOWNLOAD_WITHOUT_NOTIFICATION",No,No,No,No,No,No,No,No,No,No,No,Yes,No,Yes,No,No,No,FALSE,FALSE,TRUE,FALSE
@7F10001C,swift.loan.naira.app,Nigeria/Approved,"android.permission.POST_NOTIFICATIONS, android.permission.READ_SMS, android.permission.ACCESS_WIFI_STATE, android.permission.RECEIVE_USER_PRESENT, android.permission.ACCESS_ADSERVICES_ATTRIBUTION, com.google.android.gms.permission.AD_ID, android.permission.REAL_GET_TASKS, android.permission.CALL_PHONE, android.permission.READ_PRIVILEGED_PHONE_STATE, android.permission.WAKE_LOCK, com.huawei.appmarket.service.commondata.permission.GET_COMMON_DATA, android.permission.ACCESS_LOCATION_EXTRA_COMMANDS, android.permission.VIBRATE, android.permission.ACCESS_NETWORK_STATE, android.permission.READ_PHONE_STATE, android.permission.INTERNET, com.google.android.finsky.permission.BIND_GET_INSTALL_REFERRER_SERVICE, android.permission.CHANGE_NETWORK_STATE, android.permission.CHANGE_WIFI_STATE, android.permission.SYSTEM_ALERT_WINDOW, android.permission.RECEIVE_BOOT_COMPLETED, android.permission.CAMERA, com.google.android.providers.gsf.permission.READ_GSERVICES, com.google.android.c2dm.permission.RECEIVE, android.permission.FOREGROUND_SERVICE, android.permission.WRITE_SETTINGS",No,No,No,No,No,No,No,No,No,No,No,Yes,No,Yes,No,No,No,FALSE,FALSE,TRUE,FALSE
@7F0E001E,com.hermoney.app,Nigeria/Approved,"android.permission.READ_EXTERNAL_STORAGE, android.permission.RECEIVE_BOOT_COMPLETED, android.permission.ACCESS_WIFI_STATE, android.permission.USE_BIOMETRIC, android.permission.CAMERA, android.permission.WRITE_EXTERNAL_STORAGE, android.permission.ACCESS_NETWORK_STATE, com.hermoney.app.DYNAMIC_RECEIVER_NOT_EXPORTED_PERMISSION, android.permission.USE_FINGERPRINT, com.google.android.c2dm.permission.RECEIVE, android.permission.INTERNET, android.permission.CALL_PHONE, android.permission.FOREGROUND_SERVICE, com.google.android.finsky.permission.BIND_GET_INSTALL_REFERRER_SERVICE, android.permission.ACCESS_COARSE_LOCATION, android.permission.WAKE_LOCK, android.permission.ACCESS_FINE_LOCATION, android.permission.DOWNLOAD_WITHOUT_NOTIFICATION",No,No,No,Yes,Yes,No,No,No,No,No,No,No,No,No,No,No,Yes,TRUE,TRUE,TRUE,TRUE
@7F0E0022,com.loan.credit.new.morecash,Nigeria/Approved,"android.permission.READ_SMS, android.permission.ACCESS_WIFI_STATE, android.permission.CAMERA, android.permission.MOUNT_UNMOUNT_FILESYSTEMS, android.permission.ACCESS_NETWORK_STATE, android.permission.READ_PHONE_STATE, android.permission.BROADCAST_STICKY, android.permission.INTERNET, android.permission.ACCESS_COARSE_LOCATION, com.google.android.finsky.permission.BIND_GET_INSTALL_REFERRER_SERVICE, android.permission.READ_PRIVILEGED_PHONE_STATE, android.permission.WAKE_LOCK, com.google.android.gms.permission.AD_ID, com.android.vending.CHECK_LICENSE",No,No,No,No,No,No,No,No,No,No,No,Yes,No,Yes,No,No,No,FALSE,FALSE,TRUE,FALSE
Fewchore Mobile,com.exolve.fewchorepay,Nigeria/Approved,"android.permission.READ_MEDIA_VIDEO, android.permission.POST_NOTIFICATIONS, android.permission.READ_EXTERNAL_STORAGE, android.permission.BLUETOOTH, android.permission.USE_BIOMETRIC, android.permission.WRITE_EXTERNAL_STORAGE, android.permission.CAMERA, android.permission.BLUETOOTH_CONNECT, android.permission.RECORD_AUDIO, android.permission.READ_MEDIA_AUDIO, android.permission.ACCESS_NETWORK_STATE, android.permission.INTERNET, android.permission.USE_FINGERPRINT, com.google.android.c2dm.permission.RECEIVE, com.exolve.fewchorepay.DYNAMIC_RECEIVER_NOT_EXPORTED_PERMISSION, android.permission.WAKE_LOCK, android.permission.READ_MEDIA_IMAGES",No,No,No,Yes,Yes,No,No,Yes,Yes,Yes,No,No,No,No,No,No,No,TRUE,TRUE,TRUE,TRUE
@7F100021,com.vybecash.app,Nigeria/Approved,"com.majeur.launcher.permission.UPDATE_BADGE, android.permission.POST_NOTIFICATIONS, android.permission.USE_FULL_SCREEN_INTENT, android.permission.VIDEO_CAPTURE, android.permission.ACCESS_WIFI_STATE, android.permission.MODIFY_AUDIO_SETTINGS, android.permission.ACCESS_ADSERVICES_ATTRIBUTION, android.permission.WRITE_CONTACTS, android.permission.READ_CONTACTS, com.google.android.gms.permission.AD_ID, com.sec.android.provider.badge.permission.READ, com.htc.launcher.permission.READ_SETTINGS, com.sonymobile.home.permission.PROVIDER_INSERT_BADGE, me.everything.badger.permission.BADGE_COUNT_READ, android.permission.READ_EXTERNAL_STORAGE, com.anddoes.launcher.permission.UPDATE_COUNT, com.huawei.android.launcher.permission.READ_SETTINGS, com.htc.launcher.permission.UPDATE_SHORTCUT, com.oppo.launcher.permission.WRITE_SETTINGS, android.permission.ACCESS_COARSE_LOCATION, android.permission.WAKE_LOCK, com.huawei.android.launcher.permission.WRITE_SETTINGS, com.vybecash.app.permission.C2D_MESSAGE, com.oppo.launcher.permission.READ_SETTINGS, android.permission.USE_BIOMETRIC, android.permission.SCHEDULE_EXACT_ALARM, android.permission.ACCESS_NETWORK_STATE, android.permission.VIBRATE, android.permission.USE_FINGERPRINT, android.permission.INTERNET, com.google.android.finsky.permission.BIND_GET_INSTALL_REFERRER_SERVICE, com.vybecash.app.DYNAMIC_RECEIVER_NOT_EXPORTED_PERMISSION, android.permission.ACCESS_ADSERVICES_AD_ID, android.permission.READ_INTERNAL_STORAGE, com.sonyericsson.home.permission.BROADCAST_BADGE, android.permission.RECEIVE_BOOT_COMPLETED, com.sec.android.provider.badge.permission.WRITE, android.permission.WRITE_EXTERNAL_STORAGE, android.permission.CAMERA, android.permission.RECORD_AUDIO, com.google.android.c2dm.permission.RECEIVE, android.permission.FOREGROUND_SERVICE, me.everything.badger.permission.BADGE_COUNT_WRITE, android.permission.READ_APP_BADGE, com.huawei.android.launcher.permission.CHANGE_BADGE, android.permission.ACCESS_FINE_LOCATION",Yes,No,No,Yes,Yes,No,No,No,No,No,No,No,No,No,No,No,Yes,TRUE,TRUE,TRUE,TRUE
KashOn,com.kashon,Nigeria/Approved,"android.permission.READ_CALENDAR, android.permission.KILL_BACKGROUND_PROCESSES, android.permission.WRITE_CALENDAR, android.permission.RECEIVE_BOOT_COMPLETED, android.permission.ACCESS_WIFI_STATE, android.permission.ACCESS_NETWORK_STATE, android.permission.READ_PHONE_STATE, android.permission.VIBRATE, android.permission.FOREGROUND_SERVICE, android.permission.INTERNET, com.google.android.c2dm.permission.RECEIVE, com.google.android.finsky.permission.BIND_GET_INSTALL_REFERRER_SERVICE, android.permission.READ_PRIVILEGED_PHONE_STATE, android.permission.CHANGE_NETWORK_STATE, android.permission.ACCESS_COARSE_LOCATION, android.permission.WAKE_LOCK, com.google.android.gms.permission.AD_ID",No,No,No,No,No,No,No,No,No,No,No,Yes,No,No,No,No,No,FALSE,FALSE,TRUE,FALSE
Ellimoney,com.airopay.agents,Nigeria/Approved,"android.permission.NFC, android.permission.READ_EXTERNAL_STORAGE, android.permission.RECEIVE_BOOT_COMPLETED, android.permission.READ_PHONE_STATE, android.permission.ACCESS_NETWORK_STATE, com.google.android.c2dm.permission.RECEIVE, android.permission.FOREGROUND_SERVICE, android.permission.INTERNET, android.permission.READ_PRIVILEGED_PHONE_STATE, android.permission.WAKE_LOCK, com.google.android.gms.permission.AD_ID, com.airopay.agents.DYNAMIC_RECEIVER_NOT_EXPORTED_PERMISSION",No,No,No,Yes,No,No,No,No,No,No,No,Yes,No,No,No,No,No,TRUE,TRUE,TRUE,TRUE
@7F11001C,com.primerabank.primera_mobile,Nigeria/Approved,"com.primerabank.primera_mobile.DYNAMIC_RECEIVER_NOT_EXPORTED_PERMISSION, android.permission.POST_NOTIFICATIONS, android.permission.READ_EXTERNAL_STORAGE, android.permission.FLASHLIGHT, android.permission.USE_BIOMETRIC, android.permission.CAMERA, android.permission.WRITE_EXTERNAL_STORAGE, android.permission.READ_PHONE_STATE, android.permission.ACCESS_NETWORK_STATE, android.permission.USE_FINGERPRINT, android.permission.VIBRATE, android.permission.INTERNET, com.google.android.c2dm.permission.RECEIVE, com.google.android.finsky.permission.BIND_GET_INSTALL_REFERRER_SERVICE, android.permission.WAKE_LOCK, com.google.android.gms.permission.AD_ID",No,No,No,Yes,Yes,No,No,No,No,No,No,Yes,No,No,No,No,No,TRUE,TRUE,TRUE,TRUE
E4moni,com.e4moni.loan,Nigeria/Approved,"android.permission.CAMERA, android.permission.ACCESS_NETWORK_STATE, android.permission.READ_PHONE_STATE, com.google.android.finsky.permission.BIND_GET_INSTALL_REFERRER_SERVICE, android.permission.INTERNET, com.e4moni.loan.DYNAMIC_RECEIVER_NOT_EXPORTED_PERMISSION, android.permission.WAKE_LOCK, com.google.android.gms.permission.AD_ID",No,No,No,No,No,No,No,No,No,No,No,Yes,No,No,No,No,No,FALSE,FALSE,TRUE,FALSE
@7F110021,ng.urgent10k.app,Nigeria/Approved,"android.permission.POST_NOTIFICATIONS, android.permission.MODIFY_AUDIO_SETTINGS, android.permission.MANAGE_DOCUMENTS, android.permission.ACCESS_WIFI_STATE, android.permission.WRITE_CALENDAR, android.permission.ACCESS_COARSE_LOCATION, android.permission.WAKE_LOCK, android.permission.USE_BIOMETRIC, android.permission.READ_PHONE_STATE, android.permission.VIBRATE, android.permission.USE_FINGERPRINT, android.permission.ACCESS_NETWORK_STATE, android.permission.INTERNET, com.google.android.finsky.permission.BIND_GET_INSTALL_REFERRER_SERVICE, android.permission.SYSTEM_ALERT_WINDOW, android.permission.READ_INTERNAL_STORAGE, android.permission.CAMERA, android.permission.RECORD_AUDIO, com.google.android.c2dm.permission.RECEIVE, android.permission.WRITE_SETTINGS",No,No,No,No,No,No,No,No,No,No,No,Yes,No,No,No,No,No,FALSE,FALSE,TRUE,FALSE
GetNaira,com.getnaira.online.loan.instant.credit,Nigeria/Approved,"android.permission.READ_SMS, android.permission.ACCESS_WIFI_STATE, android.permission.REPLACE_EXISTING_PACKAGE, android.permission.BLUETOOTH, android.permission.GET_ACCOUNTS, com.google.android.gms.permission.AD_ID, android.permission.READ_CALENDAR, android.permission.WRITE_CALENDAR, android.permission.READ_PRIVILEGED_PHONE_STATE, android.permission.ACCESS_COARSE_LOCATION, android.permission.WAKE_LOCK, android.permission.PACKAGE_USAGE_STATS, android.permission.ACCESS_COARSE_UPDATES, android.permission.ACCESS_LOCATION_EXTRA_COMMANDS, android.permission.ACCESS_NETWORK_STATE, android.permission.READ_PHONE_STATE, android.permission.VIBRATE, android.permission.BROADCAST_STICKY, android.permission.INTERNET, com.google.android.finsky.permission.BIND_GET_INSTALL_REFERRER_SERVICE, android.permission.CHANGE_WIFI_STATE, android.permission.RECEIVE_BOOT_COMPLETED, android.permission.CAMERA, android.permission.RECORD_AUDIO, android.permission.FOREGROUND_SERVICE, android.permission.BATTERY_STATS, android.permission.WRITE_SETTINGS",No,No,No,No,No,No,No,No,No,No,No,Yes,No,Yes,No,No,No,FALSE,FALSE,TRUE,FALSE
oxymon,com.oxymon,Nigeria/Approved,android.permission.INTERNET,No,No,No,No,No,No,No,No,No,No,No,No,No,No,No,No,No,FALSE,FALSE,FALSE,FALSE
PoCash,com.ivy.pocash,Nigeria/Approved,"android.permission.USE_BIOMETRIC, android.permission.CAMERA, com.ivy.pocash.DYNAMIC_RECEIVER_NOT_EXPORTED_PERMISSION, android.permission.RECORD_AUDIO, android.permission.USE_FINGERPRINT, android.permission.INTERNET, android.permission.ACCESS_COARSE_LOCATION",No,No,No,No,No,No,No,No,No,No,No,No,No,No,No,No,No,FALSE,FALSE,FALSE,FALSE
@7F130022,com.adashe.app.adashe,Nigeria/Approved,"com.majeur.launcher.permission.UPDATE_BADGE, android.permission.POST_NOTIFICATIONS, com.adashe.app.adashe.DYNAMIC_RECEIVER_NOT_EXPORTED_PERMISSION, com.sec.android.provider.badge.permission.READ, com.htc.launcher.permission.READ_SETTINGS, com.sonymobile.home.permission.PROVIDER_INSERT_BADGE, me.everything.badger.permission.BADGE_COUNT_READ, android.permission.READ_EXTERNAL_STORAGE, com.anddoes.launcher.permission.UPDATE_COUNT, com.huawei.android.launcher.permission.READ_SETTINGS, com.htc.launcher.permission.UPDATE_SHORTCUT, com.adashe.app.adashe.permission.C2D_MESSAGE, com.oppo.launcher.permission.WRITE_SETTINGS, android.permission.WAKE_LOCK, com.huawei.android.launcher.permission.WRITE_SETTINGS, com.oppo.launcher.permission.READ_SETTINGS, android.permission.USE_BIOMETRIC, android.permission.ACCESS_NETWORK_STATE, android.permission.READ_PHONE_STATE, android.permission.USE_FINGERPRINT, android.permission.VIBRATE, android.permission.INTERNET, com.sonyericsson.home.permission.BROADCAST_BADGE, android.permission.RECEIVE_BOOT_COMPLETED, android.permission.READ_PHONE_NUMBERS, com.sec.android.provider.badge.permission.WRITE, android.permission.CAMERA, android.permission.WRITE_EXTERNAL_STORAGE, android.permission.RECORD_AUDIO, com.google.android.c2dm.permission.RECEIVE, android.permission.FOREGROUND_SERVICE, me.everything.badger.permission.BADGE_COUNT_WRITE, android.permission.READ_APP_BADGE, com.huawei.android.launcher.permission.CHANGE_BADGE, android.permission.ACCESS_FINE_LOCATION",No,No,No,Yes,Yes,No,No,No,No,No,Yes,Yes,No,No,No,No,Yes,TRUE,TRUE,TRUE,TRUE
@7F10002A,com.client.primepay,Nigeria/Approved,"android.permission.READ_CALENDAR, android.permission.WRITE_CALENDAR, android.permission.ACCESS_WIFI_STATE, android.permission.CAMERA, android.permission.ACCESS_NETWORK_STATE, android.permission.READ_PHONE_STATE, android.permission.INTERNET, android.permission.READ_CALL_LOG, com.google.android.finsky.permission.BIND_GET_INSTALL_REFERRER_SERVICE, android.permission.CHANGE_NETWORK_STATE, android.permission.ACCESS_COARSE_LOCATION, android.permission.WAKE_LOCK, com.google.android.gms.permission.AD_ID, android.permission.CHANGE_WIFI_STATE",No,Yes,No,No,No,No,No,No,No,No,No,Yes,No,No,No,No,No,TRUE,FALSE,TRUE,TRUE
@7F100021,com.tradelenda.app,Nigeria/Approved,"com.majeur.launcher.permission.UPDATE_BADGE, android.permission.POST_NOTIFICATIONS, android.permission.USE_FULL_SCREEN_INTENT, com.samsung.android.providers.context.permission.WRITE_USE_APP_FEATURE_SURVEY, android.permission.ACCESS_WIFI_STATE, android.permission.ACCESS_ADSERVICES_ATTRIBUTION, android.permission.BROADCAST_CLOSE_SYSTEM_DIALOGS, com.google.android.gms.permission.AD_ID, com.sec.android.provider.badge.permission.READ, android.permission.DOWNLOAD_WITHOUT_NOTIFICATION, com.htc.launcher.permission.READ_SETTINGS, com.sonymobile.home.permission.PROVIDER_INSERT_BADGE, me.everything.badger.permission.BADGE_COUNT_READ, android.permission.ACCESS_ADSERVICES_CUSTOM_AUDIENCE, android.permission.READ_EXTERNAL_STORAGE, com.anddoes.launcher.permission.UPDATE_COUNT, com.huawei.android.launcher.permission.READ_SETTINGS, com.htc.launcher.permission.UPDATE_SHORTCUT, com.oppo.launcher.permission.WRITE_SETTINGS, android.permission.WAKE_LOCK, com.huawei.android.launcher.permission.WRITE_SETTINGS, com.oppo.launcher.permission.READ_SETTINGS, android.permission.USE_BIOMETRIC, android.permission.SCHEDULE_EXACT_ALARM, android.permission.READ_PHONE_STATE, android.permission.VIBRATE, android.permission.ACCESS_NETWORK_STATE, android.permission.USE_FINGERPRINT, android.permission.INTERNET, com.google.android.finsky.permission.BIND_GET_INSTALL_REFERRER_SERVICE, android.permission.ACCESS_NOTIFICATION_POLICY, android.permission.ACCESS_ADSERVICES_AD_ID, android.permission.SYSTEM_ALERT_WINDOW, com.sonyericsson.home.permission.BROADCAST_BADGE, com.fingerprints.service.ACCESS_FINGERPRINT_MANAGER, android.permission.RECEIVE_BOOT_COMPLETED, com.sec.android.provider.badge.permission.WRITE, com.tradelenda.app.permission.C2D_MESSAGE, android.permission.CAMERA, android.permission.WRITE_EXTERNAL_STORAGE, android.permission.RECORD_AUDIO, com.google.android.providers.gsf.permission.READ_GSERVICES, com.google.android.c2dm.permission.RECEIVE, android.permission.FOREGROUND_SERVICE, com.tradelenda.app.DYNAMIC_RECEIVER_NOT_EXPORTED_PERMISSION, me.everything.badger.permission.BADGE_COUNT_WRITE, android.permission.READ_APP_BADGE, com.huawei.android.launcher.permission.CHANGE_BADGE",No,No,No,Yes,Yes,No,No,No,No,No,No,Yes,No,No,No,No,No,TRUE,TRUE,TRUE,TRUE
@7F0F001D,com.rubimoni,Nigeria/Approved,"android.permission.RECEIVE_BOOT_COMPLETED, android.permission.ACCESS_WIFI_STATE, android.permission.ACCESS_NETWORK_STATE, android.permission.VIBRATE, android.permission.INTERNET, com.google.android.finsky.permission.BIND_GET_INSTALL_REFERRER_SERVICE, android.permission.WAKE_LOCK, com.google.android.gms.permission.AD_ID",No,No,No,No,No,No,No,No,No,No,No,No,No,No,No,No,No,FALSE,FALSE,FALSE,FALSE
@7F0F001C,safe.vkashpro.loan,Nigeria/Approved,"android.permission.POST_NOTIFICATIONS, android.permission.READ_SMS, android.permission.ACCESS_WIFI_STATE, android.permission.BLUETOOTH, com.google.android.gms.permission.AD_ID, android.permission.READ_CALENDAR, android.permission.WRITE_CALENDAR, android.permission.ACCESS_COARSE_LOCATION, android.permission.BLUETOOTH_CONNECT, android.permission.READ_PHONE_STATE, android.permission.ACCESS_NETWORK_STATE, android.permission.INTERNET, com.google.android.finsky.permission.BIND_GET_INSTALL_REFERRER_SERVICE, com.asus.msa.SupplementaryDID.ACCESS, android.permission.CHANGE_NETWORK_STATE, android.permission.CHANGE_WIFI_STATE, freemme.permission.msa, android.permission.FOREGROUND_SERVICE, android.permission.WRITE_SETTINGS",No,No,No,No,No,No,No,No,No,No,No,Yes,No,Yes,No,No,No,FALSE,FALSE,TRUE,FALSE
@7F0F001D,com.fuelcredit,Nigeria/Approved,"android.permission.INTERNET, android.permission.CAMERA",No,No,No,No,No,No,No,No,No,No,No,No,No,No,No,No,No,FALSE,FALSE,FALSE,FALSE
Renmoney,com.renmoney.android,Nigeria/Approved,"android.permission.POST_NOTIFICATIONS, android.permission.READ_SMS, android.permission.ACCESS_WIFI_STATE, android.permission.BLUETOOTH, android.permission.ACCESS_ADSERVICES_ATTRIBUTION, android.permission.GET_ACCOUNTS, android.permission.READ_CONTACTS, com.google.android.gms.permission.AD_ID, android.permission.READ_CALENDAR, android.permission.WRITE_CALENDAR, android.permission.BLUETOOTH_ADMIN, android.permission.READ_EXTERNAL_STORAGE, com.renmoney.android.DYNAMIC_RECEIVER_NOT_EXPORTED_PERMISSION, android.permission.CALL_PHONE, android.permission.READ_PRIVILEGED_PHONE_STATE, android.permission.ACCESS_COARSE_LOCATION, android.permission.WAKE_LOCK, android.permission.READ_MEDIA_IMAGES, android.permission.PACKAGE_USAGE_STATS, android.permission.READ_MEDIA_VIDEO, com.huawei.appmarket.service.commondata.permission.GET_COMMON_DATA, android.permission.USE_BIOMETRIC, android.permission.ACCESS_NETWORK_STATE, android.permission.READ_PHONE_STATE, android.permission.USE_FINGERPRINT, android.permission.READ_MEDIA_AUDIO, android.permission.INTERNET, android.permission.VIBRATE, com.google.android.finsky.permission.BIND_GET_INSTALL_REFERRER_SERVICE, android.permission.REORDER_TASKS, android.permission.READ_BASIC_PHONE_STATE, android.permission.ACCESS_ADSERVICES_AD_ID, com.samsung.android.mapsagent.permission.READ_APP_INFO, android.permission.RECEIVE_BOOT_COMPLETED, android.permission.READ_PHONE_NUMBERS, android.permission.WRITE_EXTERNAL_STORAGE, android.permission.CAMERA, android.permission.RECORD_AUDIO, com.google.android.c2dm.permission.RECEIVE, android.permission.FOREGROUND_SERVICE, android.permission.ACCESS_FINE_LOCATION",Yes,No,No,Yes,Yes,No,No,Yes,Yes,Yes,Yes,Yes,No,Yes,No,No,Yes,TRUE,TRUE,TRUE,TRUE
@7F100040,com.pase.club,Nigeria/Approved,"android.permission.LOCAL_MAC_ADDRESS, com.android.vending.CHECK_LICENSE, android.permission.ACCESS_WIFI_STATE, android.permission.BLUETOOTH_CONNECT, android.permission.ACCESS_NETWORK_STATE, android.permission.READ_PHONE_STATE, com.google.android.c2dm.permission.RECEIVE, android.permission.INTERNET, com.google.android.finsky.permission.BIND_GET_INSTALL_REFERRER_SERVICE, android.permission.ACCESS_COARSE_LOCATION, android.permission.WAKE_LOCK, com.google.android.gms.permission.AD_ID, android.permission.CHANGE_WIFI_STATE",No,No,No,No,No,No,No,No,No,No,No,Yes,No,No,No,No,No,FALSE,FALSE,TRUE,FALSE
Plenty Cash,ng.com.plentycash,Nigeria/Approved,"android.permission.POST_NOTIFICATIONS, android.permission.READ_SMS, android.permission.ACCESS_WIFI_STATE, com.google.android.gms.permission.AD_ID, android.permission.CALL_PHONE, android.permission.ACCESS_COARSE_LOCATION, android.permission.WAKE_LOCK, android.permission.ACCESS_LOCATION_EXTRA_COMMANDS, android.permission.ACCESS_NETWORK_STATE, android.permission.READ_PHONE_STATE, android.permission.INTERNET, com.google.android.finsky.permission.BIND_GET_INSTALL_REFERRER_SERVICE, android.permission.CHANGE_NETWORK_STATE, android.permission.CHANGE_WIFI_STATE, android.permission.RECEIVE_BOOT_COMPLETED, android.permission.CAMERA, com.google.android.providers.gsf.permission.READ_GSERVICES, com.google.android.c2dm.permission.RECEIVE, android.permission.FOREGROUND_SERVICE",No,No,No,No,No,No,No,No,No,No,No,Yes,No,Yes,No,No,No,FALSE,FALSE,TRUE,FALSE
@7F0F001B,com.kash.money.palm.minicredit.new.naira.loan,Nigeria/Approved,"android.permission.READ_SMS, android.permission.ACCESS_WIFI_STATE, android.permission.CAMERA, android.permission.MOUNT_UNMOUNT_FILESYSTEMS, android.permission.ACCESS_NETWORK_STATE, android.permission.READ_PHONE_STATE, android.permission.BROADCAST_STICKY, android.permission.INTERNET, android.permission.ACCESS_COARSE_LOCATION, com.google.android.finsky.permission.BIND_GET_INSTALL_REFERRER_SERVICE, android.permission.READ_PRIVILEGED_PHONE_STATE, android.permission.WAKE_LOCK, com.google.android.gms.permission.AD_ID",No,No,No,No,No,No,No,No,No,No,No,Yes,No,Yes,No,No,No,FALSE,FALSE,TRUE,FALSE
MoneyInMinutes,ng.com.moneyinminutes.mim,Nigeria/Approved,"android.permission.POST_NOTIFICATIONS, android.permission.USE_BIOMETRIC, android.permission.CAMERA, ng.com.moneyinminutes.mim.DYNAMIC_RECEIVER_NOT_EXPORTED_PERMISSION, android.permission.ACCESS_NETWORK_STATE, android.permission.READ_PHONE_STATE, android.permission.USE_FINGERPRINT, com.google.android.c2dm.permission.RECEIVE, android.permission.INTERNET, com.google.android.finsky.permission.BIND_GET_INSTALL_REFERRER_SERVICE, android.permission.ACCESS_COARSE_LOCATION, android.permission.WAKE_LOCK, com.google.android.gms.permission.AD_ID",No,No,No,No,No,No,No,No,No,No,No,Yes,No,No,No,No,No,FALSE,FALSE,TRUE,FALSE
@7F1005B7,com.trusty.app,Nigeria/Approved,"com.majeur.launcher.permission.UPDATE_BADGE, android.permission.POST_NOTIFICATIONS, android.permission.ACCESS_ADSERVICES_ATTRIBUTION, com.google.android.gms.permission.AD_ID, com.sec.android.provider.badge.permission.READ, com.htc.launcher.permission.READ_SETTINGS, com.sonymobile.home.permission.PROVIDER_INSERT_BADGE, me.everything.badger.permission.BADGE_COUNT_READ, android.permission.ACCESS_ADSERVICES_CUSTOM_AUDIENCE, com.anddoes.launcher.permission.UPDATE_COUNT, com.huawei.android.launcher.permission.READ_SETTINGS, com.htc.launcher.permission.UPDATE_SHORTCUT, com.trusty.app.DYNAMIC_RECEIVER_NOT_EXPORTED_PERMISSION, com.oppo.launcher.permission.WRITE_SETTINGS, android.permission.ACCESS_COARSE_LOCATION, android.permission.WAKE_LOCK, com.huawei.android.launcher.permission.WRITE_SETTINGS, com.oppo.launcher.permission.READ_SETTINGS, android.permission.ACCESS_NETWORK_STATE, android.permission.VIBRATE, android.permission.INTERNET, com.trusty.app.permission.C2D_MESSAGE, com.google.android.finsky.permission.BIND_GET_INSTALL_REFERRER_SERVICE, android.permission.ACCESS_ADSERVICES_AD_ID, com.sonyericsson.home.permission.BROADCAST_BADGE, android.permission.RECEIVE_BOOT_COMPLETED, com.sec.android.provider.badge.permission.WRITE, android.permission.CAMERA, com.google.android.c2dm.permission.RECEIVE, android.permission.FOREGROUND_SERVICE, me.everything.badger.permission.BADGE_COUNT_WRITE, android.permission.READ_APP_BADGE, com.huawei.android.launcher.permission.CHANGE_BADGE",No,No,No,No,No,No,No,No,No,No,No,No,No,No,No,No,No,FALSE,FALSE,FALSE,FALSE
@7F10003F,com.pride.pasa,Nigeria/Approved,"android.permission.LOCAL_MAC_ADDRESS, android.permission.READ_SMS, android.permission.ACCESS_WIFI_STATE, android.permission.CAMERA, android.permission.BLUETOOTH_CONNECT, android.permission.ACCESS_NETWORK_STATE, android.permission.READ_PHONE_STATE, com.google.android.c2dm.permission.RECEIVE, android.permission.INTERNET, com.google.android.finsky.permission.BIND_GET_INSTALL_REFERRER_SERVICE, android.permission.ACCESS_COARSE_LOCATION, android.permission.WAKE_LOCK, com.google.android.gms.permission.AD_ID, android.permission.CHANGE_WIFI_STATE",No,No,No,No,No,No,No,No,No,No,No,Yes,No,Yes,No,No,No,FALSE,FALSE,TRUE,FALSE
Nicenaira Plus,com.credit.nicenaira,Nigeria/Approved,"android.permission.WRITE_CALENDAR, com.credit.nicenaira.DYNAMIC_RECEIVER_NOT_EXPORTED_PERMISSION, android.permission.POST_NOTIFICATIONS, android.permission.READ_SMS, android.permission.ACCESS_WIFI_STATE, android.permission.CAMERA, android.permission.ACCESS_NETWORK_STATE, com.google.android.c2dm.permission.RECEIVE, com.google.android.finsky.permission.BIND_GET_INSTALL_REFERRER_SERVICE, android.permission.INTERNET, com.credit.nicenaira.other_temp5, android.permission.ACCESS_COARSE_LOCATION, android.permission.WAKE_LOCK, com.google.android.gms.permission.AD_ID",No,No,No,No,No,No,No,No,No,No,No,No,No,Yes,No,No,No,FALSE,FALSE,TRUE,FALSE
Xcash,com.loanx.cashloan,Nigeria/Approved,"android.permission.POST_NOTIFICATIONS, android.permission.READ_SMS, android.permission.ACCESS_WIFI_STATE, android.permission.READ_CALL_LOG, com.google.android.gms.permission.AD_ID, android.permission.READ_CALENDAR, android.permission.WRITE_CALENDAR, com.android.vending.setup.PLAY_SETUP_SERVICE, android.permission.ACCESS_COARSE_LOCATION, android.permission.WAKE_LOCK, android.permission.ACCESS_LOCATION_EXTRA_COMMANDS, android.permission.USE_BIOMETRIC, android.permission.ACCESS_NETWORK_STATE, android.permission.READ_PHONE_STATE, android.permission.VIBRATE, android.permission.USE_FINGERPRINT, android.permission.INTERNET, com.google.android.finsky.permission.BIND_GET_INSTALL_REFERRER_SERVICE, android.permission.GET_TASKS, android.permission.REORDER_TASKS, android.permission.HIGH_SAMPLING_RATE_SENSORS, android.permission.CHANGE_WIFI_STATE, android.permission.SYSTEM_ALERT_WINDOW, android.permission.RECEIVE_BOOT_COMPLETED, android.permission.CAMERA, com.google.android.providers.gsf.permission.READ_GSERVICES, com.google.android.c2dm.permission.RECEIVE, android.permission.FOREGROUND_SERVICE",No,Yes,No,No,No,No,No,No,No,No,No,Yes,No,Yes,No,No,No,TRUE,FALSE,TRUE,TRUE
@7F100112,com.zoomcash.app.financial.services.mobilepay,Nigeria/Approved,"android.permission.READ_CALENDAR, android.permission.POST_NOTIFICATIONS, android.permission.READ_SMS, android.permission.READ_PROFILE, com.zoomcash.app.financial.services.mobilepay.DYNAMIC_RECEIVER_NOT_EXPORTED_PERMISSION, android.permission.CAMERA, android.permission.READ_PHONE_STATE, android.permission.ACCESS_NETWORK_STATE, com.google.android.c2dm.permission.RECEIVE, android.permission.ACCESS_ADSERVICES_ATTRIBUTION, android.permission.INTERNET, com.google.android.finsky.permission.BIND_GET_INSTALL_REFERRER_SERVICE, android.permission.READ_CALL_LOG, android.permission.WAKE_LOCK, com.google.android.gms.permission.AD_ID, android.permission.ACCESS_ADSERVICES_AD_ID",No,Yes,No,No,No,No,No,No,No,No,No,Yes,No,Yes,No,No,No,TRUE,FALSE,TRUE,TRUE
@7F0E001C,nigeria.cash.loan.hiwallet,Nigeria/Approved,"android.permission.READ_CALENDAR, android.permission.WRITE_CALENDAR, android.permission.ACCESS_WIFI_STATE, android.permission.ACCESS_LOCATION_EXTRA_COMMANDS, android.permission.CAMERA, android.permission.ACCESS_NETWORK_STATE, android.permission.RECORD_AUDIO, android.permission.READ_PHONE_STATE, android.permission.READ_CALL_LOG, android.permission.INTERNET, com.google.android.finsky.permission.BIND_GET_INSTALL_REFERRER_SERVICE, android.permission.CHANGE_NETWORK_STATE, android.permission.ACCESS_COARSE_LOCATION, android.permission.WAKE_LOCK, com.google.android.gms.permission.AD_ID, android.permission.CHANGE_WIFI_STATE",No,Yes,No,No,No,No,No,No,No,No,No,Yes,No,No,No,No,No,TRUE,FALSE,TRUE,TRUE
Regxta,com.info.regxta,Nigeria/Approved,"android.permission.READ_EXTERNAL_STORAGE, android.permission.CAMERA, android.permission.WRITE_EXTERNAL_STORAGE, android.permission.RECORD_AUDIO, android.permission.VIBRATE, android.permission.ACCESS_NETWORK_STATE, android.permission.INTERNET, com.google.android.finsky.permission.BIND_GET_INSTALL_REFERRER_SERVICE, android.permission.SYSTEM_ALERT_WINDOW",No,No,No,Yes,Yes,No,No,No,No,No,No,No,No,No,No,No,No,TRUE,TRUE,TRUE,TRUE
UltraCash,ultracash.fast.loan,Nigeria/Approved,"android.permission.LOCAL_MAC_ADDRESS, android.permission.READ_SMS, android.permission.ACCESS_WIFI_STATE, com.google.android.providers.gsf.permission.WRITE_GSERVICES, android.permission.CAMERA, com.google.android.providers.gsf.permission.READ_GSERVICES, android.permission.ACCESS_NETWORK_STATE, android.permission.READ_PHONE_STATE, ultracash.fast.loan.DYNAMIC_RECEIVER_NOT_EXPORTED_PERMISSION, android.permission.INTERNET, com.google.android.finsky.permission.BIND_GET_INSTALL_REFERRER_SERVICE, android.permission.READ_CALL_LOG, android.permission.ACCESS_COARSE_LOCATION, com.google.android.gms.permission.AD_ID, android.permission.CHANGE_WIFI_STATE",No,Yes,No,No,No,No,No,No,No,No,No,Yes,No,Yes,No,No,No,TRUE,FALSE,TRUE,TRUE
Vibecredit,com.vibecredit,Nigeria/Approved,"android.permission.READ_CALENDAR, android.permission.LOCAL_MAC_ADDRESS, android.permission.POST_NOTIFICATIONS, android.permission.READ_SMS, android.permission.ACCESS_WIFI_STATE, android.permission.CAMERA, android.permission.ACCESS_NETWORK_STATE, android.permission.VIBRATE, android.permission.READ_PHONE_STATE, com.google.android.c2dm.permission.RECEIVE, android.permission.INTERNET, com.google.android.finsky.permission.BIND_GET_INSTALL_REFERRER_SERVICE, android.permission.ACCESS_COARSE_LOCATION, android.permission.WAKE_LOCK, com.google.android.gms.permission.AD_ID, android.permission.CHANGE_WIFI_STATE",No,No,No,No,No,No,No,No,No,No,No,Yes,No,Yes,No,No,No,FALSE,FALSE,TRUE,FALSE
@7F10001C,com.cash.lnonline,Nigeria/Approved,"android.permission.POST_NOTIFICATIONS, android.permission.READ_SMS, android.permission.ACCESS_WIFI_STATE, android.permission.ACCESS_ADSERVICES_ATTRIBUTION, com.google.android.gms.permission.AD_ID, android.permission.KILL_BACKGROUND_PROCESSES, com.cash.lnonline.DYNAMIC_RECEIVER_NOT_EXPORTED_PERMISSION, android.permission.READ_PRIVILEGED_PHONE_STATE, android.permission.WAKE_LOCK, android.permission.PACKAGE_USAGE_STATS, android.permission.ACCESS_NETWORK_STATE, android.permission.READ_PHONE_STATE, android.permission.INTERNET, com.google.android.finsky.permission.BIND_GET_INSTALL_REFERRER_SERVICE, android.permission.CHANGE_NETWORK_STATE, android.permission.ACCESS_ADSERVICES_AD_ID, android.permission.CAMERA, com.google.android.c2dm.permission.RECEIVE, android.permission.BATTERY_STATS",No,No,No,No,No,No,No,No,No,No,No,Yes,No,Yes,No,No,No,FALSE,FALSE,TRUE,FALSE
KK Cash,kkcash.loan.credit.fast,Nigeria/Approved,"android.permission.LOCAL_MAC_ADDRESS, android.permission.CHANGE_WIFI_STATE, com.huawei.appmarket.service.commondata.permission.GET_COMMON_DATA, android.permission.ACCESS_WIFI_STATE, android.permission.CAMERA, android.permission.READ_PHONE_STATE, android.permission.ACCESS_NETWORK_STATE, android.permission.ACCESS_ADSERVICES_ATTRIBUTION, android.permission.INTERNET, com.google.android.finsky.permission.BIND_GET_INSTALL_REFERRER_SERVICE, kkcash.loan.credit.fast.DYNAMIC_RECEIVER_NOT_EXPORTED_PERMISSION, android.permission.ACCESS_COARSE_LOCATION, android.permission.CHANGE_NETWORK_STATE, android.permission.READ_PRIVILEGED_PHONE_STATE, com.google.android.gms.permission.AD_ID, android.permission.ACCESS_ADSERVICES_AD_ID",No,No,No,No,No,No,No,No,No,No,No,Yes,No,No,No,No,No,FALSE,FALSE,TRUE,FALSE
@7F0F001C,com.phastmoney,Nigeria/Approved,"android.permission.ACCESS_WIFI_STATE, android.permission.CAMERA, android.permission.WRITE_EXTERNAL_STORAGE, android.permission.ACCESS_NETWORK_STATE, android.permission.VIBRATE, com.google.android.c2dm.permission.RECEIVE, android.permission.INTERNET, com.google.android.finsky.permission.BIND_GET_INSTALL_REFERRER_SERVICE, android.permission.WAKE_LOCK, com.android.vending.CHECK_LICENSE",No,No,No,No,Yes,No,No,No,No,No,No,No,No,No,No,No,No,FALSE,TRUE,TRUE,FALSE
@7F13001E,com.raiz.application,Nigeria/Approved,"com.majeur.launcher.permission.UPDATE_BADGE, android.permission.POST_NOTIFICATIONS, com.raiz.application.DYNAMIC_RECEIVER_NOT_EXPORTED_PERMISSION, android.permission.ACCESS_WIFI_STATE, com.sec.android.provider.badge.permission.READ, com.htc.launcher.permission.READ_SETTINGS, com.sonymobile.home.permission.PROVIDER_INSERT_BADGE, me.everything.badger.permission.BADGE_COUNT_READ, android.permission.READ_EXTERNAL_STORAGE, com.anddoes.launcher.permission.UPDATE_COUNT, com.huawei.android.launcher.permission.READ_SETTINGS, com.htc.launcher.permission.UPDATE_SHORTCUT, com.oppo.launcher.permission.WRITE_SETTINGS, android.permission.WAKE_LOCK, com.huawei.android.launcher.permission.WRITE_SETTINGS, com.oppo.launcher.permission.READ_SETTINGS, android.permission.USE_BIOMETRIC, android.permission.VIBRATE, android.permission.ACCESS_NETWORK_STATE, android.permission.USE_FINGERPRINT, android.permission.READ_MEDIA_AUDIO, android.permission.INTERNET, com.google.android.finsky.permission.BIND_GET_INSTALL_REFERRER_SERVICE, com.android.vending.CHECK_LICENSE, android.permission.SYSTEM_ALERT_WINDOW, com.sonyericsson.home.permission.BROADCAST_BADGE, android.permission.RECEIVE_BOOT_COMPLETED, com.sec.android.provider.badge.permission.WRITE, android.permission.CAMERA, android.permission.WRITE_EXTERNAL_STORAGE, android.permission.RECORD_AUDIO, com.google.android.c2dm.permission.RECEIVE, me.everything.badger.permission.BADGE_COUNT_WRITE, android.permission.READ_APP_BADGE, com.huawei.android.launcher.permission.CHANGE_BADGE",No,No,No,Yes,Yes,No,No,Yes,No,No,No,No,No,No,No,No,No,TRUE,TRUE,TRUE,TRUE
O2 Finance,com.o2intlfin.loans,Nigeria/Approved,"android.permission.READ_CONTACTS, android.permission.POST_NOTIFICATIONS, android.permission.READ_EXTERNAL_STORAGE, android.permission.WRITE_EXTERNAL_STORAGE, android.permission.ACCESS_NETWORK_STATE, android.permission.WRITE_CONTACTS, com.google.android.c2dm.permission.RECEIVE, android.permission.GET_ACCOUNTS, android.permission.INTERNET, android.permission.ACCESS_COARSE_LOCATION, android.permission.WAKE_LOCK, com.o2intlfin.loans.DYNAMIC_RECEIVER_NOT_EXPORTED_PERMISSION, android.permission.ACCESS_FINE_LOCATION",Yes,No,No,Yes,Yes,No,No,No,No,No,No,No,No,No,No,No,Yes,TRUE,TRUE,TRUE,TRUE
MoneyPal,com.zedvance.moneypal,Nigeria/Approved,"com.majeur.launcher.permission.UPDATE_BADGE, android.permission.POST_NOTIFICATIONS, android.permission.USE_FULL_SCREEN_INTENT, com.zedvance.moneypal.permission.C2D_MESSAGE, android.permission.ACCESS_WIFI_STATE, me.everything.badger.permission.BADGE_COUNT_READ, com.sec.android.provider.badge.permission.READ, com.htc.launcher.permission.READ_SETTINGS, com.sonymobile.home.permission.PROVIDER_INSERT_BADGE, com.anddoes.launcher.permission.UPDATE_COUNT, com.huawei.android.launcher.permission.READ_SETTINGS, com.htc.launcher.permission.UPDATE_SHORTCUT, com.oppo.launcher.permission.WRITE_SETTINGS, android.permission.ACCESS_COARSE_LOCATION, com.huawei.android.launcher.permission.WRITE_SETTINGS, android.permission.WAKE_LOCK, com.oppo.launcher.permission.READ_SETTINGS, android.permission.USE_BIOMETRIC, android.permission.ACCESS_NETWORK_STATE, android.permission.VIBRATE, android.permission.USE_FINGERPRINT, android.permission.INTERNET, com.sonyericsson.home.permission.BROADCAST_BADGE, android.permission.RECEIVE_BOOT_COMPLETED, com.sec.android.provider.badge.permission.WRITE, android.permission.CAMERA, com.google.android.c2dm.permission.RECEIVE, android.permission.FOREGROUND_SERVICE, me.everything.badger.permission.BADGE_COUNT_WRITE, android.permission.READ_APP_BADGE, com.zedvance.moneypal.DYNAMIC_RECEIVER_NOT_EXPORTED_PERMISSION, com.huawei.android.launcher.permission.CHANGE_BADGE",No,No,No,No,No,No,No,No,No,No,No,No,No,No,No,No,No,FALSE,FALSE,FALSE,FALSE
Loanmate,com.bwfoxlending.nigeria,Nigeria/Approved,"android.permission.USE_FULL_SCREEN_INTENT, android.permission.POST_NOTIFICATIONS, android.permission.READ_SMS, android.permission.ACCESS_WIFI_STATE, android.permission.BLUETOOTH, android.permission.POST_NOTIFICATION, com.google.android.gms.permission.AD_ID, android.permission.ACCESS_COARSE_LOCATION, android.permission.WAKE_LOCK, com.bwfoxlending.nigeria.DYNAMIC_RECEIVER_NOT_EXPORTED_PERMISSION, android.permission.SCHEDULE_EXACT_ALARM, android.permission.ACCESS_NETWORK_STATE, android.permission.VIBRATE, android.permission.READ_PHONE_STATE, android.permission.INTERNET, com.google.android.finsky.permission.BIND_GET_INSTALL_REFERRER_SERVICE, android.permission.CHANGE_WIFI_STATE, android.permission.RECEIVE_BOOT_COMPLETED, android.permission.CAMERA, com.google.android.c2dm.permission.RECEIVE",No,No,No,No,No,No,No,No,No,No,No,Yes,No,Yes,No,No,No,FALSE,FALSE,TRUE,FALSE
@7F130025,co.tradedepot.shop,Nigeria/Approved,"android.permission.POST_NOTIFICATIONS, android.permission.VIDEO_CAPTURE, android.permission.WRITE_CONTACTS, android.permission.READ_CONTACTS, com.google.android.gms.permission.AD_ID, android.permission.READ_EXTERNAL_STORAGE, android.permission.ACCESS_COARSE_LOCATION, android.permission.WAKE_LOCK, android.permission.USE_BIOMETRIC, android.permission.READ_PHONE_STATE, android.permission.ACCESS_NETWORK_STATE, android.permission.VIBRATE, android.permission.USE_FINGERPRINT, android.permission.INTERNET, com.google.android.finsky.permission.BIND_GET_INSTALL_REFERRER_SERVICE, android.permission.SYSTEM_ALERT_WINDOW, android.permission.RECEIVE_BOOT_COMPLETED, android.permission.CAMERA, android.permission.WRITE_EXTERNAL_STORAGE, android.permission.RECORD_AUDIO, com.google.android.providers.gsf.permission.READ_GSERVICES, com.google.android.c2dm.permission.RECEIVE, android.permission.FOREGROUND_SERVICE, co.tradedepot.shop.DYNAMIC_RECEIVER_NOT_EXPORTED_PERMISSION, android.permission.ACCESS_FINE_LOCATION",Yes,No,No,Yes,Yes,No,No,No,No,No,No,Yes,No,No,No,No,Yes,TRUE,TRUE,TRUE,TRUE
HerVest,com.hervest,Nigeria/Approved,"android.permission.POST_NOTIFICATIONS, android.permission.READ_EXTERNAL_STORAGE, android.permission.USE_BIOMETRIC, android.permission.WRITE_EXTERNAL_STORAGE, android.permission.CAMERA, android.permission.RECORD_AUDIO, android.permission.ACCESS_NETWORK_STATE, android.permission.VIBRATE, android.permission.USE_FINGERPRINT, android.permission.INTERNET, com.google.android.c2dm.permission.RECEIVE, com.google.android.finsky.permission.BIND_GET_INSTALL_REFERRER_SERVICE, com.hervest.DYNAMIC_RECEIVER_NOT_EXPORTED_PERMISSION, android.permission.WAKE_LOCK, com.google.android.gms.permission.AD_ID",No,No,No,Yes,Yes,No,No,No,No,No,No,No,No,No,No,No,No,TRUE,TRUE,TRUE,TRUE
@7F120021,com.ogacash.app,Nigeria/Approved,"android.permission.POST_NOTIFICATIONS, android.permission.MODIFY_AUDIO_SETTINGS, android.permission.MANAGE_DOCUMENTS, android.permission.FOREGROUND_SERVICE_DATA_SYNC, android.permission.ACCESS_WIFI_STATE, android.permission.ACCESS_ADSERVICES_ATTRIBUTION, android.permission.DOWNLOAD_WITHOUT_NOTIFICATION, com.ogacash.app.DYNAMIC_RECEIVER_NOT_EXPORTED_PERMISSION, android.permission.ACCESS_COARSE_LOCATION, android.permission.WAKE_LOCK, android.permission.USE_BIOMETRIC, android.permission.READ_PHONE_STATE, android.permission.VIBRATE, android.permission.USE_FINGERPRINT, android.permission.ACCESS_NETWORK_STATE, android.permission.INTERNET, com.google.android.finsky.permission.BIND_GET_INSTALL_REFERRER_SERVICE, android.permission.ACCESS_ADSERVICES_AD_ID, android.permission.SYSTEM_ALERT_WINDOW, android.permission.READ_INTERNAL_STORAGE, android.permission.RECEIVE_BOOT_COMPLETED, android.permission.CAMERA, android.permission.RECORD_AUDIO, com.google.android.c2dm.permission.RECEIVE, android.permission.FOREGROUND_SERVICE, android.permission.WRITE_SETTINGS",No,No,No,No,No,No,No,No,No,No,No,Yes,No,No,No,No,No,FALSE,FALSE,TRUE,FALSE
@7F0E0022,com.silver.gooseplus.wallet.goosewallet,Nigeria/Approved,"android.permission.POST_NOTIFICATIONS, android.permission.READ_SMS, android.permission.ACCESS_WIFI_STATE, android.permission.ACCESS_ADSERVICES_ATTRIBUTION, com.google.android.gms.permission.AD_ID, android.permission.READ_CALENDAR, android.permission.READ_PRECISE_PHONE_STATE, android.permission.WRITE_CALENDAR, android.permission.ACCESS_COARSE_LOCATION, android.permission.READ_PRIVILEGED_PHONE_STATE, android.permission.WAKE_LOCK, android.permission.ACCESS_NETWORK_STATE, android.permission.READ_PHONE_STATE, com.silver.gooseplus.wallet.goosewallet.DYNAMIC_RECEIVER_NOT_EXPORTED_PERMISSION, android.permission.INTERNET, com.google.android.finsky.permission.BIND_GET_INSTALL_REFERRER_SERVICE, android.permission.ACCESS_ADSERVICES_AD_ID, android.permission.CHANGE_WIFI_STATE, android.permission.CAMERA, com.google.android.c2dm.permission.RECEIVE",No,No,No,No,No,No,No,No,No,No,No,Yes,Yes,Yes,No,No,No,FALSE,FALSE,TRUE,FALSE
LCredit Max,cashigo.loan.lcreditmax,Nigeria/Approved,"android.permission.POST_NOTIFICATIONS, android.permission.READ_SMS, cashigo.loan.lcreditmax.DYNAMIC_RECEIVER_NOT_EXPORTED_PERMISSION, android.permission.ACCESS_WIFI_STATE, android.permission.BLUETOOTH, com.google.android.gms.permission.AD_ID, android.permission.READ_CALENDAR, android.permission.WRITE_CALENDAR, android.permission.ACCESS_COARSE_LOCATION, android.permission.WAKE_LOCK, android.permission.BLUETOOTH_CONNECT, android.permission.READ_PHONE_STATE, android.permission.ACCESS_NETWORK_STATE, android.permission.INTERNET, com.asus.msa.SupplementaryDID.ACCESS, com.google.android.finsky.permission.BIND_GET_INSTALL_REFERRER_SERVICE, android.permission.CHANGE_NETWORK_STATE, android.permission.CHANGE_WIFI_STATE, freemme.permission.msa, com.google.android.c2dm.permission.RECEIVE, android.permission.FOREGROUND_SERVICE, android.permission.WRITE_SETTINGS",No,No,No,No,No,No,No,No,No,No,No,Yes,No,Yes,No,No,No,FALSE,FALSE,TRUE,FALSE
@7F10001C,com.smart.loan.money.smartloan,Nigeria/Approved,"android.permission.READ_CALENDAR, android.permission.WRITE_CALENDAR, android.permission.READ_SMS, android.permission.ACCESS_WIFI_STATE, android.permission.CAMERA, android.permission.ACCESS_NETWORK_STATE, android.permission.READ_PHONE_STATE, com.google.android.c2dm.permission.RECEIVE, android.permission.INTERNET, com.google.android.finsky.permission.BIND_GET_INSTALL_REFERRER_SERVICE, android.permission.ACCESS_COARSE_LOCATION, android.permission.WAKE_LOCK, com.google.android.gms.permission.AD_ID, android.permission.ACCESS_ADSERVICES_AD_ID",No,No,No,No,No,No,No,No,No,No,No,Yes,No,Yes,No,No,No,FALSE,FALSE,TRUE,FALSE
Klump,com.klump.inc.mobile,Nigeria/Approved,"com.klump.inc.mobile.DYNAMIC_RECEIVER_NOT_EXPORTED_PERMISSION, android.permission.POST_NOTIFICATIONS, android.permission.READ_EXTERNAL_STORAGE, android.permission.CAMERA, android.permission.WRITE_EXTERNAL_STORAGE, android.permission.RECORD_AUDIO, android.permission.ACCESS_NETWORK_STATE, com.google.android.c2dm.permission.RECEIVE, android.permission.ACCESS_ADSERVICES_ATTRIBUTION, android.permission.INTERNET, com.google.android.finsky.permission.BIND_GET_INSTALL_REFERRER_SERVICE, android.permission.WAKE_LOCK, com.google.android.gms.permission.AD_ID, android.permission.ACCESS_ADSERVICES_AD_ID",No,No,No,Yes,Yes,No,No,No,No,No,No,No,No,No,No,No,No,TRUE,TRUE,TRUE,TRUE
WayaCredit,com.mycrat.wayacreditng,Nigeria/Approved,"android.permission.READ_SMS, android.permission.ACCESS_WIFI_STATE, com.mycrat.wayacreditng.DYNAMIC_RECEIVER_NOT_EXPORTED_PERMISSION, android.permission.READ_CALL_LOG, com.google.android.gms.permission.AD_ID, android.permission.REQUIRE_SECURE_ENV, android.permission.ACCESS_COARSE_LOCATION, android.permission.WAKE_LOCK, android.permission.ACCESS_NETWORK_STATE, android.permission.READ_PHONE_STATE, android.permission.VIBRATE, android.permission.INTERNET, com.google.android.finsky.permission.BIND_GET_INSTALL_REFERRER_SERVICE, android.permission.HIGH_SAMPLING_RATE_SENSORS, android.permission.CHANGE_WIFI_STATE, android.permission.RECEIVE_BOOT_COMPLETED, com.google.android.providers.gsf.permission.READ_GSERVICES, android.permission.CAMERA, com.google.android.c2dm.permission.RECEIVE, android.permission.FOREGROUND_SERVICE",No,Yes,No,No,No,No,No,No,No,No,No,Yes,No,Yes,No,No,No,TRUE,FALSE,TRUE,TRUE
PearlCash,com.nigeria.app.vsnaira,Nigeria/Approved,"com.nigeria.app.vsnaira.DYNAMIC_RECEIVER_NOT_EXPORTED_PERMISSION, android.permission.POST_NOTIFICATIONS, android.permission.READ_SMS, android.permission.ACCESS_WIFI_STATE, android.permission.CAMERA, android.permission.VIBRATE, android.permission.ACCESS_NETWORK_STATE, com.google.android.c2dm.permission.RECEIVE, android.permission.INTERNET, com.google.android.finsky.permission.BIND_GET_INSTALL_REFERRER_SERVICE, android.permission.CHANGE_NETWORK_STATE, android.permission.ACCESS_COARSE_LOCATION, android.permission.HIGH_SAMPLING_RATE_SENSORS, android.permission.WAKE_LOCK, com.google.android.gms.permission.AD_ID, android.permission.CHANGE_WIFI_STATE",No,No,No,No,No,No,No,No,No,No,No,No,No,Yes,No,No,No,FALSE,FALSE,TRUE,FALSE
Pilla,com.investment.pilla,Nigeria/Approved,"android.permission.POST_NOTIFICATIONS, android.permission.READ_EXTERNAL_STORAGE, android.permission.USE_BIOMETRIC, android.permission.VIBRATE, android.permission.ACCESS_NETWORK_STATE, android.permission.ACCESS_ADSERVICES_ATTRIBUTION, com.google.android.c2dm.permission.RECEIVE, android.permission.INTERNET, com.google.android.finsky.permission.BIND_GET_INSTALL_REFERRER_SERVICE, android.permission.USE_FINGERPRINT, android.permission.WAKE_LOCK, com.investment.pilla.DYNAMIC_RECEIVER_NOT_EXPORTED_PERMISSION, android.permission.ACCESS_ADSERVICES_AD_ID",No,No,No,Yes,No,No,No,No,No,No,No,No,No,No,No,No,No,TRUE,TRUE,TRUE,TRUE
@7F120025,com.otoreport.apkpayfimobile,Nigeria/Approved,"android.permission.POST_NOTIFICATIONS, android.permission.BLUETOOTH, android.permission.GET_ACCOUNTS, android.permission.READ_CONTACTS, com.google.android.gms.permission.AD_ID, android.permission.BLUETOOTH_ADMIN, android.permission.READ_EXTERNAL_STORAGE, android.permission.ACCESS_COARSE_LOCATION, android.permission.READ_PRIVILEGED_PHONE_STATE, android.permission.WAKE_LOCK, android.permission.BLUETOOTH_SCAN, android.permission.BLUETOOTH_CONNECT, android.permission.ACCESS_NETWORK_STATE, android.permission.VIBRATE, android.permission.READ_PHONE_STATE, android.permission.INTERNET, com.google.android.finsky.permission.BIND_GET_INSTALL_REFERRER_SERVICE, android.permission.NFC, com.otoreport.apkpayfimobile.DYNAMIC_RECEIVER_NOT_EXPORTED_PERMISSION, android.permission.CAMERA, com.otoreport.apkpayfimobile.permission.C2D_MESSAGE, com.google.android.c2dm.permission.RECEIVE, android.permission.ACCESS_FINE_LOCATION",Yes,No,No,Yes,No,No,No,No,No,No,No,Yes,No,No,No,No,Yes,TRUE,TRUE,TRUE,TRUE
Payfi,com.payfi.ng,Nigeria/Approved,"android.permission.POST_NOTIFICATIONS, android.permission.VIDEO_CAPTURE, android.permission.MODIFY_AUDIO_SETTINGS, android.permission.ACCESS_WIFI_STATE, android.permission.ACCESS_BACKGROUND_LOCATION, android.permission.READ_CONTACTS, com.google.android.gms.permission.AD_ID, android.permission.READ_EXTERNAL_STORAGE, android.permission.AUDIO_CAPTURE, android.permission.ACCESS_COARSE_LOCATION, android.permission.WAKE_LOCK, android.permission.USE_BIOMETRIC, android.permission.SCHEDULE_EXACT_ALARM, android.permission.ACCESS_NETWORK_STATE, android.permission.USE_FINGERPRINT, android.permission.INTERNET, com.google.android.finsky.permission.BIND_GET_INSTALL_REFERRER_SERVICE, android.permission.RECEIVE_BOOT_COMPLETED, android.permission.WRITE_EXTERNAL_STORAGE, android.permission.CAMERA, android.permission.RECORD_AUDIO, com.google.android.c2dm.permission.RECEIVE, android.permission.FOREGROUND_SERVICE, android.permission.ACCESS_FINE_LOCATION",Yes,No,No,Yes,Yes,No,No,No,No,No,No,No,No,No,No,No,Yes,TRUE,TRUE,TRUE,TRUE
@7F120046,com.paycredit.app,Nigeria/Approved,"com.majeur.launcher.permission.UPDATE_BADGE, android.permission.POST_NOTIFICATIONS, com.sec.android.provider.badge.permission.READ, com.htc.launcher.permission.READ_SETTINGS, com.sonymobile.home.permission.PROVIDER_INSERT_BADGE, me.everything.badger.permission.BADGE_COUNT_READ, com.anddoes.launcher.permission.UPDATE_COUNT, com.huawei.android.launcher.permission.READ_SETTINGS, com.htc.launcher.permission.UPDATE_SHORTCUT, com.oppo.launcher.permission.WRITE_SETTINGS, android.permission.WAKE_LOCK, com.huawei.android.launcher.permission.WRITE_SETTINGS, com.oppo.launcher.permission.READ_SETTINGS, android.permission.ACCESS_NETWORK_STATE, android.permission.VIBRATE, android.permission.READ_PHONE_STATE, android.permission.INTERNET, com.sonyericsson.home.permission.BROADCAST_BADGE, android.permission.RECEIVE_BOOT_COMPLETED, com.sec.android.provider.badge.permission.WRITE, android.permission.CAMERA, com.paycredit.app.permission.C2D_MESSAGE, com.google.android.c2dm.permission.RECEIVE, android.permission.FOREGROUND_SERVICE, me.everything.badger.permission.BADGE_COUNT_WRITE, android.permission.READ_APP_BADGE, com.huawei.android.launcher.permission.CHANGE_BADGE",No,No,No,No,No,No,No,No,No,No,No,Yes,No,No,No,No,No,FALSE,FALSE,TRUE,FALSE
@7F14008C,com.branch_international.branch.branch_demo_android,Nigeria/Approved,"com.majeur.launcher.permission.UPDATE_BADGE, android.permission.POST_NOTIFICATIONS, android.permission.READ_SMS, android.permission.ACCESS_WIFI_STATE, android.permission.ACCESS_ADSERVICES_ATTRIBUTION, android.permission.READ_CONTACTS, com.google.android.gms.permission.AD_ID, com.sec.android.provider.badge.permission.READ, com.htc.launcher.permission.READ_SETTINGS, com.sonymobile.home.permission.PROVIDER_INSERT_BADGE, android.permission.READ_CALENDAR, me.everything.badger.permission.BADGE_COUNT_READ, android.permission.WRITE_CALENDAR, com.anddoes.launcher.permission.UPDATE_COUNT, com.huawei.android.launcher.permission.READ_SETTINGS, com.htc.launcher.permission.UPDATE_SHORTCUT, com.oppo.launcher.permission.WRITE_SETTINGS, android.permission.ACCESS_COARSE_LOCATION, android.permission.WAKE_LOCK, com.branch_international.branch.branch_demo_android.DYNAMIC_RECEIVER_NOT_EXPORTED_PERMISSION, com.huawei.android.launcher.permission.WRITE_SETTINGS, com.oppo.launcher.permission.READ_SETTINGS, android.permission.USE_BIOMETRIC, android.permission.ACCESS_NETWORK_STATE, android.permission.VIBRATE, android.permission.USE_FINGERPRINT, android.permission.READ_OWNER_DATA, android.permission.INTERNET, com.google.android.finsky.permission.BIND_GET_INSTALL_REFERRER_SERVICE, BIND_GET_INSTALL_REFERRER_SERVICE, com.android.vending.CHECK_LICENSE, android.permission.SYSTEM_ALERT_WINDOW, android.permission.ACCESS_ADSERVICES_AD_ID, android.permission.NFC, com.sonyericsson.home.permission.BROADCAST_BADGE, android.permission.RECEIVE_BOOT_COMPLETED, com.sec.android.provider.badge.permission.WRITE, android.permission.CAMERA, com.google.android.providers.gsf.permission.READ_GSERVICES, com.google.android.c2dm.permission.RECEIVE, android.permission.FOREGROUND_SERVICE, me.everything.badger.permission.BADGE_COUNT_WRITE, android.permission.READ_APP_BADGE, com.huawei.android.launcher.permission.CHANGE_BADGE",Yes,No,No,No,No,No,No,No,No,No,No,No,No,Yes,No,No,No,TRUE,TRUE,TRUE,TRUE
@7F12001F,com.aladdin.digital,Nigeria/Approved,"com.majeur.launcher.permission.UPDATE_BADGE, android.permission.POST_NOTIFICATIONS, android.permission.MODIFY_AUDIO_SETTINGS, android.permission.ACCESS_ADSERVICES_ATTRIBUTION, android.permission.WRITE_CONTACTS, android.permission.READ_CONTACTS, com.google.android.gms.permission.AD_ID, com.sec.android.provider.badge.permission.READ, com.htc.launcher.permission.READ_SETTINGS, com.sonymobile.home.permission.PROVIDER_INSERT_BADGE, me.everything.badger.permission.BADGE_COUNT_READ, android.permission.READ_EXTERNAL_STORAGE, com.anddoes.launcher.permission.UPDATE_COUNT, com.huawei.android.launcher.permission.READ_SETTINGS, com.htc.launcher.permission.UPDATE_SHORTCUT, com.oppo.launcher.permission.WRITE_SETTINGS, android.permission.WAKE_LOCK, android.permission.READ_MEDIA_IMAGES, com.huawei.android.launcher.permission.WRITE_SETTINGS, com.oppo.launcher.permission.READ_SETTINGS, android.permission.READ_MEDIA_VIDEO, com.huawei.appmarket.service.commondata.permission.GET_COMMON_DATA, android.permission.USE_BIOMETRIC, android.permission.VIBRATE, android.permission.ACCESS_NETWORK_STATE, android.permission.USE_FINGERPRINT, com.aladdin.digital.DYNAMIC_RECEIVER_NOT_EXPORTED_PERMISSION, android.permission.INTERNET, com.google.android.finsky.permission.BIND_GET_INSTALL_REFERRER_SERVICE, android.permission.SYSTEM_ALERT_WINDOW, com.sonyericsson.home.permission.BROADCAST_BADGE, android.permission.RECEIVE_BOOT_COMPLETED, com.sec.android.provider.badge.permission.WRITE, android.permission.CAMERA, android.permission.WRITE_EXTERNAL_STORAGE, android.permission.RECORD_AUDIO, com.google.android.c2dm.permission.RECEIVE, me.everything.badger.permission.BADGE_COUNT_WRITE, android.permission.READ_APP_BADGE, com.huawei.android.launcher.permission.CHANGE_BADGE",Yes,No,No,Yes,Yes,No,No,No,Yes,Yes,No,No,No,No,No,No,No,TRUE,TRUE,TRUE,TRUE
Moni,com.rank.moni,Nigeria/Approved,"android.permission.POST_NOTIFICATIONS, android.permission.MODIFY_AUDIO_SETTINGS, android.permission.ACCESS_ADSERVICES_ATTRIBUTION, android.permission.WRITE_CONTACTS, android.permission.ACCESS_MEDIA_LOCATION, android.permission.READ_CONTACTS, com.google.android.gms.permission.AD_ID, android.permission.READ_EXTERNAL_STORAGE, android.permission.ACTION_MANAGE_ALL_FILES_ACCESS_PERMISSION, android.permission.ACCESS_COARSE_LOCATION, android.permission.WAKE_LOCK, android.permission.USE_BIOMETRIC, android.permission.ACCESS_NETWORK_STATE, android.permission.VIBRATE, android.permission.USE_FINGERPRINT, android.permission.INTERNET, com.google.android.finsky.permission.BIND_GET_INSTALL_REFERRER_SERVICE, android.permission.ACCESS_ADSERVICES_AD_ID, android.permission.NFC, android.permission.WRITE_EXTERNAL_STORAGE, android.permission.CAMERA, android.permission.RECORD_AUDIO, com.rank.moni.permission.WRITE_SCHEDULE, android.permission.FOREGROUND_SERVICE, com.google.android.c2dm.permission.RECEIVE, com.rank.moni.DYNAMIC_RECEIVER_NOT_EXPORTED_PERMISSION, android.permission.ACCESS_FINE_LOCATION",Yes,No,No,Yes,Yes,No,No,No,No,No,No,No,No,No,No,No,Yes,TRUE,TRUE,TRUE,TRUE
@7F100022,com.lairaplus.naira.loan.nigeria,Nigeria/Approved,"com.samsung.android.mapsagent.permission.READ_APP_INFO, android.permission.READ_SMS, com.huawei.appmarket.service.commondata.permission.GET_COMMON_DATA, android.permission.BLUETOOTH, android.permission.CAMERA, android.permission.ACCESS_NETWORK_STATE, android.permission.ACCESS_ADSERVICES_ATTRIBUTION, com.lairaplus.naira.loan.nigeria.DYNAMIC_RECEIVER_NOT_EXPORTED_PERMISSION, android.permission.INTERNET, com.google.android.finsky.permission.BIND_GET_INSTALL_REFERRER_SERVICE, android.permission.ACCESS_COARSE_LOCATION, android.permission.WAKE_LOCK, com.google.android.gms.permission.AD_ID, com.android.vending.CHECK_LICENSE",No,No,No,No,No,No,No,No,No,No,No,No,No,Yes,No,No,No,FALSE,FALSE,TRUE,FALSE
NCASH,com.ng.product.ncash,Nigeria/Approved,"android.permission.POST_NOTIFICATIONS, android.permission.READ_SMS, android.permission.ACCESS_WIFI_STATE, android.permission.GET_ACCOUNTS, com.google.android.gms.permission.AD_ID, android.permission.READ_CALENDAR, android.permission.ACCESS_COARSE_LOCATION, android.permission.WAKE_LOCK, android.permission.PACKAGE_USAGE_STATS, android.permission.GET_PACKAGE_SIZE, android.permission.ACCESS_NETWORK_STATE, android.permission.READ_PHONE_STATE, android.permission.VIBRATE, android.permission.INTERNET, com.google.android.finsky.permission.BIND_GET_INSTALL_REFERRER_SERVICE, android.permission.GET_TASKS, android.permission.CHANGE_WIFI_STATE, android.permission.RESTART_PACKAGES, android.permission.CAMERA, android.permission.AUTHENTICATE_ACCOUNTS, com.google.android.c2dm.permission.RECEIVE, android.permission.BATTERY_STATS, android.permission.WRITE_SETTINGS",No,No,No,No,No,No,No,No,No,No,No,Yes,No,Yes,No,No,No,FALSE,FALSE,TRUE,FALSE
ivy Credit,com.ivy.cred,Nigeria/Approved,"android.permission.ACCESS_COARSE_LOCATION, android.permission.INTERNET, com.ivy.cred.DYNAMIC_RECEIVER_NOT_EXPORTED_PERMISSION, com.android.vending.CHECK_LICENSE",No,No,No,No,No,No,No,No,No,No,No,No,No,No,No,No,No,FALSE,FALSE,FALSE,FALSE
AjeLoan,ng.com.ajeloan,Nigeria/Approved,"android.permission.LOCAL_MAC_ADDRESS, android.permission.READ_SMS, android.permission.ACCESS_WIFI_STATE, android.permission.BLUETOOTH, android.permission.CAMERA, android.permission.BLUETOOTH_CONNECT, android.permission.ACCESS_NETWORK_STATE, android.permission.READ_PHONE_STATE, ng.com.ajeloan.permission.JPUSH_MESSAGE, ng.com.ajeloan.permission.RECEIVE_USER_PRESENT, android.permission.INTERNET, android.permission.MOUNT_UNMOUNT_FILESYSTEMS, com.google.android.finsky.permission.BIND_GET_INSTALL_REFERRER_SERVICE, com.google.android.c2dm.permission.RECEIVE, android.permission.ACCESS_COARSE_LOCATION, android.permission.WAKE_LOCK, com.google.android.gms.permission.AD_ID, android.permission.CHANGE_WIFI_STATE",No,No,No,No,No,No,No,No,No,No,No,Yes,No,Yes,No,No,No,FALSE,FALSE,TRUE,FALSE
@7F0E0022,com.loan.nicekash,Nigeria/Approved,"android.permission.READ_SMS, android.permission.ACCESS_WIFI_STATE, android.permission.CAMERA, android.permission.MOUNT_UNMOUNT_FILESYSTEMS, android.permission.ACCESS_NETWORK_STATE, android.permission.READ_PHONE_STATE, android.permission.BROADCAST_STICKY, android.permission.INTERNET, android.permission.ACCESS_COARSE_LOCATION, com.google.android.finsky.permission.BIND_GET_INSTALL_REFERRER_SERVICE, android.permission.READ_PRIVILEGED_PHONE_STATE, android.permission.WAKE_LOCK, com.google.android.gms.permission.AD_ID",No,No,No,No,No,No,No,No,No,No,No,Yes,No,Yes,No,No,No,FALSE,FALSE,TRUE,FALSE
Floatr,com.floatr.app,Nigeria/Approved,"com.floatr.app.DYNAMIC_RECEIVER_NOT_EXPORTED_PERMISSION, android.permission.POST_NOTIFICATIONS, android.permission.USE_FULL_SCREEN_INTENT, android.permission.RECEIVE_BOOT_COMPLETED, android.permission.USE_BIOMETRIC, android.permission.SCHEDULE_EXACT_ALARM, android.permission.CAMERA, android.permission.ACCESS_NETWORK_STATE, android.permission.VIBRATE, android.permission.RECORD_AUDIO, android.permission.USE_FINGERPRINT, android.permission.INTERNET, com.google.android.c2dm.permission.RECEIVE, android.permission.WAKE_LOCK",No,No,No,No,No,No,No,No,No,No,No,No,No,No,No,No,No,FALSE,FALSE,FALSE,FALSE
@7F0E001C,io.ionic.riverbank,Nigeria/Approved,"android.permission.POST_NOTIFICATIONS, android.permission.READ_EXTERNAL_STORAGE, android.permission.RECEIVE_BOOT_COMPLETED, android.permission.MODIFY_AUDIO_SETTINGS, android.permission.CAMERA, android.permission.WRITE_EXTERNAL_STORAGE, android.permission.VIBRATE, android.permission.ACCESS_NETWORK_STATE, com.google.android.c2dm.permission.RECEIVE, android.permission.FOREGROUND_SERVICE, android.permission.INTERNET, android.permission.ACCESS_BACKGROOUND_LOCATION, io.ionic.riverbank.DYNAMIC_RECEIVER_NOT_EXPORTED_PERMISSION, android.permission.ACCESS_COARSE_LOCATION, android.permission.WAKE_LOCK, android.permission.READ_MEDIA_IMAGES, android.permission.ACCESS_FINE_LOCATION",No,No,No,Yes,Yes,No,No,No,Yes,No,No,No,No,No,No,No,Yes,TRUE,TRUE,TRUE,TRUE
@7F100036,co.shara.lite,Nigeria/Approved,"com.majeur.launcher.permission.UPDATE_BADGE, co.shara.lite.permission.C2D_MESSAGE, android.permission.ACCESS_WIFI_STATE, android.permission.WRITE_CONTACTS, android.permission.WRITE_PROFILE, android.permission.READ_CONTACTS, com.google.android.gms.permission.AD_ID, com.sec.android.provider.badge.permission.READ, com.htc.launcher.permission.READ_SETTINGS, com.sonymobile.home.permission.PROVIDER_INSERT_BADGE, me.everything.badger.permission.BADGE_COUNT_READ, android.permission.READ_EXTERNAL_STORAGE, co.shara.lite.DYNAMIC_RECEIVER_NOT_EXPORTED_PERMISSION, com.anddoes.launcher.permission.UPDATE_COUNT, android.permission.READ_PROFILE, com.huawei.android.launcher.permission.READ_SETTINGS, com.htc.launcher.permission.UPDATE_SHORTCUT, co.shara.lite.permission.WRITE_SCHEDULE, com.oppo.launcher.permission.WRITE_SETTINGS, android.permission.ACCESS_COARSE_LOCATION, android.permission.WAKE_LOCK, com.huawei.android.launcher.permission.WRITE_SETTINGS, com.oppo.launcher.permission.READ_SETTINGS, android.permission.ACCESS_NETWORK_STATE, android.permission.VIBRATE, android.permission.INTERNET, com.google.android.finsky.permission.BIND_GET_INSTALL_REFERRER_SERVICE, com.android.vending.CHECK_LICENSE, com.sonyericsson.home.permission.BROADCAST_BADGE, android.permission.RECEIVE_BOOT_COMPLETED, com.sec.android.provider.badge.permission.WRITE, android.permission.CAMERA, android.permission.WRITE_EXTERNAL_STORAGE, android.permission.RECORD_AUDIO, com.google.android.providers.gsf.permission.READ_GSERVICES, com.google.android.c2dm.permission.RECEIVE, android.permission.FOREGROUND_SERVICE, me.everything.badger.permission.BADGE_COUNT_WRITE, android.permission.READ_APP_BADGE, com.huawei.android.launcher.permission.CHANGE_BADGE, android.permission.ACCESS_FINE_LOCATION",Yes,No,No,Yes,Yes,No,No,No,No,No,No,No,No,No,No,No,Yes,TRUE,TRUE,TRUE,TRUE
@7F0D001C,apptwo.credlockng.com,Nigeria/Approved,"android.permission.INTERNET, android.permission.ACCESS_NETWORK_STATE, apptwo.credlockng.com.DYNAMIC_RECEIVER_NOT_EXPORTED_PERMISSION",No,No,No,No,No,No,No,No,No,No,No,No,No,No,No,No,No,FALSE,FALSE,FALSE,FALSE
@7F1310E8,com.transsnet.palmpay,Nigeria/Approved,"com.transsion.tpush.permission.READ_PROVIDER, android.permission.POST_NOTIFICATIONS, android.permission.ACCESS_WIFI_STATE, android.permission.BLUETOOTH, com.transsnet.palmpay.DYNAMIC_RECEIVER_NOT_EXPORTED_PERMISSION, android.permission.ACCESS_ADSERVICES_ATTRIBUTION, com.google.android.gms.permission.AD_ID, android.permission.KILL_BACKGROUND_PROCESSES, android.permission.BLUETOOTH_ADMIN, android.permission.CALL_PHONE, com.transsion.dataservice.permission.READ, android.permission.ACCESS_COARSE_LOCATION, android.permission.WAKE_LOCK, android.permission.BLUETOOTH_SCAN, com.huawei.appmarket.service.commondata.permission.GET_COMMON_DATA, android.permission.USE_BIOMETRIC, android.permission.BLUETOOTH_CONNECT, android.permission.ACCESS_NETWORK_STATE, android.permission.READ_PHONE_STATE, android.permission.USE_FINGERPRINT, android.permission.VIBRATE, android.permission.INTERNET, com.google.android.finsky.permission.BIND_GET_INSTALL_REFERRER_SERVICE, com.transsion.tpush.permission.WRITE_PROVIDER, android.permission.CHANGE_WIFI_STATE, android.permission.SYSTEM_ALERT_WINDOW, android.permission.RECEIVE_BOOT_COMPLETED, android.permission.FLASHLIGHT, android.permission.CAMERA, com.google.android.providers.gsf.permission.READ_GSERVICES, com.google.android.c2dm.permission.RECEIVE, android.permission.FOREGROUND_SERVICE, android.permission.FOREGROUND_SERVICE_MEDIA_PLAYBACK, android.permission.BLUETOOTH_ADVERTISE, com.transsion.dataservice.permission.WRITE, android.permission.DETECT_SCREEN_CAPTURE",No,No,No,No,No,No,No,No,No,No,No,Yes,No,No,No,No,No,FALSE,FALSE,TRUE,FALSE
Hcwallet,com.ng.haloocredit,Nigeria/Approved,"android.permission.READ_CALENDAR, android.permission.WRITE_CALENDAR, android.permission.ACCESS_LOCATION_EXTRA_COMMANDS, android.permission.ACCESS_WIFI_STATE, android.permission.CAMERA, android.permission.RECORD_AUDIO, android.permission.READ_PHONE_STATE, android.permission.ACCESS_NETWORK_STATE, android.permission.INTERNET, com.google.android.finsky.permission.BIND_GET_INSTALL_REFERRER_SERVICE, android.permission.READ_CALL_LOG, android.permission.CHANGE_NETWORK_STATE, android.permission.ACCESS_COARSE_LOCATION, android.permission.WAKE_LOCK, com.google.android.gms.permission.AD_ID, android.permission.CHANGE_WIFI_STATE",No,Yes,No,No,No,No,No,No,No,No,No,Yes,No,No,No,No,No,TRUE,FALSE,TRUE,TRUE
CreditBox,com.box.creditt,Nigeria/Approved,"android.permission.ACCESS_WIFI_STATE, android.permission.CAMERA, android.permission.READ_PHONE_STATE, android.permission.ACCESS_NETWORK_STATE, android.permission.INTERNET, android.permission.ACCESS_COARSE_LOCATION, android.permission.WAKE_LOCK, android.permission.CHANGE_WIFI_STATE",No,No,No,No,No,No,No,No,No,No,No,Yes,No,No,No,No,No,FALSE,FALSE,TRUE,FALSE
Pennee,com.pennee.tech,Nigeria/Approved,"android.permission.POST_NOTIFICATIONS, android.permission.MODIFY_AUDIO_SETTINGS, android.permission.ACCESS_WIFI_STATE, com.google.android.gms.permission.AD_ID, android.permission.READ_EXTERNAL_STORAGE, android.permission.ACCESS_COARSE_LOCATION, android.permission.WAKE_LOCK, android.permission.USE_BIOMETRIC, android.permission.READ_PHONE_STATE, android.permission.ACCESS_NETWORK_STATE, android.permission.VIBRATE, android.permission.USE_FINGERPRINT, android.permission.INTERNET, com.google.android.finsky.permission.BIND_GET_INSTALL_REFERRER_SERVICE, android.permission.CAMERA, android.permission.WRITE_EXTERNAL_STORAGE, android.permission.RECORD_AUDIO, com.google.android.c2dm.permission.RECEIVE, android.permission.FOREGROUND_SERVICE, android.permission.ACCESS_FINE_LOCATION",No,No,No,Yes,Yes,No,No,No,No,No,No,Yes,No,No,No,No,Yes,TRUE,TRUE,TRUE,TRUE
Incash,com.nig.incash.org,Nigeria/Approved,"com.nig.incash.org.DYNAMIC_RECEIVER_NOT_EXPORTED_PERMISSION, android.permission.POST_NOTIFICATIONS, android.permission.USE_FULL_SCREEN_INTENT, android.permission.READ_EXTERNAL_STORAGE, android.permission.RECEIVE_BOOT_COMPLETED, android.permission.USE_BIOMETRIC, android.permission.WRITE_EXTERNAL_STORAGE, android.permission.SCHEDULE_EXACT_ALARM, android.permission.ACCESS_NETWORK_STATE, android.permission.VIBRATE, android.permission.USE_FINGERPRINT, com.google.android.c2dm.permission.RECEIVE, android.permission.INTERNET, com.google.android.finsky.permission.BIND_GET_INSTALL_REFERRER_SERVICE, android.permission.FOREGROUND_SERVICE, android.permission.WAKE_LOCK, com.google.android.gms.permission.AD_ID",No,No,No,Yes,Yes,No,No,No,No,No,No,No,No,No,No,No,No,TRUE,TRUE,TRUE,TRUE
FlashCredit,com.loan.aceloan,Nigeria/Approved,"com.loan.aceloan.other_temp5, android.permission.WRITE_CALENDAR, android.permission.POST_NOTIFICATIONS, com.loan.aceloan.DYNAMIC_RECEIVER_NOT_EXPORTED_PERMISSION, android.permission.ACCESS_WIFI_STATE, android.permission.CAMERA, android.permission.ACCESS_NETWORK_STATE, com.google.android.c2dm.permission.RECEIVE, android.permission.INTERNET, com.google.android.finsky.permission.BIND_GET_INSTALL_REFERRER_SERVICE, android.permission.ACCESS_COARSE_LOCATION, android.permission.WAKE_LOCK, com.google.android.gms.permission.AD_ID, com.loan.aceloan.other_temp1",No,No,No,No,No,No,No,No,No,No,No,No,No,No,No,No,No,FALSE,FALSE,FALSE,FALSE
@7F130022,com.kiakiafinance.app,Nigeria/Approved,"android.permission.POST_NOTIFICATIONS, android.permission.VIDEO_CAPTURE, android.permission.MODIFY_AUDIO_SETTINGS, android.permission.ACCESS_ADSERVICES_ATTRIBUTION, android.permission.WRITE_CONTACTS, android.permission.READ_CONTACTS, com.google.android.gms.permission.AD_ID, android.permission.READ_EXTERNAL_STORAGE, com.kiakiafinance.app.permission.WRITE_SCHEDULE, android.permission.WAKE_LOCK, android.permission.USE_BIOMETRIC, android.permission.ACCESS_NETWORK_STATE, android.permission.VIBRATE, android.permission.USE_FINGERPRINT, android.permission.INTERNET, com.google.android.finsky.permission.BIND_GET_INSTALL_REFERRER_SERVICE, android.permission.ACCESS_ADSERVICES_AD_ID, android.permission.CAMERA, android.permission.WRITE_EXTERNAL_STORAGE, android.permission.RECORD_AUDIO, com.google.android.c2dm.permission.RECEIVE, com.kiakiafinance.app.DYNAMIC_RECEIVER_NOT_EXPORTED_PERMISSION",Yes,No,No,Yes,Yes,No,No,No,No,No,No,No,No,No,No,No,No,TRUE,TRUE,TRUE,TRUE
@7F140057,ng.com.fairmoney.fairmoney,Nigeria/Approved,"android.permission.POST_NOTIFICATIONS, android.permission.READ_SMS, android.permission.ACCESS_WIFI_STATE, android.permission.BLUETOOTH, android.permission.ACCESS_ADSERVICES_ATTRIBUTION, android.permission.GET_ACCOUNTS, android.permission.ACCESS_BACKGROUND_LOCATION, android.permission.READ_CONTACTS, com.google.android.gms.permission.AD_ID, android.permission.READ_CALENDAR, android.permission.READ_EXTERNAL_STORAGE, android.permission.ACCESS_COARSE_LOCATION, android.permission.WAKE_LOCK, android.permission.READ_MEDIA_IMAGES, android.permission.READ_MEDIA_VIDEO, android.permission.USE_BIOMETRIC, android.permission.READ_PHONE_STATE, android.permission.ACCESS_NETWORK_STATE, android.permission.READ_MEDIA_AUDIO, android.permission.QUERY_ALL_PACKAGES, android.permission.INTERNET, android.permission.USE_FINGERPRINT, android.permission.VIBRATE, com.google.android.finsky.permission.BIND_GET_INSTALL_REFERRER_SERVICE, android.permission.REORDER_TASKS, ng.com.fairmoney.fairmoney.DYNAMIC_RECEIVER_NOT_EXPORTED_PERMISSION, android.permission.ACCESS_ADSERVICES_AD_ID, android.permission.FOREGROUND_SERVICE_LOCATION, android.permission.RECEIVE_BOOT_COMPLETED, android.permission.WRITE_EXTERNAL_STORAGE, android.permission.CAMERA, com.google.android.c2dm.permission.RECEIVE, android.permission.FOREGROUND_SERVICE, android.permission.READ_MEDIA_VISUAL_USER_SELECTED, android.permission.ACCESS_FINE_LOCATION",Yes,No,No,Yes,Yes,No,No,Yes,Yes,Yes,No,Yes,No,Yes,No,Yes,Yes,TRUE,TRUE,TRUE,TRUE
@7F0E0022,com.loan.new.maxmoni,Nigeria/Approved,"android.permission.READ_SMS, android.permission.ACCESS_WIFI_STATE, android.permission.CAMERA, android.permission.MOUNT_UNMOUNT_FILESYSTEMS, android.permission.ACCESS_NETWORK_STATE, android.permission.READ_PHONE_STATE, android.permission.BROADCAST_STICKY, android.permission.INTERNET, android.permission.ACCESS_COARSE_LOCATION, com.google.android.finsky.permission.BIND_GET_INSTALL_REFERRER_SERVICE, android.permission.READ_PRIVILEGED_PHONE_STATE, android.permission.WAKE_LOCK, com.google.android.gms.permission.AD_ID",No,No,No,No,No,No,No,No,No,No,No,Yes,No,Yes,No,No,No,FALSE,FALSE,TRUE,FALSE
@7F0E001C,com.loan.naira.now,Nigeria/Approved,"android.permission.READ_SMS, android.permission.ACCESS_WIFI_STATE, android.permission.CAMERA, android.permission.MOUNT_UNMOUNT_FILESYSTEMS, android.permission.ACCESS_NETWORK_STATE, android.permission.READ_PHONE_STATE, android.permission.BROADCAST_STICKY, android.permission.INTERNET, android.permission.ACCESS_COARSE_LOCATION, com.google.android.finsky.permission.BIND_GET_INSTALL_REFERRER_SERVICE, android.permission.READ_PRIVILEGED_PHONE_STATE, android.permission.WAKE_LOCK, com.google.android.gms.permission.AD_ID",No,No,No,No,No,No,No,No,No,No,No,Yes,No,Yes,No,No,No,FALSE,FALSE,TRUE,FALSE
@7F10002D,com.ng.swifund,Nigeria/Approved,"android.permission.READ_CALENDAR, android.permission.ACCESS_BACKGROUND_LOCATION, android.permission.WRITE_CALENDAR, android.permission.ACCESS_WIFI_STATE, android.permission.CAMERA, android.permission.ACCESS_NETWORK_STATE, android.permission.READ_PHONE_STATE, android.permission.INTERNET, android.permission.READ_CALL_LOG, com.google.android.finsky.permission.BIND_GET_INSTALL_REFERRER_SERVICE, android.permission.CHANGE_NETWORK_STATE, android.permission.ACCESS_COARSE_LOCATION, android.permission.WAKE_LOCK, com.google.android.gms.permission.AD_ID, android.permission.CHANGE_WIFI_STATE",No,Yes,No,No,No,No,No,No,No,No,No,Yes,No,No,No,No,No,TRUE,FALSE,TRUE,TRUE
@7F10001C,credit.caycredit.finance.loan.money,Nigeria/Approved,"android.permission.READ_SMS, android.permission.BLUETOOTH_ADMIN, android.permission.ACCESS_WIFI_STATE, android.gms.permission.AD_ID, android.permission.BLUETOOTH, android.permission.CAMERA, android.permission.READ_PHONE_STATE, android.permission.ACCESS_NETWORK_STATE, android.permission.INTERNET, com.google.android.finsky.permission.BIND_GET_INSTALL_REFERRER_SERVICE, credit.caycredit.finance.loan.money.DYNAMIC_RECEIVER_NOT_EXPORTED_PERMISSION, android.permission.CHANGE_NETWORK_STATE, android.permission.ACCESS_COARSE_LOCATION, android.permission.WAKE_LOCK, com.google.android.gms.permission.AD_ID, android.permission.CHANGE_WIFI_STATE",No,No,No,No,No,No,No,No,No,No,No,Yes,No,Yes,No,No,No,FALSE,FALSE,TRUE,FALSE
@7F100022,com.loan.icredit.creditng,Nigeria/Approved,"android.permission.POST_NOTIFICATIONS, android.permission.READ_SMS, android.permission.ACCESS_WIFI_STATE, android.permission.ACCESS_ADSERVICES_ATTRIBUTION, com.google.android.gms.permission.AD_ID, com.loan.icredit.creditng.DYNAMIC_RECEIVER_NOT_EXPORTED_PERMISSION, com.android.launcher.permission.INSTALL_SHORTCUT, android.permission.EXPAND_STATUS_BAR, android.permission.ACCESS_COARSE_LOCATION, android.permission.WAKE_LOCK, android.permission.VIBRATE, android.permission.ACCESS_NETWORK_STATE, com.android.launcher.permission.UNINSTALL_SHORTCUT, android.permission.INTERNET, com.google.android.finsky.permission.BIND_GET_INSTALL_REFERRER_SERVICE, android.permission.ACCESS_ADSERVICES_AD_ID, android.permission.CHANGE_WIFI_STATE, android.permission.FLASHLIGHT, android.permission.CAMERA, com.google.android.c2dm.permission.RECEIVE",No,No,No,No,No,No,No,No,No,No,No,No,No,Yes,No,No,No,FALSE,FALSE,TRUE,FALSE
@7F12001F,com.myeazipay.business,Nigeria/Approved,"android.permission.POST_NOTIFICATIONS, android.permission.READ_EXTERNAL_STORAGE, android.permission.USE_BIOMETRIC, android.permission.CAMERA, android.permission.WRITE_EXTERNAL_STORAGE, android.permission.VIBRATE, android.permission.ACCESS_NETWORK_STATE, android.permission.USE_FINGERPRINT, com.google.android.c2dm.permission.RECEIVE, android.permission.INTERNET, com.myeazipay.business.DYNAMIC_RECEIVER_NOT_EXPORTED_PERMISSION, android.permission.WAKE_LOCK, com.google.android.gms.permission.AD_ID",No,No,No,Yes,Yes,No,No,No,No,No,No,No,No,No,No,No,No,TRUE,TRUE,TRUE,TRUE
UnlockCash,com.boyu.luans,Nigeria/Approved,"android.permission.READ_SMS, android.permission.BLUETOOTH_ADMIN, android.permission.RECEIVE_BOOT_COMPLETED, android.permission.ACCESS_WIFI_STATE, android.permission.BLUETOOTH, android.permission.BLUETOOTH_CONNECT, android.permission.ACCESS_NETWORK_STATE, android.permission.READ_PHONE_STATE, android.permission.FOREGROUND_SERVICE, android.permission.INTERNET, android.permission.CALL_PHONE, com.google.android.finsky.permission.BIND_GET_INSTALL_REFERRER_SERVICE, android.permission.ACCESS_COARSE_LOCATION, com.boyu.luans.DYNAMIC_RECEIVER_NOT_EXPORTED_PERMISSION, android.permission.WAKE_LOCK, com.google.android.gms.permission.AD_ID, android.permission.CHANGE_WIFI_STATE",No,No,No,No,No,No,No,No,No,No,No,Yes,No,Yes,No,No,No,FALSE,FALSE,TRUE,FALSE
@7F110087,com.may.android.hicredit,Nigeria/Approved,"android.permission.POST_NOTIFICATIONS, android.permission.READ_SMS, android.permission.ACCESS_WIFI_STATE, android.permission.BLUETOOTH, android.permission.BLUETOOTH_CONNECT, android.permission.ACCESS_NETWORK_STATE, android.permission.READ_PHONE_STATE, com.google.android.c2dm.permission.RECEIVE, android.permission.ACCESS_ADSERVICES_ATTRIBUTION, android.permission.INTERNET, com.google.android.finsky.permission.BIND_GET_INSTALL_REFERRER_SERVICE, com.may.android.hicredit.DYNAMIC_RECEIVER_NOT_EXPORTED_PERMISSION, android.permission.WAKE_LOCK, com.google.android.gms.permission.AD_ID, android.permission.ACCESS_ADSERVICES_AD_ID",No,No,No,No,No,No,No,No,No,No,No,Yes,No,Yes,No,No,No,FALSE,FALSE,TRUE,FALSE
Newlending,com.loan.newlending.through,Nigeria/Approved,"android.permission.ACCESS_WIFI_STATE, android.permission.WRITE_CONTACTS, android.permission.GET_ACCOUNTS, android.permission.READ_CONTACTS, android.permission.READ_CALENDAR, android.permission.WRITE_CALENDAR, android.permission.READ_EXTERNAL_STORAGE, android.permission.PERMISSION_GRANTED, android.permission.ACCESS_COARSE_LOCATION, android.permission.WAKE_LOCK, com.android.alarm.permission.SET_ALARM, android.permission.ACCESS_NETWORK_STATE, android.permission.READ_PHONE_STATE, android.permission.VIBRATE, android.permission.INTERNET, com.google.android.finsky.permission.BIND_GET_INSTALL_REFERRER_SERVICE, android.permission.CHANGE_NETWORK_STATE, android.permission.CHANGE_WIFI_STATE, android.permission.CAMERA, android.permission.WRITE_EXTERNAL_STORAGE, com.google.android.c2dm.permission.RECEIVE, android.permission.ACCESS_FINE_LOCATION",Yes,No,No,Yes,Yes,No,No,No,No,No,No,Yes,No,No,No,No,Yes,TRUE,TRUE,TRUE,TRUE
Growly,com.tpdn.growly.mobile,Nigeria/Approved,"android.permission.INTERNET, android.permission.WRITE_EXTERNAL_STORAGE",No,No,No,No,Yes,No,No,No,No,No,No,No,No,No,No,No,No,FALSE,TRUE,TRUE,FALSE
PonyCash,com.ponycash.poca.nysh,Nigeria/Approved,"android.permission.READ_SMS, android.permission.ACCESS_WIFI_STATE, android.permission.READ_CALL_LOG, com.google.android.gms.permission.AD_ID, com.ponycash.poca.nysh.DYNAMIC_RECEIVER_NOT_EXPORTED_PERMISSION, android.permission.REQUIRE_SECURE_ENV, android.permission.ACCESS_COARSE_LOCATION, android.permission.WAKE_LOCK, android.permission.ACCESS_NETWORK_STATE, android.permission.READ_PHONE_STATE, android.permission.VIBRATE, android.permission.INTERNET, com.google.android.finsky.permission.BIND_GET_INSTALL_REFERRER_SERVICE, android.permission.HIGH_SAMPLING_RATE_SENSORS, android.permission.CHANGE_WIFI_STATE, android.permission.RECEIVE_BOOT_COMPLETED, com.google.android.providers.gsf.permission.READ_GSERVICES, android.permission.CAMERA, com.google.android.c2dm.permission.RECEIVE, android.permission.FOREGROUND_SERVICE",No,Yes,No,No,No,No,No,No,No,No,No,Yes,No,Yes,No,No,No,TRUE,FALSE,TRUE,TRUE
CreditWise,ng.wise.creditwise,Nigeria/Approved,"android.permission.READ_SMS, android.permission.RECEIVE_SMS, android.permission.ACCESS_WIFI_STATE, android.permission.BLUETOOTH, com.google.android.gms.permission.AD_ID, android.permission.READ_CALENDAR, android.permission.WRITE_CALENDAR, android.permission.BLUETOOTH_ADMIN, com.android.vending.setup.PLAY_SETUP_SERVICE, android.permission.ACCESS_COARSE_LOCATION, android.permission.WAKE_LOCK, android.permission.ACCESS_LOCATION_EXTRA_COMMANDS, android.permission.USE_BIOMETRIC, android.permission.ACCESS_NETWORK_STATE, android.permission.READ_PHONE_STATE, android.permission.VIBRATE, android.permission.USE_FINGERPRINT, android.permission.INTERNET, com.google.android.finsky.permission.BIND_GET_INSTALL_REFERRER_SERVICE, android.permission.GET_TASKS, android.permission.REORDER_TASKS, android.permission.HIGH_SAMPLING_RATE_SENSORS, android.permission.CHANGE_WIFI_STATE, android.permission.SYSTEM_ALERT_WINDOW, com.android.browser.permission.READ_HISTORY_BOOKMARKS, android.permission.RECEIVE_BOOT_COMPLETED, android.permission.CAMERA, com.google.android.providers.gsf.permission.READ_GSERVICES, com.google.android.c2dm.permission.RECEIVE, android.permission.FOREGROUND_SERVICE",No,No,No,No,No,No,No,No,No,No,No,Yes,No,Yes,No,No,No,FALSE,FALSE,TRUE,FALSE
@7F10003D,com.fintellia.suprememfbs,Nigeria/Approved,"com.majeur.launcher.permission.UPDATE_BADGE, android.permission.POST_NOTIFICATIONS, android.permission.ACCESS_WIFI_STATE, android.permission.READ_CONTACTS, com.sec.android.provider.badge.permission.READ, com.htc.launcher.permission.READ_SETTINGS, android.permission.DOWNLOAD_WITHOUT_NOTIFICATION, com.sonymobile.home.permission.PROVIDER_INSERT_BADGE, me.everything.badger.permission.BADGE_COUNT_READ, com.fintellia.suprememfbs.DYNAMIC_RECEIVER_NOT_EXPORTED_PERMISSION, android.permission.READ_EXTERNAL_STORAGE, com.anddoes.launcher.permission.UPDATE_COUNT, com.huawei.android.launcher.permission.READ_SETTINGS, com.htc.launcher.permission.UPDATE_SHORTCUT, com.oppo.launcher.permission.WRITE_SETTINGS, android.permission.WAKE_LOCK, com.huawei.android.launcher.permission.WRITE_SETTINGS, com.oppo.launcher.permission.READ_SETTINGS, com.fintellia.suprememfbs.permission.C2D_MESSAGE, android.permission.USE_BIOMETRIC, android.permission.ACCESS_NETWORK_STATE, android.permission.VIBRATE, android.permission.USE_FINGERPRINT, android.permission.INTERNET, com.google.android.finsky.permission.BIND_GET_INSTALL_REFERRER_SERVICE, com.sonyericsson.home.permission.BROADCAST_BADGE, android.permission.RECEIVE_BOOT_COMPLETED, com.sec.android.provider.badge.permission.WRITE, android.permission.CAMERA, android.permission.WRITE_EXTERNAL_STORAGE, com.google.android.providers.gsf.permission.READ_GSERVICES, com.google.android.c2dm.permission.RECEIVE, android.permission.FOREGROUND_SERVICE, me.everything.badger.permission.BADGE_COUNT_WRITE, android.permission.READ_APP_BADGE, com.huawei.android.launcher.permission.CHANGE_BADGE",Yes,No,No,Yes,Yes,No,No,No,No,No,No,No,No,No,No,No,No,TRUE,TRUE,TRUE,TRUE
retailboosters,com.retailboosters,Nigeria/Approved,"android.permission.READ_EXTERNAL_STORAGE, com.retailboosters.DYNAMIC_RECEIVER_NOT_EXPORTED_PERMISSION, android.permission.ACCESS_NETWORK_STATE, android.permission.INTERNET, android.permission.WAKE_LOCK",No,No,No,Yes,No,No,No,No,No,No,No,No,No,No,No,No,No,TRUE,TRUE,TRUE,TRUE
ClanPay,com.repay.com,Nigeria/Approved,"com.majeur.launcher.permission.UPDATE_BADGE, android.permission.POST_NOTIFICATIONS, com.google.android.gms.permission.AD_ID, me.everything.badger.permission.BADGE_COUNT_READ, com.sec.android.provider.badge.permission.READ, com.htc.launcher.permission.READ_SETTINGS, com.sonymobile.home.permission.PROVIDER_INSERT_BADGE, com.anddoes.launcher.permission.UPDATE_COUNT, com.huawei.android.launcher.permission.READ_SETTINGS, com.htc.launcher.permission.UPDATE_SHORTCUT, com.oppo.launcher.permission.WRITE_SETTINGS, android.permission.ACCESS_COARSE_LOCATION, com.huawei.android.launcher.permission.WRITE_SETTINGS, android.permission.WAKE_LOCK, com.oppo.launcher.permission.READ_SETTINGS, android.permission.SCHEDULE_EXACT_ALARM, android.permission.ACCESS_NETWORK_STATE, android.permission.INTERNET, com.google.android.finsky.permission.BIND_GET_INSTALL_REFERRER_SERVICE, android.permission.GET_TASKS, android.permission.ACCESS_NOTIFICATION_POLICY, com.sonyericsson.home.permission.BROADCAST_BADGE, com.sec.android.provider.badge.permission.WRITE, android.permission.RECEIVE_BOOT_COMPLETED, com.google.android.c2dm.permission.RECEIVE, android.permission.FOREGROUND_SERVICE, me.everything.badger.permission.BADGE_COUNT_WRITE, android.permission.READ_APP_BADGE, com.huawei.android.launcher.permission.CHANGE_BADGE, android.permission.ACCESS_FINE_LOCATION",No,No,No,No,No,No,No,No,No,No,No,No,No,No,No,No,Yes,FALSE,TRUE,TRUE,FALSE
WowPera,com.wow.pera,Philippines/Approved,"android.permission.POST_NOTIFICATIONS, android.permission.READ_SMS, android.permission.ACCESS_WIFI_STATE, com.google.android.gms.permission.AD_ID, android.permission.CALL_PHONE, android.permission.ACCESS_COARSE_LOCATION, android.permission.WAKE_LOCK, com.wow.pera.DYNAMIC_RECEIVER_NOT_EXPORTED_PERMISSION, android.permission.ACCESS_NETWORK_STATE, android.permission.READ_PHONE_STATE, android.permission.VIBRATE, android.permission.INTERNET, com.google.android.finsky.permission.BIND_GET_INSTALL_REFERRER_SERVICE, android.permission.CHANGE_WIFI_STATE, android.permission.FLASHLIGHT, android.permission.RECEIVE_BOOT_COMPLETED, android.permission.CAMERA, com.google.android.providers.gsf.permission.READ_GSERVICES, com.google.android.c2dm.permission.RECEIVE, android.permission.FOREGROUND_SERVICE",No,No,No,No,No,No,No,No,No,No,No,Yes,No,Yes,No,No,No,TRUE,FALSE,TRUE,TRUE
HappyPera 2,com.happyperatwo.app,Philippines/Approved,"com.majeur.launcher.permission.UPDATE_BADGE, com.samsung.android.providers.context.permission.WRITE_USE_APP_FEATURE_SURVEY, android.permission.ACCESS_WIFI_STATE, android.permission.READ_SYNC_SETTINGS, android.permission.READ_CONTACTS, me.everything.badger.permission.BADGE_COUNT_READ, com.sec.android.provider.badge.permission.READ, com.htc.launcher.permission.READ_SETTINGS, com.sonymobile.home.permission.PROVIDER_INSERT_BADGE, android.permission.WRITE_SETTINGS, android.permission.READ_EXTERNAL_STORAGE, com.anddoes.launcher.permission.UPDATE_COUNT, com.huawei.android.launcher.permission.READ_SETTINGS, com.htc.launcher.permission.UPDATE_SHORTCUT, com.oppo.launcher.permission.WRITE_SETTINGS, android.permission.ACCESS_COARSE_LOCATION, android.permission.WAKE_LOCK, com.huawei.android.launcher.permission.WRITE_SETTINGS, android.permission.PACKAGE_USAGE_STATS, com.oppo.launcher.permission.READ_SETTINGS, android.permission.ACCESS_NETWORK_STATE, android.permission.READ_PHONE_STATE, android.permission.INTERNET, com.google.android.finsky.permission.BIND_GET_INSTALL_REFERRER_SERVICE, android.permission.GET_TASKS, getui.permission.GetuiService.com.happyperatwo.app, android.permission.SYSTEM_ALERT_WINDOW, android.permission.CHANGE_WIFI_STATE, com.android.browser.permission.READ_HISTORY_BOOKMARKS, com.sonyericsson.home.permission.BROADCAST_BADGE, android.permission.FLASHLIGHT, com.sec.android.provider.badge.permission.WRITE, com.happyperatwo.app.permission.RECEIVE_MSG, android.permission.WRITE_EXTERNAL_STORAGE, android.permission.CAMERA, android.permission.RECORD_AUDIO, com.google.android.c2dm.permission.RECEIVE, android.permission.FOREGROUND_SERVICE, android.permission.REQUEST_INSTALL_PACKAGES, me.everything.badger.permission.BADGE_COUNT_WRITE, android.permission.READ_APP_BADGE, com.huawei.android.launcher.permission.CHANGE_BADGE, android.permission.ACCESS_FINE_LOCATION",Yes,No,No,Yes,Yes,No,No,No,No,No,No,Yes,No,No,No,No,Yes,TRUE,TRUE,TRUE,TRUE
Big Loan,com.bigloan.peso,Philippines/Approved,"android.permission.ACCESS_WIFI_STATE, android.permission.MOUNT_UNMOUNT_FILESYSTEMS, android.permission.CAMERA, android.permission.ACCESS_NETWORK_STATE, com.google.android.c2dm.permission.RECEIVE, android.permission.INTERNET, com.google.android.finsky.permission.BIND_GET_INSTALL_REFERRER_SERVICE, android.permission.WAKE_LOCK, android.permission.CHANGE_WIFI_STATE",No,No,No,No,No,No,No,No,No,No,No,No,No,No,No,No,No,FALSE,FALSE,FALSE,FALSE
@7F12003B,ph.loans.mobile,Philippines/Approved,"android.permission.ACCESS_WIFI_STATE, android.permission.ACCESS_ADSERVICES_ATTRIBUTION, android.permission.GET_ACCOUNTS, android.permission.READ_SYNC_SETTINGS, com.google.android.gms.permission.AD_ID, android.permission.WRITE_INTERNAL_STORAGE, android.permission.MANAGE_ACCOUNTS, android.permission.ACCESS_COARSE_LOCATION, android.permission.WAKE_LOCK, android.permission.ACCESS_NETWORK_STATE, android.permission.VIBRATE, android.permission.READ_PHONE_STATE, android.permission.INTERNET, com.google.android.finsky.permission.BIND_GET_INSTALL_REFERRER_SERVICE, android.permission.WRITE_SYNC_SETTINGS, android.permission.CHANGE_WIFI_STATE, ph.loans.mobile.DYNAMIC_RECEIVER_NOT_EXPORTED_PERMISSION, android.permission.RECEIVE_BOOT_COMPLETED, android.permission.USE_CREDENTIALS, android.permission.CAMERA, android.permission.AUTHENTICATE_ACCOUNTS, com.google.android.c2dm.permission.RECEIVE, android.permission.FOREGROUND_SERVICE",No,No,No,No,No,No,No,No,No,No,No,Yes,No,No,No,No,No,TRUE,FALSE,TRUE,TRUE
Pinoy Peso,com.pinpso.pinysey.pinoypeso,Philippines/Approved,"android.permission.ACCESS_WIFI_STATE, com.pinpso.pinysey.pinoypeso.permission.C2D_MESSAGE, android.permission.ACCESS_NETWORK_STATE, com.google.android.c2dm.permission.RECEIVE, android.permission.INTERNET, com.google.android.finsky.permission.BIND_GET_INSTALL_REFERRER_SERVICE, android.permission.WAKE_LOCK",No,No,No,No,No,No,No,No,No,No,No,No,No,No,No,No,No,FALSE,FALSE,FALSE,FALSE
BillEase,ph.billease,Philippines/Approved,"android.permission.READ_CALENDAR, android.permission.WRITE_CALENDAR, android.permission.READ_SMS, android.permission.READ_EXTERNAL_STORAGE, android.permission.READ_PROFILE, android.permission.ACCESS_WIFI_STATE, android.permission.CAMERA, android.permission.ACCESS_NETWORK_STATE, android.permission.WRITE_CONTACTS, com.google.android.c2dm.permission.RECEIVE, android.permission.INTERNET, android.permission.READ_CALL_LOG, android.permission.ACCESS_COARSE_LOCATION, android.permission.READ_CONTACTS, android.permission.ACCESS_FINE_LOCATION, android.permission.SYSTEM_ALERT_WINDOW",Yes,Yes,No,Yes,No,No,No,No,No,No,No,No,No,Yes,No,No,Yes,TRUE,TRUE,TRUE,TRUE
PeraJet,perajet.ph.credoapp,Philippines/Approved,"android.permission.READ_CALENDAR, android.permission.READ_EXTERNAL_STORAGE, android.permission.ACCESS_WIFI_STATE, android.permission.BLUETOOTH, android.permission.ACCESS_NETWORK_STATE, android.permission.USE_FINGERPRINT, android.permission.GET_ACCOUNTS, android.permission.INTERNET, android.permission.READ_CONTACTS",Yes,No,No,Yes,No,No,No,No,No,No,No,No,No,No,No,No,No,TRUE,TRUE,TRUE,TRUE
Valley loan,com.valley.loan,Philippines/Approved,"android.permission.POST_NOTIFICATIONS, android.permission.READ_SMS, android.permission.ACCESS_WIFI_STATE, com.google.android.gms.permission.AD_ID, android.permission.CALL_PHONE, android.permission.ACCESS_COARSE_LOCATION, android.permission.WAKE_LOCK, android.permission.ACCESS_NETWORK_STATE, android.permission.READ_PHONE_STATE, android.permission.VIBRATE, android.permission.INTERNET, com.google.android.finsky.permission.BIND_GET_INSTALL_REFERRER_SERVICE, android.permission.CHANGE_NETWORK_STATE, android.permission.CHANGE_WIFI_STATE, android.permission.FLASHLIGHT, android.permission.RECEIVE_BOOT_COMPLETED, android.permission.CAMERA, com.google.android.providers.gsf.permission.READ_GSERVICES, com.google.android.c2dm.permission.RECEIVE, android.permission.FOREGROUND_SERVICE",No,No,No,No,No,No,No,No,No,No,No,Yes,No,Yes,No,No,No,TRUE,FALSE,TRUE,TRUE
ÆON Credit Service Merchant,ph.com.aeon.merchant,Philippines/Approved,"android.permission.ACCESS_WIFI_STATE, android.permission.CAMERA, android.permission.READ_PHONE_STATE, android.permission.ACCESS_NETWORK_STATE, android.permission.RECORD_AUDIO, com.google.android.c2dm.permission.RECEIVE, android.permission.INTERNET, com.google.android.finsky.permission.BIND_GET_INSTALL_REFERRER_SERVICE, android.permission.WAKE_LOCK",No,No,No,No,No,No,No,No,No,No,No,Yes,No,No,No,No,No,TRUE,FALSE,TRUE,TRUE
PesoCash,com.myloan.pesocash,Philippines/Approved,"android.permission.POST_NOTIFICATIONS, android.permission.READ_SMS, com.huawei.appmarket.service.commondata.permission.GET_COMMON_DATA, android.permission.ACCESS_WIFI_STATE, android.permission.CAMERA, android.permission.VIBRATE, android.permission.ACCESS_NETWORK_STATE, android.permission.ACCESS_ADSERVICES_ATTRIBUTION, com.google.android.c2dm.permission.RECEIVE, android.permission.INTERNET, com.google.android.finsky.permission.BIND_GET_INSTALL_REFERRER_SERVICE, android.permission.CHANGE_NETWORK_STATE, android.permission.ACCESS_COARSE_LOCATION, android.permission.HIGH_SAMPLING_RATE_SENSORS, android.permission.WAKE_LOCK, com.google.android.gms.permission.AD_ID, android.permission.CHANGE_WIFI_STATE",No,No,No,No,No,No,No,No,No,No,No,No,No,Yes,No,No,No,FALSE,FALSE,TRUE,FALSE
Cashcash Philippines,com.firestorm.sea.loanmarket,Philippines/Approved,"android.permission.ACCESS_WIFI_STATE, android.permission.BLUETOOTH, android.permission.GET_ACCOUNTS, android.permission.READ_CONTACTS, android.permission.CHANGE_COMPONENT_ENABLED_STATE, android.permission.READ_CALENDAR, android.permission.KILL_BACKGROUND_PROCESSES, android.permission.WRITE_CALENDAR, android.permission.BLUETOOTH_ADMIN, android.permission.READ_EXTERNAL_STORAGE, android.permission.MOUNT_UNMOUNT_FILESYSTEMS, android.permission.MANAGE_ACCOUNTS, android.permission.ACCESS_COARSE_LOCATION, android.permission.WAKE_LOCK, com.firestorm.sea.loanmarket.permission.C2D_MESSAGE, android.permission.CHANGE_CONFIGURATION, android.permission.ACCESS_NETWORK_STATE, android.permission.READ_PHONE_STATE, android.permission.INTERNET, com.google.android.finsky.permission.BIND_GET_INSTALL_REFERRER_SERVICE, android.permission.CONNECTIVITY_USE_RESTRICTED_NETWORKS, android.permission.CHANGE_NETWORK_STATE, android.permission.CHANGE_WIFI_STATE, android.permission.SYSTEM_ALERT_WINDOW, com.android.browser.permission.READ_HISTORY_BOOKMARKS, android.permission.RECEIVE_BOOT_COMPLETED, android.permission.USE_CREDENTIALS, android.intent.action.PACKAGE_REMOVED, android.permission.CAMERA, android.permission.WRITE_EXTERNAL_STORAGE, com.google.android.c2dm.permission.RECEIVE, android.permission.REQUEST_INSTALL_PACKAGES, com.android.chrome.permission.READ_WRITE_BOOKMARK_FOLDERS, android.permission.CONNECTIVITY_INTERNAL, android.permission.ACCESS_FINE_LOCATION",Yes,No,No,Yes,Yes,No,No,No,No,No,No,Yes,No,No,No,No,Yes,TRUE,TRUE,TRUE,TRUE
Zippeso - Online Cash Loan,ph.zippeso.online.cash.loan,Philippines/Approved,"android.permission.POST_NOTIFICATIONS, android.permission.READ_SMS, android.permission.ACCESS_WIFI_STATE, com.google.android.gms.permission.AD_ID, android.permission.CALL_PHONE, android.permission.ACCESS_COARSE_LOCATION, android.permission.WAKE_LOCK, android.permission.ACCESS_LOCATION_EXTRA_COMMANDS, android.permission.ACCESS_NETWORK_STATE, android.permission.READ_PHONE_STATE, android.permission.VIBRATE, android.permission.INTERNET, com.google.android.finsky.permission.BIND_GET_INSTALL_REFERRER_SERVICE, android.permission.CHANGE_NETWORK_STATE, android.permission.CHANGE_WIFI_STATE, android.permission.SYSTEM_ALERT_WINDOW, android.permission.FLASHLIGHT, android.permission.RECEIVE_BOOT_COMPLETED, android.permission.CAMERA, com.google.android.providers.gsf.permission.READ_GSERVICES, com.google.android.c2dm.permission.RECEIVE, android.permission.FOREGROUND_SERVICE",No,No,No,No,No,No,No,No,No,No,No,Yes,No,Yes,No,No,No,TRUE,FALSE,TRUE,TRUE
Balikbayad,com.balikbayad,Philippines/Approved,"android.permission.READ_CALENDAR, android.permission.RECEIVE_BOOT_COMPLETED, android.permission.ACCESS_WIFI_STATE, android.permission.BLUETOOTH, android.permission.ACCESS_NETWORK_STATE, android.permission.READ_PHONE_STATE, android.permission.FOREGROUND_SERVICE, android.permission.INTERNET, com.google.android.finsky.permission.BIND_GET_INSTALL_REFERRER_SERVICE, android.permission.WAKE_LOCK, com.google.android.gms.permission.AD_ID, android.permission.CHANGE_WIFI_STATE",No,No,No,No,No,No,No,No,No,No,No,Yes,No,No,No,No,No,TRUE,FALSE,TRUE,TRUE
ACOM,ai.deepscore.acom.prod,Philippines/Approved,"android.permission.CAMERA, android.permission.RECORD_AUDIO, android.permission.READ_PHONE_STATE, com.google.android.c2dm.permission.RECEIVE, android.permission.ACCESS_NETWORK_STATE, android.permission.INTERNET, com.google.android.finsky.permission.BIND_GET_INSTALL_REFERRER_SERVICE, android.permission.ACCESS_COARSE_LOCATION, android.permission.WAKE_LOCK, com.google.android.gms.permission.AD_ID",No,No,No,No,No,No,No,No,No,No,No,Yes,No,No,No,No,No,TRUE,FALSE,TRUE,TRUE
Vplus,com.v.plus.vplus,Philippines/Approved,"android.permission.POST_NOTIFICATIONS, android.permission.READ_SMS, android.permission.ACCESS_WIFI_STATE, com.v.plus.vplus.DYNAMIC_RECEIVER_NOT_EXPORTED_PERMISSION, android.permission.ACCESS_ADSERVICES_ATTRIBUTION, com.google.android.gms.permission.AD_ID, android.permission.READ_CALENDAR, android.permission.READ_PRIVILEGED_PHONE_STATE, android.permission.ACCESS_COARSE_LOCATION, android.permission.WAKE_LOCK, com.huawei.appmarket.service.commondata.permission.GET_COMMON_DATA, android.permission.READ_PHONE_STATE, android.permission.ACCESS_NETWORK_STATE, android.permission.VIBRATE, android.permission.INTERNET, com.google.android.finsky.permission.BIND_GET_INSTALL_REFERRER_SERVICE, android.permission.CHANGE_WIFI_STATE, android.permission.ACCESS_ADSERVICES_AD_ID, android.permission.CAMERA, com.google.android.c2dm.permission.RECEIVE",No,No,No,No,No,No,No,No,No,No,No,Yes,No,Yes,No,No,No,TRUE,FALSE,TRUE,TRUE
Pesokwento,com.philipin.pesokwento.loan,Philippines/Approved,"com.philipin.pesokwento.loan.DYNAMIC_RECEIVER_NOT_EXPORTED_PERMISSION, android.permission.POST_NOTIFICATIONS, android.permission.READ_SMS, android.permission.ACCESS_WIFI_STATE, android.permission.CAMERA, android.permission.ACCESS_NETWORK_STATE, android.permission.READ_PHONE_STATE, com.google.android.c2dm.permission.RECEIVE, android.permission.INTERNET, com.google.android.finsky.permission.BIND_GET_INSTALL_REFERRER_SERVICE, android.permission.ACCESS_COARSE_LOCATION, android.permission.WAKE_LOCK, com.google.android.gms.permission.AD_ID",No,No,No,No,No,No,No,No,No,No,No,Yes,No,Yes,No,No,No,TRUE,FALSE,TRUE,TRUE
@7F100022,com.liang.chan,Philippines/Approved,"android.permission.POST_NOTIFICATIONS, android.permission.READ_SMS, android.permission.ACCESS_WIFI_STATE, com.liang.chan.DYNAMIC_RECEIVER_NOT_EXPORTED_PERMISSION, com.google.android.gms.permission.AD_ID, android.permission.CALL_PHONE, android.permission.WAKE_LOCK, android.permission.PACKAGE_USAGE_STATS, android.permission.ACCESS_NETWORK_STATE, android.permission.READ_PHONE_STATE, android.permission.INTERNET, com.google.android.finsky.permission.BIND_GET_INSTALL_REFERRER_SERVICE, android.permission.CHANGE_NETWORK_STATE, android.permission.CHANGE_WIFI_STATE, android.permission.SYSTEM_ALERT_WINDOW, android.permission.FLASHLIGHT, android.permission.RECEIVE_BOOT_COMPLETED, android.permission.CAMERA, com.google.android.c2dm.permission.RECEIVE, android.permission.FOREGROUND_SERVICE",No,No,No,No,No,No,No,No,No,No,No,Yes,No,Yes,No,No,No,TRUE,FALSE,TRUE,TRUE
CredTap,in.atome,Philippines/Approved,"android.permission.ACCESS_WIFI_STATE, android.permission.BLUETOOTH, android.permission.GET_ACCOUNTS, android.permission.READ_CONTACTS, android.permission.READ_EXTERNAL_STORAGE, android.permission.ACCESS_COARSE_LOCATION, android.permission.WAKE_LOCK, android.permission.GET_PACKAGE_SIZE, android.permission.READ_PHONE_STATE, android.permission.ACCESS_NETWORK_STATE, android.permission.VIBRATE, android.permission.INTERNET, com.google.android.finsky.permission.BIND_GET_INSTALL_REFERRER_SERVICE, android.permission.SYSTEM_ALERT_WINDOW, com.android.browser.permission.READ_HISTORY_BOOKMARKS, android.permission.FLASHLIGHT, android.permission.WRITE_EXTERNAL_STORAGE, android.permission.CAMERA, android.permission.RECORD_AUDIO, com.google.android.c2dm.permission.RECEIVE, android.permission.FOREGROUND_SERVICE, android.permission.ACCESS_FINE_LOCATION",Yes,No,No,Yes,Yes,No,No,No,No,No,No,Yes,No,No,No,No,Yes,TRUE,TRUE,TRUE,TRUE
PesoGo,com.yigomob.philippine.pesogo,Philippines/Approved,"android.permission.READ_CONTACTS, android.permission.READ_EXTERNAL_STORAGE, android.permission.ACCESS_WIFI_STATE, android.permission.WRITE_EXTERNAL_STORAGE, android.permission.CAMERA, android.permission.READ_PHONE_STATE, android.permission.ACCESS_NETWORK_STATE, com.google.android.c2dm.permission.RECEIVE, android.permission.INTERNET, android.permission.REQUEST_INSTALL_PACKAGES, android.permission.CALL_PHONE, com.google.android.finsky.permission.BIND_GET_INSTALL_REFERRER_SERVICE, android.permission.ACCESS_COARSE_LOCATION, android.permission.WAKE_LOCK, android.permission.ACCESS_FINE_LOCATION",Yes,No,No,Yes,Yes,No,No,No,No,No,No,Yes,No,No,No,No,Yes,TRUE,TRUE,TRUE,TRUE
cashwow,ph.cashwow11.android,Philippines/Approved,"android.permission.READ_CONTACTS, android.permission.READ_EXTERNAL_STORAGE, android.permission.ACCESS_WIFI_STATE, android.permission.MANAGE_DOCUMENTS, android.permission.WRITE_EXTERNAL_STORAGE, android.permission.CAMERA, android.permission.ACCESS_NETWORK_STATE, android.permission.VIBRATE, android.hardware.camera.autofocus, android.permission.FOREGROUND_SERVICE, android.permission.INTERNET, android.permission.READ_PHONE_STATE, com.google.android.finsky.permission.BIND_GET_INSTALL_REFERRER_SERVICE, com.google.android.c2dm.permission.RECEIVE, android.permission.ACCESS_COARSE_LOCATION, ph.cashwow11.android.permission.C2D_MESSAGE, android.permission.WAKE_LOCK, android.permission.ACCESS_FINE_LOCATION",Yes,No,No,Yes,Yes,No,No,No,No,No,No,Yes,No,No,No,No,Yes,TRUE,TRUE,TRUE,TRUE
@7F100118,com.pesoloan,Philippines/Approved,"android.permission.POST_NOTIFICATIONS, android.permission.READ_SMS, android.permission.RECEIVE_SMS, android.permission.ACCESS_WIFI_STATE, android.permission.READ_CALL_LOG, com.google.android.gms.permission.AD_ID, android.permission.READ_CALENDAR, android.permission.WRITE_CALENDAR, android.permission.ACCESS_COARSE_LOCATION, android.permission.WAKE_LOCK, android.permission.PACKAGE_USAGE_STATS, android.permission.GET_PACKAGE_SIZE, android.permission.USE_BIOMETRIC, android.permission.ACCESS_NETWORK_STATE, android.permission.READ_PHONE_STATE, android.permission.USE_FINGERPRINT, android.permission.INTERNET, com.google.android.finsky.permission.BIND_GET_INSTALL_REFERRER_SERVICE, android.permission.CHANGE_NETWORK_STATE, android.permission.CHANGE_WIFI_STATE, android.permission.CAMERA, com.google.android.c2dm.permission.RECEIVE",No,Yes,No,No,No,No,No,No,No,No,No,Yes,No,Yes,No,No,No,TRUE,FALSE,TRUE,TRUE
NewCash,com.perabag.app,Philippines/Approved,"android.permission.READ_SMS, android.permission.ACCESS_WIFI_STATE, android.permission.BLUETOOTH, android.permission.CAMERA, android.permission.WRITE_EXTERNAL_STORAGE, android.permission.ACCESS_NETWORK_STATE, android.permission.READ_PHONE_STATE, com.google.android.c2dm.permission.RECEIVE, android.permission.GET_ACCOUNTS, android.permission.INTERNET, com.google.android.finsky.permission.BIND_GET_INSTALL_REFERRER_SERVICE, android.permission.ACCESS_COARSE_LOCATION, android.permission.WAKE_LOCK, com.google.android.gms.permission.AD_ID",No,No,No,No,Yes,No,No,No,No,No,No,Yes,No,Yes,No,No,No,TRUE,TRUE,TRUE,TRUE
iPeso,com.qiantanglending.vps,Philippines/Approved,"android.permission.ACCESS_WIFI_STATE, android.permission.MODIFY_AUDIO_SETTINGS, android.permission.READ_CONTACTS, android.permission.WRITE_SETTINGS, android.permission.READ_EXTERNAL_STORAGE, android.permission.MOUNT_UNMOUNT_FILESYSTEMS, android.permission.CALL_PHONE, android.permission.RECORD_VIDEO, android.permission.ACCESS_COARSE_LOCATION, android.permission.WAKE_LOCK, android.permission.CHANGE_CONFIGURATION, android.permission.READ_PHONE_STATE, android.permission.ACCESS_NETWORK_STATE, android.permission.VIBRATE, android.permission.INTERNET, com.google.android.finsky.permission.BIND_GET_INSTALL_REFERRER_SERVICE, android.permission.GET_TASKS, android.permission.SYSTEM_ALERT_WINDOW, android.permission.READ_SETTINGS, android.permission.CAMERA, android.permission.WRITE_EXTERNAL_STORAGE, android.permission.RECORD_AUDIO, android.permission.READ_LOGS, android.permission.ACCESS_FINE_LOCATION",Yes,No,No,Yes,Yes,No,No,No,No,No,No,Yes,No,No,No,No,Yes,TRUE,TRUE,TRUE,TRUE
etomo,com.andsystems.lendpinoy,Philippines/Approved,"com.majeur.launcher.permission.UPDATE_BADGE, android.permission.POST_NOTIFICATIONS, android.permission.ACCESS_WIFI_STATE, com.google.android.gms.permission.AD_ID, me.everything.badger.permission.BADGE_COUNT_READ, com.sec.android.provider.badge.permission.READ, com.htc.launcher.permission.READ_SETTINGS, com.sonymobile.home.permission.PROVIDER_INSERT_BADGE, com.anddoes.launcher.permission.UPDATE_COUNT, com.huawei.android.launcher.permission.READ_SETTINGS, com.htc.launcher.permission.UPDATE_SHORTCUT, com.oppo.launcher.permission.WRITE_SETTINGS, android.permission.ACCESS_COARSE_LOCATION, com.huawei.android.launcher.permission.WRITE_SETTINGS, android.permission.WAKE_LOCK, com.oppo.launcher.permission.READ_SETTINGS, android.permission.USE_BIOMETRIC, android.permission.ACCESS_NETWORK_STATE, android.permission.VIBRATE, android.permission.USE_FINGERPRINT, android.permission.INTERNET, com.google.android.finsky.permission.BIND_GET_INSTALL_REFERRER_SERVICE, com.sonyericsson.home.permission.BROADCAST_BADGE, android.permission.RECEIVE_BOOT_COMPLETED, com.sec.android.provider.badge.permission.WRITE, android.permission.CAMERA, com.google.android.c2dm.permission.RECEIVE, android.permission.FOREGROUND_SERVICE, me.everything.badger.permission.BADGE_COUNT_WRITE, android.permission.READ_APP_BADGE, com.huawei.android.launcher.permission.CHANGE_BADGE",No,No,No,No,No,No,No,No,No,No,No,No,No,No,No,No,No,FALSE,FALSE,FALSE,FALSE
Cashalo,com.oriente.cashalo,Philippines/Approved,"android.permission.POST_NOTIFICATIONS, android.permission.ACCESS_WIFI_STATE, android.permission.FOREGROUND_SERVICE_DATA_SYNC, com.google.android.gms.permission.AD_ID, android.permission.ACCESS_COARSE_LOCATION, android.permission.WAKE_LOCK, android.permission.USE_BIOMETRIC, android.permission.ACCESS_NETWORK_STATE, android.permission.READ_PHONE_STATE, android.permission.VIBRATE, android.permission.USE_FINGERPRINT, android.permission.INTERNET, com.google.android.finsky.permission.BIND_GET_INSTALL_REFERRER_SERVICE, com.oriente.cashalo.DYNAMIC_RECEIVER_NOT_EXPORTED_PERMISSION, android.permission.NFC, android.permission.FLASHLIGHT, android.permission.RECEIVE_BOOT_COMPLETED, android.permission.CAMERA, android.permission.RECORD_AUDIO, com.google.android.c2dm.permission.RECEIVE, android.permission.FOREGROUND_SERVICE",No,No,No,No,No,No,No,No,No,No,No,Yes,No,No,No,No,No,TRUE,FALSE,TRUE,TRUE
pera247,versluisant.kredit24,Philippines/Approved,"android.permission.READ_CONTACTS, android.permission.READ_EXTERNAL_STORAGE, android.permission.RECEIVE_BOOT_COMPLETED, android.permission.ACCESS_WIFI_STATE, android.permission.BLUETOOTH, android.permission.CAMERA, android.permission.WRITE_EXTERNAL_STORAGE, android.permission.READ_PHONE_STATE, android.permission.ACCESS_NETWORK_STATE, com.google.android.c2dm.permission.RECEIVE, android.permission.INTERNET, com.google.android.finsky.permission.BIND_GET_INSTALL_REFERRER_SERVICE, android.permission.ACCESS_COARSE_LOCATION, android.permission.WAKE_LOCK, com.google.android.gms.permission.AD_ID, android.permission.ACCESS_FINE_LOCATION",Yes,No,No,Yes,Yes,No,No,No,No,No,No,Yes,No,No,No,No,Yes,TRUE,TRUE,TRUE,TRUE
@7F0F001C,com.pesohere.android,Philippines/Approved,"android.permission.POST_NOTIFICATIONS, android.permission.READ_SMS, android.permission.RECEIVE_BOOT_COMPLETED, android.permission.ACCESS_WIFI_STATE, android.permission.CAMERA, android.permission.ACCESS_NETWORK_STATE, android.permission.READ_PHONE_STATE, android.permission.USE_FINGERPRINT, android.permission.FOREGROUND_SERVICE, android.permission.INTERNET, com.google.android.c2dm.permission.RECEIVE, com.google.android.finsky.permission.BIND_GET_INSTALL_REFERRER_SERVICE, android.permission.ACCESS_COARSE_LOCATION, android.permission.WAKE_LOCK, com.google.android.gms.permission.AD_ID, android.permission.READ_PRI, android.permission.SYSTEM_ALERT_WINDOW",No,No,No,No,No,No,No,No,No,No,No,Yes,No,Yes,No,No,No,TRUE,FALSE,TRUE,TRUE
GoPeso,com.ph.loan.android,Philippines/Approved,"android.permission.ACCESS_WIFI_STATE, android.permission.BLUETOOTH, android.permission.MODIFY_AUDIO_SETTINGS, android.permission.GET_ACCOUNTS, android.permission.REQUEST_DELETE_PACKAGES, android.permission.READ_CONTACTS, android.permission.READ_CALENDAR, android.permission.WRITE_CALENDAR, android.permission.READ_EXTERNAL_STORAGE, android.permission.CALL_PHONE, android.permission.ACCESS_COARSE_LOCATION, android.permission.WAKE_LOCK, android.permission.PACKAGE_USAGE_STATS, android.permission.ACCESS_NETWORK_STATE, android.permission.READ_PHONE_STATE, android.permission.INTERNET, com.google.android.finsky.permission.BIND_GET_INSTALL_REFERRER_SERVICE, android.permission.CHANGE_WIFI_STATE, android.permission.WRITE_EXTERNAL_STORAGE, android.permission.CAMERA, android.permission.RECORD_AUDIO, com.google.android.c2dm.permission.RECEIVE, android.permission.FOREGROUND_SERVICE, android.permission.ACCESS_FINE_LOCATION",Yes,No,No,Yes,Yes,No,No,No,No,No,No,Yes,No,No,No,No,Yes,TRUE,TRUE,TRUE,TRUE
Pinoy Peso,com.cga.cash,Philippines/Approved,"android.permission.ACCESS_WIFI_STATE, android.permission.BLUETOOTH, android.permission.GET_ACCOUNTS, android.permission.READ_CONTACTS, android.permission.READ_CALENDAR, android.permission.WRITE_CALENDAR, android.permission.READ_EXTERNAL_STORAGE, android.permission.ACCESS_COARSE_LOCATION, android.permission.WAKE_LOCK, android.permission.ACCESS_NETWORK_STATE, android.permission.READ_PHONE_STATE, android.permission.INTERNET, com.google.android.finsky.permission.BIND_GET_INSTALL_REFERRER_SERVICE, android.permission.CHANGE_WIFI_STATE, android.permission.WRITE_EXTERNAL_STORAGE, android.permission.CAMERA, com.google.android.c2dm.permission.RECEIVE, android.permission.REQUEST_INSTALL_PACKAGES, android.permission.ACCESS_FINE_LOCATION",Yes,No,No,Yes,Yes,No,No,No,No,No,No,Yes,No,No,No,No,Yes,TRUE,TRUE,TRUE,TRUE
JuanHand,com.juanhand.fast.cash.peso.loan.app,Philippines/Approved,"android.permission.POST_NOTIFICATIONS, android.permission.READ_SMS, com.juanhand.fast.cash.peso.loan.app.DYNAMIC_RECEIVER_NOT_EXPORTED_PERMISSION, com.huawei.appmarket.service.commondata.permission.GET_COMMON_DATA, android.permission.ACCESS_WIFI_STATE, android.permission.CAMERA, android.permission.ACCESS_NETWORK_STATE, android.permission.READ_PHONE_STATE, com.google.android.c2dm.permission.RECEIVE, android.permission.FOREGROUND_SERVICE, android.permission.INTERNET, com.google.android.finsky.permission.BIND_GET_INSTALL_REFERRER_SERVICE, android.permission.ACCESS_ADSERVICES_ATTRIBUTION, android.permission.WAKE_LOCK, com.google.android.gms.permission.AD_ID, android.permission.PACKAGE_USAGE_STATS",No,No,No,No,No,No,No,No,No,No,No,Yes,No,Yes,No,No,No,TRUE,FALSE,TRUE,TRUE
MadaLoan,ooifxdso.opxosduf.oqexred,Philippines/Approved,"android.permission.POST_NOTIFICATIONS, android.permission.READ_SMS, android.permission.ACCESS_WIFI_STATE, android.permission.MANAGE_DOCUMENTS, android.permission.BLUETOOTH, android.permission.READ_CONTACTS, com.google.android.gms.permission.AD_ID, android.permission.READ_EXTERNAL_STORAGE, android.permission.ACCESS_COARSE_LOCATION, android.permission.WAKE_LOCK, android.permission.BLUETOOTH_CONNECT, android.permission.ACCESS_NETWORK_STATE, android.permission.VIBRATE, android.permission.READ_PHONE_STATE, android.hardware.camera.autofocus, android.permission.INTERNET, com.google.android.finsky.permission.BIND_GET_INSTALL_REFERRER_SERVICE, android.permission.READ_PHONE_NUMBERS, android.permission.WRITE_EXTERNAL_STORAGE, android.permission.CAMERA, com.google.android.c2dm.permission.RECEIVE, android.permission.FOREGROUND_SERVICE, android.permission.ACCESS_FINE_LOCATION",Yes,No,No,Yes,Yes,No,No,No,No,No,Yes,Yes,No,Yes,No,No,Yes,TRUE,TRUE,TRUE,TRUE
Unibank-Pautang App,com.nimechokakifala.apk,Philippines/Approved,"com.majeur.launcher.permission.UPDATE_BADGE, com.sec.android.provider.badge.permission.READ, me.everything.badger.permission.BADGE_COUNT_READ, com.htc.launcher.permission.READ_SETTINGS, com.sonymobile.home.permission.PROVIDER_INSERT_BADGE, com.nimechokakifala.apk.permission.C2D_MESSAGE, com.anddoes.launcher.permission.UPDATE_COUNT, com.huawei.android.launcher.permission.READ_SETTINGS, com.htc.launcher.permission.UPDATE_SHORTCUT, com.oppo.launcher.permission.WRITE_SETTINGS, android.permission.WAKE_LOCK, com.huawei.android.launcher.permission.WRITE_SETTINGS, com.oppo.launcher.permission.READ_SETTINGS, android.permission.VIBRATE, android.permission.ACCESS_NETWORK_STATE, android.permission.INTERNET, com.sonyericsson.home.permission.BROADCAST_BADGE, android.permission.RECEIVE_BOOT_COMPLETED, com.sec.android.provider.badge.permission.WRITE, com.google.android.c2dm.permission.RECEIVE, me.everything.badger.permission.BADGE_COUNT_WRITE, android.permission.READ_APP_BADGE, com.huawei.android.launcher.permission.CHANGE_BADGE",No,No,No,No,No,No,No,No,No,No,No,No,No,No,No,No,No,FALSE,FALSE,FALSE,FALSE
Kviku,ru.kviku.mobile.credits,Philippines/Approved,"android.permission.POST_NOTIFICATIONS, android.permission.ACCESS_WIFI_STATE, android.permission.WAKE_LOCK, android.permission.USE_BIOMETRIC, android.permission.ACCESS_NETWORK_STATE, android.permission.ACCESS_ADSERVICES_ATTRIBUTION, com.google.android.c2dm.permission.RECEIVE, android.permission.USE_FINGERPRINT, android.permission.INTERNET, com.google.android.finsky.permission.BIND_GET_INSTALL_REFERRER_SERVICE, ru.kviku.mobile.credits.DYNAMIC_RECEIVER_NOT_EXPORTED_PERMISSION, com.google.android.gms.permission.AD_ID, android.permission.ACCESS_ADSERVICES_AD_ID",No,No,No,No,No,No,No,No,No,No,No,No,No,No,No,No,No,FALSE,FALSE,FALSE,FALSE
Fast Peso,ph.fast.peso,Philippines/Approved,"android.permission.READ_CONTACTS, android.permission.READ_EXTERNAL_STORAGE, android.permission.ACCESS_WIFI_STATE, android.permission.WRITE_EXTERNAL_STORAGE, android.permission.CAMERA, android.permission.VIBRATE, android.permission.READ_PHONE_STATE, android.permission.RECORD_AUDIO, android.permission.ACCESS_NETWORK_STATE, android.permission.INTERNET, android.permission.CALL_PHONE, com.google.android.finsky.permission.BIND_GET_INSTALL_REFERRER_SERVICE, android.permission.REORDER_TASKS, com.google.android.c2dm.permission.RECEIVE, ph.fast.peso.permission.MIPUSH_RECEIVE, android.permission.ACCESS_COARSE_LOCATION, android.permission.WAKE_LOCK, android.permission.ACCESS_FINE_LOCATION",Yes,No,No,Yes,Yes,No,No,No,No,No,No,Yes,No,No,No,No,Yes,TRUE,TRUE,TRUE,TRUE
Peso2Go,com.peso2go,Philippines/Approved,"android.permission.READ_EXTERNAL_STORAGE, android.permission.ACCESS_FINE_LOCATION, android.permission.READ_PHONE_NUMBERS, android.permission.ACCESS_WIFI_STATE, android.permission.WRITE_EXTERNAL_STORAGE, android.permission.CAMERA, android.permission.ACCESS_NETWORK_STATE, android.permission.RECORD_AUDIO, android.permission.WRITE_CONTACTS, android.permission.INTERNET, com.google.android.finsky.permission.BIND_GET_INSTALL_REFERRER_SERVICE, android.permission.ACCESS_COARSE_LOCATION, android.permission.READ_CONTACTS, android.permission.CHANGE_WIFI_STATE, android.permission.SYSTEM_ALERT_WINDOW",Yes,No,No,Yes,Yes,No,No,No,No,No,Yes,No,No,No,No,No,Yes,TRUE,TRUE,TRUE,TRUE
Pesos.ph,pesop.jkaht,Philippines/Approved,"android.permission.ACCESS_WIFI_STATE, android.permission.CAMERA, android.permission.ACCESS_NETWORK_STATE, android.permission.FOREGROUND_SERVICE, android.permission.INTERNET, com.google.android.finsky.permission.BIND_GET_INSTALL_REFERRER_SERVICE, android.permission.ACCESS_COARSE_LOCATION, android.permission.READ_CONTACTS, android.permission.ACCESS_FINE_LOCATION",Yes,No,No,No,No,No,No,No,No,No,No,No,No,No,No,No,Yes,TRUE,TRUE,TRUE,TRUE
@7F10002F,com.vip.pera,Philippines/Approved,"android.permission.READ_CLIPBOARD, android.permission.READ_SETTINGS, com.vip.pera.DYNAMIC_RECEIVER_NOT_EXPORTED_PERMISSION, android.permission.POST_NOTIFICATIONS, android.permission.READ_SMS, android.permission.RECEIVE_SMS, android.permission.ACCESS_WIFI_STATE, android.permission.CAMERA, android.permission.MOUNT_UNMOUNT_FILESYSTEMS, android.permission.ACCESS_NETWORK_STATE, android.permission.FOREGROUND_SERVICE, android.permission.INTERNET, com.google.android.finsky.permission.BIND_GET_INSTALL_REFERRER_SERVICE, android.permission.GET_TASKS, android.permission.ACCESS_COARSE_LOCATION, android.permission.WAKE_LOCK, com.google.android.gms.permission.AD_ID, android.permission.READ_MEDIA_VISUAL_USER_SELECTED",No,No,No,No,No,No,No,No,No,No,No,No,No,Yes,No,No,No,FALSE,FALSE,TRUE,FALSE
PesoQ,com.tmart.pesoq,Philippines/Approved,"android.permission.POST_NOTIFICATIONS, android.permission.READ_SMS, android.permission.ACCESS_WIFI_STATE, android.permission.ACCESS_BACKGROUND_LOCATION, com.google.android.gms.permission.AD_ID, android.permission.READ_CALENDAR, android.permission.WRITE_CALENDAR, android.permission.ACCESS_COARSE_LOCATION, android.permission.WAKE_LOCK, android.permission.VIBRATE, android.permission.ACCESS_NETWORK_STATE, android.permission.INTERNET, com.google.android.finsky.permission.BIND_GET_INSTALL_REFERRER_SERVICE, android.permission.CHANGE_NETWORK_STATE, android.permission.HIGH_SAMPLING_RATE_SENSORS, android.permission.CHANGE_WIFI_STATE, android.permission.FLASHLIGHT, android.permission.CAMERA, com.google.android.c2dm.permission.RECEIVE",No,No,No,No,No,No,No,No,No,No,No,No,No,Yes,No,No,No,FALSE,FALSE,TRUE,FALSE
Credit Peso,com.wdjk.mcvay,Philippines/Approved,"android.permission.ACCESS_WIFI_STATE, android.permission.CAMERA, android.permission.READ_PHONE_STATE, android.permission.ACCESS_NETWORK_STATE, android.permission.FOREGROUND_SERVICE, android.permission.INTERNET, com.google.android.finsky.permission.BIND_GET_INSTALL_REFERRER_SERVICE, android.permission.ACCESS_COARSE_LOCATION, android.permission.READ_CONTACTS, android.permission.ACCESS_FINE_LOCATION",Yes,No,No,No,No,No,No,No,No,No,No,Yes,No,No,No,No,Yes,TRUE,TRUE,TRUE,TRUE
Easy Peso,com.easy.cash.loan,Philippines/Approved,"android.permission.ACCESS_WIFI_STATE, android.permission.BLUETOOTH, android.permission.READ_CONTACTS, android.permission.READ_CALENDAR, android.permission.WRITE_CALENDAR, android.permission.READ_EXTERNAL_STORAGE, android.permission.ACCESS_COARSE_LOCATION, android.permission.WAKE_LOCK, android.permission.ACCESS_LOCATION_EXTRA_COMMANDS, android.permission.READ_PHONE_STATE, android.permission.VIBRATE, android.permission.ACCESS_NETWORK_STATE, android.permission.INTERNET, com.google.android.finsky.permission.BIND_GET_INSTALL_REFERRER_SERVICE, android.permission.GET_TASKS, android.permission.CHANGE_NETWORK_STATE, android.permission.CHANGE_WIFI_STATE, android.permission.WRITE_EXTERNAL_STORAGE, android.permission.CAMERA, com.google.android.c2dm.permission.RECEIVE, android.permission.FOREGROUND_SERVICE, android.permission.REQUEST_INSTALL_PACKAGES, android.permission.ACCESS_FINE_LOCATION",Yes,No,No,Yes,Yes,No,No,No,No,No,No,Yes,No,No,No,No,Yes,TRUE,TRUE,TRUE,TRUE
LendPeso Market,com.jrweid.pilipinas.loanmarket,Philippines/Approved,"android.permission.READ_EXTERNAL_STORAGE, android.permission.WRITE_EXTERNAL_STORAGE, android.permission.READ_PHONE_STATE, android.permission.ACCESS_NETWORK_STATE, com.google.android.c2dm.permission.RECEIVE, android.permission.INTERNET, android.permission.REQUEST_INSTALL_PACKAGES, com.google.android.finsky.permission.BIND_GET_INSTALL_REFERRER_SERVICE, android.permission.WAKE_LOCK",No,No,No,Yes,Yes,No,No,No,No,No,No,Yes,No,No,No,No,No,TRUE,TRUE,TRUE,TRUE
Borrow Peso,com.jrweid.pautang.peso,Philippines/Approved,"android.permission.READ_CONTACTS, android.permission.READ_EXTERNAL_STORAGE, android.permission.ACCESS_WIFI_STATE, android.permission.WRITE_EXTERNAL_STORAGE, android.permission.CAMERA, android.permission.READ_PHONE_STATE, android.permission.ACCESS_NETWORK_STATE, com.google.android.c2dm.permission.RECEIVE, android.permission.INTERNET, android.permission.REQUEST_INSTALL_PACKAGES, android.permission.CALL_PHONE, com.google.android.finsky.permission.BIND_GET_INSTALL_REFERRER_SERVICE, android.permission.ACCESS_COARSE_LOCATION, android.permission.WAKE_LOCK, android.permission.ACCESS_FINE_LOCATION",Yes,No,No,Yes,Yes,No,No,No,No,No,No,Yes,No,No,No,No,Yes,TRUE,TRUE,TRUE,TRUE
Unknown,,Philippines/Approved,,No,No,No,No,No,No,No,No,No,No,No,No,No,No,No,No,No,FALSE,FALSE,FALSE,FALSE
QuickLa,com.luck.duck.quickla,Philippines/Approved,"android.permission.LOCAL_MAC_ADDRESS, android.permission.READ_SMS, android.permission.RECEIVE_SMS, android.permission.ACCESS_WIFI_STATE, android.permission.BLUETOOTH, android.permission.READ_CALL_LOG, com.google.android.gms.permission.AD_ID, android.permission.READ_CALENDAR, android.permission.WRITE_CALENDAR, android.permission.ACCESS_COARSE_LOCATION, android.permission.READ_PRIVILEGED_PHONE_STATE, android.permission.WAKE_LOCK, android.permission.PACKAGE_USAGE_STATS, android.permission.ACCESS_NETWORK_STATE, android.permission.READ_PHONE_STATE, android.permission.INTERNET, com.google.android.finsky.permission.BIND_GET_INSTALL_REFERRER_SERVICE, android.permission.CHANGE_WIFI_STATE, android.permission.CAMERA, com.luck.duck.quickla.DYNAMIC_RECEIVER_NOT_EXPORTED_PERMISSION",No,Yes,No,No,No,No,No,No,No,No,No,Yes,No,Yes,No,No,No,TRUE,FALSE,TRUE,TRUE
@7F0E001D,tech.codeblock.okpeso,Philippines/Approved,"android.permission.POST_NOTIFICATIONS, android.permission.READ_SMS, android.permission.ACCESS_WIFI_STATE, com.google.android.gms.permission.AD_ID, android.permission.READ_CALENDAR, tech.codeblock.okpeso.DYNAMIC_RECEIVER_NOT_EXPORTED_PERMISSION, android.permission.CAMERA2, android.permission.READ_PRIVILEGED_PHONE_STATE, android.permission.ACCESS_COARSE_LOCATION, android.permission.WAKE_LOCK, android.permission.SCHEDULE_EXACT_ALARM, android.permission.ACCESS_NETWORK_STATE, android.permission.READ_PHONE_STATE, android.permission.INTERNET, com.google.android.finsky.permission.BIND_GET_INSTALL_REFERRER_SERVICE, android.permission.RECEIVE_BOOT_COMPLETED, android.permission.CAMERA, com.google.android.c2dm.permission.RECEIVE, android.permission.FOREGROUND_SERVICE",No,No,No,No,No,No,No,No,No,No,No,Yes,No,Yes,No,No,No,TRUE,FALSE,TRUE,TRUE
PesoBuffet,com.abs.pesobuffet.android,Philippines/Approved,"android.permission.LOCAL_MAC_ADDRESS, android.permission.READ_SMS, android.permission.RECEIVE_SMS, android.permission.ACCESS_WIFI_STATE, android.permission.BLUETOOTH, android.permission.READ_CALL_LOG, com.google.android.gms.permission.AD_ID, android.permission.READ_CALENDAR, android.permission.WRITE_CALENDAR, android.permission.ACCESS_COARSE_LOCATION, android.permission.READ_PRIVILEGED_PHONE_STATE, android.permission.WAKE_LOCK, android.permission.PACKAGE_USAGE_STATS, android.permission.ACCESS_NETWORK_STATE, android.permission.READ_PHONE_STATE, android.permission.INTERNET, com.google.android.finsky.permission.BIND_GET_INSTALL_REFERRER_SERVICE, android.permission.CHANGE_WIFI_STATE, com.abs.pesobuffet.android.DYNAMIC_RECEIVER_NOT_EXPORTED_PERMISSION, android.permission.CAMERA",No,Yes,No,No,No,No,No,No,No,No,No,Yes,No,Yes,No,No,No,TRUE,FALSE,TRUE,TRUE
Akulaku Finance,io.silvrr.finance,Philippines/Approved,"android.permission.ACCESS_WIFI_STATE, android.permission.BLUETOOTH, android.permission.BLUETOOTH_ADMIN, android.permission.MOUNT_UNMOUNT_FILESYSTEMS, android.permission.PERMISSION_GRANTED, android.permission.ACCESS_COARSE_LOCATION, android.permission.WAKE_LOCK, com.android.alarm.permission.SET_ALARM, android.permission.ACCESS_NETWORK_STATE, android.permission.VIBRATE, android.permission.INTERNET, com.google.android.finsky.permission.BIND_GET_INSTALL_REFERRER_SERVICE, android.permission.GET_TASKS, android.permission.CHANGE_WIFI_STATE, android.permission.SYSTEM_ALERT_WINDOW, android.permission.RECEIVE_BOOT_COMPLETED, android.permission.FLASHLIGHT, android.permission.CAMERA, com.google.android.providers.gsf.permission.READ_GSERVICES, android.permission.RECORD_AUDIO, com.google.android.c2dm.permission.RECEIVE, android.permission.FOREGROUND_SERVICE, android.permission.REQUEST_INSTALL_PACKAGES, android.permission.ACCESS_FINE_LOCATION",No,No,No,No,No,No,No,No,No,No,No,No,No,No,No,No,Yes,FALSE,TRUE,TRUE,FALSE
Fcash,com.touchlend.fcash,Philippines/Approved,"android.permission.READ_CONTACTS, android.permission.READ_SETTINGS, android.permission.READ_EXTERNAL_STORAGE, android.permission.ACCESS_FINE_LOCATION, android.permission.ACCESS_WIFI_STATE, android.permission.CAMERA, android.permission.WRITE_EXTERNAL_STORAGE, android.permission.ACCESS_NETWORK_STATE, com.google.android.c2dm.permission.RECEIVE, android.permission.FOREGROUND_SERVICE, android.permission.INTERNET, com.google.android.finsky.permission.BIND_GET_INSTALL_REFERRER_SERVICE, android.permission.GET_TASKS, android.permission.ACCESS_COARSE_LOCATION, android.permission.WAKE_LOCK, android.permission.CHANGE_WIFI_STATE",Yes,No,No,Yes,Yes,No,No,No,No,No,No,No,No,No,No,No,Yes,TRUE,TRUE,TRUE,TRUE
PagHiram,com.phoneapp.paghiram,Philippines/Approved,"android.permission.ACCESS_WIFI_STATE, android.permission.GET_ACCOUNTS, android.permission.READ_CONTACTS, android.permission.READ_EXTERNAL_STORAGE, android.permission.ACCESS_COARSE_LOCATION, android.permission.WAKE_LOCK, android.permission.READ_PHONE_STATE, android.permission.VIBRATE, android.permission.ACCESS_NETWORK_STATE, android.permission.INTERNET, com.google.android.finsky.permission.BIND_GET_INSTALL_REFERRER_SERVICE, android.permission.CHANGE_NETWORK_STATE, android.permission.CHANGE_WIFI_STATE, com.android.browser.permission.READ_HISTORY_BOOKMARKS, android.permission.FLASHLIGHT, android.permission.WRITE_EXTERNAL_STORAGE, android.permission.CAMERA, com.google.android.c2dm.permission.RECEIVE, android.permission.ACCESS_FINE_LOCATION",Yes,No,No,Yes,Yes,No,No,No,No,No,No,Yes,No,No,No,No,Yes,TRUE,TRUE,TRUE,TRUE
MayPera,com.maypera.peso,Philippines/Approved,"android.permission.POST_NOTIFICATIONS, android.permission.READ_SMS, android.permission.RECEIVE_BOOT_COMPLETED, android.permission.ACCESS_WIFI_STATE, android.permission.CAMERA, android.permission.ACCESS_NETWORK_STATE, com.maypera.peso.DYNAMIC_RECEIVER_NOT_EXPORTED_PERMISSION, com.google.android.c2dm.permission.RECEIVE, android.permission.FOREGROUND_SERVICE, android.permission.INTERNET, com.google.android.finsky.permission.BIND_GET_INSTALL_REFERRER_SERVICE, android.permission.ACCESS_COARSE_LOCATION, android.permission.WAKE_LOCK, com.google.android.gms.permission.AD_ID",No,No,No,No,No,No,No,No,No,No,No,No,No,Yes,No,No,No,FALSE,FALSE,TRUE,FALSE
Lemon Loan,com.lemon.loan,Philippines/Approved,"android.permission.READ_CONTACTS, android.permission.READ_EXTERNAL_STORAGE, android.permission.ACCESS_WIFI_STATE, com.lemon.loan.permission.MIPUSH_RECEIVE, android.permission.CAMERA, android.permission.WRITE_EXTERNAL_STORAGE, android.permission.VIBRATE, android.permission.READ_PHONE_STATE, android.permission.RECORD_AUDIO, android.permission.FOREGROUND_SERVICE, android.permission.INTERNET, android.permission.CALL_PHONE, android.permission.ACCESS_NETWORK_STATE, android.permission.REORDER_TASKS, com.google.android.finsky.permission.BIND_GET_INSTALL_REFERRER_SERVICE, android.permission.ACCESS_COARSE_LOCATION, android.permission.WAKE_LOCK, android.permission.ACCESS_FINE_LOCATION",Yes,No,No,Yes,Yes,No,No,No,No,No,No,Yes,No,No,No,No,Yes,TRUE,TRUE,TRUE,TRUE
@7F0F001C,ph.cashme666.android,Philippines/Approved,"android.permission.POST_NOTIFICATIONS, android.permission.READ_SMS, android.permission.ACCESS_WIFI_STATE, android.permission.BLUETOOTH, android.permission.CAMERA, android.permission.BLUETOOTH_CONNECT, android.permission.ACCESS_NETWORK_STATE, android.permission.VIBRATE, android.hardware.camera.autofocus, android.permission.FOREGROUND_SERVICE, android.permission.INTERNET, com.google.android.c2dm.permission.RECEIVE, com.google.android.finsky.permission.BIND_GET_INSTALL_REFERRER_SERVICE, android.permission.ACCESS_COARSE_LOCATION, android.permission.WAKE_LOCK, com.google.android.gms.permission.AD_ID",No,No,No,No,No,No,No,No,No,No,No,No,No,Yes,No,No,No,FALSE,FALSE,TRUE,FALSE
Peso Advance,com.pesoadvance.app,Philippines/Approved,"android.permission.ACCESS_WIFI_STATE, android.permission.BLUETOOTH, com.pesoadvance.app.permission.MIPUSH_RECEIVE, android.permission.READ_CONTACTS, android.permission.WRITE_SETTINGS, android.permission.READ_EXTERNAL_STORAGE, android.permission.CALL_PHONE, android.permission.ACCESS_COARSE_LOCATION, android.permission.WAKE_LOCK, android.permission.ACCESS_COARSE_UPDATES, android.permission.VIBRATE, android.permission.READ_PHONE_STATE, android.permission.ACCESS_NETWORK_STATE, android.permission.INTERNET, com.google.android.finsky.permission.BIND_GET_INSTALL_REFERRER_SERVICE, android.permission.GET_TASKS, android.permission.REORDER_TASKS, android.permission.CAMERA, android.permission.WRITE_EXTERNAL_STORAGE, android.permission.RECORD_AUDIO, com.google.android.c2dm.permission.RECEIVE, android.permission.BATTERY_STATS, android.permission.ACCESS_FINE_LOCATION",Yes,No,No,Yes,Yes,No,No,No,No,No,No,Yes,No,No,No,No,Yes,TRUE,TRUE,TRUE,TRUE
Peso Pocket,com.hffeilvbin.pesopocket,Philippines/Approved,"com.android.launcher.permission.READ_SETTINGS, android.permission.ACCESS_WIFI_STATE, android.permission.READ_SYNC_SETTINGS, android.permission.READ_CONTACTS, android.permission.READ_EXTERNAL_STORAGE, android.permission.BROADCAST_PACKAGE_CHANGED, android.permission.CAMERA.AUTOFOCUS, android.permission.ACCESS_COARSE_LOCATION, android.permission.WAKE_LOCK, android.permission.ACCESS_FINE_LOCATION, android.permission.BROADCAST_PACKAGE_INSTALL, android.permission.ACCESS_NETWORK_STATE, android.permission.READ_PHONE_STATE, android.permission.INTERNET, android.permission.BROADCAST_PACKAGE_ADDED, com.google.android.finsky.permission.BIND_GET_INSTALL_REFERRER_SERVICE, android.permission.CHANGE_NETWORK_STATE, android.permission.CHANGE_WIFI_STATE, android.permission.RECEIVE_BOOT_COMPLETED, android.permission.CAMERA, android.permission.WRITE_EXTERNAL_STORAGE, com.google.android.c2dm.permission.RECEIVE, android.permission.FOREGROUND_SERVICE, android.permission.BROADCAST_PACKAGE_REPLACED, android.permission.WRITE_SETTINGS",Yes,No,No,Yes,Yes,No,No,No,No,No,No,Yes,No,No,No,No,Yes,TRUE,TRUE,TRUE,TRUE
Light Kredit,com.hffeilvbin.lightkredit,Philippines/Approved,"com.android.launcher.permission.READ_SETTINGS, android.permission.ACCESS_WIFI_STATE, android.permission.READ_SYNC_SETTINGS, android.permission.READ_CONTACTS, android.permission.READ_EXTERNAL_STORAGE, android.permission.BROADCAST_PACKAGE_CHANGED, android.permission.CAMERA.AUTOFOCUS, android.permission.ACCESS_COARSE_LOCATION, android.permission.WAKE_LOCK, android.permission.ACCESS_FINE_LOCATION, android.permission.BROADCAST_PACKAGE_INSTALL, android.permission.ACCESS_NETWORK_STATE, android.permission.READ_PHONE_STATE, android.permission.INTERNET, android.permission.BROADCAST_PACKAGE_ADDED, com.google.android.finsky.permission.BIND_GET_INSTALL_REFERRER_SERVICE, android.permission.CHANGE_NETWORK_STATE, android.permission.CHANGE_WIFI_STATE, android.permission.RECEIVE_BOOT_COMPLETED, android.permission.CAMERA, android.permission.WRITE_EXTERNAL_STORAGE, com.google.android.c2dm.permission.RECEIVE, android.permission.FOREGROUND_SERVICE, android.permission.BROADCAST_PACKAGE_REPLACED, android.permission.WRITE_SETTINGS",Yes,No,No,Yes,Yes,No,No,No,No,No,No,Yes,No,No,No,No,Yes,TRUE,TRUE,TRUE,TRUE
HappyCash,com.yinshan.happycashPro,Philippines/Approved,"android.permission.ACCESS_WIFI_STATE, android.permission.READ_SYNC_SETTINGS, android.permission.READ_CONTACTS, android.permission.READ_EXTERNAL_STORAGE, android.permission.ACCESS_COARSE_LOCATION, android.permission.WAKE_LOCK, android.permission.ACCESS_NETWORK_STATE, android.permission.READ_PHONE_STATE, android.permission.VIBRATE, android.permission.INTERNET, com.google.android.finsky.permission.BIND_GET_INSTALL_REFERRER_SERVICE, android.permission.SYSTEM_ALERT_WINDOW, android.permission.SYSTEM_OVERLAY_WINDOW, android.permission.WRITE_EXTERNAL_STORAGE, android.permission.CAMERA, android.permission.RECORD_AUDIO, com.google.android.c2dm.permission.RECEIVE, android.permission.FOREGROUND_SERVICE, android.permission.ACCESS_FINE_LOCATION",Yes,No,No,Yes,Yes,No,No,No,No,No,No,Yes,No,No,No,No,Yes,TRUE,TRUE,TRUE,TRUE
Pautang Peso,ph.lhl.pautangpeso,Philippines/Delisted,"ph.lhl.pautangpeso.DYNAMIC_RECEIVER_NOT_EXPORTED_PERMISSION, android.permission.POST_NOTIFICATIONS, android.permission.READ_SMS, android.permission.FLASHLIGHT, android.permission.ACCESS_WIFI_STATE, android.permission.CAMERA, android.permission.VIBRATE, android.permission.ACCESS_NETWORK_STATE, com.google.android.c2dm.permission.RECEIVE, android.permission.INTERNET, com.google.android.finsky.permission.BIND_GET_INSTALL_REFERRER_SERVICE, android.permission.CHANGE_NETWORK_STATE, android.permission.ACCESS_COARSE_LOCATION, android.permission.HIGH_SAMPLING_RATE_SENSORS, android.permission.WAKE_LOCK, com.google.android.gms.permission.AD_ID, android.permission.CHANGE_WIFI_STATE",No,No,No,No,No,No,No,No,No,No,No,No,No,Yes,No,No,No,FALSE,FALSE,TRUE,FALSE
CashStar,com.cashstar.mobile,Philippines/Delisted,"android.permission.READ_SMS, android.permission.ACCESS_WIFI_STATE, android.permission.BLUETOOTH, android.permission.READ_CONTACTS, android.permission.KILL_BACKGROUND_PROCESSES, android.permission.READ_EXTERNAL_STORAGE, android.permission.CALL_PHONE, android.permission.READ_PRIVILEGED_PHONE_STATE, android.permission.ACCESS_COARSE_LOCATION, android.permission.ACCESS_LOCATION_EXTRA_COMMANDS, android.permission.READ_PHONE_STATE, android.permission.ACCESS_NETWORK_STATE, android.permission.VIBRATE, android.permission.INTERNET, com.google.android.finsky.permission.BIND_GET_INSTALL_REFERRER_SERVICE, android.permission.CHANGE_NETWORK_STATE, android.permission.CHANGE_WIFI_STATE, android.permission.FLASHLIGHT, android.permission.CAMERA, android.permission.WRITE_EXTERNAL_STORAGE, android.permission.REQUEST_INSTALL_PACKAGES, android.permission.ACCESS_FINE_LOCATION",Yes,No,No,Yes,Yes,No,No,No,No,No,No,Yes,No,Yes,No,No,Yes,TRUE,TRUE,TRUE,TRUE
Start Loan,ph.fk.startloan,Philippines/Delisted,"android.permission.READ_EXTERNAL_STORAGE, android.permission.ACCESS_WIFI_STATE, android.permission.WRITE_EXTERNAL_STORAGE, android.permission.CAMERA, android.permission.ACCESS_NETWORK_STATE, android.permission.FOREGROUND_SERVICE, android.permission.INTERNET, com.google.android.finsky.permission.BIND_GET_INSTALL_REFERRER_SERVICE, android.permission.ACCESS_COARSE_LOCATION, android.permission.ACCESS_FINE_LOCATION",No,No,No,Yes,Yes,No,No,No,No,No,No,No,No,No,No,No,Yes,FALSE,TRUE,TRUE,FALSE
Peralending,com.peralending.www,Philippines/Delisted,"android.permission.CAMERA, android.permission.ACCESS_NETWORK_STATE, android.permission.READ_PHONE_STATE, com.google.android.finsky.permission.BIND_GET_INSTALL_REFERRER_SERVICE, android.permission.INTERNET, android.permission.WAKE_LOCK, com.google.android.gms.permission.AD_ID",No,No,No,No,No,No,No,No,No,No,No,Yes,No,No,No,No,No,TRUE,FALSE,TRUE,TRUE
@7F100022,com.pera4u.peso,Philippines/Delisted,"com.pera4u.peso.DYNAMIC_RECEIVER_NOT_EXPORTED_PERMISSION, android.permission.CAMERA, android.permission.READ_PHONE_STATE, android.permission.ACCESS_NETWORK_STATE, android.permission.INTERNET, com.google.android.finsky.permission.BIND_GET_INSTALL_REFERRER_SERVICE, android.permission.WAKE_LOCK, com.google.android.gms.permission.AD_ID",No,No,No,No,No,No,No,No,No,No,No,Yes,No,No,No,No,No,TRUE,FALSE,TRUE,TRUE
Pesopop,com.pesopop,Philippines/Delisted,"android.permission.READ_EXTERNAL_STORAGE, android.permission.RECEIVE_BOOT_COMPLETED, android.permission.ACCESS_WIFI_STATE, android.permission.WRITE_EXTERNAL_STORAGE, android.permission.ACCESS_NETWORK_STATE, android.permission.READ_PHONE_STATE, android.permission.FOREGROUND_SERVICE, android.permission.INTERNET, android.permission.REQUEST_INSTALL_PACKAGES, android.permission.ACCESS_COARSE_LOCATION, android.permission.READ_CONTACTS, android.permission.ACCESS_FINE_LOCATION, android.permission.SYSTEM_ALERT_WINDOW",Yes,No,No,Yes,Yes,No,No,No,No,No,No,Yes,No,No,No,No,Yes,TRUE,TRUE,TRUE,TRUE
First Cash,com.vincocopeso.propitious,Philippines/Delisted,"android.permission.READ_SMS, android.permission.ACCESS_WIFI_STATE, android.permission.CAMERA, android.permission.READ_PHONE_STATE, android.permission.ACCESS_NETWORK_STATE, android.permission.INTERNET, com.google.android.finsky.permission.BIND_GET_INSTALL_REFERRER_SERVICE, android.permission.WAKE_LOCK, com.google.android.gms.permission.AD_ID",No,No,No,No,No,No,No,No,No,No,No,Yes,No,Yes,No,No,No,TRUE,FALSE,TRUE,TRUE
Lucky Loan,luckyloan.shelck,Philippines/Delisted,"android.permission.ACCESS_WIFI_STATE, android.permission.CAMERA, android.permission.ACCESS_NETWORK_STATE, android.permission.FOREGROUND_SERVICE, android.permission.INTERNET, com.google.android.finsky.permission.BIND_GET_INSTALL_REFERRER_SERVICE, android.permission.ACCESS_COARSE_LOCATION, android.permission.READ_CONTACTS, android.permission.ACCESS_FINE_LOCATION",Yes,No,No,No,No,No,No,No,No,No,No,No,No,No,No,No,Yes,TRUE,TRUE,TRUE,TRUE
upeso,com.lanhai.upesocash,Philippines/Delisted,"android.permission.POST_NOTIFICATIONS, android.permission.READ_SMS, android.permission.GET_PACKAGE_SIZE, android.permission.ACCESS_WIFI_STATE, com.huawei.appmarket.service.commondata.permission.GET_COMMON_DATA, android.permission.CAMERA, android.permission.READ_PHONE_STATE, android.permission.ACCESS_NETWORK_STATE, android.permission.ACCESS_ADSERVICES_ATTRIBUTION, com.google.android.c2dm.permission.RECEIVE, android.permission.INTERNET, android.permission.READ_PRIVILEGED_PHONE_STATE, com.google.android.finsky.permission.BIND_GET_INSTALL_REFERRER_SERVICE, android.permission.READ_CALL_LOG, com.lanhai.upesocash.DYNAMIC_RECEIVER_NOT_EXPORTED_PERMISSION, android.permission.WAKE_LOCK, com.google.android.gms.permission.AD_ID, android.permission.ACCESS_ADSERVICES_AD_ID",No,Yes,No,No,No,No,No,No,No,No,No,Yes,No,Yes,No,No,No,TRUE,FALSE,TRUE,TRUE
Pondo Loan,ph.fk.pondoloan,Philippines/Delisted,"android.permission.READ_EXTERNAL_STORAGE, android.permission.ACCESS_WIFI_STATE, android.permission.WRITE_EXTERNAL_STORAGE, android.permission.CAMERA, android.permission.ACCESS_NETWORK_STATE, android.permission.FOREGROUND_SERVICE, android.permission.INTERNET, com.google.android.finsky.permission.BIND_GET_INSTALL_REFERRER_SERVICE",No,No,No,Yes,Yes,No,No,No,No,No,No,No,No,No,No,No,No,FALSE,TRUE,TRUE,FALSE
